{
  "input": [
    [
      0.4535614848136902,
      0.5732027888298035
    ],
    [
      0.4529537856578827,
      0.5733176469802856
    ],
    [
      0.4551536738872528,
      0.5729323029518127
    ],
    [
      0.4573098123073578,
      0.5725676417350769
    ],
    [
      0.459076851606369,
      0.5723865032196045
    ],
    [
      0.4607578217983246,
      0.5722663402557373
    ],
    [
      0.4618014097213745,
      0.5725975632667542
    ],
    [
      0.462787926197052,
      0.5728803873062134
    ],
    [
      0.4634142816066742,
      0.5728576183319092
    ],
    [
      0.4639749228954315,
      0.5728429555892944
    ],
    [
      0.4641761779785156,
      0.5728728771209717
    ],
    [
      0.4643336832523346,
      0.5729038715362549
    ],
    [
      0.46428099274635315,
      0.5729397535324097
    ],
    [
      0.4642196297645569,
      0.5729771256446838
    ],
    [
      0.4641212522983551,
      0.5730207562446594
    ]
  ],
  "target": [
    [
      0.46403810381889343,
      0.5730618238449097
    ],
    [
      0.46401286125183105,
      0.573093056678772
    ],
    [
      0.46402546763420105,
      0.5731250047683716
    ],
    [
      0.46416786313056946,
      0.5731595158576965
    ],
    [
      0.4642927348613739,
      0.5731885433197021
    ],
    [
      0.46436312794685364,
      0.5732004046440125
    ],
    [
      0.46441221237182617,
      0.5731738209724426
    ],
    [
      0.4644010663032532,
      0.5730386972427368
    ],
    [
      0.464362770318985,
      0.5729250907897949
    ],
    [
      0.4642542898654938,
      0.5728669762611389
    ],
    [
      0.4640903174877167,
      0.5728960037231445
    ],
    [
      0.4637950658798218,
      0.5731313228607178
    ],
    [
      0.4635246992111206,
      0.5733331441879272
    ],
    [
      0.4633086025714874,
      0.573462188243866
    ],
    [
      0.4629599452018738,
      0.5735935568809509
    ]
  ],
  "meta": {
    "video_name": "test2.mp4",
    "video_stem": "test2",
    "video_path": "E:\\desktop\\open\\lstm-akf\\data\\video\\test2.mp4",
    "fps": 40.0,
    "segment_index": 101,
    "sample_index": 241,
    "start_frame_index": 231,
    "history_end_frame_index": 245,
    "target_end_frame_index": 260,
    "history_frame_indices": [
      231,
      232,
      233,
      234,
      235,
      236,
      237,
      238,
      239,
      240,
      241,
      242,
      243,
      244,
      245
    ],
    "target_frame_indices": [
      246,
      247,
      248,
      249,
      250,
      251,
      252,
      253,
      254,
      255,
      256,
      257,
      258,
      259,
      260
    ],
    "history_timestamps": [
      225.69942248107753,
      225.72442248107754,
      225.74942248107754,
      225.77442248107755,
      225.79942248107756,
      225.82442248107756,
      225.84942248107757,
      225.87442248107757,
      225.89942248107758,
      225.92442248107758,
      225.9494224810776,
      225.9744224810776,
      225.9994224810776,
      226.0244224810776,
      226.0494224810776
    ],
    "target_timestamps": [
      226.07442248107762,
      226.09942248107762,
      226.12442248107763,
      226.14942248107764,
      226.17442248107764,
      226.19942248107765,
      226.22442248107765,
      226.24942248107766,
      226.27442248107766,
      226.29942248107767,
      226.32442248107768,
      226.34942248107768,
      226.3744224810777,
      226.3994224810777,
      226.4244224810777
    ]
  }
}