{
  "input": [
    [
      0.439573734998703,
      0.5662279725074768
    ],
    [
      0.43805578351020813,
      0.5660441517829895
    ],
    [
      0.4371357858181,
      0.5659807324409485
    ],
    [
      0.4368843734264374,
      0.5658385157585144
    ],
    [
      0.44918951392173767,
      0.5642161965370178
    ],
    [
      0.46089988946914673,
      0.5626566410064697
    ],
    [
      0.46450498700141907,
      0.5619519948959351
    ],
    [
      0.46771761775016785,
      0.5612605810165405
    ],
    [
      0.466768354177475,
      0.5607094168663025
    ],
    [
      0.465602844953537,
      0.5601723194122314
    ],
    [
      0.4625735580921173,
      0.5597557425498962
    ],
    [
      0.45959311723709106,
      0.5593882203102112
    ],
    [
      0.4569651186466217,
      0.5593741536140442
    ],
    [
      0.45440447330474854,
      0.5593947768211365
    ],
    [
      0.4522589147090912,
      0.5596287846565247
    ]
  ],
  "target": [
    [
      0.4498152732849121,
      0.5598832368850708
    ],
    [
      0.4457758069038391,
      0.560247004032135
    ],
    [
      0.44265177845954895,
      0.560756504535675
    ],
    [
      0.44383740425109863,
      0.5619522929191589
    ],
    [
      0.44466304779052734,
      0.5628926157951355
    ],
    [
      0.44398364424705505,
      0.5627650618553162
    ],
    [
      0.44323796033859253,
      0.5627424120903015
    ],
    [
      0.44224417209625244,
      0.5631127953529358
    ],
    [
      0.44130247831344604,
      0.5634815096855164
    ],
    [
      0.4405365586280823,
      0.5638447999954224
    ],
    [
      0.43982675671577454,
      0.5642063617706299
    ],
    [
      0.4392887055873871,
      0.5645626187324524
    ],
    [
      0.4388108551502228,
      0.5649170279502869
    ],
    [
      0.43850067257881165,
      0.5652663111686707
    ],
    [
      0.4382547438144684,
      0.5656135678291321
    ]
  ]
}