{
  "input": [
    [
      0.6025905609130859,
      0.5587918758392334
    ],
    [
      0.6044080257415771,
      0.5588353872299194
    ],
    [
      0.6063079833984375,
      0.5588424801826477
    ],
    [
      0.6077940464019775,
      0.5587044954299927
    ],
    [
      0.6092339158058167,
      0.558550238609314
    ],
    [
      0.6114680171012878,
      0.5588652491569519
    ],
    [
      0.613773763179779,
      0.5592225790023804
    ],
    [
      0.6153454780578613,
      0.5589518547058105
    ],
    [
      0.6168663501739502,
      0.5586375594139099
    ],
    [
      0.6182457804679871,
      0.5583462119102478
    ],
    [
      0.6196182370185852,
      0.5580559968948364
    ],
    [
      0.620911180973053,
      0.5580567121505737
    ],
    [
      0.6222017407417297,
      0.5580662488937378
    ],
    [
      0.6248595118522644,
      0.5583919882774353
    ],
    [
      0.6275283694267273,
      0.5587175488471985
    ]
  ],
  "target": [
    [
      0.6294553279876709,
      0.5584290027618408
    ],
    [
      0.6314038038253784,
      0.55816650390625
    ],
    [
      0.6342211961746216,
      0.5589556694030762
    ],
    [
      0.6369850039482117,
      0.5597301125526428
    ],
    [
      0.6385252475738525,
      0.5601686835289001
    ],
    [
      0.6400793790817261,
      0.5605674386024475
    ],
    [
      0.6418517827987671,
      0.5603392720222473
    ],
    [
      0.643535315990448,
      0.5601067543029785
    ],
    [
      0.6441627740859985,
      0.5598218441009521
    ],
    [
      0.6448103785514832,
      0.5595692992210388
    ],
    [
      0.6456488966941833,
      0.5596232414245605
    ],
    [
      0.6464157104492188,
      0.5596662163734436
    ],
    [
      0.6466208696365356,
      0.5596234798431396
    ],
    [
      0.6467886567115784,
      0.5596184134483337
    ],
    [
      0.6467090249061584,
      0.5598634481430054
    ]
  ]
}