{
  "input": [
    [
      0.558000922203064,
      0.7042012810707092
    ],
    [
      0.5661259889602661,
      0.6999279260635376
    ],
    [
      0.5737660527229309,
      0.6952818036079407
    ],
    [
      0.580669105052948,
      0.6911731958389282
    ],
    [
      0.586583137512207,
      0.6885125041007996
    ],
    [
      0.5198873281478882,
      0.6662954688072205
    ],
    [
      0.46694913506507874,
      0.6501114964485168
    ],
    [
      0.4315991699695587,
      0.6403423547744751
    ],
    [
      0.4176679253578186,
      0.6373697519302368
    ],
    [
      0.42454954981803894,
      0.639333188533783
    ],
    [
      0.4369601905345917,
      0.6431208252906799
    ],
    [
      0.4519636631011963,
      0.6477286219596863
    ],
    [
      0.4666239321231842,
      0.6521523594856262
    ],
    [
      0.47645750641822815,
      0.6541249752044678
    ],
    [
      0.4838823974132538,
      0.6553628444671631
    ]
  ],
  "target": [
    [
      0.48954519629478455,
      0.6558447480201721
    ],
    [
      0.49409252405166626,
      0.6555495262145996
    ],
    [
      0.4982856214046478,
      0.6552720665931702
    ],
    [
      0.5026906132698059,
      0.6540519595146179
    ],
    [
      0.5072411894798279,
      0.6525653600692749
    ],
    [
      0.5118712782859802,
      0.6514883637428284
    ],
    [
      0.5159568786621094,
      0.6495043039321899
    ],
    [
      0.5206486582756042,
      0.648695170879364
    ],
    [
      0.5253709554672241,
      0.6485599875450134
    ],
    [
      0.529547929763794,
      0.6485979557037354
    ],
    [
      0.45607641339302063,
      0.6676770448684692
    ],
    [
      0.40601426362991333,
      0.6837487816810608
    ],
    [
      0.378609836101532,
      0.6959294676780701
    ],
    [
      0.3731114864349365,
      0.7033352851867676
    ],
    [
      0.38630810379981995,
      0.7067514061927795
    ]
  ],
  "meta": {
    "video_name": "test1.mp4",
    "video_stem": "test1",
    "video_path": "E:\\desktop\\open\\lstm-akf\\data\\video\\test1.mp4",
    "fps": 40.0,
    "segment_index": 0,
    "sample_index": 634,
    "start_frame_index": 624,
    "history_end_frame_index": 638,
    "target_end_frame_index": 653,
    "history_frame_indices": [
      624,
      625,
      626,
      627,
      628,
      629,
      630,
      631,
      632,
      633,
      634,
      635,
      636,
      637,
      638
    ],
    "target_frame_indices": [
      639,
      640,
      641,
      642,
      643,
      644,
      645,
      646,
      647,
      648,
      649,
      650,
      651,
      652,
      653
    ],
    "history_timestamps": [
      16.300000000000015,
      16.325000000000014,
      16.350000000000016,
      16.375000000000014,
      16.400000000000013,
      16.425000000000015,
      16.450000000000014,
      16.475000000000016,
      16.500000000000014,
      16.525000000000013,
      16.550000000000015,
      16.575000000000014,
      16.600000000000016,
      16.625000000000014,
      16.650000000000013
    ],
    "target_timestamps": [
      16.675000000000015,
      16.700000000000014,
      16.725000000000012,
      16.750000000000014,
      16.775000000000013,
      16.800000000000015,
      16.825000000000014,
      16.850000000000012,
      16.875000000000014,
      16.900000000000013,
      16.925000000000015,
      16.950000000000014,
      16.975000000000012,
      17.000000000000014,
      17.025000000000013
    ]
  }
}