{
  "input": [
    [
      0.41728779673576355,
      0.572169840335846
    ],
    [
      0.41783905029296875,
      0.5721319913864136
    ],
    [
      0.4183267056941986,
      0.5720565915107727
    ],
    [
      0.4186013340950012,
      0.5721031427383423
    ],
    [
      0.418747216463089,
      0.572223424911499
    ],
    [
      0.41879770159721375,
      0.5722987055778503
    ],
    [
      0.41879478096961975,
      0.5723488330841064
    ],
    [
      0.4188733994960785,
      0.5724882483482361
    ],
    [
      0.418994277715683,
      0.5726739168167114
    ],
    [
      0.41910603642463684,
      0.5727360844612122
    ],
    [
      0.41921350359916687,
      0.5727391242980957
    ],
    [
      0.40444251894950867,
      0.5751162767410278
    ],
    [
      0.38312476873397827,
      0.5785380601882935
    ],
    [
      0.3699389100074768,
      0.5806461572647095
    ],
    [
      0.36003848910331726,
      0.5822235345840454
    ]
  ],
  "target": [
    [
      0.3696451187133789,
      0.5806236267089844
    ],
    [
      0.3864649832248688,
      0.5778488516807556
    ],
    [
      0.40021446347236633,
      0.5755974054336548
    ],
    [
      0.4129287898540497,
      0.5735223889350891
    ],
    [
      0.40425872802734375,
      0.5750014781951904
    ],
    [
      0.3890437185764313,
      0.5775682926177979
    ],
    [
      0.3837684988975525,
      0.578480064868927
    ],
    [
      0.38124045729637146,
      0.5789343118667603
    ],
    [
      0.37806907296180725,
      0.579506516456604
    ],
    [
      0.3747381269931793,
      0.5801078677177429
    ],
    [
      0.3915288746356964,
      0.5772880911827087
    ],
    [
      0.41276422142982483,
      0.5737126469612122
    ],
    [
      0.41786637902259827,
      0.5727723240852356
    ],
    [
      0.4198240041732788,
      0.5723455548286438
    ],
    [
      0.4193647801876068,
      0.572370707988739
    ]
  ]
}