{
  "input": [
    [
      0.7324524521827698,
      0.6031785607337952
    ],
    [
      0.7441345453262329,
      0.6040893197059631
    ],
    [
      0.756095826625824,
      0.6049632430076599
    ],
    [
      0.7706198692321777,
      0.6054993271827698
    ],
    [
      0.7845017313957214,
      0.606043815612793
    ],
    [
      0.7934926152229309,
      0.6066523194313049
    ],
    [
      0.8026160597801208,
      0.6072072386741638
    ],
    [
      0.8125969767570496,
      0.6074157357215881
    ],
    [
      0.8154680728912354,
      0.6084116697311401
    ],
    [
      0.7785708904266357,
      0.613812267780304
    ],
    [
      0.744734525680542,
      0.6188271045684814
    ],
    [
      0.725898265838623,
      0.6219514012336731
    ],
    [
      0.7102159261703491,
      0.6246809959411621
    ],
    [
      0.708220362663269,
      0.6256980299949646
    ],
    [
      0.7090493440628052,
      0.6265676021575928
    ]
  ],
  "target": [
    [
      0.7208263874053955,
      0.6268659830093384
    ],
    [
      0.7329006791114807,
      0.6269953846931458
    ],
    [
      0.7460110187530518,
      0.6265358924865723
    ],
    [
      0.7597500681877136,
      0.6260773539543152
    ],
    [
      0.7754722833633423,
      0.6256219148635864
    ],
    [
      0.7896336913108826,
      0.6252492070198059
    ],
    [
      0.7993180155754089,
      0.6251140832901001
    ],
    [
      0.8091660737991333,
      0.6249475479125977
    ],
    [
      0.8194429278373718,
      0.6246987581253052
    ],
    [
      0.8280796408653259,
      0.6244624853134155
    ],
    [
      0.8327798843383789,
      0.6242564916610718
    ],
    [
      0.8378756046295166,
      0.6237617135047913
    ],
    [
      0.8438437581062317,
      0.6226297616958618
    ],
    [
      0.8487128019332886,
      0.6217703223228455
    ],
    [
      0.8513475656509399,
      0.6214649677276611
    ]
  ]
}