{
  "input": [
    [
      0.5813927054405212,
      0.5582313537597656
    ],
    [
      0.5836551189422607,
      0.5584925413131714
    ],
    [
      0.5860797762870789,
      0.5588337182998657
    ],
    [
      0.5876612067222595,
      0.5589959025382996
    ],
    [
      0.5890220403671265,
      0.5591112971305847
    ],
    [
      0.5906953811645508,
      0.5590052604675293
    ],
    [
      0.5924417972564697,
      0.5588474869728088
    ],
    [
      0.5944109559059143,
      0.5586928129196167
    ],
    [
      0.596426248550415,
      0.5585387349128723
    ],
    [
      0.5982781648635864,
      0.5583824515342712
    ],
    [
      0.6001003384590149,
      0.5582257509231567
    ],
    [
      0.6013875603675842,
      0.5584766864776611
    ],
    [
      0.6025905609130859,
      0.5587918758392334
    ],
    [
      0.6044080257415771,
      0.5588353872299194
    ],
    [
      0.6063079833984375,
      0.5588424801826477
    ]
  ],
  "target": [
    [
      0.6077940464019775,
      0.5587044954299927
    ],
    [
      0.6092339158058167,
      0.558550238609314
    ],
    [
      0.6114680171012878,
      0.5588652491569519
    ],
    [
      0.613773763179779,
      0.5592225790023804
    ],
    [
      0.6153454780578613,
      0.5589518547058105
    ],
    [
      0.6168663501739502,
      0.5586375594139099
    ],
    [
      0.6182457804679871,
      0.5583462119102478
    ],
    [
      0.6196182370185852,
      0.5580559968948364
    ],
    [
      0.620911180973053,
      0.5580567121505737
    ],
    [
      0.6222017407417297,
      0.5580662488937378
    ],
    [
      0.6248595118522644,
      0.5583919882774353
    ],
    [
      0.6275283694267273,
      0.5587175488471985
    ],
    [
      0.6294553279876709,
      0.5584290027618408
    ],
    [
      0.6314038038253784,
      0.55816650390625
    ],
    [
      0.6342211961746216,
      0.5589556694030762
    ]
  ]
}