{
  "input": [
    [
      0.5306602716445923,
      0.7317657470703125
    ],
    [
      0.5400757789611816,
      0.7310692071914673
    ],
    [
      0.5492270588874817,
      0.7296513915061951
    ],
    [
      0.5583195686340332,
      0.7272318005561829
    ],
    [
      0.5675585865974426,
      0.7235297560691833
    ],
    [
      0.5761353969573975,
      0.7196725606918335
    ],
    [
      0.5841445326805115,
      0.7158501148223877
    ],
    [
      0.5915222764015198,
      0.7116799354553223
    ],
    [
      0.5982046723365784,
      0.7067794799804688
    ],
    [
      0.4953591823577881,
      0.6720020771026611
    ],
    [
      0.4457513988018036,
      0.6557188034057617
    ],
    [
      0.430221289396286,
      0.6509441137313843
    ],
    [
      0.42960885167121887,
      0.6506924629211426
    ],
    [
      0.4430340826511383,
      0.654985249042511
    ],
    [
      0.45712199807167053,
      0.6596071720123291
    ]
  ],
  "target": [
    [
      0.47020789980888367,
      0.6642129421234131
    ],
    [
      0.4806270897388458,
      0.6684575080871582
    ],
    [
      0.4882594048976898,
      0.6697931289672852
    ],
    [
      0.4943675100803375,
      0.6704630255699158
    ],
    [
      0.4992455840110779,
      0.6706830263137817
    ],
    [
      0.5031878352165222,
      0.6706689596176147
    ],
    [
      0.5073766112327576,
      0.6701623797416687
    ],
    [
      0.5120406150817871,
      0.6699126958847046
    ],
    [
      0.5170544981956482,
      0.6694351434707642
    ],
    [
      0.5222929120063782,
      0.6682447791099548
    ],
    [
      0.5274363160133362,
      0.6663693189620972
    ],
    [
      0.5326876640319824,
      0.6656460165977478
    ],
    [
      0.5378527045249939,
      0.6645610332489014
    ],
    [
      0.5427373647689819,
      0.6616004705429077
    ],
    [
      0.4741283059120178,
      0.6787596344947815
    ]
  ],
  "meta": {
    "video_name": "test1.mp4",
    "video_stem": "test1",
    "video_path": "E:\\desktop\\open\\lstm-akf\\data\\video\\test1.mp4",
    "fps": 40.0,
    "segment_index": 0,
    "sample_index": 326,
    "start_frame_index": 316,
    "history_end_frame_index": 330,
    "target_end_frame_index": 345,
    "history_frame_indices": [
      316,
      317,
      318,
      319,
      320,
      321,
      322,
      323,
      324,
      325,
      326,
      327,
      328,
      329,
      330
    ],
    "target_frame_indices": [
      331,
      332,
      333,
      334,
      335,
      336,
      337,
      338,
      339,
      340,
      341,
      342,
      343,
      344,
      345
    ],
    "history_timestamps": [
      8.600000000000007,
      8.625000000000007,
      8.650000000000007,
      8.675000000000006,
      8.700000000000006,
      8.725000000000007,
      8.750000000000007,
      8.775000000000006,
      8.800000000000006,
      8.825000000000006,
      8.850000000000007,
      8.875000000000007,
      8.900000000000006,
      8.925000000000006,
      8.950000000000006
    ],
    "target_timestamps": [
      8.975000000000007,
      9.000000000000007,
      9.025000000000007,
      9.050000000000006,
      9.075000000000006,
      9.100000000000007,
      9.125000000000007,
      9.150000000000007,
      9.175000000000006,
      9.200000000000006,
      9.225000000000007,
      9.250000000000007,
      9.275000000000007,
      9.300000000000008,
      9.325000000000006
    ]
  }
}