{
  "input": [
    [
      0.6294593811035156,
      0.5906499028205872
    ],
    [
      0.6327039003372192,
      0.590421736240387
    ],
    [
      0.6358882188796997,
      0.590350866317749
    ],
    [
      0.6388939023017883,
      0.590262770652771
    ],
    [
      0.6399343013763428,
      0.5899850130081177
    ],
    [
      0.6409407258033752,
      0.589735746383667
    ],
    [
      0.6416454315185547,
      0.5897395610809326
    ],
    [
      0.6422675251960754,
      0.5897518992424011
    ],
    [
      0.6422780156135559,
      0.5898274779319763
    ],
    [
      0.642230212688446,
      0.5898939967155457
    ],
    [
      0.6418142318725586,
      0.5899030566215515
    ],
    [
      0.6414004564285278,
      0.5898790955543518
    ],
    [
      0.6409989595413208,
      0.5896742939949036
    ],
    [
      0.6405625343322754,
      0.5894783139228821
    ],
    [
      0.6399587988853455,
      0.5893242955207825
    ]
  ],
  "target": [
    [
      0.6444239020347595,
      0.5884239077568054
    ],
    [
      0.6704785227775574,
      0.5843446254730225
    ],
    [
      0.688870370388031,
      0.5814646482467651
    ],
    [
      0.6780748963356018,
      0.583152711391449
    ],
    [
      0.6741576790809631,
      0.5838547945022583
    ],
    [
      0.6938301920890808,
      0.5811753273010254
    ],
    [
      0.7047067284584045,
      0.5799311399459839
    ],
    [
      0.6882646083831787,
      0.5831442475318909
    ],
    [
      0.6747210025787354,
      0.585911214351654
    ],
    [
      0.6693686246871948,
      0.5874172449111938
    ],
    [
      0.6644066572189331,
      0.5886213779449463
    ],
    [
      0.6604527831077576,
      0.5890462398529053
    ],
    [
      0.6577414274215698,
      0.5894700288772583
    ],
    [
      0.6579713821411133,
      0.5898913741111755
    ],
    [
      0.6596711277961731,
      0.5902079343795776
    ]
  ],
  "meta": {
    "video_name": "test2.mp4",
    "video_stem": "test2",
    "video_path": "E:\\desktop\\open\\lstm-akf\\data\\video\\test2.mp4",
    "fps": 40.0,
    "segment_index": 167,
    "sample_index": 239,
    "start_frame_index": 229,
    "history_end_frame_index": 243,
    "target_end_frame_index": 258,
    "history_frame_indices": [
      229,
      230,
      231,
      232,
      233,
      234,
      235,
      236,
      237,
      238,
      239,
      240,
      241,
      242,
      243
    ],
    "target_frame_indices": [
      244,
      245,
      246,
      247,
      248,
      249,
      250,
      251,
      252,
      253,
      254,
      255,
      256,
      257,
      258
    ],
    "history_timestamps": [
      407.2183913793728,
      407.2433913793728,
      407.26839137937276,
      407.29339137937274,
      407.3183913793727,
      407.3433913793727,
      407.36839137937267,
      407.39339137937264,
      407.4183913793726,
      407.4433913793726,
      407.4683913793726,
      407.49339137937255,
      407.51839137937253,
      407.5433913793725,
      407.5683913793725
    ],
    "target_timestamps": [
      407.59339137937246,
      407.61839137937244,
      407.6433913793724,
      407.6683913793724,
      407.6933913793724,
      407.71839137937235,
      407.7433913793723,
      407.7683913793723,
      407.7933913793723,
      407.81839137937226,
      407.84339137937224,
      407.8683913793722,
      407.8933913793722,
      407.91839137937217,
      407.94339137937214
    ]
  }
}