{
  "input": [
    [
      0.8194429278373718,
      0.6246987581253052
    ],
    [
      0.8280796408653259,
      0.6244624853134155
    ],
    [
      0.8327798843383789,
      0.6242564916610718
    ],
    [
      0.8378756046295166,
      0.6237617135047913
    ],
    [
      0.8438437581062317,
      0.6226297616958618
    ],
    [
      0.8487128019332886,
      0.6217703223228455
    ],
    [
      0.8513475656509399,
      0.6214649677276611
    ],
    [
      0.8536192178726196,
      0.6207104921340942
    ],
    [
      0.8552091121673584,
      0.6191130876541138
    ],
    [
      0.8418307304382324,
      0.6149760484695435
    ],
    [
      0.8024495244026184,
      0.6064272522926331
    ],
    [
      0.7706483006477356,
      0.5994352102279663
    ],
    [
      0.7510507106781006,
      0.59494948387146
    ],
    [
      0.7373905181884766,
      0.5918789505958557
    ],
    [
      0.7326012849807739,
      0.5909228920936584
    ]
  ],
  "target": [
    [
      0.7312337756156921,
      0.5907428860664368
    ],
    [
      0.734615683555603,
      0.591640055179596
    ],
    [
      0.7388492226600647,
      0.5927075743675232
    ],
    [
      0.7441819310188293,
      0.5939947962760925
    ],
    [
      0.7488270401954651,
      0.5947821736335754
    ],
    [
      0.7526465058326721,
      0.5949693918228149
    ],
    [
      0.7553510665893555,
      0.5949456691741943
    ],
    [
      0.756809413433075,
      0.5946862697601318
    ],
    [
      0.7573933601379395,
      0.5942568182945251
    ],
    [
      0.7570672035217285,
      0.5936503410339355
    ],
    [
      0.7382232546806335,
      0.5965076088905334
    ],
    [
      0.7014294266700745,
      0.6027224659919739
    ],
    [
      0.6740859746932983,
      0.6074140071868896
    ],
    [
      0.6552726030349731,
      0.6107305884361267
    ],
    [
      0.6443592309951782,
      0.6127617359161377
    ]
  ]
}