{
  "input": [
    [
      0.5137951970100403,
      0.5905910134315491
    ],
    [
      0.514185905456543,
      0.590394914150238
    ],
    [
      0.5145508646965027,
      0.5902448296546936
    ],
    [
      0.5147967338562012,
      0.59030681848526
    ],
    [
      0.5150313973426819,
      0.5903960466384888
    ],
    [
      0.5152196884155273,
      0.5905968546867371
    ],
    [
      0.5154368877410889,
      0.5907562375068665
    ],
    [
      0.515760600566864,
      0.5907632112503052
    ],
    [
      0.5160475969314575,
      0.5908001065254211
    ],
    [
      0.5162128210067749,
      0.5909360647201538
    ],
    [
      0.5164229869842529,
      0.5910569429397583
    ],
    [
      0.5167685151100159,
      0.5911322832107544
    ],
    [
      0.5170883536338806,
      0.5912157297134399
    ],
    [
      0.5173377990722656,
      0.5913212895393372
    ],
    [
      0.5176354646682739,
      0.5913712382316589
    ]
  ],
  "target": [
    [
      0.5180540084838867,
      0.5912816524505615
    ],
    [
      0.5184049606323242,
      0.5912002325057983
    ],
    [
      0.5186001658439636,
      0.5911376476287842
    ],
    [
      0.5188148021697998,
      0.5910134315490723
    ],
    [
      0.5190706849098206,
      0.5907586216926575
    ],
    [
      0.5193591713905334,
      0.5905964970588684
    ],
    [
      0.5197112560272217,
      0.5906157493591309
    ],
    [
      0.5203264951705933,
      0.5908153653144836
    ],
    [
      0.5214173793792725,
      0.5913410782814026
    ],
    [
      0.5224323868751526,
      0.5917510390281677
    ],
    [
      0.523320198059082,
      0.5919670462608337
    ],
    [
      0.5250576138496399,
      0.592293918132782
    ],
    [
      0.5281142592430115,
      0.5927929282188416
    ],
    [
      0.5308115482330322,
      0.5931282639503479
    ],
    [
      0.5329908132553101,
      0.593227744102478
    ]
  ]
}