{
  "input": [
    [
      0.4686124622821808,
      0.5595383644104004
    ],
    [
      0.46649888157844543,
      0.5597031116485596
    ],
    [
      0.4642934203147888,
      0.5598001480102539
    ],
    [
      0.46270695328712463,
      0.5601012706756592
    ],
    [
      0.46127399802207947,
      0.5604529976844788
    ],
    [
      0.4586324095726013,
      0.5603688955307007
    ],
    [
      0.4557238519191742,
      0.5601884722709656
    ],
    [
      0.4541133940219879,
      0.559918224811554
    ],
    [
      0.45275598764419556,
      0.5596303939819336
    ],
    [
      0.4621022343635559,
      0.5613298416137695
    ],
    [
      0.4732683002948761,
      0.5633671283721924
    ],
    [
      0.47812172770500183,
      0.5645435452461243
    ],
    [
      0.48205265402793884,
      0.5655941963195801
    ],
    [
      0.48044532537460327,
      0.5659757852554321
    ],
    [
      0.47815561294555664,
      0.5662750005722046
    ]
  ],
  "target": [
    [
      0.47476181387901306,
      0.5663905143737793
    ],
    [
      0.471256285905838,
      0.5664874315261841
    ],
    [
      0.4666534662246704,
      0.5662727355957031
    ],
    [
      0.46196284890174866,
      0.566033124923706
    ],
    [
      0.4591810703277588,
      0.5663588643074036
    ],
    [
      0.45651310682296753,
      0.5667182803153992
    ],
    [
      0.45357415080070496,
      0.5665770173072815
    ],
    [
      0.45062434673309326,
      0.5664156675338745
    ],
    [
      0.44852912425994873,
      0.5665141344070435
    ],
    [
      0.44645196199417114,
      0.566618025302887
    ],
    [
      0.4437742531299591,
      0.5665179491043091
    ],
    [
      0.44111189246177673,
      0.5664159059524536
    ],
    [
      0.439573734998703,
      0.5662279725074768
    ],
    [
      0.43805578351020813,
      0.5660441517829895
    ],
    [
      0.4371357858181,
      0.5659807324409485
    ]
  ]
}