{
  "input": [
    [
      0.50238436460495,
      0.5585276484489441
    ],
    [
      0.500241756439209,
      0.5587589144706726
    ],
    [
      0.4977671802043915,
      0.5587368607521057
    ],
    [
      0.4952120780944824,
      0.5586533546447754
    ],
    [
      0.4936422109603882,
      0.558426022529602
    ],
    [
      0.4922848641872406,
      0.5581676363945007
    ],
    [
      0.501434862613678,
      0.5604051947593689
    ],
    [
      0.5125806927680969,
      0.5631168484687805
    ],
    [
      0.5176291465759277,
      0.5644453763961792
    ],
    [
      0.5216699242591858,
      0.5655452609062195
    ],
    [
      0.5221818089485168,
      0.5657598376274109
    ],
    [
      0.5221941471099854,
      0.5658490657806396
    ],
    [
      0.5212398767471313,
      0.5656665563583374
    ],
    [
      0.5201707482337952,
      0.5654516816139221
    ],
    [
      0.5197739601135254,
      0.5654010772705078
    ]
  ],
  "target": [
    [
      0.5194423198699951,
      0.5653663873672485
    ],
    [
      0.5199140906333923,
      0.5653491616249084
    ],
    [
      0.5204468965530396,
      0.5653332471847534
    ],
    [
      0.5217481851577759,
      0.5655486583709717
    ],
    [
      0.5230922698974609,
      0.5657770037651062
    ],
    [
      0.5236718058586121,
      0.5657444000244141
    ],
    [
      0.5242236256599426,
      0.5657023787498474
    ],
    [
      0.524745523929596,
      0.5656047463417053
    ],
    [
      0.5252573490142822,
      0.5655040740966797
    ],
    [
      0.510559618473053,
      0.5621129274368286
    ],
    [
      0.49636030197143555,
      0.55882328748703
    ],
    [
      0.5086981654167175,
      0.560935914516449
    ],
    [
      0.5208179950714111,
      0.5630120635032654
    ],
    [
      0.5271405577659607,
      0.5641173124313354
    ],
    [
      0.5332223176956177,
      0.5651853680610657
    ]
  ]
}