{
  "input": [
    [
      0.3936557173728943,
      0.7272111177444458
    ],
    [
      0.385349303483963,
      0.7363479137420654
    ],
    [
      0.39804649353027344,
      0.7397115230560303
    ],
    [
      0.41587990522384644,
      0.741355836391449
    ],
    [
      0.4361194968223572,
      0.7423500418663025
    ],
    [
      0.45603519678115845,
      0.7437635064125061
    ],
    [
      0.4718532860279083,
      0.7443576455116272
    ],
    [
      0.48594069480895996,
      0.7455569505691528
    ],
    [
      0.4985373020172119,
      0.7470049262046814
    ],
    [
      0.509882926940918,
      0.748345136642456
    ],
    [
      0.5207565426826477,
      0.7479263544082642
    ],
    [
      0.5317403674125671,
      0.7467478513717651
    ],
    [
      0.5428040027618408,
      0.7456619143486023
    ],
    [
      0.5539172291755676,
      0.7455205917358398
    ],
    [
      0.5646501183509827,
      0.7475166916847229
    ]
  ],
  "target": [
    [
      0.5748518109321594,
      0.7493677735328674
    ],
    [
      0.558059811592102,
      0.7423244118690491
    ],
    [
      0.4878116548061371,
      0.7176370620727539
    ],
    [
      0.4421815276145935,
      0.7034590244293213
    ],
    [
      0.42018479108810425,
      0.6953503489494324
    ],
    [
      0.4170045554637909,
      0.6922814846038818
    ],
    [
      0.4278239607810974,
      0.6932229995727539
    ],
    [
      0.4484091103076935,
      0.6983986496925354
    ],
    [
      0.46848225593566895,
      0.7025008201599121
    ],
    [
      0.48688364028930664,
      0.7056365013122559
    ],
    [
      0.5024535655975342,
      0.7079126834869385
    ],
    [
      0.5143997073173523,
      0.7083027958869934
    ],
    [
      0.5248817205429077,
      0.7078334093093872
    ],
    [
      0.5342143774032593,
      0.7067312598228455
    ],
    [
      0.5427126884460449,
      0.7052231431007385
    ]
  ]
}