{
  "input": [
    [
      0.4746893048286438,
      0.5767501592636108
    ],
    [
      0.46626347303390503,
      0.5767070651054382
    ],
    [
      0.4601753056049347,
      0.5766904354095459
    ],
    [
      0.45539629459381104,
      0.5766885876655579
    ],
    [
      0.4507777988910675,
      0.5762622952461243
    ],
    [
      0.44624248147010803,
      0.575616180896759
    ],
    [
      0.4435924291610718,
      0.5751232504844666
    ],
    [
      0.4418433904647827,
      0.5747034549713135
    ],
    [
      0.4535031318664551,
      0.5776954293251038
    ],
    [
      0.4710629880428314,
      0.5821886658668518
    ],
    [
      0.4870048463344574,
      0.5860532522201538
    ],
    [
      0.5022929906845093,
      0.5896638631820679
    ],
    [
      0.5216682553291321,
      0.5940340757369995
    ],
    [
      0.5425547957420349,
      0.5986851453781128
    ],
    [
      0.5177605152130127,
      0.5956565737724304
    ]
  ],
  "target": [
    [
      0.47756439447402954,
      0.5900387167930603
    ],
    [
      0.4634974002838135,
      0.5885815024375916
    ],
    [
      0.45742762088775635,
      0.5883978009223938
    ],
    [
      0.4530177414417267,
      0.5878591537475586
    ],
    [
      0.4490666687488556,
      0.5872223377227783
    ],
    [
      0.4430493414402008,
      0.5862963199615479
    ],
    [
      0.4365195333957672,
      0.5852985978126526
    ],
    [
      0.4286816418170929,
      0.5838653445243835
    ],
    [
      0.4205548167228699,
      0.582335889339447
    ],
    [
      0.41109147667884827,
      0.5803614854812622
    ],
    [
      0.4013676047325134,
      0.5783003568649292
    ],
    [
      0.39027875661849976,
      0.5757847428321838
    ],
    [
      0.3789578378200531,
      0.5731918811798096
    ],
    [
      0.36624351143836975,
      0.5701351761817932
    ],
    [
      0.35332557559013367,
      0.5670105814933777
    ]
  ],
  "meta": {
    "video_name": "test2.mp4",
    "video_stem": "test2",
    "video_path": "E:\\desktop\\open\\lstm-akf\\data\\video\\test2.mp4",
    "fps": 40.0,
    "segment_index": 172,
    "sample_index": 80,
    "start_frame_index": 70,
    "history_end_frame_index": 84,
    "target_end_frame_index": 99,
    "history_frame_indices": [
      70,
      71,
      72,
      73,
      74,
      75,
      76,
      77,
      78,
      79,
      80,
      81,
      82,
      83,
      84
    ],
    "target_frame_indices": [
      85,
      86,
      87,
      88,
      89,
      90,
      91,
      92,
      93,
      94,
      95,
      96,
      97,
      98,
      99
    ],
    "history_timestamps": [
      418.15940110601093,
      418.1844011060109,
      418.2094011060109,
      418.23440110601086,
      418.25940110601084,
      418.2844011060108,
      418.3094011060108,
      418.3344011060108,
      418.35940110601075,
      418.3844011060107,
      418.4094011060107,
      418.4344011060107,
      418.45940110601066,
      418.48440110601064,
      418.5094011060106
    ],
    "target_timestamps": [
      418.5344011060106,
      418.55940110601057,
      418.58440110601055,
      418.6094011060105,
      418.6344011060105,
      418.6594011060105,
      418.68440110601045,
      418.70940110601043,
      418.7344011060104,
      418.7594011060104,
      418.78440110601036,
      418.80940110601034,
      418.8344011060103,
      418.8594011060103,
      418.8844011060103
    ]
  }
}