{
  "input": [
    [
      0.6590753197669983,
      0.5853081345558167
    ],
    [
      0.658794641494751,
      0.5858202576637268
    ],
    [
      0.6590319871902466,
      0.5862491726875305
    ],
    [
      0.65926194190979,
      0.5866681337356567
    ],
    [
      0.6592893600463867,
      0.5868182182312012
    ],
    [
      0.6593555212020874,
      0.5869847536087036
    ],
    [
      0.6601079106330872,
      0.5874431729316711
    ],
    [
      0.6608010530471802,
      0.5878942608833313
    ],
    [
      0.6607213616371155,
      0.5882497429847717
    ],
    [
      0.6606736779212952,
      0.5886001586914062
    ],
    [
      0.6609534025192261,
      0.5888989567756653
    ],
    [
      0.6612765789031982,
      0.5891760587692261
    ],
    [
      0.661963164806366,
      0.589271605014801
    ],
    [
      0.6626400947570801,
      0.5893707275390625
    ],
    [
      0.6632490754127502,
      0.5894948840141296
    ]
  ],
  "target": [
    [
      0.6638721823692322,
      0.589610755443573
    ],
    [
      0.6645805835723877,
      0.5896763205528259
    ],
    [
      0.665304958820343,
      0.5897324681282043
    ],
    [
      0.6661128401756287,
      0.5897394418716431
    ],
    [
      0.6681262254714966,
      0.5900869369506836
    ],
    [
      0.6757045984268188,
      0.5920063853263855
    ],
    [
      0.6823220252990723,
      0.5935444235801697
    ],
    [
      0.6849944591522217,
      0.5935167670249939
    ],
    [
      0.6875349879264832,
      0.5935754776000977
    ],
    [
      0.689590334892273,
      0.5939524173736572
    ],
    [
      0.6917026042938232,
      0.5942954421043396
    ],
    [
      0.6940039396286011,
      0.5945260524749756
    ],
    [
      0.6974459290504456,
      0.5946962237358093
    ],
    [
      0.7043226957321167,
      0.5946844816207886
    ],
    [
      0.7111315131187439,
      0.594646692276001
    ]
  ],
  "meta": {
    "video_name": "test2.mp4",
    "video_stem": "test2",
    "video_path": "E:\\desktop\\open\\lstm-akf\\data\\video\\test2.mp4",
    "fps": 40.0,
    "segment_index": 106,
    "sample_index": 11,
    "start_frame_index": 1,
    "history_end_frame_index": 15,
    "target_end_frame_index": 30,
    "history_frame_indices": [
      1,
      2,
      3,
      4,
      5,
      6,
      7,
      8,
      9,
      10,
      11,
      12,
      13,
      14,
      15
    ],
    "target_frame_indices": [
      16,
      17,
      18,
      19,
      20,
      21,
      22,
      23,
      24,
      25,
      26,
      27,
      28,
      29,
      30
    ],
    "history_timestamps": [
      240.36602051221715,
      240.39102051221715,
      240.41602051221716,
      240.44102051221716,
      240.46602051221717,
      240.49102051221718,
      240.51602051221718,
      240.5410205122172,
      240.5660205122172,
      240.5910205122172,
      240.6160205122172,
      240.6410205122172,
      240.66602051221722,
      240.69102051221722,
      240.71602051221723
    ],
    "target_timestamps": [
      240.74102051221723,
      240.76602051221724,
      240.79102051221724,
      240.81602051221725,
      240.84102051221726,
      240.86602051221726,
      240.89102051221727,
      240.91602051221727,
      240.94102051221728,
      240.96602051221728,
      240.9910205122173,
      241.0160205122173,
      241.0410205122173,
      241.0660205122173,
      241.0910205122173
    ]
  }
}