{
  "input": [
    [
      0.5541330575942993,
      0.5680007338523865
    ],
    [
      0.5526567101478577,
      0.5683208703994751
    ],
    [
      0.551100492477417,
      0.5684814453125
    ],
    [
      0.5491276979446411,
      0.5678092837333679
    ],
    [
      0.5472511649131775,
      0.567172110080719
    ],
    [
      0.5458171963691711,
      0.5666957497596741
    ],
    [
      0.5443792343139648,
      0.5664131045341492
    ],
    [
      0.542925238609314,
      0.5669224262237549
    ],
    [
      0.5415593981742859,
      0.5673919916152954
    ],
    [
      0.5405165553092957,
      0.5677159428596497
    ],
    [
      0.539414644241333,
      0.5679739713668823
    ],
    [
      0.5381172299385071,
      0.5680138468742371
    ],
    [
      0.5368966460227966,
      0.5680049061775208
    ],
    [
      0.5359067916870117,
      0.5678492784500122
    ],
    [
      0.5346964597702026,
      0.5677295923233032
    ]
  ],
  "target": [
    [
      0.5328831672668457,
      0.5677081942558289
    ],
    [
      0.5311816930770874,
      0.5677750110626221
    ],
    [
      0.5297598242759705,
      0.5680624842643738
    ],
    [
      0.5282473564147949,
      0.5683049559593201
    ],
    [
      0.5265265703201294,
      0.5684443116188049
    ],
    [
      0.5249388217926025,
      0.5685633420944214
    ],
    [
      0.5236323475837708,
      0.5686395764350891
    ],
    [
      0.5218992233276367,
      0.568611204624176
    ],
    [
      0.5193338394165039,
      0.5683786869049072
    ],
    [
      0.5171392560005188,
      0.5683416724205017
    ],
    [
      0.5156131386756897,
      0.5686570405960083
    ],
    [
      0.5136581659317017,
      0.568856418132782
    ],
    [
      0.5109871029853821,
      0.5688620805740356
    ],
    [
      0.5085837244987488,
      0.5687859654426575
    ],
    [
      0.5065948963165283,
      0.5685831308364868
    ]
  ]
}