{
  "input": [
    [
      0.46803557872772217,
      0.5706592798233032
    ],
    [
      0.466426819562912,
      0.5706040263175964
    ],
    [
      0.4646367132663727,
      0.5706642866134644
    ],
    [
      0.4627196490764618,
      0.5708053708076477
    ],
    [
      0.4609695076942444,
      0.5711395144462585
    ],
    [
      0.4593278467655182,
      0.5715991854667664
    ],
    [
      0.4568181335926056,
      0.5718852281570435
    ],
    [
      0.4537850022315979,
      0.5720665454864502
    ],
    [
      0.451570063829422,
      0.572109043598175
    ],
    [
      0.44981205463409424,
      0.5720739364624023
    ],
    [
      0.44791272282600403,
      0.5721724033355713
    ],
    [
      0.44594043493270874,
      0.5723397731781006
    ],
    [
      0.44435012340545654,
      0.5724701285362244
    ],
    [
      0.4429418444633484,
      0.5725829005241394
    ],
    [
      0.4408338665962219,
      0.5726255178451538
    ]
  ],
  "target": [
    [
      0.4384189546108246,
      0.5726373791694641
    ],
    [
      0.43704476952552795,
      0.5728946924209595
    ],
    [
      0.43608978390693665,
      0.5732508897781372
    ],
    [
      0.4348981976509094,
      0.5736157894134521
    ],
    [
      0.4336194396018982,
      0.5739840269088745
    ],
    [
      0.4328356683254242,
      0.5740607976913452
    ],
    [
      0.4322182238101959,
      0.57403963804245
    ],
    [
      0.43132483959198,
      0.5739852786064148
    ],
    [
      0.4303473234176636,
      0.5739207863807678
    ],
    [
      0.42989376187324524,
      0.5738843083381653
    ],
    [
      0.42958447337150574,
      0.5738555192947388
    ],
    [
      0.42953723669052124,
      0.5738667249679565
    ],
    [
      0.4295547306537628,
      0.573887825012207
    ],
    [
      0.4295913577079773,
      0.573919951915741
    ],
    [
      0.42963218688964844,
      0.5739545226097107
    ]
  ]
}