{
  "input": [
    [
      0.7546014189720154,
      0.650578498840332
    ],
    [
      0.7738459706306458,
      0.6498964428901672
    ],
    [
      0.7920793890953064,
      0.6492620706558228
    ],
    [
      0.8045291304588318,
      0.648900032043457
    ],
    [
      0.8161604404449463,
      0.6484786868095398
    ],
    [
      0.8236976861953735,
      0.6477605700492859
    ],
    [
      0.8307607769966125,
      0.6471100449562073
    ],
    [
      0.8357271552085876,
      0.6467584371566772
    ],
    [
      0.8412413001060486,
      0.6464216709136963
    ],
    [
      0.8489168882369995,
      0.6461432576179504
    ],
    [
      0.8557694554328918,
      0.6458783149719238
    ],
    [
      0.8597044944763184,
      0.6456613540649414
    ],
    [
      0.8519653081893921,
      0.6427246928215027
    ],
    [
      0.8068141937255859,
      0.631072461605072
    ],
    [
      0.7663779258728027,
      0.6207467913627625
    ]
  ],
  "target": [
    [
      0.7396702170372009,
      0.614283561706543
    ],
    [
      0.7189887166023254,
      0.6091815233230591
    ],
    [
      0.7143193483352661,
      0.6076962351799011
    ],
    [
      0.7126109004020691,
      0.6068823337554932
    ],
    [
      0.7181076407432556,
      0.6077023148536682
    ],
    [
      0.7249196171760559,
      0.6086753010749817
    ],
    [
      0.734671950340271,
      0.6099904179573059
    ],
    [
      0.7433474063873291,
      0.6111131310462952
    ],
    [
      0.7498050332069397,
      0.6118394732475281
    ],
    [
      0.7549904584884644,
      0.6124776005744934
    ],
    [
      0.7577568292617798,
      0.612947940826416
    ],
    [
      0.7594007253646851,
      0.6131596565246582
    ],
    [
      0.7590702772140503,
      0.6129163503646851
    ],
    [
      0.7576181292533875,
      0.6126258373260498
    ],
    [
      0.7543379664421082,
      0.6122583150863647
    ]
  ]
}