{
  "input": [
    [
      0.6051160097122192,
      0.5642503499984741
    ],
    [
      0.6015644669532776,
      0.5631688237190247
    ],
    [
      0.5981300473213196,
      0.5621131658554077
    ],
    [
      0.5984158515930176,
      0.5618776082992554
    ],
    [
      0.5988255739212036,
      0.5616796016693115
    ],
    [
      0.6016767621040344,
      0.5622202754020691
    ],
    [
      0.6044877767562866,
      0.5627390146255493
    ],
    [
      0.6067308783531189,
      0.5629470348358154
    ],
    [
      0.6103174090385437,
      0.56333327293396
    ],
    [
      0.6285661458969116,
      0.5656648874282837
    ],
    [
      0.6457055807113647,
      0.567847728729248
    ],
    [
      0.6530501246452332,
      0.5687168836593628
    ],
    [
      0.6596731543540955,
      0.5694859027862549
    ],
    [
      0.6609823703765869,
      0.569517195224762
    ],
    [
      0.6599526405334473,
      0.5692142844200134
    ]
  ],
  "target": [
    [
      0.644232988357544,
      0.5668120980262756
    ],
    [
      0.6296898126602173,
      0.5646055340766907
    ],
    [
      0.6215529441833496,
      0.563464343547821
    ],
    [
      0.614433228969574,
      0.5624668598175049
    ],
    [
      0.6121775507926941,
      0.5621567964553833
    ],
    [
      0.6104633212089539,
      0.5619174242019653
    ],
    [
      0.6110460162162781,
      0.561978280544281
    ],
    [
      0.6148832440376282,
      0.5625498294830322
    ],
    [
      0.6310697197914124,
      0.5650593042373657
    ],
    [
      0.6452161073684692,
      0.5672580003738403
    ],
    [
      0.6523907780647278,
      0.5683943629264832
    ],
    [
      0.6581446528434753,
      0.5693265199661255
    ],
    [
      0.6595009565353394,
      0.5696264505386353
    ],
    [
      0.6600808501243591,
      0.5698651075363159
    ],
    [
      0.658473789691925,
      0.569930911064148
    ]
  ]
}