{
  "input": [
    [
      0.648115873336792,
      0.5751803517341614
    ],
    [
      0.6499306559562683,
      0.5751193761825562
    ],
    [
      0.63821941614151,
      0.572668194770813
    ],
    [
      0.6215225458145142,
      0.5693359375
    ],
    [
      0.6118616461753845,
      0.5673363208770752
    ],
    [
      0.6045650839805603,
      0.5657845139503479
    ],
    [
      0.6024106740951538,
      0.5650573372840881
    ],
    [
      0.6018245220184326,
      0.5645816922187805
    ],
    [
      0.6031007170677185,
      0.5648176074028015
    ],
    [
      0.6048896908760071,
      0.5652495622634888
    ],
    [
      0.6064557433128357,
      0.5653554201126099
    ],
    [
      0.6079667210578918,
      0.5653808116912842
    ],
    [
      0.608790397644043,
      0.565590500831604
    ],
    [
      0.6094629168510437,
      0.5658407807350159
    ],
    [
      0.6090418100357056,
      0.5656102299690247
    ]
  ],
  "target": [
    [
      0.608408510684967,
      0.5652864575386047
    ],
    [
      0.6075677275657654,
      0.5651320815086365
    ],
    [
      0.6066918969154358,
      0.56500643491745
    ],
    [
      0.6048871874809265,
      0.5649709701538086
    ],
    [
      0.6029475331306458,
      0.5649486780166626
    ],
    [
      0.6013625264167786,
      0.5650972723960876
    ],
    [
      0.5998209118843079,
      0.5652668476104736
    ],
    [
      0.5968360900878906,
      0.5650172233581543
    ],
    [
      0.5937063694000244,
      0.5647255182266235
    ],
    [
      0.5917907357215881,
      0.5646581649780273
    ],
    [
      0.5899714231491089,
      0.564608633518219
    ],
    [
      0.5884937644004822,
      0.5646929740905762
    ],
    [
      0.5870362520217896,
      0.5647851824760437
    ],
    [
      0.5857495665550232,
      0.5645785927772522
    ],
    [
      0.5844695568084717,
      0.5643603205680847
    ]
  ]
}