{
  "input": [
    [
      0.5625108480453491,
      0.5603042244911194
    ],
    [
      0.5616152286529541,
      0.5602325797080994
    ],
    [
      0.5605485439300537,
      0.5596815943717957
    ],
    [
      0.559447705745697,
      0.5591554641723633
    ],
    [
      0.5574377775192261,
      0.5592892169952393
    ],
    [
      0.5554021000862122,
      0.5593962073326111
    ],
    [
      0.552914559841156,
      0.5590341687202454
    ],
    [
      0.5504795908927917,
      0.5586684346199036
    ],
    [
      0.5487239956855774,
      0.5582555532455444
    ],
    [
      0.5468902587890625,
      0.557852566242218
    ],
    [
      0.5442629456520081,
      0.5575497150421143
    ],
    [
      0.5416162610054016,
      0.5572376251220703
    ],
    [
      0.5388085842132568,
      0.5568487048149109
    ],
    [
      0.5360683798789978,
      0.5564718842506409
    ],
    [
      0.53379887342453,
      0.5561790466308594
    ]
  ],
  "target": [
    [
      0.5314522385597229,
      0.5558751821517944
    ],
    [
      0.5286436080932617,
      0.5555055737495422
    ],
    [
      0.5258123278617859,
      0.5551338791847229
    ],
    [
      0.5228630900382996,
      0.554751455783844
    ],
    [
      0.5225011706352234,
      0.5552384853363037
    ],
    [
      0.5340317487716675,
      0.5597220659255981
    ],
    [
      0.5435468554496765,
      0.5634775757789612
    ],
    [
      0.5448204278945923,
      0.5642562508583069
    ],
    [
      0.5457417964935303,
      0.5648568272590637
    ],
    [
      0.545371949672699,
      0.5648045539855957
    ],
    [
      0.5449087619781494,
      0.5647592544555664
    ],
    [
      0.5441370010375977,
      0.5647370219230652
    ],
    [
      0.5434553027153015,
      0.5647056698799133
    ],
    [
      0.5430440902709961,
      0.5646471381187439
    ],
    [
      0.5427029132843018,
      0.5645224452018738
    ]
  ]
}