{
  "input": [
    [
      0.5395499467849731,
      0.565443217754364
    ],
    [
      0.5399589538574219,
      0.5656740665435791
    ],
    [
      0.5403500199317932,
      0.5658050775527954
    ],
    [
      0.5406870245933533,
      0.5656353831291199
    ],
    [
      0.54093998670578,
      0.5654670000076294
    ],
    [
      0.5409621596336365,
      0.5653021931648254
    ],
    [
      0.5408596396446228,
      0.5652139782905579
    ],
    [
      0.5404443740844727,
      0.5653178095817566
    ],
    [
      0.5399909615516663,
      0.565372109413147
    ],
    [
      0.5394496917724609,
      0.5653122663497925
    ],
    [
      0.5385928750038147,
      0.5653074979782104
    ],
    [
      0.5370668768882751,
      0.5654194951057434
    ],
    [
      0.5356981158256531,
      0.5654693245887756
    ],
    [
      0.5346368551254272,
      0.5653977394104004
    ],
    [
      0.5332188010215759,
      0.5654217600822449
    ]
  ],
  "target": [
    [
      0.5311558842658997,
      0.5656186938285828
    ],
    [
      0.5293394327163696,
      0.5657916069030762
    ],
    [
      0.5279356837272644,
      0.5659242868423462
    ],
    [
      0.5264379978179932,
      0.5659562945365906
    ],
    [
      0.5247945189476013,
      0.5658321976661682
    ],
    [
      0.5232352614402771,
      0.5659169554710388
    ],
    [
      0.5217974781990051,
      0.5663028359413147
    ],
    [
      0.5196398496627808,
      0.5665271878242493
    ],
    [
      0.5165175795555115,
      0.5665350556373596
    ],
    [
      0.5138700604438782,
      0.5665043592453003
    ],
    [
      0.5118141770362854,
      0.5664255619049072
    ],
    [
      0.5089021325111389,
      0.5663626194000244
    ],
    [
      0.5049968957901001,
      0.5663180351257324
    ],
    [
      0.5019602179527283,
      0.566385805606842
    ],
    [
      0.4998616874217987,
      0.5665749311447144
    ]
  ]
}