{
  "input": [
    [
      0.6343103051185608,
      0.6646571755409241
    ],
    [
      0.6249329447746277,
      0.6636618375778198
    ],
    [
      0.6156968474388123,
      0.6626869440078735
    ],
    [
      0.6092812418937683,
      0.6621193885803223
    ],
    [
      0.6026608347892761,
      0.6615003943443298
    ],
    [
      0.5931190252304077,
      0.6601473689079285
    ],
    [
      0.583929181098938,
      0.6588451266288757
    ],
    [
      0.5786131620407104,
      0.6581012010574341
    ],
    [
      0.5784886479377747,
      0.6563271284103394
    ],
    [
      0.6245181560516357,
      0.6453940272331238
    ],
    [
      0.66842120885849,
      0.6351454257965088
    ],
    [
      0.6965686082839966,
      0.6299682855606079
    ],
    [
      0.7221086025238037,
      0.62539142370224
    ],
    [
      0.7311851978302002,
      0.6246053576469421
    ],
    [
      0.73869788646698,
      0.6241173148155212
    ]
  ],
  "target": [
    [
      0.7376540899276733,
      0.6252597570419312
    ],
    [
      0.7360355257987976,
      0.6264775395393372
    ],
    [
      0.7316566705703735,
      0.6280575394630432
    ],
    [
      0.7274007201194763,
      0.6295305490493774
    ],
    [
      0.7236678600311279,
      0.6305481791496277
    ],
    [
      0.7206562757492065,
      0.6315591335296631
    ],
    [
      0.7203919887542725,
      0.6325446963310242
    ],
    [
      0.7204943299293518,
      0.6334278583526611
    ],
    [
      0.7218541502952576,
      0.6339597105979919
    ],
    [
      0.7238323092460632,
      0.6345169544219971
    ],
    [
      0.727730929851532,
      0.6351529955863953
    ],
    [
      0.7313758134841919,
      0.6357139945030212
    ],
    [
      0.7343035936355591,
      0.6360628008842468
    ],
    [
      0.7375733852386475,
      0.6366687417030334
    ],
    [
      0.7417262196540833,
      0.6379385590553284
    ]
  ]
}