{
  "input": [
    [
      0.5576058030128479,
      0.5711013078689575
    ],
    [
      0.550153374671936,
      0.5702598094940186
    ],
    [
      0.5479636192321777,
      0.57016921043396
    ],
    [
      0.5475482940673828,
      0.5703318119049072
    ],
    [
      0.5513314008712769,
      0.5705122947692871
    ],
    [
      0.5563994646072388,
      0.5706982612609863
    ],
    [
      0.5614983439445496,
      0.5705900192260742
    ],
    [
      0.5666056871414185,
      0.5704004168510437
    ],
    [
      0.5727934241294861,
      0.5705528259277344
    ],
    [
      0.5792490243911743,
      0.5707899928092957
    ],
    [
      0.5871263742446899,
      0.571147620677948
    ],
    [
      0.5953177213668823,
      0.5715318918228149
    ],
    [
      0.6049617528915405,
      0.5720392465591431
    ],
    [
      0.6148888468742371,
      0.5725705623626709
    ],
    [
      0.6262995004653931,
      0.57322758436203
    ]
  ],
  "target": [
    [
      0.6379624009132385,
      0.5739060044288635
    ],
    [
      0.6120809316635132,
      0.5723439455032349
    ],
    [
      0.5807127952575684,
      0.570454478263855
    ],
    [
      0.5767983198165894,
      0.5703363418579102
    ],
    [
      0.5762666463851929,
      0.5704365372657776
    ],
    [
      0.5760765075683594,
      0.5705046653747559
    ],
    [
      0.5759209394454956,
      0.5705695748329163
    ],
    [
      0.575173020362854,
      0.5706597566604614
    ],
    [
      0.5743776559829712,
      0.5707520246505737
    ],
    [
      0.5748627185821533,
      0.5706967115402222
    ],
    [
      0.5754241347312927,
      0.5706325769424438
    ],
    [
      0.5752086043357849,
      0.5706381797790527
    ],
    [
      0.5749620199203491,
      0.5706465244293213
    ],
    [
      0.5747031569480896,
      0.5706434845924377
    ],
    [
      0.574444055557251,
      0.5706402063369751
    ]
  ],
  "meta": {
    "video_name": "test2.mp4",
    "video_stem": "test2",
    "video_path": "E:\\desktop\\open\\lstm-akf\\data\\video\\test2.mp4",
    "fps": 40.0,
    "segment_index": 33,
    "sample_index": 92,
    "start_frame_index": 82,
    "history_end_frame_index": 96,
    "target_end_frame_index": 111,
    "history_frame_indices": [
      82,
      83,
      84,
      85,
      86,
      87,
      88,
      89,
      90,
      91,
      92,
      93,
      94,
      95,
      96
    ],
    "target_frame_indices": [
      97,
      98,
      99,
      100,
      101,
      102,
      103,
      104,
      105,
      106,
      107,
      108,
      109,
      110,
      111
    ],
    "history_timestamps": [
      76.13450013727153,
      76.15950013727154,
      76.18450013727154,
      76.20950013727155,
      76.23450013727155,
      76.25950013727156,
      76.28450013727156,
      76.30950013727157,
      76.33450013727158,
      76.35950013727158,
      76.38450013727159,
      76.40950013727159,
      76.4345001372716,
      76.4595001372716,
      76.48450013727161
    ],
    "target_timestamps": [
      76.50950013727162,
      76.53450013727162,
      76.55950013727163,
      76.58450013727163,
      76.60950013727164,
      76.63450013727164,
      76.65950013727165,
      76.68450013727166,
      76.70950013727166,
      76.73450013727167,
      76.75950013727167,
      76.78450013727168,
      76.80950013727168,
      76.83450013727169,
      76.8595001372717
    ]
  }
}