{
  "input": [
    [
      0.49100401997566223,
      0.5738531947135925
    ],
    [
      0.4908287823200226,
      0.5738004446029663
    ],
    [
      0.4905523359775543,
      0.5737127661705017
    ],
    [
      0.49025627970695496,
      0.5736182332038879
    ],
    [
      0.4900534152984619,
      0.5735370516777039
    ],
    [
      0.48986634612083435,
      0.5734581351280212
    ],
    [
      0.48950180411338806,
      0.5733324289321899
    ],
    [
      0.48911145329475403,
      0.573199987411499
    ],
    [
      0.48864585161209106,
      0.5729573965072632
    ],
    [
      0.4881710112094879,
      0.5727012753486633
    ],
    [
      0.48771753907203674,
      0.5728839635848999
    ],
    [
      0.4872662127017975,
      0.5731106996536255
    ],
    [
      0.48702678084373474,
      0.5730125904083252
    ],
    [
      0.48680412769317627,
      0.5728887319564819
    ],
    [
      0.504926323890686,
      0.5751776695251465
    ]
  ],
  "target": [
    [
      0.5241296887397766,
      0.5776088237762451
    ],
    [
      0.5330422520637512,
      0.5786827802658081
    ],
    [
      0.5415500998497009,
      0.5797034502029419
    ],
    [
      0.5427781939506531,
      0.5796880125999451
    ],
    [
      0.5438573956489563,
      0.5796513557434082
    ],
    [
      0.5417993068695068,
      0.5793761014938354
    ],
    [
      0.5397320985794067,
      0.5791001319885254
    ],
    [
      0.5375292897224426,
      0.5788186192512512
    ],
    [
      0.535352349281311,
      0.5785360932350159
    ],
    [
      0.5339258313179016,
      0.578223466873169
    ],
    [
      0.5325142741203308,
      0.5779127478599548
    ],
    [
      0.5313807725906372,
      0.57763671875
    ],
    [
      0.5302900075912476,
      0.5773774981498718
    ],
    [
      0.5297761559486389,
      0.577345073223114
    ],
    [
      0.5293015241622925,
      0.5772918462753296
    ]
  ]
}