{
  "input": [
    [
      0.4741334617137909,
      0.5621019005775452
    ],
    [
      0.47220298647880554,
      0.5623094439506531
    ],
    [
      0.4701610207557678,
      0.5625359416007996
    ],
    [
      0.46889638900756836,
      0.5625537037849426
    ],
    [
      0.4676959812641144,
      0.5625541806221008
    ],
    [
      0.46632081270217896,
      0.5624830722808838
    ],
    [
      0.464934766292572,
      0.5624074935913086
    ],
    [
      0.4641958773136139,
      0.5623053312301636
    ],
    [
      0.4634844660758972,
      0.5622020363807678
    ],
    [
      0.4625782370567322,
      0.562470555305481
    ],
    [
      0.4616674482822418,
      0.5627477765083313
    ],
    [
      0.46089133620262146,
      0.5628933906555176
    ],
    [
      0.4601123034954071,
      0.5630329847335815
    ],
    [
      0.45905470848083496,
      0.562753438949585
    ],
    [
      0.45845815539360046,
      0.5625202655792236
    ]
  ],
  "target": [
    [
      0.47250932455062866,
      0.5637614130973816
    ],
    [
      0.4860917031764984,
      0.5649846196174622
    ],
    [
      0.49044135212898254,
      0.5658548474311829
    ],
    [
      0.4944937825202942,
      0.5666720271110535
    ],
    [
      0.49434900283813477,
      0.5667407512664795
    ],
    [
      0.4939163625240326,
      0.5667673349380493
    ],
    [
      0.4903413653373718,
      0.5663337707519531
    ],
    [
      0.4868471622467041,
      0.5659465789794922
    ],
    [
      0.4840662479400635,
      0.5659686326980591
    ],
    [
      0.4812825322151184,
      0.5660049915313721
    ],
    [
      0.4784782826900482,
      0.5661461353302002
    ],
    [
      0.47580310702323914,
      0.5662511587142944
    ],
    [
      0.47393879294395447,
      0.5661293864250183
    ],
    [
      0.47193288803100586,
      0.566059410572052
    ],
    [
      0.46915602684020996,
      0.5662716627120972
    ]
  ]
}