{
  "input": [
    [
      0.5595523118972778,
      0.5616124868392944
    ],
    [
      0.5575758814811707,
      0.5612988471984863
    ],
    [
      0.5559437870979309,
      0.5613545775413513
    ],
    [
      0.554355263710022,
      0.5614571571350098
    ],
    [
      0.5531101226806641,
      0.5611312985420227
    ],
    [
      0.5519008636474609,
      0.5607605576515198
    ],
    [
      0.5505831837654114,
      0.5605238676071167
    ],
    [
      0.5492565035820007,
      0.5602983832359314
    ],
    [
      0.5465512275695801,
      0.5600110292434692
    ],
    [
      0.543759286403656,
      0.5597197413444519
    ],
    [
      0.541825532913208,
      0.5595503449440002
    ],
    [
      0.5399288535118103,
      0.5593861937522888
    ],
    [
      0.5376450419425964,
      0.5591723322868347
    ],
    [
      0.5353518724441528,
      0.5589572787284851
    ],
    [
      0.5329102277755737,
      0.5587483644485474
    ]
  ],
  "target": [
    [
      0.5306408405303955,
      0.558595597743988
    ],
    [
      0.5425286889076233,
      0.5630301237106323
    ],
    [
      0.5540174841880798,
      0.5673434734344482
    ],
    [
      0.5525519251823425,
      0.5677252411842346
    ],
    [
      0.5509986281394958,
      0.5680966377258301
    ],
    [
      0.5476942658424377,
      0.5682619214057922
    ],
    [
      0.5442371368408203,
      0.568394124507904
    ],
    [
      0.5385991930961609,
      0.5680553317070007
    ],
    [
      0.5331429839134216,
      0.5676864981651306
    ],
    [
      0.5296866297721863,
      0.5669867992401123
    ],
    [
      0.526002049446106,
      0.5662500858306885
    ],
    [
      0.5202881693840027,
      0.5651847124099731
    ],
    [
      0.5144523978233337,
      0.5640696287155151
    ],
    [
      0.5077134966850281,
      0.56258624792099
    ],
    [
      0.5008344054222107,
      0.5610457062721252
    ]
  ]
}