{
  "input": [
    [
      0.4944937825202942,
      0.5666720271110535
    ],
    [
      0.49434900283813477,
      0.5667407512664795
    ],
    [
      0.4939163625240326,
      0.5667673349380493
    ],
    [
      0.4903413653373718,
      0.5663337707519531
    ],
    [
      0.4868471622467041,
      0.5659465789794922
    ],
    [
      0.4840662479400635,
      0.5659686326980591
    ],
    [
      0.4812825322151184,
      0.5660049915313721
    ],
    [
      0.4784782826900482,
      0.5661461353302002
    ],
    [
      0.47580310702323914,
      0.5662511587142944
    ],
    [
      0.47393879294395447,
      0.5661293864250183
    ],
    [
      0.47193288803100586,
      0.566059410572052
    ],
    [
      0.46915602684020996,
      0.5662716627120972
    ],
    [
      0.46657687425613403,
      0.5664622187614441
    ],
    [
      0.4649430215358734,
      0.5665488839149475
    ],
    [
      0.46600279211997986,
      0.5661917924880981
    ]
  ],
  "target": [
    [
      0.4784887731075287,
      0.5639523267745972
    ],
    [
      0.4892991781234741,
      0.562019407749176
    ],
    [
      0.49375155568122864,
      0.5612494349479675
    ],
    [
      0.49695372581481934,
      0.5606579184532166
    ],
    [
      0.49588343501091003,
      0.5606763958930969
    ],
    [
      0.49448469281196594,
      0.5607666969299316
    ],
    [
      0.492069274187088,
      0.5610795021057129
    ],
    [
      0.4897337257862091,
      0.5613197684288025
    ],
    [
      0.4876232147216797,
      0.5613558292388916
    ],
    [
      0.48586079478263855,
      0.5614035725593567
    ],
    [
      0.48499444127082825,
      0.5614814162254333
    ],
    [
      0.484465628862381,
      0.561564028263092
    ],
    [
      0.48473337292671204,
      0.5616578459739685
    ],
    [
      0.48514020442962646,
      0.5617443323135376
    ],
    [
      0.48584887385368347,
      0.561815083026886
    ]
  ]
}