{
  "input": [
    [
      0.657555878162384,
      0.5740923285484314
    ],
    [
      0.6588438749313354,
      0.5743427276611328
    ],
    [
      0.6591542959213257,
      0.57436603307724
    ],
    [
      0.6587180495262146,
      0.5742158889770508
    ],
    [
      0.644691526889801,
      0.5762376189231873
    ],
    [
      0.6210135221481323,
      0.5798017382621765
    ],
    [
      0.6179492473602295,
      0.5800583362579346
    ],
    [
      0.6284825205802917,
      0.5781331658363342
    ],
    [
      0.6225832104682922,
      0.5792686343193054
    ],
    [
      0.6066271066665649,
      0.5822772979736328
    ],
    [
      0.5978504419326782,
      0.5841410160064697
    ],
    [
      0.5931445956230164,
      0.5853555798530579
    ],
    [
      0.591956615447998,
      0.586443305015564
    ],
    [
      0.5926135778427124,
      0.5874645709991455
    ],
    [
      0.5958344340324402,
      0.5877177119255066
    ]
  ],
  "target": [
    [
      0.6002967357635498,
      0.5875990390777588
    ],
    [
      0.6043313145637512,
      0.587725043296814
    ],
    [
      0.6081750988960266,
      0.5879601836204529
    ],
    [
      0.6131224632263184,
      0.5880739688873291
    ],
    [
      0.6185219287872314,
      0.5881381034851074
    ],
    [
      0.6224369406700134,
      0.5883218050003052
    ],
    [
      0.6257949471473694,
      0.588550329208374
    ],
    [
      0.6301482915878296,
      0.5886543989181519
    ],
    [
      0.6348423361778259,
      0.5887158513069153
    ],
    [
      0.6381636261940002,
      0.58817458152771
    ],
    [
      0.6410579681396484,
      0.587445855140686
    ],
    [
      0.6264082193374634,
      0.584820568561554
    ],
    [
      0.606827437877655,
      0.5816622972488403
    ],
    [
      0.5897945165634155,
      0.5785571932792664
    ],
    [
      0.5734049677848816,
      0.5754655003547668
    ]
  ]
}