{
  "input": [
    [
      0.673446536064148,
      0.5892245769500732
    ],
    [
      0.6727966666221619,
      0.5893396139144897
    ],
    [
      0.6654008626937866,
      0.5893633365631104
    ],
    [
      0.6475303173065186,
      0.5892452597618103
    ],
    [
      0.633929431438446,
      0.5888503193855286
    ],
    [
      0.6264845132827759,
      0.588056206703186
    ],
    [
      0.6215456128120422,
      0.5875707268714905
    ],
    [
      0.6199648380279541,
      0.5874988436698914
    ],
    [
      0.6185866594314575,
      0.5872100591659546
    ],
    [
      0.6174609661102295,
      0.5866508483886719
    ],
    [
      0.6163315176963806,
      0.58634352684021
    ],
    [
      0.6151975989341736,
      0.5863284468650818
    ],
    [
      0.6145644187927246,
      0.5862733125686646
    ],
    [
      0.6144720315933228,
      0.5861749649047852
    ],
    [
      0.6149559020996094,
      0.586071789264679
    ]
  ],
  "target": [
    [
      0.6160193085670471,
      0.5859637260437012
    ],
    [
      0.6168389320373535,
      0.5858900547027588
    ],
    [
      0.6174302101135254,
      0.5858486890792847
    ],
    [
      0.6189374923706055,
      0.5858360528945923
    ],
    [
      0.6212434768676758,
      0.5858485698699951
    ],
    [
      0.6227176785469055,
      0.5860921144485474
    ],
    [
      0.6235166192054749,
      0.5865232348442078
    ],
    [
      0.625274658203125,
      0.5869207382202148
    ],
    [
      0.6277568340301514,
      0.5872928500175476
    ],
    [
      0.6305345892906189,
      0.5877341032028198
    ],
    [
      0.6335199475288391,
      0.5882238745689392
    ],
    [
      0.6368098855018616,
      0.58878493309021
    ],
    [
      0.6402984261512756,
      0.589392364025116
    ],
    [
      0.644100546836853,
      0.5900731682777405
    ],
    [
      0.6480922102928162,
      0.5907983183860779
    ]
  ],
  "meta": {
    "video_name": "test2.mp4",
    "video_stem": "test2",
    "video_path": "E:\\desktop\\open\\lstm-akf\\data\\video\\test2.mp4",
    "fps": 40.0,
    "segment_index": 170,
    "sample_index": 52,
    "start_frame_index": 42,
    "history_end_frame_index": 56,
    "target_end_frame_index": 71,
    "history_frame_indices": [
      42,
      43,
      44,
      45,
      46,
      47,
      48,
      49,
      50,
      51,
      52,
      53,
      54,
      55,
      56
    ],
    "target_frame_indices": [
      57,
      58,
      59,
      60,
      61,
      62,
      63,
      64,
      65,
      66,
      67,
      68,
      69,
      70,
      71
    ],
    "history_timestamps": [
      412.9499097933081,
      412.9749097933081,
      412.99990979330806,
      413.02490979330804,
      413.049909793308,
      413.074909793308,
      413.099909793308,
      413.12490979330795,
      413.1499097933079,
      413.1749097933079,
      413.1999097933079,
      413.22490979330786,
      413.24990979330784,
      413.2749097933078,
      413.2999097933078
    ],
    "target_timestamps": [
      413.32490979330777,
      413.34990979330775,
      413.3749097933077,
      413.3999097933077,
      413.4249097933077,
      413.44990979330765,
      413.47490979330763,
      413.4999097933076,
      413.5249097933076,
      413.54990979330756,
      413.57490979330754,
      413.5999097933075,
      413.6249097933075,
      413.6499097933075,
      413.67490979330745
    ]
  }
}