{
  "input": [
    [
      0.520927369594574,
      0.5624029636383057
    ],
    [
      0.5200719237327576,
      0.5621342658996582
    ],
    [
      0.5194320678710938,
      0.5616510510444641
    ],
    [
      0.5189975500106812,
      0.5613004565238953
    ],
    [
      0.5188591480255127,
      0.5611410737037659
    ],
    [
      0.5187700390815735,
      0.5611992478370667
    ],
    [
      0.5187470316886902,
      0.5615490078926086
    ],
    [
      0.5187469124794006,
      0.5618366003036499
    ],
    [
      0.5187753438949585,
      0.5620465874671936
    ],
    [
      0.5186759233474731,
      0.5622162818908691
    ],
    [
      0.5184280872344971,
      0.5623393058776855
    ],
    [
      0.5180943012237549,
      0.5625016689300537
    ],
    [
      0.5176677703857422,
      0.562706470489502
    ],
    [
      0.5170881748199463,
      0.5627319812774658
    ],
    [
      0.5163547396659851,
      0.5625772476196289
    ]
  ],
  "target": [
    [
      0.5155220031738281,
      0.5625033974647522
    ],
    [
      0.5145962834358215,
      0.562505304813385
    ],
    [
      0.513599157333374,
      0.5624692440032959
    ],
    [
      0.5125397443771362,
      0.562400221824646
    ],
    [
      0.5113669633865356,
      0.5623051524162292
    ],
    [
      0.5101020336151123,
      0.562188982963562
    ],
    [
      0.5087200999259949,
      0.5620459318161011
    ],
    [
      0.5072497129440308,
      0.5618826150894165
    ],
    [
      0.5056585669517517,
      0.5616916418075562
    ],
    [
      0.503982663154602,
      0.561481237411499
    ],
    [
      0.5131457448005676,
      0.5596585869789124
    ],
    [
      0.5293734669685364,
      0.5567851066589355
    ],
    [
      0.5354312062263489,
      0.5553919076919556
    ],
    [
      0.5353401303291321,
      0.5548936724662781
    ],
    [
      0.5347681045532227,
      0.5548151731491089
    ]
  ]
}