{
  "input": [
    [
      0.6116130948066711,
      0.5844197273254395
    ],
    [
      0.6099035143852234,
      0.5844117403030396
    ],
    [
      0.6082239151000977,
      0.5844053626060486
    ],
    [
      0.6069517135620117,
      0.5844208598136902
    ],
    [
      0.6056833267211914,
      0.5844399929046631
    ],
    [
      0.6044549942016602,
      0.58449786901474
    ],
    [
      0.6033205986022949,
      0.5845587253570557
    ],
    [
      0.602995753288269,
      0.5846453309059143
    ],
    [
      0.6027371883392334,
      0.5847157835960388
    ],
    [
      0.6029564738273621,
      0.5846692323684692
    ],
    [
      0.603191614151001,
      0.5846258997917175
    ],
    [
      0.6035241484642029,
      0.584602415561676
    ],
    [
      0.603897213935852,
      0.5845621228218079
    ],
    [
      0.6044869422912598,
      0.5844314694404602
    ],
    [
      0.6051005125045776,
      0.5842960476875305
    ]
  ],
  "target": [
    [
      0.6058265566825867,
      0.5841385126113892
    ],
    [
      0.6066291928291321,
      0.5839797854423523
    ],
    [
      0.6077523231506348,
      0.5838161706924438
    ],
    [
      0.6088133454322815,
      0.583642303943634
    ],
    [
      0.6096418499946594,
      0.5834302306175232
    ],
    [
      0.6105021834373474,
      0.5832400918006897
    ],
    [
      0.6114699840545654,
      0.5831242799758911
    ],
    [
      0.6123113036155701,
      0.582977294921875
    ],
    [
      0.6127658486366272,
      0.5827351212501526
    ],
    [
      0.6130715012550354,
      0.5824341773986816
    ],
    [
      0.6129623651504517,
      0.5819694995880127
    ],
    [
      0.6064004898071289,
      0.5807098150253296
    ],
    [
      0.5834120512008667,
      0.5774262547492981
    ],
    [
      0.5638521909713745,
      0.5746194124221802
    ],
    [
      0.5522984266281128,
      0.5729256868362427
    ]
  ],
  "meta": {
    "video_name": "test2.mp4",
    "video_stem": "test2",
    "video_path": "E:\\desktop\\open\\lstm-akf\\data\\video\\test2.mp4",
    "fps": 40.0,
    "segment_index": 101,
    "sample_index": 127,
    "start_frame_index": 117,
    "history_end_frame_index": 131,
    "target_end_frame_index": 146,
    "history_frame_indices": [
      117,
      118,
      119,
      120,
      121,
      122,
      123,
      124,
      125,
      126,
      127,
      128,
      129,
      130,
      131
    ],
    "target_frame_indices": [
      132,
      133,
      134,
      135,
      136,
      137,
      138,
      139,
      140,
      141,
      142,
      143,
      144,
      145,
      146
    ],
    "history_timestamps": [
      222.84942248107689,
      222.8744224810769,
      222.8994224810769,
      222.9244224810769,
      222.9494224810769,
      222.9744224810769,
      222.99942248107692,
      223.02442248107693,
      223.04942248107693,
      223.07442248107694,
      223.09942248107694,
      223.12442248107695,
      223.14942248107695,
      223.17442248107696,
      223.19942248107697
    ],
    "target_timestamps": [
      223.22442248107697,
      223.24942248107698,
      223.27442248107698,
      223.299422481077,
      223.324422481077,
      223.349422481077,
      223.374422481077,
      223.399422481077,
      223.42442248107702,
      223.44942248107702,
      223.47442248107703,
      223.49942248107703,
      223.52442248107704,
      223.54942248107704,
      223.57442248107705
    ]
  }
}