{
  "input": [
    [
      0.5266852974891663,
      0.5589737892150879
    ],
    [
      0.527172863483429,
      0.5591148138046265
    ],
    [
      0.5274625420570374,
      0.5592892169952393
    ],
    [
      0.527583122253418,
      0.5593764185905457
    ],
    [
      0.5275562405586243,
      0.559387743473053
    ],
    [
      0.5274299383163452,
      0.5593763589859009
    ],
    [
      0.5272230505943298,
      0.5593464970588684
    ],
    [
      0.5269467234611511,
      0.5594145655632019
    ],
    [
      0.5266178846359253,
      0.5595566630363464
    ],
    [
      0.526206374168396,
      0.5596857070922852
    ],
    [
      0.5257367491722107,
      0.5598056316375732
    ],
    [
      0.5364077687263489,
      0.5629988312721252
    ],
    [
      0.5543400049209595,
      0.5681952238082886
    ],
    [
      0.5618776679039001,
      0.5706282258033752
    ],
    [
      0.5631308555603027,
      0.5713905096054077
    ]
  ],
  "target": [
    [
      0.5625900030136108,
      0.571499764919281
    ],
    [
      0.561044454574585,
      0.5712432861328125
    ],
    [
      0.5594754815101624,
      0.5711091756820679
    ],
    [
      0.5578943490982056,
      0.5710383653640747
    ],
    [
      0.5570461750030518,
      0.5708953142166138
    ],
    [
      0.5565482974052429,
      0.5707176923751831
    ],
    [
      0.5566684603691101,
      0.5706419348716736
    ],
    [
      0.5570606589317322,
      0.5706109404563904
    ],
    [
      0.5578625202178955,
      0.5704855918884277
    ],
    [
      0.5588299036026001,
      0.5703220963478088
    ],
    [
      0.560113787651062,
      0.5703715682029724
    ],
    [
      0.5615147352218628,
      0.570499837398529
    ],
    [
      0.5638917684555054,
      0.5707088708877563
    ],
    [
      0.5665979385375977,
      0.5709450840950012
    ],
    [
      0.5686761140823364,
      0.5714148283004761
    ]
  ]
}