{
  "input": [
    [
      0.5783826112747192,
      0.558630108833313
    ],
    [
      0.5788989663124084,
      0.5587313771247864
    ],
    [
      0.5794002413749695,
      0.5588346719741821
    ],
    [
      0.5799468755722046,
      0.5587797164916992
    ],
    [
      0.5804981589317322,
      0.5587083697319031
    ],
    [
      0.5808027982711792,
      0.5587360858917236
    ],
    [
      0.581087052822113,
      0.5587719678878784
    ],
    [
      0.581288754940033,
      0.5588264465332031
    ],
    [
      0.5814853310585022,
      0.5588821172714233
    ],
    [
      0.5814982652664185,
      0.5588967800140381
    ],
    [
      0.5815033912658691,
      0.5589097738265991
    ],
    [
      0.5811766982078552,
      0.5588288307189941
    ],
    [
      0.5808421969413757,
      0.5587457418441772
    ],
    [
      0.5802607536315918,
      0.5585488080978394
    ],
    [
      0.5796735882759094,
      0.5583512783050537
    ]
  ],
  "target": [
    [
      0.5787473320960999,
      0.5581508278846741
    ],
    [
      0.5778272151947021,
      0.5579560995101929
    ],
    [
      0.5771016478538513,
      0.5579437017440796
    ],
    [
      0.5763421654701233,
      0.5579477548599243
    ],
    [
      0.5749156475067139,
      0.558274507522583
    ],
    [
      0.573533296585083,
      0.5585826635360718
    ],
    [
      0.5727755427360535,
      0.5586281418800354
    ],
    [
      0.5719566941261292,
      0.5586574673652649
    ],
    [
      0.5704718232154846,
      0.5585100650787354
    ],
    [
      0.5690984129905701,
      0.5583680868148804
    ],
    [
      0.5687094926834106,
      0.5582736730575562
    ],
    [
      0.5683780312538147,
      0.5581902265548706
    ],
    [
      0.5684700012207031,
      0.5581878423690796
    ],
    [
      0.5685936212539673,
      0.5582049489021301
    ],
    [
      0.5689154863357544,
      0.5583447813987732
    ]
  ]
}