{
  "input": [
    [
      0.5156939029693604,
      0.7439501881599426
    ],
    [
      0.5270531177520752,
      0.743881106376648
    ],
    [
      0.5386436581611633,
      0.7439459562301636
    ],
    [
      0.5505706667900085,
      0.7441527247428894
    ],
    [
      0.5614776611328125,
      0.7452897429466248
    ],
    [
      0.5180680155754089,
      0.7277743220329285
    ],
    [
      0.45600977540016174,
      0.7053074836730957
    ],
    [
      0.41097116470336914,
      0.6915904879570007
    ],
    [
      0.4004501402378082,
      0.6884515881538391
    ],
    [
      0.4033726751804352,
      0.6894717216491699
    ],
    [
      0.4161525070667267,
      0.6929677724838257
    ],
    [
      0.43520328402519226,
      0.6972566246986389
    ],
    [
      0.4538508355617523,
      0.701838493347168
    ],
    [
      0.4702144265174866,
      0.7045987844467163
    ],
    [
      0.48451101779937744,
      0.7060228586196899
    ]
  ],
  "target": [
    [
      0.4969575107097626,
      0.706596314907074
    ],
    [
      0.5079302787780762,
      0.7058826684951782
    ],
    [
      0.5184285640716553,
      0.7045172452926636
    ],
    [
      0.528387188911438,
      0.7030828595161438
    ],
    [
      0.5377410650253296,
      0.7021626234054565
    ],
    [
      0.5466947555541992,
      0.7002001404762268
    ],
    [
      0.5557133555412292,
      0.6984977722167969
    ],
    [
      0.5643577575683594,
      0.6967809796333313
    ],
    [
      0.5721889138221741,
      0.6947752833366394
    ],
    [
      0.5795031785964966,
      0.6912470459938049
    ],
    [
      0.5337753891944885,
      0.700742244720459
    ],
    [
      0.47099658846855164,
      0.7162879705429077
    ],
    [
      0.42715784907341003,
      0.730911374092102
    ],
    [
      0.4206259548664093,
      0.7372714877128601
    ],
    [
      0.42787063121795654,
      0.7404894232749939
    ]
  ]
}