{
  "input": [
    [
      0.512340247631073,
      0.5700883269309998
    ],
    [
      0.5115544199943542,
      0.5692082643508911
    ],
    [
      0.5221452713012695,
      0.5719860792160034
    ],
    [
      0.5355576276779175,
      0.5756710767745972
    ],
    [
      0.5411684513092041,
      0.5764707922935486
    ],
    [
      0.5450559258460999,
      0.5766332149505615
    ],
    [
      0.5515806674957275,
      0.5765256285667419
    ],
    [
      0.558619499206543,
      0.5763654112815857
    ],
    [
      0.5635989308357239,
      0.5759889483451843
    ],
    [
      0.5682282447814941,
      0.5755756497383118
    ],
    [
      0.5745248794555664,
      0.5753613114356995
    ],
    [
      0.5810651779174805,
      0.5751760601997375
    ],
    [
      0.5856450200080872,
      0.5750035643577576
    ],
    [
      0.5899832248687744,
      0.5748326182365417
    ],
    [
      0.5746208429336548,
      0.5789307951927185
    ]
  ],
  "target": [
    [
      0.5572648644447327,
      0.5834609866142273
    ],
    [
      0.5517903566360474,
      0.5855926275253296
    ],
    [
      0.5472665429115295,
      0.5875323414802551
    ],
    [
      0.5541326403617859,
      0.5884196162223816
    ],
    [
      0.5616780519485474,
      0.5892440676689148
    ],
    [
      0.5706794857978821,
      0.5888057351112366
    ],
    [
      0.5797392129898071,
      0.5883169174194336
    ],
    [
      0.5893176198005676,
      0.587276041507721
    ],
    [
      0.598906934261322,
      0.5862236022949219
    ],
    [
      0.6033801436424255,
      0.5859583020210266
    ],
    [
      0.6078078746795654,
      0.5856918096542358
    ],
    [
      0.6102092266082764,
      0.5851942896842957
    ],
    [
      0.6125181913375854,
      0.5847082138061523
    ],
    [
      0.612098217010498,
      0.5845604538917542
    ],
    [
      0.6116130948066711,
      0.5844197273254395
    ]
  ],
  "meta": {
    "video_name": "test2.mp4",
    "video_stem": "test2",
    "video_path": "E:\\desktop\\open\\lstm-akf\\data\\video\\test2.mp4",
    "fps": 40.0,
    "segment_index": 101,
    "sample_index": 98,
    "start_frame_index": 88,
    "history_end_frame_index": 102,
    "target_end_frame_index": 117,
    "history_frame_indices": [
      88,
      89,
      90,
      91,
      92,
      93,
      94,
      95,
      96,
      97,
      98,
      99,
      100,
      101,
      102
    ],
    "target_frame_indices": [
      103,
      104,
      105,
      106,
      107,
      108,
      109,
      110,
      111,
      112,
      113,
      114,
      115,
      116,
      117
    ],
    "history_timestamps": [
      222.12442248107672,
      222.14942248107673,
      222.17442248107673,
      222.19942248107674,
      222.22442248107674,
      222.24942248107675,
      222.27442248107675,
      222.29942248107676,
      222.32442248107677,
      222.34942248107677,
      222.37442248107678,
      222.39942248107678,
      222.4244224810768,
      222.4494224810768,
      222.4744224810768
    ],
    "target_timestamps": [
      222.4994224810768,
      222.5244224810768,
      222.54942248107682,
      222.57442248107682,
      222.59942248107683,
      222.62442248107683,
      222.64942248107684,
      222.67442248107685,
      222.69942248107685,
      222.72442248107686,
      222.74942248107686,
      222.77442248107687,
      222.79942248107687,
      222.82442248107688,
      222.84942248107689
    ]
  }
}