{
  "input": [
    [
      0.7161130905151367,
      0.5741941332817078
    ],
    [
      0.7242497801780701,
      0.5754907727241516
    ],
    [
      0.7500235438346863,
      0.5808546543121338
    ],
    [
      0.761243999004364,
      0.5833743810653687
    ],
    [
      0.7652326822280884,
      0.5844807624816895
    ],
    [
      0.7715358138084412,
      0.5863155722618103
    ],
    [
      0.7788991332054138,
      0.5884840488433838
    ],
    [
      0.7888157963752747,
      0.5915122032165527
    ],
    [
      0.7998079061508179,
      0.5949023962020874
    ],
    [
      0.813417911529541,
      0.5991740822792053
    ],
    [
      0.82803875207901,
      0.603786051273346
    ],
    [
      0.7787031531333923,
      0.6012350916862488
    ],
    [
      0.7068102955818176,
      0.5961577296257019
    ],
    [
      0.6891117691993713,
      0.5957744121551514
    ],
    [
      0.6888032555580139,
      0.5968972444534302
    ]
  ],
  "target": [
    [
      0.6919901371002197,
      0.5977287888526917
    ],
    [
      0.6961925625801086,
      0.5984756350517273
    ],
    [
      0.7010993957519531,
      0.5992967486381531
    ],
    [
      0.7061905264854431,
      0.6001373529434204
    ],
    [
      0.71408611536026,
      0.6008434891700745
    ],
    [
      0.7226374745368958,
      0.6015181541442871
    ],
    [
      0.7283427715301514,
      0.6003914475440979
    ],
    [
      0.7334581017494202,
      0.5988913178443909
    ],
    [
      0.7443371415138245,
      0.5980769395828247
    ],
    [
      0.7562646269798279,
      0.5973872542381287
    ],
    [
      0.7556458711624146,
      0.5969514846801758
    ],
    [
      0.753050684928894,
      0.5965556502342224
    ],
    [
      0.7575072646141052,
      0.5956515669822693
    ],
    [
      0.7629099488258362,
      0.5946792364120483
    ],
    [
      0.7264724969863892,
      0.5888264179229736
    ]
  ],
  "meta": {
    "video_name": "test2.mp4",
    "video_stem": "test2",
    "video_path": "E:\\desktop\\open\\lstm-akf\\data\\video\\test2.mp4",
    "fps": 40.0,
    "segment_index": 166,
    "sample_index": 416,
    "start_frame_index": 406,
    "history_end_frame_index": 420,
    "target_end_frame_index": 435,
    "history_frame_indices": [
      406,
      407,
      408,
      409,
      410,
      411,
      412,
      413,
      414,
      415,
      416,
      417,
      418,
      419,
      420
    ],
    "target_frame_indices": [
      421,
      422,
      423,
      424,
      425,
      426,
      427,
      428,
      429,
      430,
      431,
      432,
      433,
      434,
      435
    ],
    "history_timestamps": [
      399.1060144330614,
      399.13101443306135,
      399.15601443306133,
      399.1810144330613,
      399.2060144330613,
      399.23101443306126,
      399.25601443306124,
      399.2810144330612,
      399.3060144330612,
      399.33101443306117,
      399.35601443306115,
      399.3810144330611,
      399.4060144330611,
      399.4310144330611,
      399.45601443306106
    ],
    "target_timestamps": [
      399.48101443306103,
      399.506014433061,
      399.531014433061,
      399.55601443306097,
      399.58101443306094,
      399.6060144330609,
      399.6310144330609,
      399.6560144330609,
      399.68101443306085,
      399.70601443306083,
      399.7310144330608,
      399.7560144330608,
      399.78101443306076,
      399.80601443306074,
      399.8310144330607
    ]
  }
}