{
  "input": [
    [
      0.5550545454025269,
      0.5792239308357239
    ],
    [
      0.5553803443908691,
      0.579192578792572
    ],
    [
      0.5556974411010742,
      0.5791603326797485
    ],
    [
      0.5557954907417297,
      0.5791413187980652
    ],
    [
      0.5558869242668152,
      0.5791227221488953
    ],
    [
      0.5558968186378479,
      0.5790590047836304
    ],
    [
      0.5559059381484985,
      0.5789948105812073
    ],
    [
      0.5559430122375488,
      0.578933835029602
    ],
    [
      0.5559824109077454,
      0.5788735151290894
    ],
    [
      0.5561177134513855,
      0.5788400173187256
    ],
    [
      0.5562484264373779,
      0.5788090229034424
    ],
    [
      0.5562753081321716,
      0.5788359642028809
    ],
    [
      0.5563023686408997,
      0.5788668394088745
    ],
    [
      0.5563324689865112,
      0.5789608955383301
    ],
    [
      0.556351900100708,
      0.5790520906448364
    ]
  ],
  "target": [
    [
      0.5562443733215332,
      0.5791089534759521
    ],
    [
      0.5561202764511108,
      0.5791252255439758
    ],
    [
      0.5558393597602844,
      0.5787561535835266
    ],
    [
      0.5555729866027832,
      0.578405499458313
    ],
    [
      0.5554209351539612,
      0.5781993269920349
    ],
    [
      0.5526310205459595,
      0.5775894522666931
    ],
    [
      0.5323423743247986,
      0.5743013620376587
    ],
    [
      0.5136900544166565,
      0.5712913274765015
    ],
    [
      0.5043983459472656,
      0.5698716044425964
    ],
    [
      0.49629300832748413,
      0.5686277747154236
    ],
    [
      0.4941222369670868,
      0.5682634711265564
    ],
    [
      0.49255070090293884,
      0.5680254101753235
    ],
    [
      0.4936293065547943,
      0.5683454275131226
    ],
    [
      0.49471521377563477,
      0.5686894655227661
    ],
    [
      0.49583005905151367,
      0.5691279172897339
    ]
  ]
}