{
  "input": [
    [
      0.5502420663833618,
      0.5613599419593811
    ],
    [
      0.5502420663833618,
      0.5613599419593811
    ],
    [
      0.5502420663833618,
      0.5613599419593811
    ],
    [
      0.5502420663833618,
      0.5613599419593811
    ],
    [
      0.549625813961029,
      0.5614771246910095
    ],
    [
      0.5323206782341003,
      0.5647674202919006
    ],
    [
      0.5153670310974121,
      0.5679909586906433
    ]
  ],
  "target": [
    [
      0.5046406388282776,
      0.5700304508209229
    ],
    [
      0.49589183926582336,
      0.5717920660972595
    ],
    [
      0.5129311084747314,
      0.569930911064148
    ],
    [
      0.5288548469543457,
      0.5682305097579956
    ],
    [
      0.5333652496337891,
      0.5681756734848022
    ],
    [
      0.5376340746879578,
      0.5681051015853882
    ],
    [
      0.5398840308189392,
      0.5679030418395996
    ],
    [
      0.5422117710113525,
      0.5676866173744202
    ],
    [
      0.5450859665870667,
      0.5673692226409912
    ],
    [
      0.5480486750602722,
      0.5671329498291016
    ],
    [
      0.5515443086624146,
      0.5673848986625671
    ],
    [
      0.554969310760498,
      0.5675797462463379
    ],
    [
      0.5580242276191711,
      0.5674753785133362
    ],
    [
      0.561070442199707,
      0.5673683881759644
    ],
    [
      0.5640763640403748,
      0.5672491192817688
    ]
  ],
  "meta": {
    "video_name": "test2.mp4",
    "video_stem": "test2",
    "video_path": "E:\\desktop\\open\\lstm-akf\\data\\video\\test2.mp4",
    "fps": 40.0,
    "segment_index": 81,
    "sample_index": 2,
    "start_frame_index": 0,
    "history_end_frame_index": 6,
    "target_end_frame_index": 21,
    "history_frame_indices": [
      0,
      1,
      2,
      3,
      4,
      5,
      6
    ],
    "target_frame_indices": [
      7,
      8,
      9,
      10,
      11,
      12,
      13,
      14,
      15,
      16,
      17,
      18,
      19,
      20,
      21
    ],
    "history_timestamps": [
      185.335137467153,
      185.360137467153,
      185.38513746715302,
      185.41013746715302,
      185.43513746715303,
      185.46013746715303,
      185.48513746715304
    ],
    "target_timestamps": [
      185.51013746715304,
      185.53513746715305,
      185.56013746715306,
      185.58513746715306,
      185.61013746715307,
      185.63513746715307,
      185.66013746715308,
      185.68513746715308,
      185.7101374671531,
      185.7351374671531,
      185.7601374671531,
      185.7851374671531,
      185.8101374671531,
      185.83513746715312,
      185.86013746715312
    ]
  }
}