{
  "input": [
    [
      0.45854371786117554,
      0.5578577518463135
    ],
    [
      0.4566989541053772,
      0.5577181577682495
    ],
    [
      0.45499569177627563,
      0.5575551986694336
    ],
    [
      0.45387324690818787,
      0.557296633720398
    ],
    [
      0.45257845520973206,
      0.5572479367256165
    ],
    [
      0.4506494104862213,
      0.5579712986946106
    ],
    [
      0.44884687662124634,
      0.5586951375007629
    ],
    [
      0.4474644362926483,
      0.5594205856323242
    ],
    [
      0.4459593594074249,
      0.5599586367607117
    ],
    [
      0.4440850019454956,
      0.5599324703216553
    ],
    [
      0.44249433279037476,
      0.5599697828292847
    ],
    [
      0.44168218970298767,
      0.5601813793182373
    ],
    [
      0.44080880284309387,
      0.5602127313613892
    ],
    [
      0.4397817552089691,
      0.5597917437553406
    ],
    [
      0.43866270780563354,
      0.5593700408935547
    ]
  ],
  "target": [
    [
      0.4373316466808319,
      0.5589467287063599
    ],
    [
      0.43607500195503235,
      0.5584656596183777
    ],
    [
      0.4349759817123413,
      0.5578621029853821
    ],
    [
      0.4339052736759186,
      0.5571892261505127
    ],
    [
      0.4328899383544922,
      0.5563808083534241
    ],
    [
      0.4319044053554535,
      0.5554994940757751
    ],
    [
      0.43097275495529175,
      0.5544863343238831
    ],
    [
      0.43590348958969116,
      0.555761456489563
    ],
    [
      0.4506496787071228,
      0.5608680844306946
    ],
    [
      0.4597417116165161,
      0.5640520453453064
    ],
    [
      0.4600541293621063,
      0.5642507076263428
    ],
    [
      0.45987600088119507,
      0.5643067359924316
    ],
    [
      0.45899054408073425,
      0.5641571283340454
    ],
    [
      0.4581545293331146,
      0.5639526844024658
    ],
    [
      0.45738470554351807,
      0.5636745691299438
    ]
  ]
}