{
  "input": [
    [
      0.5950531363487244,
      0.56622713804245
    ],
    [
      0.5912872552871704,
      0.5675126910209656
    ],
    [
      0.5896220803260803,
      0.5682337880134583
    ],
    [
      0.5897016525268555,
      0.5684859752655029
    ],
    [
      0.5908308625221252,
      0.5689987540245056
    ],
    [
      0.5927712917327881,
      0.5697129368782043
    ],
    [
      0.5906500220298767,
      0.5692707300186157
    ],
    [
      0.5856101512908936,
      0.5679975152015686
    ],
    [
      0.5827814936637878,
      0.5673553943634033
    ],
    [
      0.5814289450645447,
      0.5671346187591553
    ],
    [
      0.5807855129241943,
      0.5670191645622253
    ],
    [
      0.5805813670158386,
      0.5669690370559692
    ],
    [
      0.5807323455810547,
      0.5669400095939636
    ],
    [
      0.5810872316360474,
      0.5669230818748474
    ],
    [
      0.5814881324768066,
      0.566840410232544
    ]
  ],
  "target": [
    [
      0.5819133520126343,
      0.5667226910591125
    ],
    [
      0.5824465155601501,
      0.566568911075592
    ],
    [
      0.5830325484275818,
      0.5663974285125732
    ],
    [
      0.5835222601890564,
      0.5663609504699707
    ],
    [
      0.583968460559845,
      0.5663855671882629
    ],
    [
      0.5847556591033936,
      0.5668129920959473
    ],
    [
      0.5856845378875732,
      0.5674077272415161
    ],
    [
      0.5867599844932556,
      0.5679726600646973
    ],
    [
      0.587891161441803,
      0.5685262680053711
    ],
    [
      0.5742080211639404,
      0.5660557746887207
    ],
    [
      0.5553772449493408,
      0.562534511089325
    ],
    [
      0.5483533143997192,
      0.5611952543258667
    ],
    [
      0.5450592637062073,
      0.5605452060699463
    ],
    [
      0.5445882678031921,
      0.5604318976402283
    ],
    [
      0.5449240207672119,
      0.5604719519615173
    ]
  ]
}