{
  "input": [
    [
      0.5738940834999084,
      0.5583530068397522
    ],
    [
      0.5754449963569641,
      0.5584339499473572
    ],
    [
      0.5770249366760254,
      0.5585175156593323
    ],
    [
      0.57875657081604,
      0.5586148500442505
    ],
    [
      0.5764746069908142,
      0.5591740608215332
    ],
    [
      0.5556653738021851,
      0.561865508556366
    ],
    [
      0.5388607382774353,
      0.5640607476234436
    ],
    [
      0.5384970903396606,
      0.5642185211181641
    ],
    [
      0.538345217704773,
      0.5644554495811462
    ],
    [
      0.5389729142189026,
      0.5649837255477905
    ],
    [
      0.5395499467849731,
      0.565443217754364
    ],
    [
      0.5399589538574219,
      0.5656740665435791
    ],
    [
      0.5403500199317932,
      0.5658050775527954
    ],
    [
      0.5406870245933533,
      0.5656353831291199
    ],
    [
      0.54093998670578,
      0.5654670000076294
    ]
  ],
  "target": [
    [
      0.5409621596336365,
      0.5653021931648254
    ],
    [
      0.5408596396446228,
      0.5652139782905579
    ],
    [
      0.5404443740844727,
      0.5653178095817566
    ],
    [
      0.5399909615516663,
      0.565372109413147
    ],
    [
      0.5394496917724609,
      0.5653122663497925
    ],
    [
      0.5385928750038147,
      0.5653074979782104
    ],
    [
      0.5370668768882751,
      0.5654194951057434
    ],
    [
      0.5356981158256531,
      0.5654693245887756
    ],
    [
      0.5346368551254272,
      0.5653977394104004
    ],
    [
      0.5332188010215759,
      0.5654217600822449
    ],
    [
      0.5311558842658997,
      0.5656186938285828
    ],
    [
      0.5293394327163696,
      0.5657916069030762
    ],
    [
      0.5279356837272644,
      0.5659242868423462
    ],
    [
      0.5264379978179932,
      0.5659562945365906
    ],
    [
      0.5247945189476013,
      0.5658321976661682
    ]
  ]
}