{
  "input": [
    [
      0.587891161441803,
      0.5685262680053711
    ],
    [
      0.5742080211639404,
      0.5660557746887207
    ],
    [
      0.5553772449493408,
      0.562534511089325
    ],
    [
      0.5483533143997192,
      0.5611952543258667
    ],
    [
      0.5450592637062073,
      0.5605452060699463
    ],
    [
      0.5445882678031921,
      0.5604318976402283
    ],
    [
      0.5449240207672119,
      0.5604719519615173
    ],
    [
      0.545893132686615,
      0.5606105327606201
    ],
    [
      0.5470249652862549,
      0.5607745051383972
    ],
    [
      0.5478566884994507,
      0.5609434247016907
    ],
    [
      0.5486196279525757,
      0.5611134171485901
    ],
    [
      0.5489877462387085,
      0.5612094402313232
    ],
    [
      0.5492756962776184,
      0.5612903833389282
    ],
    [
      0.5492920875549316,
      0.5613014698028564
    ],
    [
      0.5492602586746216,
      0.5613000988960266
    ]
  ],
  "target": [
    [
      0.5491136312484741,
      0.5612648725509644
    ],
    [
      0.5489494204521179,
      0.5612243413925171
    ],
    [
      0.5485215783119202,
      0.5610994100570679
    ],
    [
      0.548059344291687,
      0.5609634518623352
    ],
    [
      0.5477190017700195,
      0.560849130153656
    ],
    [
      0.5473917722702026,
      0.5607370734214783
    ],
    [
      0.5468910932540894,
      0.5606442093849182
    ],
    [
      0.5463753938674927,
      0.5605529546737671
    ],
    [
      0.5460049510002136,
      0.5605357885360718
    ],
    [
      0.5456440448760986,
      0.5605234503746033
    ],
    [
      0.5451862812042236,
      0.5606769323348999
    ],
    [
      0.5447241067886353,
      0.5608381032943726
    ],
    [
      0.5441252589225769,
      0.5609480738639832
    ],
    [
      0.5435226559638977,
      0.5610566735267639
    ],
    [
      0.5426085591316223,
      0.5610349178314209
    ]
  ]
}