{
  "input": [
    [
      0.48712530732154846,
      0.7217756509780884
    ],
    [
      0.4983571171760559,
      0.7221609354019165
    ],
    [
      0.5083882808685303,
      0.722425103187561
    ],
    [
      0.5181954503059387,
      0.7220699191093445
    ],
    [
      0.5277820825576782,
      0.7213215827941895
    ],
    [
      0.537151575088501,
      0.7204064130783081
    ],
    [
      0.46960923075675964,
      0.6934235692024231
    ],
    [
      0.4192402958869934,
      0.6748039722442627
    ],
    [
      0.38827529549598694,
      0.664476215839386
    ],
    [
      0.37894463539123535,
      0.6623689532279968
    ],
    [
      0.3891744017601013,
      0.6661406755447388
    ],
    [
      0.4045972228050232,
      0.6706840395927429
    ],
    [
      0.42237550020217896,
      0.675390899181366
    ],
    [
      0.4396717846393585,
      0.679652988910675
    ],
    [
      0.4540969431400299,
      0.6824766397476196
    ]
  ],
  "target": [
    [
      0.46710580587387085,
      0.6838756203651428
    ],
    [
      0.4786861836910248,
      0.6842705607414246
    ],
    [
      0.48882588744163513,
      0.68408203125
    ],
    [
      0.4974881708621979,
      0.6835227012634277
    ],
    [
      0.5058982968330383,
      0.68287193775177
    ],
    [
      0.5142249464988708,
      0.6821160316467285
    ],
    [
      0.5226369500160217,
      0.6812413930892944
    ],
    [
      0.5316997766494751,
      0.679546058177948
    ],
    [
      0.5406623482704163,
      0.6783285140991211
    ],
    [
      0.5495539903640747,
      0.6765079498291016
    ],
    [
      0.5584040880203247,
      0.6730035543441772
    ],
    [
      0.48945412039756775,
      0.685356080532074
    ],
    [
      0.43863874673843384,
      0.6973937749862671
    ],
    [
      0.4086137115955353,
      0.707639753818512
    ],
    [
      0.40203481912612915,
      0.7146172523498535
    ]
  ]
}