{
  "input": [
    [
      0.5418996214866638,
      0.5658388137817383
    ],
    [
      0.5436999201774597,
      0.5659301280975342
    ],
    [
      0.5454875230789185,
      0.5660127997398376
    ],
    [
      0.5465772151947021,
      0.5656152963638306
    ],
    [
      0.5476706624031067,
      0.5652331113815308
    ],
    [
      0.5488653182983398,
      0.5652675032615662
    ],
    [
      0.5500655174255371,
      0.565323531627655
    ],
    [
      0.5513648986816406,
      0.5657635927200317
    ],
    [
      0.5527421236038208,
      0.5661876797676086
    ],
    [
      0.5551341772079468,
      0.5664028525352478
    ],
    [
      0.5575620532035828,
      0.5665895938873291
    ],
    [
      0.5603561401367188,
      0.5664857029914856
    ],
    [
      0.56312495470047,
      0.5663597583770752
    ],
    [
      0.5656822323799133,
      0.5660500526428223
    ]
  ],
  "target": [
    [
      0.5681397318840027,
      0.5657371878623962
    ],
    [
      0.5698962211608887,
      0.5654025077819824
    ],
    [
      0.5717316269874573,
      0.5650561451911926
    ],
    [
      0.5740421414375305,
      0.5646390914916992
    ],
    [
      0.5763550996780396,
      0.5642030239105225
    ],
    [
      0.5786809325218201,
      0.5636669993400574
    ],
    [
      0.5773746967315674,
      0.562771201133728
    ],
    [
      0.5593023896217346,
      0.5602148175239563
    ],
    [
      0.5445300936698914,
      0.5580663681030273
    ],
    [
      0.5433061718940735,
      0.5575924515724182
    ],
    [
      0.5427889227867126,
      0.5573875308036804
    ],
    [
      0.5448724627494812,
      0.5581724047660828
    ],
    [
      0.5468161702156067,
      0.5588855147361755
    ],
    [
      0.5482956767082214,
      0.5593606233596802
    ],
    [
      0.5498104095458984,
      0.5597839951515198
    ]
  ]
}