{
  "input": [
    [
      0.5565597414970398,
      0.5761639475822449
    ],
    [
      0.5558009147644043,
      0.5758332014083862
    ],
    [
      0.5556458234786987,
      0.5754081010818481
    ],
    [
      0.5446974039077759,
      0.5762844681739807
    ],
    [
      0.5312252044677734,
      0.5774651765823364
    ],
    [
      0.5221396684646606,
      0.5778121948242188
    ],
    [
      0.5139635801315308,
      0.5779863595962524
    ],
    [
      0.5024511218070984,
      0.5788429975509644
    ],
    [
      0.49033182859420776,
      0.5798237919807434
    ],
    [
      0.47577980160713196,
      0.5811405777931213
    ],
    [
      0.46084457635879517,
      0.5825102925300598
    ],
    [
      0.4434264898300171,
      0.5842229127883911
    ],
    [
      0.42567533254623413,
      0.5859816074371338
    ],
    [
      0.4053911566734314,
      0.5880901217460632
    ],
    [
      0.38482406735420227,
      0.5902377367019653
    ]
  ],
  "target": [
    [
      0.45519396662712097,
      0.589895486831665
    ],
    [
      0.5337598323822021,
      0.5893288850784302
    ],
    [
      0.5329450964927673,
      0.589776873588562
    ],
    [
      0.5266236662864685,
      0.5902951955795288
    ],
    [
      0.5213532447814941,
      0.5908565521240234
    ],
    [
      0.5161347389221191,
      0.5914201140403748
    ],
    [
      0.5092124342918396,
      0.5903729796409607
    ],
    [
      0.5022387504577637,
      0.5892772674560547
    ],
    [
      0.49254104495048523,
      0.5884402394294739
    ],
    [
      0.4830749034881592,
      0.5875759720802307
    ],
    [
      0.5147562623023987,
      0.5819849967956543
    ],
    [
      0.5457761287689209,
      0.5765039324760437
    ],
    [
      0.5500748157501221,
      0.5754644274711609
    ],
    [
      0.5541502237319946,
      0.5744605660438538
    ],
    [
      0.5531296730041504,
      0.5742694139480591
    ]
  ],
  "meta": {
    "video_name": "test2.mp4",
    "video_stem": "test2",
    "video_path": "E:\\desktop\\open\\lstm-akf\\data\\video\\test2.mp4",
    "fps": 40.0,
    "segment_index": 101,
    "sample_index": 432,
    "start_frame_index": 422,
    "history_end_frame_index": 436,
    "target_end_frame_index": 451,
    "history_frame_indices": [
      422,
      423,
      424,
      425,
      426,
      427,
      428,
      429,
      430,
      431,
      432,
      433,
      434,
      435,
      436
    ],
    "target_frame_indices": [
      437,
      438,
      439,
      440,
      441,
      442,
      443,
      444,
      445,
      446,
      447,
      448,
      449,
      450,
      451
    ],
    "history_timestamps": [
      230.47442248107862,
      230.49942248107862,
      230.52442248107863,
      230.54942248107864,
      230.57442248107864,
      230.59942248107865,
      230.62442248107865,
      230.64942248107866,
      230.67442248107866,
      230.69942248107867,
      230.72442248107868,
      230.74942248107868,
      230.7744224810787,
      230.7994224810787,
      230.8244224810787
    ],
    "target_timestamps": [
      230.8494224810787,
      230.8744224810787,
      230.89942248107872,
      230.92442248107872,
      230.94942248107873,
      230.97442248107873,
      230.99942248107874,
      231.02442248107874,
      231.04942248107875,
      231.07442248107876,
      231.09942248107876,
      231.12442248107877,
      231.14942248107877,
      231.17442248107878,
      231.19942248107878
    ]
  }
}