{
  "input": [
    [
      0.5453338623046875,
      0.6833420991897583
    ],
    [
      0.5530849099159241,
      0.6804074645042419
    ],
    [
      0.561062216758728,
      0.677632749080658
    ],
    [
      0.5683407783508301,
      0.6743021607398987
    ],
    [
      0.5255274176597595,
      0.6822882890701294
    ],
    [
      0.466746985912323,
      0.6956341862678528
    ],
    [
      0.4261244237422943,
      0.7083826661109924
    ],
    [
      0.4206247627735138,
      0.7160596251487732
    ],
    [
      0.4282207190990448,
      0.720112144947052
    ],
    [
      0.44499489665031433,
      0.721466064453125
    ],
    [
      0.4670298099517822,
      0.7210471034049988
    ],
    [
      0.48674967885017395,
      0.7196091413497925
    ],
    [
      0.5026142001152039,
      0.7182779908180237
    ],
    [
      0.5155647993087769,
      0.7174088358879089
    ],
    [
      0.526543140411377,
      0.7173570394515991
    ]
  ],
  "target": [
    [
      0.5351422429084778,
      0.7173365950584412
    ],
    [
      0.5435301661491394,
      0.7166057229042053
    ],
    [
      0.5517635345458984,
      0.7149105668067932
    ],
    [
      0.5598991513252258,
      0.7119970917701721
    ],
    [
      0.5679210424423218,
      0.7073303461074829
    ],
    [
      0.5756216049194336,
      0.70258629322052
    ],
    [
      0.5587078332901001,
      0.6906172633171082
    ],
    [
      0.49288687109947205,
      0.6642754077911377
    ],
    [
      0.4490780830383301,
      0.6487264037132263
    ],
    [
      0.425896018743515,
      0.641704261302948
    ],
    [
      0.41902023553848267,
      0.6405226588249207
    ],
    [
      0.42413029074668884,
      0.6424949169158936
    ],
    [
      0.43862271308898926,
      0.6462509036064148
    ],
    [
      0.45244479179382324,
      0.6501344442367554
    ],
    [
      0.4647754728794098,
      0.6538630723953247
    ]
  ],
  "meta": {
    "video_name": "test1.mp4",
    "video_stem": "test1",
    "video_path": "E:\\desktop\\open\\lstm-akf\\data\\video\\test1.mp4",
    "fps": 40.0,
    "segment_index": 0,
    "sample_index": 540,
    "start_frame_index": 530,
    "history_end_frame_index": 544,
    "target_end_frame_index": 559,
    "history_frame_indices": [
      530,
      531,
      532,
      533,
      534,
      535,
      536,
      537,
      538,
      539,
      540,
      541,
      542,
      543,
      544
    ],
    "target_frame_indices": [
      545,
      546,
      547,
      548,
      549,
      550,
      551,
      552,
      553,
      554,
      555,
      556,
      557,
      558,
      559
    ],
    "history_timestamps": [
      13.950000000000012,
      13.97500000000001,
      14.00000000000001,
      14.025000000000011,
      14.050000000000011,
      14.075000000000012,
      14.100000000000012,
      14.12500000000001,
      14.150000000000011,
      14.175000000000011,
      14.200000000000012,
      14.225000000000012,
      14.25000000000001,
      14.275000000000011,
      14.300000000000011
    ],
    "target_timestamps": [
      14.325000000000012,
      14.350000000000012,
      14.37500000000001,
      14.400000000000011,
      14.425000000000011,
      14.450000000000012,
      14.475000000000012,
      14.50000000000001,
      14.525000000000011,
      14.550000000000011,
      14.575000000000012,
      14.600000000000012,
      14.625000000000012,
      14.650000000000011,
      14.675000000000011
    ]
  }
}