{
  "input": [
    [
      0.5612123608589172,
      0.587066113948822
    ],
    [
      0.5597142577171326,
      0.5868513584136963
    ],
    [
      0.5585481524467468,
      0.5866236090660095
    ],
    [
      0.55597323179245,
      0.5860990881919861
    ],
    [
      0.5528131723403931,
      0.5854513049125671
    ],
    [
      0.5517939925193787,
      0.5859530568122864
    ],
    [
      0.5515897274017334,
      0.586892306804657
    ],
    [
      0.5508890748023987,
      0.5871647596359253
    ],
    [
      0.550015926361084,
      0.5872055292129517
    ],
    [
      0.549231231212616,
      0.5870778560638428
    ],
    [
      0.5484745502471924,
      0.5868969559669495
    ],
    [
      0.548031747341156,
      0.5867860913276672
    ],
    [
      0.5476785898208618,
      0.5866953134536743
    ],
    [
      0.5476444959640503,
      0.5865880846977234
    ],
    [
      0.5476922988891602,
      0.586476743221283
    ]
  ],
  "target": [
    [
      0.548066258430481,
      0.5863485932350159
    ],
    [
      0.5485150218009949,
      0.5862166881561279
    ],
    [
      0.5445839166641235,
      0.5861892104148865
    ],
    [
      0.5397630333900452,
      0.5861830115318298
    ],
    [
      0.5388205647468567,
      0.5861337184906006
    ],
    [
      0.5385681390762329,
      0.5860767364501953
    ],
    [
      0.538337767124176,
      0.5860155820846558
    ],
    [
      0.5381107926368713,
      0.5859537720680237
    ],
    [
      0.538111686706543,
      0.5858986973762512
    ],
    [
      0.5381422638893127,
      0.5858444571495056
    ],
    [
      0.5384052991867065,
      0.5857970714569092
    ],
    [
      0.5386934280395508,
      0.58575040102005
    ],
    [
      0.5391587615013123,
      0.5857517123222351
    ],
    [
      0.5396394729614258,
      0.5857571959495544
    ],
    [
      0.5399163365364075,
      0.5857493877410889
    ]
  ],
  "meta": {
    "video_name": "test2.mp4",
    "video_stem": "test2",
    "video_path": "E:\\desktop\\open\\lstm-akf\\data\\video\\test2.mp4",
    "fps": 40.0,
    "segment_index": 111,
    "sample_index": 309,
    "start_frame_index": 299,
    "history_end_frame_index": 313,
    "target_end_frame_index": 328,
    "history_frame_indices": [
      299,
      300,
      301,
      302,
      303,
      304,
      305,
      306,
      307,
      308,
      309,
      310,
      311,
      312,
      313
    ],
    "target_frame_indices": [
      314,
      315,
      316,
      317,
      318,
      319,
      320,
      321,
      322,
      323,
      324,
      325,
      326,
      327,
      328
    ],
    "history_timestamps": [
      261.2949396007391,
      261.3199396007391,
      261.34493960073905,
      261.3699396007391,
      261.3949396007391,
      261.4199396007391,
      261.4449396007391,
      261.4699396007391,
      261.49493960073914,
      261.5199396007391,
      261.5449396007391,
      261.56993960073913,
      261.59493960073917,
      261.61993960073914,
      261.6449396007391
    ],
    "target_timestamps": [
      261.66993960073916,
      261.6949396007392,
      261.71993960073917,
      261.74493960073914,
      261.7699396007392,
      261.7949396007392,
      261.8199396007392,
      261.84493960073917,
      261.8699396007392,
      261.89493960073924,
      261.9199396007392,
      261.9449396007392,
      261.9699396007392,
      261.99493960073926,
      262.01993960073924
    ]
  }
}