{
  "input": [
    [
      0.6138188242912292,
      0.5565877556800842
    ],
    [
      0.6145538091659546,
      0.556702196598053
    ],
    [
      0.6103659272193909,
      0.5575437545776367
    ],
    [
      0.5998978614807129,
      0.5593128204345703
    ],
    [
      0.592451810836792,
      0.5607962608337402
    ],
    [
      0.588593065738678,
      0.561940610408783
    ],
    [
      0.5869928002357483,
      0.5627444982528687
    ],
    [
      0.5878884792327881,
      0.5631722211837769
    ],
    [
      0.5895435810089111,
      0.5634329915046692
    ],
    [
      0.5919800996780396,
      0.5635221004486084
    ],
    [
      0.5951086282730103,
      0.5633073449134827
    ],
    [
      0.598900318145752,
      0.5628014802932739
    ],
    [
      0.6018006205558777,
      0.5625841617584229
    ],
    [
      0.603905439376831,
      0.5626243948936462
    ],
    [
      0.6063547134399414,
      0.5622943639755249
    ]
  ],
  "target": [
    [
      0.6090900897979736,
      0.561656653881073
    ],
    [
      0.6101870536804199,
      0.5609374642372131
    ],
    [
      0.6100176572799683,
      0.5601552128791809
    ],
    [
      0.6051463484764099,
      0.5591691732406616
    ],
    [
      0.5968962907791138,
      0.5580366253852844
    ],
    [
      0.5921869874000549,
      0.5575717687606812
    ],
    [
      0.5898414254188538,
      0.557552695274353
    ],
    [
      0.5892917513847351,
      0.5576094388961792
    ],
    [
      0.5898545980453491,
      0.5577130913734436
    ],
    [
      0.5912768244743347,
      0.5577103495597839
    ],
    [
      0.5931923389434814,
      0.5576465725898743
    ],
    [
      0.595879316329956,
      0.5578271746635437
    ],
    [
      0.5989761352539062,
      0.5581376552581787
    ],
    [
      0.6013681292533875,
      0.5584216117858887
    ],
    [
      0.6034144759178162,
      0.5586925148963928
    ]
  ]
}