{
  "input": [
    [
      0.5678679347038269,
      0.5606299042701721
    ],
    [
      0.5670380592346191,
      0.5600853562355042
    ],
    [
      0.5666959285736084,
      0.5599914193153381
    ],
    [
      0.5664010047912598,
      0.5599411725997925
    ],
    [
      0.5661277770996094,
      0.5602583885192871
    ],
    [
      0.5658561587333679,
      0.5606036186218262
    ],
    [
      0.5657004714012146,
      0.560705304145813
    ],
    [
      0.5655511617660522,
      0.5607934594154358
    ],
    [
      0.5653901696205139,
      0.5607088208198547
    ],
    [
      0.5652287602424622,
      0.5606179237365723
    ],
    [
      0.5643225312232971,
      0.5604926943778992
    ],
    [
      0.5634032487869263,
      0.5603668689727783
    ],
    [
      0.5625108480453491,
      0.5603042244911194
    ],
    [
      0.5616152286529541,
      0.5602325797080994
    ],
    [
      0.5605485439300537,
      0.5596815943717957
    ]
  ],
  "target": [
    [
      0.559447705745697,
      0.5591554641723633
    ],
    [
      0.5574377775192261,
      0.5592892169952393
    ],
    [
      0.5554021000862122,
      0.5593962073326111
    ],
    [
      0.552914559841156,
      0.5590341687202454
    ],
    [
      0.5504795908927917,
      0.5586684346199036
    ],
    [
      0.5487239956855774,
      0.5582555532455444
    ],
    [
      0.5468902587890625,
      0.557852566242218
    ],
    [
      0.5442629456520081,
      0.5575497150421143
    ],
    [
      0.5416162610054016,
      0.5572376251220703
    ],
    [
      0.5388085842132568,
      0.5568487048149109
    ],
    [
      0.5360683798789978,
      0.5564718842506409
    ],
    [
      0.53379887342453,
      0.5561790466308594
    ],
    [
      0.5314522385597229,
      0.5558751821517944
    ],
    [
      0.5286436080932617,
      0.5555055737495422
    ],
    [
      0.5258123278617859,
      0.5551338791847229
    ]
  ]
}