{
  "input": [
    [
      0.6549959182739258,
      0.5662801265716553
    ],
    [
      0.6551806926727295,
      0.5666574239730835
    ],
    [
      0.6552432775497437,
      0.5670494437217712
    ],
    [
      0.6547965407371521,
      0.5675449967384338
    ],
    [
      0.6540015935897827,
      0.5681113600730896
    ],
    [
      0.653245747089386,
      0.5685777068138123
    ],
    [
      0.652514636516571,
      0.5689806938171387
    ],
    [
      0.6506327986717224,
      0.5691179633140564
    ],
    [
      0.6480737924575806,
      0.5690990090370178
    ],
    [
      0.6460248827934265,
      0.5690174698829651
    ],
    [
      0.6442537903785706,
      0.5689019560813904
    ],
    [
      0.6425681114196777,
      0.5688833594322205
    ],
    [
      0.6409254670143127,
      0.5689136385917664
    ],
    [
      0.639420747756958,
      0.5689502954483032
    ],
    [
      0.6379801034927368,
      0.5689899921417236
    ]
  ],
  "target": [
    [
      0.6362195611000061,
      0.5689553022384644
    ],
    [
      0.634322464466095,
      0.5688889026641846
    ],
    [
      0.6332511305809021,
      0.568864643573761
    ],
    [
      0.6325031518936157,
      0.5688568949699402
    ],
    [
      0.632158637046814,
      0.5689718127250671
    ],
    [
      0.631958544254303,
      0.5691306591033936
    ],
    [
      0.6320009827613831,
      0.5692198276519775
    ],
    [
      0.6321223974227905,
      0.5692862868309021
    ],
    [
      0.6326390504837036,
      0.5694513916969299
    ],
    [
      0.6332724094390869,
      0.5696457028388977
    ],
    [
      0.6338486075401306,
      0.5697760581970215
    ],
    [
      0.634409487247467,
      0.569889485836029
    ],
    [
      0.6355094313621521,
      0.5697493553161621
    ],
    [
      0.6367377638816833,
      0.5695489048957825
    ],
    [
      0.6376294493675232,
      0.5693356394767761
    ]
  ]
}