{
  "input": [
    [
      0.5433015823364258,
      0.5539184212684631
    ],
    [
      0.543955385684967,
      0.5539736747741699
    ],
    [
      0.5445841550827026,
      0.5539916753768921
    ],
    [
      0.545188307762146,
      0.5539731979370117
    ],
    [
      0.5462623238563538,
      0.5540639162063599
    ],
    [
      0.5477653741836548,
      0.5542543530464172
    ],
    [
      0.5490482449531555,
      0.554334819316864
    ],
    [
      0.5501438975334167,
      0.554321825504303
    ],
    [
      0.5515364408493042,
      0.5548588633537292
    ],
    [
      0.5531638860702515,
      0.5558310151100159
    ],
    [
      0.5542675852775574,
      0.5563499927520752
    ],
    [
      0.5549860596656799,
      0.5565356016159058
    ],
    [
      0.5555590987205505,
      0.5566476583480835
    ],
    [
      0.5560327172279358,
      0.5567094683647156
    ],
    [
      0.5563597083091736,
      0.5566989779472351
    ]
  ],
  "target": [
    [
      0.556593656539917,
      0.5566427111625671
    ],
    [
      0.5567165613174438,
      0.5565649271011353
    ],
    [
      0.5567741990089417,
      0.5564745664596558
    ],
    [
      0.5566602349281311,
      0.5563108325004578
    ],
    [
      0.5564528107643127,
      0.5561070442199707
    ],
    [
      0.5560690760612488,
      0.5558279156684875
    ],
    [
      0.5555965900421143,
      0.5555108189582825
    ],
    [
      0.5576855540275574,
      0.5560256838798523
    ],
    [
      0.5609633326530457,
      0.5569266676902771
    ],
    [
      0.5627549886703491,
      0.557198703289032
    ],
    [
      0.5639121532440186,
      0.557202160358429
    ],
    [
      0.5647060871124268,
      0.5572226643562317
    ],
    [
      0.5653578639030457,
      0.5572497248649597
    ],
    [
      0.5661815404891968,
      0.5570428371429443
    ],
    [
      0.5670667886734009,
      0.5567522048950195
    ]
  ]
}