{
  "input": [
    [
      0.4791176915168762,
      0.5585708618164062
    ],
    [
      0.4795408844947815,
      0.5588224530220032
    ],
    [
      0.47997286915779114,
      0.5590633749961853
    ],
    [
      0.4806649684906006,
      0.5589891672134399
    ],
    [
      0.48133939504623413,
      0.558908998966217
    ],
    [
      0.4816822409629822,
      0.5587173700332642
    ],
    [
      0.4820341169834137,
      0.5585471391677856
    ],
    [
      0.4825092852115631,
      0.5586682558059692
    ],
    [
      0.4829576015472412,
      0.5587904453277588
    ],
    [
      0.48312121629714966,
      0.55892413854599
    ],
    [
      0.48193976283073425,
      0.5593337416648865
    ],
    [
      0.4691671133041382,
      0.5621206164360046
    ],
    [
      0.4574059844017029,
      0.564702033996582
    ],
    [
      0.45293980836868286,
      0.5658015608787537
    ],
    [
      0.44923707842826843,
      0.5667992234230042
    ]
  ],
  "target": [
    [
      0.4502403736114502,
      0.5671687722206116
    ],
    [
      0.45148563385009766,
      0.5674282312393188
    ],
    [
      0.4540262222290039,
      0.5670982599258423
    ],
    [
      0.4568861424922943,
      0.5668044686317444
    ],
    [
      0.46124932169914246,
      0.5666806697845459
    ],
    [
      0.46532106399536133,
      0.5665757656097412
    ],
    [
      0.46817418932914734,
      0.5665495991706848
    ],
    [
      0.47111600637435913,
      0.5664927363395691
    ],
    [
      0.47438985109329224,
      0.5663211345672607
    ],
    [
      0.47738751769065857,
      0.5662099719047546
    ],
    [
      0.4794532060623169,
      0.5663029551506042
    ],
    [
      0.4781922698020935,
      0.5659307837486267
    ],
    [
      0.4667581021785736,
      0.5641362071037292
    ],
    [
      0.45727676153182983,
      0.5626501441001892
    ],
    [
      0.4532332122325897,
      0.5620232820510864
    ]
  ]
}