{
  "input": [
    [
      0.5900182127952576,
      0.5625861287117004
    ],
    [
      0.5934172868728638,
      0.5622768402099609
    ],
    [
      0.596345841884613,
      0.5621298551559448
    ],
    [
      0.5985878705978394,
      0.5622196197509766
    ],
    [
      0.6016156673431396,
      0.5622463226318359
    ],
    [
      0.6057088971138,
      0.5621875524520874
    ],
    [
      0.6092430353164673,
      0.562252402305603
    ],
    [
      0.6120720505714417,
      0.5624731183052063
    ],
    [
      0.6156965494155884,
      0.5626676082611084
    ],
    [
      0.6202545166015625,
      0.5628312826156616
    ],
    [
      0.6241001486778259,
      0.5629753470420837
    ],
    [
      0.6271676421165466,
      0.5630978941917419
    ],
    [
      0.630795955657959,
      0.5632675886154175
    ],
    [
      0.6349948644638062,
      0.563485324382782
    ],
    [
      0.6382588148117065,
      0.5635804533958435
    ]
  ],
  "target": [
    [
      0.6406370401382446,
      0.5635594725608826
    ],
    [
      0.6431964635848999,
      0.5634427666664124
    ],
    [
      0.6459158062934875,
      0.563241720199585
    ],
    [
      0.6478297114372253,
      0.5631375908851624
    ],
    [
      0.6490822434425354,
      0.5631129741668701
    ],
    [
      0.6501498818397522,
      0.5631619095802307
    ],
    [
      0.6510763168334961,
      0.5632670521736145
    ],
    [
      0.651624858379364,
      0.5633347034454346
    ],
    [
      0.6519050002098083,
      0.56337571144104
    ],
    [
      0.6520302891731262,
      0.5633972883224487
    ],
    [
      0.6520534753799438,
      0.5634059906005859
    ],
    [
      0.6521008014678955,
      0.5634016394615173
    ],
    [
      0.6521628499031067,
      0.563389241695404
    ],
    [
      0.6521612405776978,
      0.5634632706642151
    ],
    [
      0.6521234512329102,
      0.5635862946510315
    ]
  ]
}