{
  "input": [
    [
      0.5372142791748047,
      0.5613333582878113
    ],
    [
      0.5286136865615845,
      0.5588418841362
    ],
    [
      0.5141314268112183,
      0.5552452802658081
    ],
    [
      0.5098013877868652,
      0.5537914037704468
    ],
    [
      0.5100600123405457,
      0.5533061027526855
    ],
    [
      0.5120024681091309,
      0.5539184212684631
    ],
    [
      0.5146444439888,
      0.5549867153167725
    ],
    [
      0.5168742537498474,
      0.5553694367408752
    ],
    [
      0.5189471244812012,
      0.5554911494255066
    ],
    [
      0.5213862657546997,
      0.5554829239845276
    ],
    [
      0.5239526629447937,
      0.5554296374320984
    ],
    [
      0.5257596969604492,
      0.5552842617034912
    ],
    [
      0.5273268818855286,
      0.5551098585128784
    ],
    [
      0.5293760299682617,
      0.5549378395080566
    ],
    [
      0.5315629243850708,
      0.5547665357589722
    ]
  ],
  "target": [
    [
      0.5330786108970642,
      0.5552070736885071
    ],
    [
      0.5344218015670776,
      0.5558048486709595
    ],
    [
      0.5354791879653931,
      0.556181788444519
    ],
    [
      0.5364710092544556,
      0.5565080642700195
    ],
    [
      0.5374018549919128,
      0.5569599270820618
    ],
    [
      0.5383203029632568,
      0.5574373006820679
    ],
    [
      0.529147207736969,
      0.5581965446472168
    ],
    [
      0.5181787014007568,
      0.5590059161186218
    ],
    [
      0.5163201689720154,
      0.5593355894088745
    ],
    [
      0.5158618688583374,
      0.55959153175354
    ],
    [
      0.5169916152954102,
      0.5600902438163757
    ],
    [
      0.5183286070823669,
      0.5606207251548767
    ],
    [
      0.5202161073684692,
      0.5606846213340759
    ],
    [
      0.5221631526947021,
      0.5606980323791504
    ],
    [
      0.5249661803245544,
      0.5605776309967041
    ]
  ]
}