{
  "input": [
    [
      0.5712252855300903,
      0.5583598613739014
    ],
    [
      0.5719977021217346,
      0.5585452318191528
    ],
    [
      0.5727664828300476,
      0.5586974620819092
    ],
    [
      0.5735218524932861,
      0.5587239265441895
    ],
    [
      0.5743707418441772,
      0.5586768388748169
    ],
    [
      0.5755394101142883,
      0.5583785176277161
    ],
    [
      0.5766438245773315,
      0.5581749677658081
    ],
    [
      0.5775495171546936,
      0.5582646727561951
    ],
    [
      0.5788699388504028,
      0.5584145784378052
    ],
    [
      0.5813584923744202,
      0.5587342381477356
    ],
    [
      0.5837103128433228,
      0.5591031312942505
    ],
    [
      0.5857101678848267,
      0.5595986843109131
    ],
    [
      0.5878052711486816,
      0.559977650642395
    ],
    [
      0.5901250839233398,
      0.5600814819335938
    ],
    [
      0.5921462774276733,
      0.560189962387085
    ]
  ],
  "target": [
    [
      0.5935194492340088,
      0.5603085160255432
    ],
    [
      0.5951451659202576,
      0.5603098273277283
    ],
    [
      0.5972762703895569,
      0.5600766539573669
    ],
    [
      0.5989387631416321,
      0.5599610805511475
    ],
    [
      0.5997347831726074,
      0.5600630640983582
    ],
    [
      0.6004429459571838,
      0.560076117515564
    ],
    [
      0.6010008454322815,
      0.5599369406700134
    ],
    [
      0.6013785004615784,
      0.5598105788230896
    ],
    [
      0.6014700531959534,
      0.5597044825553894
    ],
    [
      0.6016221046447754,
      0.5596136450767517
    ],
    [
      0.6018632054328918,
      0.5595453381538391
    ],
    [
      0.6021242737770081,
      0.5595389008522034
    ],
    [
      0.6024127006530762,
      0.5596171617507935
    ],
    [
      0.602883517742157,
      0.5597055554389954
    ],
    [
      0.6035864353179932,
      0.559806764125824
    ]
  ]
}