{
  "input": [
    [
      0.5206377506256104,
      0.6726198196411133
    ],
    [
      0.5255666971206665,
      0.672444224357605
    ],
    [
      0.5307772755622864,
      0.6715725660324097
    ],
    [
      0.5358850359916687,
      0.6705799698829651
    ],
    [
      0.5406988263130188,
      0.6688575744628906
    ],
    [
      0.5450276732444763,
      0.6657967567443848
    ],
    [
      0.47520312666893005,
      0.6830366253852844
    ],
    [
      0.4230356514453888,
      0.6989486813545227
    ],
    [
      0.39122581481933594,
      0.7122960686683655
    ],
    [
      0.3824741542339325,
      0.7218421101570129
    ],
    [
      0.39324483275413513,
      0.7256353497505188
    ],
    [
      0.41038933396339417,
      0.7286365032196045
    ],
    [
      0.43035414814949036,
      0.7310528755187988
    ],
    [
      0.44958582520484924,
      0.7330920696258545
    ],
    [
      0.46487095952033997,
      0.734769880771637
    ]
  ],
  "target": [
    [
      0.4892886281013489,
      0.7354556918144226
    ],
    [
      0.5070591568946838,
      0.7365935444831848
    ],
    [
      0.5024027824401855,
      0.7396273612976074
    ],
    [
      0.513141393661499,
      0.7402488589286804
    ],
    [
      0.5237528085708618,
      0.7400578260421753
    ],
    [
      0.5341647863388062,
      0.7392801642417908
    ],
    [
      0.5443049669265747,
      0.7381418347358704
    ],
    [
      0.5539637207984924,
      0.7351713180541992
    ],
    [
      0.5633029341697693,
      0.7323982119560242
    ],
    [
      0.5721595883369446,
      0.7292867302894592
    ],
    [
      0.5803707838058472,
      0.7253010272979736
    ],
    [
      0.5147351622581482,
      0.7056121826171875
    ],
    [
      0.4621098041534424,
      0.6925904154777527
    ],
    [
      0.42802712321281433,
      0.6857437491416931
    ],
    [
      0.41801947355270386,
      0.6845802068710327
    ]
  ],
  "meta": {
    "video_name": "test1.mp4",
    "video_stem": "test1",
    "video_path": "E:\\desktop\\open\\lstm-akf\\data\\video\\test1.mp4",
    "fps": 40.0,
    "segment_index": 0,
    "sample_index": 273,
    "start_frame_index": 263,
    "history_end_frame_index": 277,
    "target_end_frame_index": 292,
    "history_frame_indices": [
      263,
      264,
      265,
      266,
      267,
      268,
      269,
      270,
      271,
      272,
      273,
      274,
      275,
      276,
      277
    ],
    "target_frame_indices": [
      278,
      279,
      280,
      281,
      282,
      283,
      284,
      285,
      286,
      287,
      288,
      289,
      290,
      291,
      292
    ],
    "history_timestamps": [
      7.275000000000006,
      7.300000000000006,
      7.325000000000006,
      7.350000000000006,
      7.375000000000006,
      7.400000000000007,
      7.425000000000006,
      7.450000000000006,
      7.475000000000006,
      7.500000000000006,
      7.525000000000007,
      7.550000000000006,
      7.575000000000006,
      7.600000000000006,
      7.625000000000006
    ],
    "target_timestamps": [
      7.650000000000007,
      7.675000000000006,
      7.700000000000006,
      7.725000000000007,
      7.750000000000006,
      7.775000000000007,
      7.800000000000007,
      7.825000000000006,
      7.850000000000007,
      7.875000000000006,
      7.900000000000007,
      7.925000000000007,
      7.950000000000006,
      7.975000000000007,
      8.000000000000005
    ]
  }
}