{
  "input": [
    [
      0.48644959926605225,
      0.569295346736908
    ],
    [
      0.4836515784263611,
      0.5695752501487732
    ],
    [
      0.481720507144928,
      0.569831907749176
    ],
    [
      0.4793547987937927,
      0.5700686573982239
    ],
    [
      0.4765830934047699,
      0.5702868700027466
    ],
    [
      0.4745912253856659,
      0.5705389976501465
    ],
    [
      0.4732776880264282,
      0.5708208084106445
    ],
    [
      0.47164827585220337,
      0.5708754658699036
    ],
    [
      0.4697631001472473,
      0.5707462430000305
    ],
    [
      0.46803557872772217,
      0.5706592798233032
    ],
    [
      0.466426819562912,
      0.5706040263175964
    ],
    [
      0.4646367132663727,
      0.5706642866134644
    ],
    [
      0.4627196490764618,
      0.5708053708076477
    ],
    [
      0.4609695076942444,
      0.5711395144462585
    ],
    [
      0.4593278467655182,
      0.5715991854667664
    ]
  ],
  "target": [
    [
      0.4568181335926056,
      0.5718852281570435
    ],
    [
      0.4537850022315979,
      0.5720665454864502
    ],
    [
      0.451570063829422,
      0.572109043598175
    ],
    [
      0.44981205463409424,
      0.5720739364624023
    ],
    [
      0.44791272282600403,
      0.5721724033355713
    ],
    [
      0.44594043493270874,
      0.5723397731781006
    ],
    [
      0.44435012340545654,
      0.5724701285362244
    ],
    [
      0.4429418444633484,
      0.5725829005241394
    ],
    [
      0.4408338665962219,
      0.5726255178451538
    ],
    [
      0.4384189546108246,
      0.5726373791694641
    ],
    [
      0.43704476952552795,
      0.5728946924209595
    ],
    [
      0.43608978390693665,
      0.5732508897781372
    ],
    [
      0.4348981976509094,
      0.5736157894134521
    ],
    [
      0.4336194396018982,
      0.5739840269088745
    ],
    [
      0.4328356683254242,
      0.5740607976913452
    ]
  ]
}