{
  "input": [
    [
      0.5748044848442078,
      0.5685536861419678
    ],
    [
      0.588508665561676,
      0.5653572082519531
    ],
    [
      0.5930268168449402,
      0.5640047788619995
    ],
    [
      0.5931472182273865,
      0.5634816884994507
    ],
    [
      0.5623822808265686,
      0.5687830448150635
    ],
    [
      0.5381723642349243,
      0.5729814171791077
    ],
    [
      0.5534241199493408,
      0.5705395340919495
    ],
    [
      0.5675883293151855,
      0.5682831406593323
    ],
    [
      0.5760535001754761,
      0.5669991374015808
    ],
    [
      0.5801815986633301,
      0.5663716793060303
    ],
    [
      0.564289391040802,
      0.5687752366065979
    ],
    [
      0.5500350594520569,
      0.5709161758422852
    ],
    [
      0.5425052642822266,
      0.5719791054725647
    ],
    [
      0.5362293124198914,
      0.5728878974914551
    ],
    [
      0.5345678329467773,
      0.5732293725013733
    ]
  ],
  "target": [
    [
      0.5336645841598511,
      0.5735036134719849
    ],
    [
      0.5352786779403687,
      0.5735545754432678
    ],
    [
      0.5363866686820984,
      0.5736768245697021
    ],
    [
      0.5359706878662109,
      0.5740135312080383
    ],
    [
      0.5357989072799683,
      0.5743330717086792
    ],
    [
      0.5362974405288696,
      0.5746057033538818
    ],
    [
      0.5370565056800842,
      0.5748600959777832
    ],
    [
      0.5384695529937744,
      0.5750685930252075
    ],
    [
      0.5417354106903076,
      0.5746806859970093
    ],
    [
      0.549269437789917,
      0.5729186534881592
    ],
    [
      0.5561427474021912,
      0.5714854001998901
    ],
    [
      0.5616153478622437,
      0.570749044418335
    ],
    [
      0.5675330758094788,
      0.5699412822723389
    ],
    [
      0.5743215084075928,
      0.568993866443634
    ],
    [
      0.5766463279724121,
      0.5690382122993469
    ]
  ],
  "meta": {
    "video_name": "test2.mp4",
    "video_stem": "test2",
    "video_path": "E:\\desktop\\open\\lstm-akf\\data\\video\\test2.mp4",
    "fps": 40.0,
    "segment_index": 14,
    "sample_index": 21,
    "start_frame_index": 11,
    "history_end_frame_index": 25,
    "target_end_frame_index": 40,
    "history_frame_indices": [
      11,
      12,
      13,
      14,
      15,
      16,
      17,
      18,
      19,
      20,
      21,
      22,
      23,
      24,
      25
    ],
    "target_frame_indices": [
      26,
      27,
      28,
      29,
      30,
      31,
      32,
      33,
      34,
      35,
      36,
      37,
      38,
      39,
      40
    ],
    "history_timestamps": [
      34.566955916382305,
      34.591955916382304,
      34.6169559163823,
      34.6419559163823,
      34.6669559163823,
      34.6919559163823,
      34.7169559163823,
      34.741955916382295,
      34.766955916382294,
      34.79195591638229,
      34.81695591638229,
      34.84195591638229,
      34.86695591638229,
      34.89195591638229,
      34.916955916382285
    ],
    "target_timestamps": [
      34.941955916382284,
      34.96695591638228,
      34.99195591638228,
      35.01695591638228,
      35.04195591638228,
      35.06695591638228,
      35.091955916382275,
      35.116955916382274,
      35.14195591638227,
      35.16695591638227,
      35.19195591638227,
      35.21695591638227,
      35.24195591638227,
      35.266955916382265,
      35.291955916382264
    ]
  }
}