{
  "input": [
    [
      0.5840585231781006,
      0.5619034767150879
    ],
    [
      0.5824035406112671,
      0.5619384050369263
    ],
    [
      0.5811105966567993,
      0.5619630813598633
    ],
    [
      0.5798556208610535,
      0.5619866847991943
    ],
    [
      0.5780425667762756,
      0.5620935559272766
    ],
    [
      0.576183021068573,
      0.5622073411941528
    ],
    [
      0.5750402808189392,
      0.5620266199111938
    ],
    [
      0.5739425420761108,
      0.5618273615837097
    ],
    [
      0.5728214383125305,
      0.5617133378982544
    ],
    [
      0.5716992616653442,
      0.5616030097007751
    ],
    [
      0.5713404417037964,
      0.5615747570991516
    ],
    [
      0.5710000395774841,
      0.5615484714508057
    ],
    [
      0.5703210234642029,
      0.5615594387054443
    ],
    [
      0.5696455240249634,
      0.5615721940994263
    ],
    [
      0.5694186687469482,
      0.5617091655731201
    ]
  ],
  "target": [
    [
      0.5691795349121094,
      0.561846911907196
    ],
    [
      0.5685449242591858,
      0.5620063543319702
    ],
    [
      0.5679150819778442,
      0.5621588826179504
    ],
    [
      0.5673814415931702,
      0.5621733069419861
    ],
    [
      0.5668455362319946,
      0.5621775984764099
    ],
    [
      0.5662773847579956,
      0.5620370507240295
    ],
    [
      0.5657127499580383,
      0.5618874430656433
    ],
    [
      0.5651859641075134,
      0.5616375803947449
    ],
    [
      0.5645720362663269,
      0.5614137649536133
    ],
    [
      0.5631837844848633,
      0.5614218711853027
    ],
    [
      0.5618209838867188,
      0.5614181160926819
    ],
    [
      0.5606465339660645,
      0.5613267421722412
    ],
    [
      0.5594522356987,
      0.5612075328826904
    ],
    [
      0.5581323504447937,
      0.560912549495697
    ],
    [
      0.5568386912345886,
      0.560666561126709
    ]
  ]
}