{
  "input": [
    [
      0.4323320984840393,
      0.5718011260032654
    ],
    [
      0.4329773783683777,
      0.5719104409217834
    ],
    [
      0.4336217939853668,
      0.5720184445381165
    ],
    [
      0.43421757221221924,
      0.5720519423484802
    ],
    [
      0.4348040819168091,
      0.5720803141593933
    ]
  ],
  "target": [
    [
      0.4351397454738617,
      0.5719689130783081
    ],
    [
      0.43667876720428467,
      0.5716412663459778
    ],
    [
      0.4595417380332947,
      0.5674816966056824
    ],
    [
      0.47976696491241455,
      0.5638389587402344
    ],
    [
      0.46559563279151917,
      0.5669369697570801
    ],
    [
      0.45388537645339966,
      0.5695451498031616
    ],
    [
      0.46735772490501404,
      0.567141056060791
    ],
    [
      0.47803255915641785,
      0.5652878284454346
    ],
    [
      0.46531978249549866,
      0.56803959608078
    ],
    [
      0.45578545331954956,
      0.5701567530632019
    ],
    [
      0.46857306361198425,
      0.5678170919418335
    ],
    [
      0.48021233081817627,
      0.5657126307487488
    ],
    [
      0.4849385619163513,
      0.5650238394737244
    ],
    [
      0.4897961914539337,
      0.5643090009689331
    ],
    [
      0.4953421652317047,
      0.5634578466415405
    ]
  ],
  "meta": {
    "video_name": "test2.mp4",
    "video_stem": "test2",
    "video_path": "E:\\desktop\\open\\lstm-akf\\data\\video\\test2.mp4",
    "fps": 40.0,
    "segment_index": 140,
    "sample_index": 0,
    "start_frame_index": 0,
    "history_end_frame_index": 4,
    "target_end_frame_index": 19,
    "history_frame_indices": [
      0,
      1,
      2,
      3,
      4
    ],
    "target_frame_indices": [
      5,
      6,
      7,
      8,
      9,
      10,
      11,
      12,
      13,
      14,
      15,
      16,
      17,
      18,
      19
    ],
    "history_timestamps": [
      330.03529827038477,
      330.06029827038475,
      330.0852982703847,
      330.1102982703847,
      330.1352982703847
    ],
    "target_timestamps": [
      330.16029827038466,
      330.18529827038464,
      330.2102982703846,
      330.2352982703846,
      330.26029827038457,
      330.28529827038454,
      330.3102982703845,
      330.3352982703845,
      330.3602982703845,
      330.38529827038445,
      330.41029827038443,
      330.4352982703844,
      330.4602982703844,
      330.48529827038436,
      330.51029827038434
    ]
  }
}