{
  "input": [
    [
      0.5773884057998657,
      0.5589348673820496
    ],
    [
      0.5773119330406189,
      0.5590484142303467
    ],
    [
      0.5772491693496704,
      0.5592014193534851
    ],
    [
      0.5771872997283936,
      0.5593159794807434
    ],
    [
      0.5771262645721436,
      0.5593975186347961
    ],
    [
      0.5771209001541138,
      0.559580385684967
    ],
    [
      0.5771600008010864,
      0.5598443150520325
    ],
    [
      0.5771822929382324,
      0.5599877238273621
    ],
    [
      0.5771920084953308,
      0.5600414872169495
    ],
    [
      0.5772752165794373,
      0.5600171685218811
    ],
    [
      0.5774093270301819,
      0.559938907623291
    ],
    [
      0.5776036381721497,
      0.5598710775375366
    ],
    [
      0.5778366327285767,
      0.5598100423812866
    ],
    [
      0.5779216885566711,
      0.5597733855247498
    ],
    [
      0.5779186487197876,
      0.5597512722015381
    ]
  ],
  "target": [
    [
      0.5779029726982117,
      0.5597214102745056
    ],
    [
      0.5778803825378418,
      0.5596872568130493
    ],
    [
      0.5777909159660339,
      0.5597016215324402
    ],
    [
      0.5776673555374146,
      0.5597406625747681
    ],
    [
      0.5773316621780396,
      0.5599262714385986
    ],
    [
      0.5768963098526001,
      0.5601807236671448
    ],
    [
      0.5762163996696472,
      0.5605307817459106
    ],
    [
      0.575430691242218,
      0.5609222650527954
    ],
    [
      0.5748298764228821,
      0.5611904263496399
    ],
    [
      0.5743024945259094,
      0.5614095330238342
    ],
    [
      0.5738394856452942,
      0.5616186857223511
    ],
    [
      0.5733999013900757,
      0.5618242025375366
    ],
    [
      0.573021411895752,
      0.5620359778404236
    ],
    [
      0.5726630687713623,
      0.5622497797012329
    ],
    [
      0.5716403722763062,
      0.5622677803039551
    ]
  ]
}