{
  "input": [
    [
      0.48469460010528564,
      0.5743485689163208
    ],
    [
      0.48366475105285645,
      0.5742253661155701
    ],
    [
      0.4825245141983032,
      0.5740525126457214
    ],
    [
      0.48138096928596497,
      0.5738781690597534
    ],
    [
      0.48012903332710266,
      0.5736551284790039
    ],
    [
      0.4803517758846283,
      0.5737107396125793
    ],
    [
      0.5100204944610596,
      0.5793306231498718
    ],
    [
      0.5377331376075745,
      0.5846100449562073
    ],
    [
      0.5375366806983948,
      0.5850328207015991
    ],
    [
      0.5371358394622803,
      0.5854076743125916
    ],
    [
      0.5344850420951843,
      0.5852547287940979
    ],
    [
      0.5317420959472656,
      0.5850938558578491
    ],
    [
      0.5281805396080017,
      0.5848616361618042
    ],
    [
      0.5244844555854797,
      0.5847193002700806
    ],
    [
      0.5197919011116028,
      0.5852421522140503
    ]
  ],
  "target": [
    [
      0.5150103569030762,
      0.5857250690460205
    ],
    [
      0.5096668004989624,
      0.5859557390213013
    ],
    [
      0.504683792591095,
      0.5861493349075317
    ],
    [
      0.5016738176345825,
      0.586139976978302
    ],
    [
      0.49862784147262573,
      0.5861798524856567
    ],
    [
      0.49540913105010986,
      0.5864556431770325
    ],
    [
      0.49259287118911743,
      0.586675763130188
    ],
    [
      0.49149078130722046,
      0.5866586565971375
    ],
    [
      0.4905490279197693,
      0.5866678357124329
    ],
    [
      0.49021798372268677,
      0.5867772102355957
    ],
    [
      0.4900313913822174,
      0.5868640542030334
    ],
    [
      0.4903402626514435,
      0.5868736505508423
    ],
    [
      0.4906845986843109,
      0.5868729948997498
    ],
    [
      0.4911390244960785,
      0.5868403315544128
    ],
    [
      0.4914511442184448,
      0.5868160128593445
    ]
  ]
}