{
  "input": [
    [
      0.5568369030952454,
      0.5709897875785828
    ],
    [
      0.562839150428772,
      0.5710384845733643
    ],
    [
      0.5686424970626831,
      0.5710344314575195
    ],
    [
      0.5720597505569458,
      0.5711489319801331
    ],
    [
      0.5751829147338867,
      0.5712780952453613
    ],
    [
      0.5761095285415649,
      0.5713955760002136
    ],
    [
      0.5768138766288757,
      0.5715119242668152
    ],
    [
      0.5771663784980774,
      0.5713701248168945
    ],
    [
      0.5774906873703003,
      0.5712077021598816
    ],
    [
      0.5772683024406433,
      0.5711995959281921
    ],
    [
      0.5770133137702942,
      0.5712007284164429
    ],
    [
      0.5765095949172974,
      0.5711410045623779
    ],
    [
      0.5759958624839783,
      0.571078896522522
    ],
    [
      0.5755943059921265,
      0.5712621808052063
    ],
    [
      0.5751950740814209,
      0.5714506506919861
    ]
  ],
  "target": [
    [
      0.5750626921653748,
      0.5715691447257996
    ],
    [
      0.5749326348304749,
      0.5716857314109802
    ],
    [
      0.5749067664146423,
      0.5716871023178101
    ],
    [
      0.574880838394165,
      0.5716855525970459
    ],
    [
      0.5748550295829773,
      0.5715952515602112
    ],
    [
      0.574827253818512,
      0.5715081691741943
    ],
    [
      0.5747630596160889,
      0.5714802145957947
    ],
    [
      0.5746650099754333,
      0.5714495778083801
    ],
    [
      0.5741058588027954,
      0.5713822245597839
    ],
    [
      0.573542594909668,
      0.571327269077301
    ],
    [
      0.5729354619979858,
      0.5714029669761658
    ],
    [
      0.5723245739936829,
      0.5714758634567261
    ],
    [
      0.5716811418533325,
      0.5715247988700867
    ],
    [
      0.5710710883140564,
      0.5715648531913757
    ],
    [
      0.5707021355628967,
      0.5715402960777283
    ]
  ]
}