{
  "input": [
    [
      0.5235335230827332,
      0.5639051795005798
    ],
    [
      0.5259532332420349,
      0.5637376308441162
    ],
    [
      0.5279988050460815,
      0.5637381672859192
    ],
    [
      0.5300074219703674,
      0.5636962652206421
    ],
    [
      0.5319966673851013,
      0.5636321902275085
    ],
    [
      0.5339069366455078,
      0.5635437965393066
    ],
    [
      0.5357789993286133,
      0.563443660736084
    ],
    [
      0.5390688180923462,
      0.5636377334594727
    ],
    [
      0.5429890155792236,
      0.5639626383781433
    ],
    [
      0.5457698106765747,
      0.5640276670455933
    ],
    [
      0.5480852723121643,
      0.563986599445343
    ],
    [
      0.552234947681427,
      0.5640008449554443
    ],
    [
      0.5570706129074097,
      0.5640358328819275
    ],
    [
      0.5602043271064758,
      0.5642606616020203
    ],
    [
      0.5627573728561401,
      0.5645501613616943
    ]
  ],
  "target": [
    [
      0.5652547478675842,
      0.5641915202140808
    ],
    [
      0.5677348971366882,
      0.5636320114135742
    ],
    [
      0.5703227519989014,
      0.563196063041687
    ],
    [
      0.5729408264160156,
      0.5627948045730591
    ],
    [
      0.5754069089889526,
      0.562274158000946
    ],
    [
      0.5778347253799438,
      0.561723530292511
    ],
    [
      0.5647863149642944,
      0.559196412563324
    ],
    [
      0.5482677221298218,
      0.5562260746955872
    ],
    [
      0.5450653433799744,
      0.5556662082672119
    ],
    [
      0.544501006603241,
      0.5555838346481323
    ],
    [
      0.5454057455062866,
      0.5557653903961182
    ],
    [
      0.5465648174285889,
      0.5559927225112915
    ],
    [
      0.5481654405593872,
      0.5562763214111328
    ],
    [
      0.5498318672180176,
      0.5565683245658875
    ],
    [
      0.5507006645202637,
      0.5566781163215637
    ]
  ]
}