{
  "input": [
    [
      0.5981432199478149,
      0.6672140955924988
    ],
    [
      0.5925557613372803,
      0.6680454015731812
    ],
    [
      0.5871409773826599,
      0.6688294410705566
    ],
    [
      0.5779908895492554,
      0.6701762676239014
    ],
    [
      0.5684627890586853,
      0.6715800762176514
    ],
    [
      0.5623747706413269,
      0.6724730730056763
    ],
    [
      0.5565620064735413,
      0.67332524061203
    ],
    [
      0.5502245426177979,
      0.6736131906509399
    ],
    [
      0.5438557863235474,
      0.6738675236701965
    ],
    [
      0.5405011177062988,
      0.6742111444473267
    ],
    [
      0.5372670292854309,
      0.6745582818984985
    ],
    [
      0.5346260666847229,
      0.6755191683769226
    ],
    [
      0.5319976806640625,
      0.6764929294586182
    ],
    [
      0.5305449366569519,
      0.6774429082870483
    ],
    [
      0.5290805101394653,
      0.6784064769744873
    ]
  ],
  "target": [
    [
      0.5266206860542297,
      0.6802688241004944
    ],
    [
      0.5242104530334473,
      0.6821119785308838
    ],
    [
      0.5232627987861633,
      0.6833875775337219
    ],
    [
      0.5223512649536133,
      0.6847184300422668
    ],
    [
      0.5221173167228699,
      0.6870866417884827
    ],
    [
      0.5219137668609619,
      0.689439594745636
    ],
    [
      0.5221251845359802,
      0.691584587097168
    ],
    [
      0.522454559803009,
      0.6938666701316833
    ],
    [
      0.5240347981452942,
      0.6976026296615601
    ],
    [
      0.5256158709526062,
      0.7012125253677368
    ],
    [
      0.5272044539451599,
      0.7037356495857239
    ],
    [
      0.5288520455360413,
      0.7062094807624817
    ],
    [
      0.5309258103370667,
      0.7083278894424438
    ],
    [
      0.5330576300621033,
      0.7105328440666199
    ],
    [
      0.535547137260437,
      0.7132716178894043
    ]
  ],
  "meta": {
    "video_name": "test2.mp4",
    "video_stem": "test2",
    "video_path": "E:\\desktop\\open\\lstm-akf\\data\\video\\test2.mp4",
    "fps": 40.0,
    "segment_index": 116,
    "sample_index": 109,
    "start_frame_index": 99,
    "history_end_frame_index": 113,
    "target_end_frame_index": 128,
    "history_frame_indices": [
      99,
      100,
      101,
      102,
      103,
      104,
      105,
      106,
      107,
      108,
      109,
      110,
      111,
      112,
      113
    ],
    "target_frame_indices": [
      114,
      115,
      116,
      117,
      118,
      119,
      120,
      121,
      122,
      123,
      124,
      125,
      126,
      127,
      128
    ],
    "history_timestamps": [
      275.37355669294203,
      275.398556692942,
      275.423556692942,
      275.44855669294196,
      275.47355669294194,
      275.4985566929419,
      275.5235566929419,
      275.5485566929419,
      275.57355669294185,
      275.5985566929418,
      275.6235566929418,
      275.6485566929418,
      275.67355669294176,
      275.69855669294174,
      275.7235566929417
    ],
    "target_timestamps": [
      275.7485566929417,
      275.77355669294167,
      275.79855669294164,
      275.8235566929416,
      275.8485566929416,
      275.8735566929416,
      275.89855669294155,
      275.92355669294153,
      275.9485566929415,
      275.9735566929415,
      275.99855669294146,
      276.02355669294144,
      276.0485566929414,
      276.0735566929414,
      276.0985566929414
    ]
  }
}