{
  "input": [
    [
      0.5853331685066223,
      0.5815308094024658
    ],
    [
      0.5877487063407898,
      0.5813306570053101
    ],
    [
      0.5903779864311218,
      0.5810320973396301
    ],
    [
      0.5936203598976135,
      0.5804510116577148
    ],
    [
      0.5964676141738892,
      0.5799837112426758
    ],
    [
      0.5982801914215088,
      0.5798143148422241
    ],
    [
      0.5995873808860779,
      0.579700231552124
    ],
    [
      0.5996816754341125,
      0.5797187685966492
    ],
    [
      0.6002946496009827,
      0.5798172354698181
    ],
    [
      0.6020517945289612,
      0.5800920128822327
    ],
    [
      0.6036700010299683,
      0.5803688168525696
    ],
    [
      0.6050059199333191,
      0.5806496739387512
    ],
    [
      0.6066129803657532,
      0.5806394219398499
    ],
    [
      0.6087290644645691,
      0.5800824165344238
    ],
    [
      0.6104499101638794,
      0.5794510841369629
    ]
  ],
  "target": [
    [
      0.6114841103553772,
      0.5786905884742737
    ],
    [
      0.60452800989151,
      0.5767561197280884
    ],
    [
      0.5847073793411255,
      0.5729316473007202
    ],
    [
      0.5765774250030518,
      0.5709179043769836
    ],
    [
      0.5859143733978271,
      0.571609616279602
    ],
    [
      0.5907562971115112,
      0.5715238451957703
    ],
    [
      0.589358925819397,
      0.5703590512275696
    ],
    [
      0.5832424163818359,
      0.5696183443069458
    ],
    [
      0.5710353851318359,
      0.5694250464439392
    ],
    [
      0.5636700987815857,
      0.5694938898086548
    ],
    [
      0.5621191263198853,
      0.5698774456977844
    ],
    [
      0.5622116923332214,
      0.5699527263641357
    ],
    [
      0.5641413927078247,
      0.5696833729743958
    ],
    [
      0.5660988092422485,
      0.5693905353546143
    ],
    [
      0.5680848956108093,
      0.5690731406211853
    ]
  ],
  "meta": {
    "video_name": "test2.mp4",
    "video_stem": "test2",
    "video_path": "E:\\desktop\\open\\lstm-akf\\data\\video\\test2.mp4",
    "fps": 40.0,
    "segment_index": 111,
    "sample_index": 371,
    "start_frame_index": 361,
    "history_end_frame_index": 375,
    "target_end_frame_index": 390,
    "history_frame_indices": [
      361,
      362,
      363,
      364,
      365,
      366,
      367,
      368,
      369,
      370,
      371,
      372,
      373,
      374,
      375
    ],
    "target_frame_indices": [
      376,
      377,
      378,
      379,
      380,
      381,
      382,
      383,
      384,
      385,
      386,
      387,
      388,
      389,
      390
    ],
    "history_timestamps": [
      262.8449396007394,
      262.86993960073943,
      262.89493960073946,
      262.91993960073944,
      262.9449396007394,
      262.96993960073945,
      262.9949396007395,
      263.01993960073946,
      263.04493960073944,
      263.0699396007395,
      263.0949396007395,
      263.1199396007395,
      263.14493960073946,
      263.1699396007395,
      263.19493960073953
    ],
    "target_timestamps": [
      263.2199396007395,
      263.2449396007395,
      263.2699396007395,
      263.29493960073955,
      263.31993960073953,
      263.3449396007395,
      263.36993960073954,
      263.3949396007396,
      263.41993960073955,
      263.44493960073953,
      263.46993960073956,
      263.4949396007396,
      263.5199396007396,
      263.54493960073955,
      263.5699396007396
    ]
  }
}