{
  "input": [
    [
      0.603590190410614,
      0.561799943447113
    ],
    [
      0.5992520451545715,
      0.562338650226593
    ],
    [
      0.5883359909057617,
      0.5636862516403198
    ],
    [
      0.581409215927124,
      0.5648343563079834
    ],
    [
      0.5780742168426514,
      0.5658029913902283
    ],
    [
      0.5787081122398376,
      0.5665488839149475
    ],
    [
      0.5826686024665833,
      0.5671080946922302
    ],
    [
      0.5869202017784119,
      0.5672566890716553
    ],
    [
      0.5913989543914795,
      0.5670849680900574
    ],
    [
      0.596265435218811,
      0.5667449831962585
    ],
    [
      0.6014131307601929,
      0.5662828683853149
    ],
    [
      0.6052095293998718,
      0.5658906698226929
    ],
    [
      0.6080955266952515,
      0.5655454993247986
    ],
    [
      0.6111557483673096,
      0.5654417276382446
    ],
    [
      0.6143249869346619,
      0.565488874912262
    ]
  ],
  "target": [
    [
      0.6164075136184692,
      0.5654370784759521
    ],
    [
      0.6178601384162903,
      0.5653279423713684
    ],
    [
      0.6092254519462585,
      0.5640685558319092
    ],
    [
      0.5951797366142273,
      0.5621920824050903
    ],
    [
      0.5871064066886902,
      0.5610818862915039
    ],
    [
      0.5819924473762512,
      0.5603513717651367
    ],
    [
      0.5808988809585571,
      0.5599435567855835
    ],
    [
      0.581641435623169,
      0.5596832036972046
    ],
    [
      0.5835163593292236,
      0.5596839785575867
    ],
    [
      0.5858667492866516,
      0.5597944259643555
    ],
    [
      0.5886501669883728,
      0.5601944327354431
    ],
    [
      0.5916002988815308,
      0.5607059597969055
    ],
    [
      0.5937079191207886,
      0.5608131885528564
    ],
    [
      0.5955193638801575,
      0.5607783794403076
    ],
    [
      0.5974512696266174,
      0.5607969760894775
    ]
  ]
}