{
  "input": [
    [
      0.521723210811615,
      0.6657496690750122
    ],
    [
      0.4640994071960449,
      0.6827960014343262
    ],
    [
      0.4274410307407379,
      0.6971802115440369
    ],
    [
      0.42290419340133667,
      0.7034411430358887
    ],
    [
      0.430499792098999,
      0.7065724730491638
    ],
    [
      0.4462183713912964,
      0.7071343064308167
    ],
    [
      0.4660504460334778,
      0.7056868672370911
    ],
    [
      0.48361751437187195,
      0.7037101984024048
    ],
    [
      0.4983314871788025,
      0.7019891738891602
    ],
    [
      0.510670006275177,
      0.7008153200149536
    ],
    [
      0.5211106538772583,
      0.7004801630973816
    ],
    [
      0.530296802520752,
      0.699439287185669
    ],
    [
      0.5391080379486084,
      0.6974489092826843
    ],
    [
      0.5474615693092346,
      0.6950129866600037
    ],
    [
      0.5552746057510376,
      0.6926352977752686
    ]
  ],
  "target": [
    [
      0.5625091791152954,
      0.689462423324585
    ],
    [
      0.5692178606987,
      0.6856100559234619
    ],
    [
      0.5752577781677246,
      0.6812767386436462
    ],
    [
      0.5804860591888428,
      0.6766611337661743
    ],
    [
      0.48046422004699707,
      0.6478691101074219
    ],
    [
      0.4324687123298645,
      0.6341267228126526
    ],
    [
      0.4182470738887787,
      0.6300580501556396
    ],
    [
      0.41954681277275085,
      0.6302870512008667
    ],
    [
      0.4332490861415863,
      0.6331347227096558
    ],
    [
      0.4468637704849243,
      0.6378666162490845
    ],
    [
      0.4591141641139984,
      0.642661988735199
    ],
    [
      0.4687235951423645,
      0.645700216293335
    ],
    [
      0.4755360186100006,
      0.6465001702308655
    ],
    [
      0.4808511734008789,
      0.6469373106956482
    ],
    [
      0.48516517877578735,
      0.6473151445388794
    ]
  ],
  "meta": {
    "video_name": "test1.mp4",
    "video_stem": "test1",
    "video_path": "E:\\desktop\\open\\lstm-akf\\data\\video\\test1.mp4",
    "fps": 40.0,
    "segment_index": 0,
    "sample_index": 772,
    "start_frame_index": 762,
    "history_end_frame_index": 776,
    "target_end_frame_index": 791,
    "history_frame_indices": [
      762,
      763,
      764,
      765,
      766,
      767,
      768,
      769,
      770,
      771,
      772,
      773,
      774,
      775,
      776
    ],
    "target_frame_indices": [
      777,
      778,
      779,
      780,
      781,
      782,
      783,
      784,
      785,
      786,
      787,
      788,
      789,
      790,
      791
    ],
    "history_timestamps": [
      19.750000000000018,
      19.775000000000016,
      19.800000000000015,
      19.825000000000017,
      19.850000000000016,
      19.875000000000018,
      19.900000000000016,
      19.925000000000015,
      19.950000000000017,
      19.975000000000016,
      20.000000000000018,
      20.025000000000016,
      20.050000000000015,
      20.075000000000017,
      20.100000000000016
    ],
    "target_timestamps": [
      20.125000000000018,
      20.150000000000016,
      20.175000000000015,
      20.200000000000017,
      20.225000000000016,
      20.250000000000018,
      20.275000000000016,
      20.300000000000015,
      20.325000000000017,
      20.350000000000016,
      20.375000000000018,
      20.400000000000016,
      20.42500000000002,
      20.450000000000017,
      20.475000000000016
    ]
  }
}