{
  "input": [
    [
      0.5748683214187622,
      0.5568886995315552
    ],
    [
      0.5762650370597839,
      0.5566833019256592
    ],
    [
      0.5776783227920532,
      0.5564755201339722
    ],
    [
      0.5793854594230652,
      0.5562244653701782
    ],
    [
      0.5818266272544861,
      0.5561256408691406
    ],
    [
      0.5938409566879272,
      0.5580114126205444
    ],
    [
      0.6054036021232605,
      0.5597885251045227
    ],
    [
      0.6123451590538025,
      0.560453474521637
    ],
    [
      0.6194102168083191,
      0.5611332058906555
    ],
    [
      0.6275079846382141,
      0.561937153339386
    ],
    [
      0.6319026350975037,
      0.5627868175506592
    ],
    [
      0.6102902293205261,
      0.5639572739601135
    ],
    [
      0.5919145345687866,
      0.5649374127388
    ],
    [
      0.5930238366127014,
      0.5647720694541931
    ],
    [
      0.5946835875511169,
      0.5645250678062439
    ]
  ],
  "target": [
    [
      0.599227786064148,
      0.5638505220413208
    ],
    [
      0.6034488081932068,
      0.5633136630058289
    ],
    [
      0.6061777472496033,
      0.5634125471115112
    ],
    [
      0.609137773513794,
      0.5635215640068054
    ],
    [
      0.613046407699585,
      0.5636723041534424
    ],
    [
      0.6172175407409668,
      0.5637691617012024
    ],
    [
      0.6223547458648682,
      0.5636679530143738
    ],
    [
      0.6277292966842651,
      0.5635579824447632
    ],
    [
      0.6338918209075928,
      0.5634190440177917
    ],
    [
      0.6403099298477173,
      0.5632706880569458
    ],
    [
      0.6474977731704712,
      0.5630940794944763
    ],
    [
      0.6549594402313232,
      0.562907338142395
    ],
    [
      0.6631726026535034,
      0.5626929998397827
    ],
    [
      0.671677827835083,
      0.5624679327011108
    ],
    [
      0.6809162497520447,
      0.5622158646583557
    ]
  ],
  "meta": {
    "video_name": "test2.mp4",
    "video_stem": "test2",
    "video_path": "E:\\desktop\\open\\lstm-akf\\data\\video\\test2.mp4",
    "fps": 40.0,
    "segment_index": 85,
    "sample_index": 14,
    "start_frame_index": 4,
    "history_end_frame_index": 18,
    "target_end_frame_index": 33,
    "history_frame_indices": [
      4,
      5,
      6,
      7,
      8,
      9,
      10,
      11,
      12,
      13,
      14,
      15,
      16,
      17,
      18
    ],
    "target_frame_indices": [
      19,
      20,
      21,
      22,
      23,
      24,
      25,
      26,
      27,
      28,
      29,
      30,
      31,
      32,
      33
    ],
    "history_timestamps": [
      192.76925520649493,
      192.79425520649494,
      192.81925520649494,
      192.84425520649495,
      192.86925520649496,
      192.89425520649496,
      192.91925520649497,
      192.94425520649497,
      192.96925520649498,
      192.99425520649498,
      193.019255206495,
      193.044255206495,
      193.069255206495,
      193.094255206495,
      193.119255206495
    ],
    "target_timestamps": [
      193.14425520649502,
      193.16925520649502,
      193.19425520649503,
      193.21925520649503,
      193.24425520649504,
      193.26925520649505,
      193.29425520649505,
      193.31925520649506,
      193.34425520649506,
      193.36925520649507,
      193.39425520649507,
      193.41925520649508,
      193.4442552064951,
      193.4692552064951,
      193.4942552064951
    ]
  }
}