{
  "input": [
    [
      0.4840492010116577,
      0.5710597038269043
    ],
    [
      0.48401832580566406,
      0.571077823638916
    ],
    [
      0.4836008548736572,
      0.5710170865058899
    ],
    [
      0.48315414786338806,
      0.570950448513031
    ],
    [
      0.4823266565799713,
      0.5708060264587402
    ],
    [
      0.4819231927394867,
      0.5707631707191467
    ],
    [
      0.485858678817749,
      0.5717589855194092
    ],
    [
      0.4864708185195923,
      0.5731930732727051
    ],
    [
      0.4592992961406708,
      0.5782915949821472
    ],
    [
      0.4377424418926239,
      0.5823438167572021
    ],
    [
      0.45561742782592773,
      0.5790479183197021
    ],
    [
      0.4723779559135437,
      0.5759791135787964
    ],
    [
      0.4824292063713074,
      0.5742774605751038
    ],
    [
      0.4927912652492523,
      0.5724973678588867
    ],
    [
      0.5047820210456848,
      0.5703065991401672
    ]
  ],
  "target": [
    [
      0.5174727439880371,
      0.567976713180542
    ],
    [
      0.5333940982818604,
      0.5650049448013306
    ],
    [
      0.5500853657722473,
      0.5618801712989807
    ],
    [
      0.5699374079704285,
      0.5581274032592773
    ],
    [
      0.5906292796134949,
      0.5542077422142029
    ],
    [
      0.6144118905067444,
      0.5496739149093628
    ],
    [
      0.6178121566772461,
      0.5493521094322205
    ],
    [
      0.5535416603088379,
      0.5630142092704773
    ],
    [
      0.5048158764839172,
      0.5734768509864807
    ],
    [
      0.5029028654098511,
      0.5743040442466736
    ],
    [
      0.5006060004234314,
      0.5752184987068176
    ],
    [
      0.4972558617591858,
      0.5763720870018005
    ],
    [
      0.493496298789978,
      0.5776187181472778
    ],
    [
      0.48870906233787537,
      0.5790987610816956
    ],
    [
      0.4834868013858795,
      0.5806776285171509
    ]
  ],
  "meta": {
    "video_name": "test2.mp4",
    "video_stem": "test2",
    "video_path": "E:\\desktop\\open\\lstm-akf\\data\\video\\test2.mp4",
    "fps": 40.0,
    "segment_index": 113,
    "sample_index": 15,
    "start_frame_index": 5,
    "history_end_frame_index": 19,
    "target_end_frame_index": 34,
    "history_frame_indices": [
      5,
      6,
      7,
      8,
      9,
      10,
      11,
      12,
      13,
      14,
      15,
      16,
      17,
      18,
      19
    ],
    "target_frame_indices": [
      20,
      21,
      22,
      23,
      24,
      25,
      26,
      27,
      28,
      29,
      30,
      31,
      32,
      33,
      34
    ],
    "history_timestamps": [
      267.7707426363885,
      267.79574263638847,
      267.82074263638845,
      267.8457426363884,
      267.8707426363884,
      267.8957426363884,
      267.92074263638835,
      267.94574263638833,
      267.9707426363883,
      267.9957426363883,
      268.02074263638826,
      268.04574263638824,
      268.0707426363882,
      268.0957426363882,
      268.1207426363882
    ],
    "target_timestamps": [
      268.14574263638815,
      268.1707426363881,
      268.1957426363881,
      268.2207426363881,
      268.24574263638806,
      268.27074263638804,
      268.295742636388,
      268.320742636388,
      268.34574263638797,
      268.37074263638794,
      268.3957426363879,
      268.4207426363879,
      268.4457426363879,
      268.47074263638785,
      268.49574263638783
    ]
  }
}