{
  "input": [
    [
      0.49639734625816345,
      0.558463454246521
    ],
    [
      0.5138290524482727,
      0.5562930107116699
    ],
    [
      0.5203220248222351,
      0.5547441244125366
    ],
    [
      0.5258945226669312,
      0.5533246397972107
    ],
    [
      0.5189230442047119,
      0.5536680817604065
    ],
    [
      0.5124174356460571,
      0.5539656281471252
    ],
    [
      0.510852038860321,
      0.55377596616745
    ],
    [
      0.509226381778717,
      0.5536847710609436
    ],
    [
      0.5070821046829224,
      0.5544419288635254
    ],
    [
      0.5050445795059204,
      0.5551756024360657
    ],
    [
      0.5037769675254822,
      0.5557396411895752
    ],
    [
      0.502449095249176,
      0.5562407374382019
    ],
    [
      0.5007494688034058,
      0.5563534498214722
    ],
    [
      0.4991128146648407,
      0.5564588308334351
    ],
    [
      0.49781322479248047,
      0.5565249919891357
    ]
  ],
  "target": [
    [
      0.4964045584201813,
      0.5565635561943054
    ],
    [
      0.49448221921920776,
      0.5564721822738647
    ],
    [
      0.492557555437088,
      0.5563822984695435
    ],
    [
      0.49062326550483704,
      0.5562989115715027
    ],
    [
      0.4886677861213684,
      0.5561939477920532
    ],
    [
      0.4866330027580261,
      0.5560082793235779
    ],
    [
      0.4845752716064453,
      0.5557992458343506
    ],
    [
      0.4824400246143341,
      0.5555113554000854
    ],
    [
      0.4841841459274292,
      0.5561792254447937
    ],
    [
      0.4977917969226837,
      0.559769868850708
    ],
    [
      0.5076005458831787,
      0.5624914169311523
    ],
    [
      0.5068307518959045,
      0.5627925992012024
    ],
    [
      0.5053516626358032,
      0.5629690885543823
    ],
    [
      0.5020671486854553,
      0.5628283023834229
    ],
    [
      0.4991966485977173,
      0.5627413392066956
    ]
  ]
}