{
  "input": [
    [
      0.5476765632629395,
      0.5655583739280701
    ],
    [
      0.5487976670265198,
      0.565521240234375
    ],
    [
      0.5499500632286072,
      0.5654314756393433
    ],
    [
      0.5512528419494629,
      0.565337061882019
    ],
    [
      0.5527569651603699,
      0.5652363896369934
    ],
    [
      0.5539378523826599,
      0.5653434991836548
    ],
    [
      0.5547158718109131,
      0.5657095909118652
    ],
    [
      0.5558860898017883,
      0.5659689903259277
    ],
    [
      0.5575113892555237,
      0.5661046504974365
    ],
    [
      0.5592461824417114,
      0.5662614107131958
    ],
    [
      0.5610993504524231,
      0.5664411187171936
    ],
    [
      0.5630660653114319,
      0.566642701625824
    ],
    [
      0.5651470422744751,
      0.566866397857666
    ],
    [
      0.5673456788063049,
      0.5671128630638123
    ],
    [
      0.5696545243263245,
      0.5673805475234985
    ]
  ],
  "target": [
    [
      0.5707116723060608,
      0.5669412016868591
    ],
    [
      0.5706773400306702,
      0.5658852458000183
    ],
    [
      0.5716443657875061,
      0.5653194189071655
    ],
    [
      0.5734241604804993,
      0.5651513338088989
    ],
    [
      0.5752420425415039,
      0.5649595856666565
    ],
    [
      0.5770887136459351,
      0.5647498965263367
    ],
    [
      0.578831672668457,
      0.5647455453872681
    ],
    [
      0.5805017948150635,
      0.5648852586746216
    ],
    [
      0.5822638273239136,
      0.5651120543479919
    ],
    [
      0.5840857625007629,
      0.5653955340385437
    ],
    [
      0.5849354267120361,
      0.565552294254303
    ],
    [
      0.5851972103118896,
      0.5656325221061707
    ],
    [
      0.584987461566925,
      0.5655239820480347
    ],
    [
      0.5845136046409607,
      0.5653098821640015
    ],
    [
      0.5840057134628296,
      0.5652055740356445
    ]
  ]
}