{
  "input": [
    [
      0.5209203362464905,
      0.5557062029838562
    ],
    [
      0.5204146504402161,
      0.5554036498069763
    ],
    [
      0.5199971199035645,
      0.555094301700592
    ],
    [
      0.5197163820266724,
      0.5547744631767273
    ],
    [
      0.5194599032402039,
      0.5544142127037048
    ],
    [
      0.5192383527755737,
      0.5539955496788025
    ],
    [
      0.5244559645652771,
      0.5557748079299927
    ],
    [
      0.5369622111320496,
      0.5604992508888245
    ],
    [
      0.5443047285079956,
      0.5632492899894714
    ],
    [
      0.5452110171318054,
      0.5635382533073425
    ],
    [
      0.5451382994651794,
      0.563831627368927
    ],
    [
      0.5439298748970032,
      0.5641301870346069
    ],
    [
      0.5425108671188354,
      0.5644027590751648
    ],
    [
      0.5408644676208496,
      0.5646473169326782
    ],
    [
      0.5393064618110657,
      0.5647090673446655
    ]
  ],
  "target": [
    [
      0.5378372669219971,
      0.5645871162414551
    ],
    [
      0.5359272360801697,
      0.5642365217208862
    ],
    [
      0.5336042642593384,
      0.5636717677116394
    ],
    [
      0.5318881869316101,
      0.5631620287895203
    ],
    [
      0.5307013392448425,
      0.5627002120018005
    ],
    [
      0.5289499163627625,
      0.5620471239089966
    ],
    [
      0.5267402529716492,
      0.5612387657165527
    ],
    [
      0.5243950486183167,
      0.5603005290031433
    ],
    [
      0.5219475030899048,
      0.5592642426490784
    ],
    [
      0.5193601846694946,
      0.5580940842628479
    ],
    [
      0.5166747570037842,
      0.5568299293518066
    ],
    [
      0.5248551368713379,
      0.556659996509552
    ],
    [
      0.5401177406311035,
      0.5572033524513245
    ],
    [
      0.547186553478241,
      0.5578641295433044
    ],
    [
      0.5493015050888062,
      0.5585958957672119
    ]
  ]
}