{
  "input": [
    [
      0.4823717176914215,
      0.5899004340171814
    ],
    [
      0.47983571887016296,
      0.5900261402130127
    ],
    [
      0.47759437561035156,
      0.5898177027702332
    ],
    [
      0.47450006008148193,
      0.5898272395133972
    ],
    [
      0.47051793336868286,
      0.5900636911392212
    ],
    [
      0.4670930802822113,
      0.590065062046051
    ],
    [
      0.4642083942890167,
      0.5898385643959045
    ],
    [
      0.4603281617164612,
      0.5895128846168518
    ],
    [
      0.45554935932159424,
      0.589097797870636
    ],
    [
      0.45180898904800415,
      0.589333176612854
    ],
    [
      0.4489412009716034,
      0.5901151299476624
    ],
    [
      0.4450263977050781,
      0.5899253487586975
    ],
    [
      0.44029295444488525,
      0.5889758467674255
    ],
    [
      0.44990959763526917,
      0.5858020186424255
    ],
    [
      0.4699600338935852,
      0.5810109376907349
    ]
  ],
  "target": [
    [
      0.4822031259536743,
      0.5779575705528259
    ],
    [
      0.4891718626022339,
      0.5760782361030579
    ],
    [
      0.49164262413978577,
      0.5753235220909119
    ],
    [
      0.4912931025028229,
      0.5752739906311035
    ],
    [
      0.48727351427078247,
      0.5754126310348511
    ],
    [
      0.48112085461616516,
      0.5756605863571167
    ],
    [
      0.47523531317710876,
      0.5760998725891113
    ],
    [
      0.46949341893196106,
      0.5766419768333435
    ],
    [
      0.4625881016254425,
      0.5774319171905518
    ],
    [
      0.45510464906692505,
      0.578345000743866
    ],
    [
      0.4506853520870209,
      0.5767595767974854
    ],
    [
      0.4476695656776428,
      0.5740296244621277
    ],
    [
      0.4583759605884552,
      0.5765721201896667
    ],
    [
      0.4748615622520447,
      0.5813350081443787
    ],
    [
      0.4837268888950348,
      0.5843290686607361
    ]
  ]
}