{
  "input": [
    [
      0.5421944856643677,
      0.5599600672721863
    ],
    [
      0.5424759984016418,
      0.5600171089172363
    ],
    [
      0.5424764156341553,
      0.559971272945404
    ],
    [
      0.5424033999443054,
      0.5598985552787781
    ],
    [
      0.5429840087890625,
      0.5599547624588013
    ],
    [
      0.5437174439430237,
      0.5600411295890808
    ],
    [
      0.5444546937942505,
      0.5601024031639099
    ],
    [
      0.5451927781105042,
      0.5601584911346436
    ],
    [
      0.5460338592529297,
      0.5602145791053772
    ],
    [
      0.5468936562538147,
      0.5602706670761108
    ],
    [
      0.5479027628898621,
      0.5603328347206116
    ],
    [
      0.5489354133605957,
      0.5603959560394287
    ],
    [
      0.5513715744018555,
      0.560279369354248
    ],
    [
      0.5539960265159607,
      0.5601386427879333
    ],
    [
      0.5548571944236755,
      0.5600081086158752
    ]
  ],
  "target": [
    [
      0.5555213689804077,
      0.5598787069320679
    ],
    [
      0.5564824342727661,
      0.5597331523895264
    ],
    [
      0.5574703216552734,
      0.559586226940155
    ],
    [
      0.5574203729629517,
      0.5598143339157104
    ],
    [
      0.5572983622550964,
      0.5600684285163879
    ],
    [
      0.5573635697364807,
      0.5601518750190735
    ],
    [
      0.5574380159378052,
      0.5602268576622009
    ],
    [
      0.5572420954704285,
      0.5603327751159668
    ],
    [
      0.5570380687713623,
      0.5604395866394043
    ],
    [
      0.5565587878227234,
      0.5605778694152832
    ],
    [
      0.5560745000839233,
      0.5607166886329651
    ],
    [
      0.5553135275840759,
      0.5608870983123779
    ],
    [
      0.5545458197593689,
      0.5610583424568176
    ],
    [
      0.5535063743591309,
      0.5612605810165405
    ],
    [
      0.5526096224784851,
      0.5614312291145325
    ]
  ]
}