{
  "input": [
    [
      0.5229293704032898,
      0.7059013843536377
    ],
    [
      0.5328139066696167,
      0.7043060064315796
    ],
    [
      0.5416446328163147,
      0.7022788524627686
    ],
    [
      0.549721896648407,
      0.699923574924469
    ],
    [
      0.5573462247848511,
      0.6973437666893005
    ],
    [
      0.5643748044967651,
      0.6938146352767944
    ],
    [
      0.5709705948829651,
      0.6905462741851807
    ],
    [
      0.5771613121032715,
      0.6871321797370911
    ],
    [
      0.5829746723175049,
      0.6831659078598022
    ],
    [
      0.5194730162620544,
      0.6615136861801147
    ],
    [
      0.4673680365085602,
      0.6457560658454895
    ],
    [
      0.4321524500846863,
      0.6363820433616638
    ],
    [
      0.41931894421577454,
      0.6338806748390198
    ],
    [
      0.4260518252849579,
      0.6353031396865845
    ],
    [
      0.43777570128440857,
      0.6396375894546509
    ]
  ],
  "target": [
    [
      0.4520750045776367,
      0.6447281241416931
    ],
    [
      0.4665341377258301,
      0.6484189033508301
    ],
    [
      0.47622013092041016,
      0.6501456499099731
    ],
    [
      0.4837196469306946,
      0.6511701345443726
    ],
    [
      0.4937278926372528,
      0.652978777885437
    ],
    [
      0.5109400153160095,
      0.65705806016922
    ],
    [
      0.5032255053520203,
      0.6525710821151733
    ],
    [
      0.5035290122032166,
      0.6503049731254578
    ],
    [
      0.5080474019050598,
      0.6490299105644226
    ],
    [
      0.5129775404930115,
      0.6475159525871277
    ],
    [
      0.5176973342895508,
      0.6461203694343567
    ],
    [
      0.52215576171875,
      0.6451901197433472
    ],
    [
      0.5016711950302124,
      0.650122880935669
    ],
    [
      0.4315618574619293,
      0.6663163304328918
    ],
    [
      0.39149898290634155,
      0.6799567937850952
    ]
  ],
  "meta": {
    "video_name": "test1.mp4",
    "video_stem": "test1",
    "video_path": "E:\\desktop\\open\\lstm-akf\\data\\video\\test1.mp4",
    "fps": 40.0,
    "segment_index": 0,
    "sample_index": 706,
    "start_frame_index": 696,
    "history_end_frame_index": 710,
    "target_end_frame_index": 725,
    "history_frame_indices": [
      696,
      697,
      698,
      699,
      700,
      701,
      702,
      703,
      704,
      705,
      706,
      707,
      708,
      709,
      710
    ],
    "target_frame_indices": [
      711,
      712,
      713,
      714,
      715,
      716,
      717,
      718,
      719,
      720,
      721,
      722,
      723,
      724,
      725
    ],
    "history_timestamps": [
      18.100000000000016,
      18.125000000000014,
      18.150000000000016,
      18.175000000000015,
      18.200000000000014,
      18.225000000000016,
      18.250000000000014,
      18.275000000000016,
      18.300000000000015,
      18.325000000000014,
      18.350000000000016,
      18.375000000000014,
      18.400000000000016,
      18.425000000000015,
      18.450000000000014
    ],
    "target_timestamps": [
      18.475000000000016,
      18.500000000000014,
      18.525000000000016,
      18.550000000000015,
      18.575000000000014,
      18.600000000000016,
      18.625000000000014,
      18.650000000000016,
      18.675000000000015,
      18.700000000000014,
      18.725000000000016,
      18.750000000000014,
      18.775000000000016,
      18.800000000000015,
      18.825000000000017
    ]
  }
}