{
  "input": [
    [
      0.5049935579299927,
      0.5857556462287903
    ],
    [
      0.4992320239543915,
      0.5850640535354614
    ],
    [
      0.49478018283843994,
      0.5849609375
    ],
    [
      0.49800702929496765,
      0.5837147831916809
    ],
    [
      0.5205077528953552,
      0.5795994400978088
    ],
    [
      0.5390000939369202,
      0.5762204527854919
    ],
    [
      0.548258900642395,
      0.5745375752449036
    ],
    [
      0.5552480816841125,
      0.5732874870300293
    ],
    [
      0.5574256181716919,
      0.5729547142982483
    ],
    [
      0.5586097836494446,
      0.5727680325508118
    ],
    [
      0.5578511357307434,
      0.5728669762611389
    ],
    [
      0.5568206906318665,
      0.5729545950889587
    ],
    [
      0.5552988052368164,
      0.5730215907096863
    ],
    [
      0.5538368225097656,
      0.5731165409088135
    ],
    [
      0.5524753332138062,
      0.5732583403587341
    ]
  ],
  "target": [
    [
      0.5513617992401123,
      0.5734304785728455
    ],
    [
      0.5506334900856018,
      0.5736497044563293
    ],
    [
      0.5500175356864929,
      0.573806643486023
    ],
    [
      0.5495637059211731,
      0.57387375831604
    ],
    [
      0.5490871667861938,
      0.5738409161567688
    ],
    [
      0.5485801100730896,
      0.5736740827560425
    ],
    [
      0.5476037263870239,
      0.5734724998474121
    ],
    [
      0.5460423231124878,
      0.5732276439666748
    ],
    [
      0.5446785688400269,
      0.5730946660041809
    ],
    [
      0.5435440540313721,
      0.573091447353363
    ],
    [
      0.5422176718711853,
      0.5730414390563965
    ],
    [
      0.5406841039657593,
      0.5729407668113708
    ],
    [
      0.5390797853469849,
      0.5728278756141663
    ],
    [
      0.5374043583869934,
      0.5727027654647827
    ],
    [
      0.535655677318573,
      0.5725650191307068
    ]
  ],
  "meta": {
    "video_name": "test2.mp4",
    "video_stem": "test2",
    "video_path": "E:\\desktop\\open\\lstm-akf\\data\\video\\test2.mp4",
    "fps": 40.0,
    "segment_index": 101,
    "sample_index": 39,
    "start_frame_index": 29,
    "history_end_frame_index": 43,
    "target_end_frame_index": 58,
    "history_frame_indices": [
      29,
      30,
      31,
      32,
      33,
      34,
      35,
      36,
      37,
      38,
      39,
      40,
      41,
      42,
      43
    ],
    "target_frame_indices": [
      44,
      45,
      46,
      47,
      48,
      49,
      50,
      51,
      52,
      53,
      54,
      55,
      56,
      57,
      58
    ],
    "history_timestamps": [
      220.64942248107639,
      220.6744224810764,
      220.6994224810764,
      220.7244224810764,
      220.7494224810764,
      220.7744224810764,
      220.79942248107642,
      220.82442248107643,
      220.84942248107643,
      220.87442248107644,
      220.89942248107644,
      220.92442248107645,
      220.94942248107645,
      220.97442248107646,
      220.99942248107646
    ],
    "target_timestamps": [
      221.02442248107647,
      221.04942248107648,
      221.07442248107648,
      221.0994224810765,
      221.1244224810765,
      221.1494224810765,
      221.1744224810765,
      221.1994224810765,
      221.22442248107652,
      221.24942248107652,
      221.27442248107653,
      221.29942248107653,
      221.32442248107654,
      221.34942248107654,
      221.37442248107655
    ]
  }
}