{
  "input": [
    [
      0.5130617618560791,
      0.5538390278816223
    ],
    [
      0.5129002928733826,
      0.5537328720092773
    ],
    [
      0.5128075480461121,
      0.5536635518074036
    ],
    [
      0.5128069519996643,
      0.5536434650421143
    ],
    [
      0.5128236413002014,
      0.5536109805107117
    ],
    [
      0.5128619074821472,
      0.5535629987716675
    ],
    [
      0.5131195187568665,
      0.5536046624183655
    ],
    [
      0.5136316418647766,
      0.5537503361701965
    ],
    [
      0.5139616131782532,
      0.5538524985313416
    ],
    [
      0.514094889163971,
      0.5539076924324036
    ],
    [
      0.5143502354621887,
      0.5539849400520325
    ],
    [
      0.5147284269332886,
      0.554084300994873
    ],
    [
      0.5151510238647461,
      0.5541986227035522
    ],
    [
      0.5156151652336121,
      0.5543269515037537
    ],
    [
      0.5161252021789551,
      0.5544706583023071
    ]
  ],
  "target": [
    [
      0.5166752338409424,
      0.5546278953552246
    ],
    [
      0.5105341076850891,
      0.5566318035125732
    ],
    [
      0.4989621341228485,
      0.5601345896720886
    ],
    [
      0.49468323588371277,
      0.5616966485977173
    ],
    [
      0.49591079354286194,
      0.5617933869361877
    ],
    [
      0.49725160002708435,
      0.5617491602897644
    ],
    [
      0.4986719489097595,
      0.5616059899330139
    ],
    [
      0.5007844567298889,
      0.5613610744476318
    ],
    [
      0.5033481121063232,
      0.5610498785972595
    ],
    [
      0.5059587955474854,
      0.5608958601951599
    ],
    [
      0.5085979700088501,
      0.560836911201477
    ],
    [
      0.5110585689544678,
      0.5607391595840454
    ],
    [
      0.5134192705154419,
      0.5606197714805603
    ],
    [
      0.5149054527282715,
      0.5609064102172852
    ],
    [
      0.5159387588500977,
      0.5614033341407776
    ]
  ]
}