{
  "input": [
    [
      0.49547067284584045,
      0.5588793754577637
    ],
    [
      0.49569693207740784,
      0.5588058233261108
    ],
    [
      0.4959050714969635,
      0.5587121844291687
    ],
    [
      0.48349958658218384,
      0.5615132451057434
    ],
    [
      0.4675488770008087,
      0.5651279091835022
    ],
    [
      0.46275055408477783,
      0.566468358039856
    ],
    [
      0.46076810359954834,
      0.5672345757484436
    ],
    [
      0.4623327851295471,
      0.567423939704895
    ],
    [
      0.46469616889953613,
      0.5674833655357361
    ],
    [
      0.46725723147392273,
      0.5673168301582336
    ],
    [
      0.4698576033115387,
      0.567105233669281
    ],
    [
      0.4732487201690674,
      0.5667922496795654
    ],
    [
      0.4767773747444153,
      0.5664615631103516
    ],
    [
      0.4788413345813751,
      0.5663508772850037
    ],
    [
      0.48068568110466003,
      0.5662730932235718
    ]
  ],
  "target": [
    [
      0.48344266414642334,
      0.5661159157752991
    ],
    [
      0.48631542921066284,
      0.5659486055374146
    ],
    [
      0.4882526397705078,
      0.5662747621536255
    ],
    [
      0.4900919198989868,
      0.5666525959968567
    ],
    [
      0.4793201684951782,
      0.5653349161148071
    ],
    [
      0.4674970805644989,
      0.5638759136199951
    ],
    [
      0.4630312919616699,
      0.5631503462791443
    ],
    [
      0.4590279757976532,
      0.5624708533287048
    ],
    [
      0.4629642963409424,
      0.5621604919433594
    ],
    [
      0.4672430157661438,
      0.561866044998169
    ],
    [
      0.47157204151153564,
      0.5616104006767273
    ],
    [
      0.4759022891521454,
      0.561355710029602
    ],
    [
      0.48146480321884155,
      0.5614503026008606
    ],
    [
      0.4870060384273529,
      0.5615466237068176
    ],
    [
      0.4902288317680359,
      0.5616201162338257
    ]
  ]
}