{
  "input": [
    [
      0.5634819865226746,
      0.5602541565895081
    ],
    [
      0.560463547706604,
      0.5606145262718201
    ],
    [
      0.5581784248352051,
      0.5604071617126465
    ],
    [
      0.5560615658760071,
      0.5600695013999939
    ],
    [
      0.5542405843734741,
      0.5597251653671265
    ],
    [
      0.5524796843528748,
      0.5593794584274292
    ],
    [
      0.5501516461372375,
      0.5593619346618652
    ],
    [
      0.5477226376533508,
      0.5594028830528259
    ],
    [
      0.5459850430488586,
      0.5590680837631226
    ],
    [
      0.5443536639213562,
      0.5586755871772766
    ],
    [
      0.5420879125595093,
      0.5582236647605896
    ],
    [
      0.5397393107414246,
      0.557763934135437
    ],
    [
      0.5382875204086304,
      0.5577746629714966
    ],
    [
      0.5369327068328857,
      0.5578362941741943
    ],
    [
      0.5348448753356934,
      0.5572093725204468
    ]
  ],
  "target": [
    [
      0.5326935052871704,
      0.556522786617279
    ],
    [
      0.5315203070640564,
      0.5560592412948608
    ],
    [
      0.5304117798805237,
      0.5556104183197021
    ],
    [
      0.5292586088180542,
      0.5550479292869568
    ],
    [
      0.5281033515930176,
      0.5544801354408264
    ],
    [
      0.527179479598999,
      0.553841769695282
    ],
    [
      0.5262618660926819,
      0.55320143699646
    ],
    [
      0.5345378518104553,
      0.5572509169578552
    ],
    [
      0.5428273677825928,
      0.5613073110580444
    ],
    [
      0.5440074801445007,
      0.5617406368255615
    ],
    [
      0.5451956987380981,
      0.5621668100357056
    ],
    [
      0.5466769337654114,
      0.5623340010643005
    ],
    [
      0.5480857491493225,
      0.5624901056289673
    ],
    [
      0.5479526519775391,
      0.5624087452888489
    ],
    [
      0.5477932095527649,
      0.5623263716697693
    ]
  ]
}