{
  "input": [
    [
      0.5601345300674438,
      0.5884984135627747
    ],
    [
      0.5560762882232666,
      0.5900847911834717
    ],
    [
      0.5515567064285278,
      0.5917962789535522
    ],
    [
      0.5458791851997375,
      0.5938218235969543
    ],
    [
      0.5453329682350159,
      0.5948383808135986
    ],
    [
      0.5566068291664124,
      0.5935306549072266
    ],
    [
      0.5651398301124573,
      0.5927487015724182
    ],
    [
      0.567861795425415,
      0.5930815935134888
    ],
    [
      0.5716286301612854,
      0.5930648446083069
    ],
    [
      0.57743901014328,
      0.5923642516136169
    ],
    [
      0.5828081965446472,
      0.5916298031806946
    ],
    [
      0.5873796939849854,
      0.5908341407775879
    ],
    [
      0.5926007032394409,
      0.5899093747138977
    ],
    [
      0.5989090800285339,
      0.5887684226036072
    ],
    [
      0.5892511010169983,
      0.5854562520980835
    ]
  ],
  "target": [
    [
      0.5548011660575867,
      0.5787728428840637
    ],
    [
      0.5320625901222229,
      0.5743510723114014
    ],
    [
      0.5262090563774109,
      0.5731901526451111
    ],
    [
      0.5227780938148499,
      0.5725329518318176
    ],
    [
      0.5225933194160461,
      0.5725507736206055
    ],
    [
      0.5233898162841797,
      0.5727189183235168
    ],
    [
      0.5254092216491699,
      0.5730742812156677
    ],
    [
      0.5271220803260803,
      0.5735370516777039
    ],
    [
      0.5284793376922607,
      0.5741243958473206
    ],
    [
      0.530855119228363,
      0.5750439763069153
    ],
    [
      0.5343310236930847,
      0.5763224959373474
    ],
    [
      0.5348253846168518,
      0.5766478776931763
    ],
    [
      0.532321035861969,
      0.5760147571563721
    ],
    [
      0.5313435792922974,
      0.5759525895118713
    ],
    [
      0.5317960977554321,
      0.5764250755310059
    ]
  ],
  "meta": {
    "video_name": "test2.mp4",
    "video_stem": "test2",
    "video_path": "E:\\desktop\\open\\lstm-akf\\data\\video\\test2.mp4",
    "fps": 40.0,
    "segment_index": 167,
    "sample_index": 40,
    "start_frame_index": 30,
    "history_end_frame_index": 44,
    "target_end_frame_index": 59,
    "history_frame_indices": [
      30,
      31,
      32,
      33,
      34,
      35,
      36,
      37,
      38,
      39,
      40,
      41,
      42,
      43,
      44
    ],
    "target_frame_indices": [
      45,
      46,
      47,
      48,
      49,
      50,
      51,
      52,
      53,
      54,
      55,
      56,
      57,
      58,
      59
    ],
    "history_timestamps": [
      402.24339137937733,
      402.2683913793773,
      402.2933913793773,
      402.31839137937726,
      402.34339137937724,
      402.3683913793772,
      402.3933913793772,
      402.41839137937717,
      402.44339137937715,
      402.4683913793771,
      402.4933913793771,
      402.5183913793771,
      402.54339137937706,
      402.56839137937703,
      402.593391379377
    ],
    "target_timestamps": [
      402.618391379377,
      402.64339137937696,
      402.66839137937694,
      402.6933913793769,
      402.7183913793769,
      402.7433913793769,
      402.76839137937685,
      402.7933913793768,
      402.8183913793768,
      402.8433913793768,
      402.86839137937676,
      402.89339137937674,
      402.9183913793767,
      402.9433913793767,
      402.96839137937667
    ]
  }
}