{
  "input": [
    [
      0.5427126884460449,
      0.7052231431007385
    ],
    [
      0.5516489148139954,
      0.7033361196517944
    ],
    [
      0.5608155727386475,
      0.7013940811157227
    ],
    [
      0.5698346495628357,
      0.6997668147087097
    ],
    [
      0.5783282518386841,
      0.6988239884376526
    ],
    [
      0.5043761730194092,
      0.7106138467788696
    ],
    [
      0.4505005478858948,
      0.7216898798942566
    ],
    [
      0.4187431037425995,
      0.7307231426239014
    ],
    [
      0.41114541888237,
      0.7363845705986023
    ],
    [
      0.42427346110343933,
      0.7380856871604919
    ],
    [
      0.44304314255714417,
      0.7388016581535339
    ],
    [
      0.4642592668533325,
      0.7396182417869568
    ],
    [
      0.4847267270088196,
      0.7416212558746338
    ],
    [
      0.5000832080841064,
      0.7428247332572937
    ],
    [
      0.5133107900619507,
      0.7429332137107849
    ]
  ],
  "target": [
    [
      0.5250387787818909,
      0.7424145340919495
    ],
    [
      0.5358965396881104,
      0.7417364716529846
    ],
    [
      0.5456379652023315,
      0.7405362725257874
    ],
    [
      0.5554742813110352,
      0.7389028668403625
    ],
    [
      0.5649817585945129,
      0.7365816235542297
    ],
    [
      0.573736846446991,
      0.7333178520202637
    ],
    [
      0.5818025469779968,
      0.7302656769752502
    ],
    [
      0.5901984572410583,
      0.7280027866363525
    ],
    [
      0.5733122825622559,
      0.7163484692573547
    ],
    [
      0.5055317878723145,
      0.685122013092041
    ],
    [
      0.4593961238861084,
      0.6678980588912964
    ],
    [
      0.4353116452693939,
      0.6602393984794617
    ],
    [
      0.42881011962890625,
      0.6593878865242004
    ],
    [
      0.43542343378067017,
      0.6625851988792419
    ],
    [
      0.4503687620162964,
      0.668142557144165
    ]
  ]
}