{
  "input": [
    [
      0.6653785109519958,
      0.5723307728767395
    ],
    [
      0.6653785109519958,
      0.5723307728767395
    ],
    [
      0.6647405028343201,
      0.5724396705627441
    ],
    [
      0.6289085745811462,
      0.5785556435585022
    ],
    [
      0.5933602452278137,
      0.5846232175827026
    ],
    [
      0.5654913783073425,
      0.5893800258636475
    ]
  ],
  "target": [
    [
      0.5407604575157166,
      0.5937323570251465
    ],
    [
      0.5716345310211182,
      0.5909173488616943
    ],
    [
      0.6010724306106567,
      0.5883154273033142
    ],
    [
      0.6117823719978333,
      0.5884931087493896
    ],
    [
      0.6230392456054688,
      0.5886237025260925
    ],
    [
      0.6398924589157104,
      0.5882718563079834
    ],
    [
      0.6495205760002136,
      0.5872253775596619
    ],
    [
      0.5987464785575867,
      0.5803713798522949
    ],
    [
      0.5540794134140015,
      0.5743272304534912
    ],
    [
      0.5523016452789307,
      0.5739710927009583
    ],
    [
      0.5511491298675537,
      0.5738170742988586
    ],
    [
      0.5537602305412292,
      0.57487952709198
    ],
    [
      0.5565177798271179,
      0.5759161710739136
    ],
    [
      0.5600425004959106,
      0.5768175721168518
    ],
    [
      0.5640881061553955,
      0.577668309211731
    ]
  ],
  "meta": {
    "video_name": "test2.mp4",
    "video_stem": "test2",
    "video_path": "E:\\desktop\\open\\lstm-akf\\data\\video\\test2.mp4",
    "fps": 40.0,
    "segment_index": 167,
    "sample_index": 1,
    "start_frame_index": 0,
    "history_end_frame_index": 5,
    "target_end_frame_index": 20,
    "history_frame_indices": [
      0,
      1,
      2,
      3,
      4,
      5
    ],
    "target_frame_indices": [
      6,
      7,
      8,
      9,
      10,
      11,
      12,
      13,
      14,
      15,
      16,
      17,
      18,
      19,
      20
    ],
    "history_timestamps": [
      401.493391379378,
      401.518391379378,
      401.54339137937797,
      401.56839137937794,
      401.5933913793779,
      401.6183913793779
    ],
    "target_timestamps": [
      401.6433913793779,
      401.66839137937785,
      401.69339137937783,
      401.7183913793778,
      401.7433913793778,
      401.76839137937776,
      401.79339137937774,
      401.8183913793777,
      401.8433913793777,
      401.86839137937767,
      401.89339137937765,
      401.9183913793776,
      401.9433913793776,
      401.9683913793776,
      401.99339137937756
    ]
  }
}