{
  "input": [
    [
      0.6306518912315369,
      0.5773301720619202
    ],
    [
      0.6296319961547852,
      0.5774303078651428
    ],
    [
      0.6284939050674438,
      0.5775078535079956
    ],
    [
      0.6269888877868652,
      0.5775154829025269
    ],
    [
      0.6256107687950134,
      0.5776512026786804
    ],
    [
      0.6245913505554199,
      0.5781487226486206
    ],
    [
      0.6232284307479858,
      0.5785146355628967
    ],
    [
      0.6209787130355835,
      0.5785408020019531
    ],
    [
      0.6189171671867371,
      0.5785664319992065
    ],
    [
      0.6173012256622314,
      0.5785908699035645
    ],
    [
      0.6157746911048889,
      0.5785122513771057
    ],
    [
      0.6144428253173828,
      0.5782091617584229
    ],
    [
      0.6131104826927185,
      0.577941358089447
    ],
    [
      0.6117772459983826,
      0.5777444243431091
    ],
    [
      0.6098212599754333,
      0.5776814818382263
    ]
  ],
  "target": [
    [
      0.60671067237854,
      0.5778669118881226
    ],
    [
      0.6040120720863342,
      0.577895998954773
    ],
    [
      0.6020204424858093,
      0.5776568055152893
    ],
    [
      0.5994301438331604,
      0.5771693587303162
    ],
    [
      0.5958877801895142,
      0.5762869119644165
    ],
    [
      0.5924187898635864,
      0.5755267143249512
    ],
    [
      0.5890582799911499,
      0.5749468803405762
    ],
    [
      0.5961987376213074,
      0.5766334533691406
    ],
    [
      0.6177447438240051,
      0.5814292430877686
    ],
    [
      0.6344714164733887,
      0.585204541683197
    ],
    [
      0.6450499892234802,
      0.5876781940460205
    ],
    [
      0.6502660512924194,
      0.5893089175224304
    ],
    [
      0.6491163969039917,
      0.5899391174316406
    ],
    [
      0.6459529399871826,
      0.5901310443878174
    ],
    [
      0.64056396484375,
      0.5898385047912598
    ]
  ]
}