{
  "input": [
    [
      0.5437859892845154,
      0.7174780964851379
    ],
    [
      0.49819862842559814,
      0.6989565491676331
    ],
    [
      0.43658769130706787,
      0.6766414046287537
    ],
    [
      0.39794474840164185,
      0.6626647114753723
    ],
    [
      0.3909034729003906,
      0.6615287065505981
    ],
    [
      0.39627957344055176,
      0.6643322706222534
    ],
    [
      0.41068315505981445,
      0.6692795157432556
    ],
    [
      0.4307243824005127,
      0.6745745539665222
    ],
    [
      0.4492191970348358,
      0.6796438097953796
    ],
    [
      0.4652482569217682,
      0.683208167552948
    ],
    [
      0.4787222146987915,
      0.6853896975517273
    ],
    [
      0.48955175280570984,
      0.6863105893135071
    ],
    [
      0.49821382761001587,
      0.6859298944473267
    ],
    [
      0.5061696767807007,
      0.6849817633628845
    ],
    [
      0.5138134956359863,
      0.6837353110313416
    ]
  ],
  "target": [
    [
      0.5215394496917725,
      0.6824597716331482
    ],
    [
      0.5300180912017822,
      0.6805902123451233
    ],
    [
      0.5387018918991089,
      0.6786133646965027
    ],
    [
      0.5475793480873108,
      0.6762902140617371
    ],
    [
      0.5566391348838806,
      0.6733815670013428
    ],
    [
      0.5648649334907532,
      0.6697479486465454
    ],
    [
      0.5008565187454224,
      0.683054506778717
    ],
    [
      0.428523451089859,
      0.700032114982605
    ],
    [
      0.41177549958229065,
      0.7074114680290222
    ],
    [
      0.4191421866416931,
      0.7115035057067871
    ],
    [
      0.4345897436141968,
      0.7138022780418396
    ],
    [
      0.45380938053131104,
      0.7146236896514893
    ],
    [
      0.47249239683151245,
      0.7142837643623352
    ],
    [
      0.4871053397655487,
      0.7138696908950806
    ],
    [
      0.499508261680603,
      0.7131012082099915
    ]
  ],
  "meta": {
    "video_name": "test1.mp4",
    "video_stem": "test1",
    "video_path": "E:\\desktop\\open\\lstm-akf\\data\\video\\test1.mp4",
    "fps": 40.0,
    "segment_index": 0,
    "sample_index": 599,
    "start_frame_index": 589,
    "history_end_frame_index": 603,
    "target_end_frame_index": 618,
    "history_frame_indices": [
      589,
      590,
      591,
      592,
      593,
      594,
      595,
      596,
      597,
      598,
      599,
      600,
      601,
      602,
      603
    ],
    "target_frame_indices": [
      604,
      605,
      606,
      607,
      608,
      609,
      610,
      611,
      612,
      613,
      614,
      615,
      616,
      617,
      618
    ],
    "history_timestamps": [
      15.425000000000013,
      15.450000000000012,
      15.475000000000012,
      15.500000000000012,
      15.525000000000013,
      15.550000000000013,
      15.575000000000012,
      15.600000000000012,
      15.625000000000012,
      15.650000000000013,
      15.675000000000013,
      15.700000000000014,
      15.725000000000012,
      15.750000000000012,
      15.775000000000013
    ],
    "target_timestamps": [
      15.800000000000013,
      15.825000000000014,
      15.850000000000012,
      15.875000000000012,
      15.900000000000013,
      15.925000000000013,
      15.950000000000014,
      15.975000000000012,
      16.000000000000014,
      16.025000000000013,
      16.050000000000015,
      16.075000000000014,
      16.100000000000012,
      16.125000000000014,
      16.150000000000013
    ]
  }
}