{
  "input": [
    [
      0.4735865890979767,
      0.7777618765830994
    ],
    [
      0.47518450021743774,
      0.7794375419616699
    ],
    [
      0.4766879379749298,
      0.7810674905776978
    ],
    [
      0.47832363843917847,
      0.7822123765945435
    ],
    [
      0.48010385036468506,
      0.7828273773193359
    ],
    [
      0.48216959834098816,
      0.7836116552352905
    ],
    [
      0.48452574014663696,
      0.784568190574646
    ],
    [
      0.4890103042125702,
      0.7852312922477722
    ],
    [
      0.4955112338066101,
      0.7856164574623108
    ],
    [
      0.501697838306427,
      0.7857682108879089
    ],
    [
      0.5076072812080383,
      0.7857141494750977
    ],
    [
      0.5164005756378174,
      0.7854487895965576
    ],
    [
      0.5275617241859436,
      0.7850098609924316
    ],
    [
      0.5366161465644836,
      0.785059928894043
    ],
    [
      0.5440612435340881,
      0.7854835391044617
    ]
  ],
  "target": [
    [
      0.5514689087867737,
      0.7854997515678406
    ],
    [
      0.5588499903678894,
      0.785226583480835
    ],
    [
      0.5670503973960876,
      0.7849183678627014
    ],
    [
      0.5757912397384644,
      0.784587025642395
    ],
    [
      0.5715516805648804,
      0.7847301363945007
    ],
    [
      0.5593681335449219,
      0.7851635813713074
    ],
    [
      0.5509944558143616,
      0.7853316068649292
    ],
    [
      0.5447810292243958,
      0.7853491306304932
    ],
    [
      0.536597490310669,
      0.7853768467903137
    ],
    [
      0.5273805260658264,
      0.7854098081588745
    ],
    [
      0.51580411195755,
      0.7854554057121277
    ],
    [
      0.5030851364135742,
      0.785507082939148
    ],
    [
      0.5171853303909302,
      0.7849757671356201
    ],
    [
      0.5432463884353638,
      0.784184455871582
    ],
    [
      0.5528457760810852,
      0.7836912870407104
    ]
  ],
  "meta": {
    "video_name": "test2.mp4",
    "video_stem": "test2",
    "video_path": "E:\\desktop\\open\\lstm-akf\\data\\video\\test2.mp4",
    "fps": 40.0,
    "segment_index": 116,
    "sample_index": 172,
    "start_frame_index": 162,
    "history_end_frame_index": 176,
    "target_end_frame_index": 191,
    "history_frame_indices": [
      162,
      163,
      164,
      165,
      166,
      167,
      168,
      169,
      170,
      171,
      172,
      173,
      174,
      175,
      176
    ],
    "target_frame_indices": [
      177,
      178,
      179,
      180,
      181,
      182,
      183,
      184,
      185,
      186,
      187,
      188,
      189,
      190,
      191
    ],
    "history_timestamps": [
      276.9485566929406,
      276.9735566929406,
      276.99855669294055,
      277.02355669294053,
      277.0485566929405,
      277.0735566929405,
      277.09855669294046,
      277.12355669294044,
      277.1485566929404,
      277.1735566929404,
      277.1985566929404,
      277.22355669294035,
      277.2485566929403,
      277.2735566929403,
      277.2985566929403
    ],
    "target_timestamps": [
      277.32355669294026,
      277.34855669294024,
      277.3735566929402,
      277.3985566929402,
      277.42355669294017,
      277.44855669294014,
      277.4735566929401,
      277.4985566929401,
      277.5235566929401,
      277.54855669294005,
      277.57355669294003,
      277.59855669294,
      277.62355669294,
      277.64855669293996,
      277.67355669293994
    ]
  }
}