{
  "input": [
    [
      0.5652855038642883,
      0.5833176970481873
    ],
    [
      0.5640445947647095,
      0.5827652812004089
    ],
    [
      0.5636513233184814,
      0.5823865532875061
    ],
    [
      0.5648695230484009,
      0.5823381543159485
    ],
    [
      0.565565288066864,
      0.5821777582168579
    ],
    [
      0.565342128276825,
      0.5818206667900085
    ],
    [
      0.5654122829437256,
      0.5815324783325195
    ],
    [
      0.5659604072570801,
      0.5813566446304321
    ],
    [
      0.5662772059440613,
      0.5811576843261719
    ],
    [
      0.5662440657615662,
      0.5809237957000732
    ],
    [
      0.5662648677825928,
      0.5807769298553467
    ],
    [
      0.5663613080978394,
      0.580752432346344
    ],
    [
      0.5667805075645447,
      0.5806085467338562
    ],
    [
      0.5676212906837463,
      0.5803088545799255
    ],
    [
      0.5688619613647461,
      0.5801317691802979
    ]
  ],
  "target": [
    [
      0.5705885291099548,
      0.5801035761833191
    ],
    [
      0.5725836753845215,
      0.5798300504684448
    ],
    [
      0.5748826265335083,
      0.5792791843414307
    ],
    [
      0.576824963092804,
      0.578680694103241
    ],
    [
      0.5783918499946594,
      0.5780321359634399
    ],
    [
      0.5803171992301941,
      0.5773537755012512
    ],
    [
      0.5825939774513245,
      0.5766462087631226
    ],
    [
      0.5850274562835693,
      0.5758683085441589
    ],
    [
      0.5876040458679199,
      0.5750262141227722
    ],
    [
      0.59034264087677,
      0.5741114020347595
    ],
    [
      0.5932189226150513,
      0.5731347799301147
    ],
    [
      0.5962626338005066,
      0.572083055973053
    ],
    [
      0.5994387269020081,
      0.5709719657897949
    ],
    [
      0.6027874946594238,
      0.5697833299636841
    ],
    [
      0.6062633395195007,
      0.568537712097168
    ]
  ],
  "meta": {
    "video_name": "test2.mp4",
    "video_stem": "test2",
    "video_path": "E:\\desktop\\open\\lstm-akf\\data\\video\\test2.mp4",
    "fps": 40.0,
    "segment_index": 101,
    "sample_index": 492,
    "start_frame_index": 482,
    "history_end_frame_index": 496,
    "target_end_frame_index": 511,
    "history_frame_indices": [
      482,
      483,
      484,
      485,
      486,
      487,
      488,
      489,
      490,
      491,
      492,
      493,
      494,
      495,
      496
    ],
    "target_frame_indices": [
      497,
      498,
      499,
      500,
      501,
      502,
      503,
      504,
      505,
      506,
      507,
      508,
      509,
      510,
      511
    ],
    "history_timestamps": [
      231.97442248107896,
      231.99942248107897,
      232.02442248107897,
      232.04942248107898,
      232.07442248107898,
      232.099422481079,
      232.124422481079,
      232.149422481079,
      232.174422481079,
      232.199422481079,
      232.22442248107902,
      232.24942248107902,
      232.27442248107903,
      232.29942248107903,
      232.32442248107904
    ],
    "target_timestamps": [
      232.34942248107905,
      232.37442248107905,
      232.39942248107906,
      232.42442248107906,
      232.44942248107907,
      232.47442248107907,
      232.49942248107908,
      232.52442248107909,
      232.5494224810791,
      232.5744224810791,
      232.5994224810791,
      232.6244224810791,
      232.6494224810791,
      232.67442248107912,
      232.69942248107913
    ]
  }
}