{
  "input": [
    [
      0.5892289876937866,
      0.5590215921401978
    ],
    [
      0.5917786359786987,
      0.558616042137146
    ],
    [
      0.5942804217338562,
      0.5581215023994446
    ],
    [
      0.5966569781303406,
      0.5585182309150696
    ],
    [
      0.5990122556686401,
      0.5590664148330688
    ],
    [
      0.5913118720054626,
      0.5602328181266785
    ],
    [
      0.5821419358253479,
      0.5614895224571228
    ],
    [
      0.5788333415985107,
      0.5624198913574219
    ],
    [
      0.5762469172477722,
      0.5633100271224976
    ],
    [
      0.5803055167198181,
      0.5636889338493347
    ],
    [
      0.5850364565849304,
      0.5640160441398621
    ],
    [
      0.5899477601051331,
      0.5640277862548828
    ],
    [
      0.5948734283447266,
      0.5640142560005188
    ],
    [
      0.6038952469825745,
      0.5630525946617126
    ],
    [
      0.6131613254547119,
      0.5620343685150146
    ]
  ],
  "target": [
    [
      0.617552638053894,
      0.5615478754043579
    ],
    [
      0.6217489242553711,
      0.561082661151886
    ],
    [
      0.6133348345756531,
      0.5596864819526672
    ],
    [
      0.6046546101570129,
      0.5582706332206726
    ],
    [
      0.6016002893447876,
      0.5576632618904114
    ],
    [
      0.5986369848251343,
      0.5570688247680664
    ],
    [
      0.6006027460098267,
      0.5571768879890442
    ],
    [
      0.6025960445404053,
      0.5572909712791443
    ],
    [
      0.6054032444953918,
      0.5575829148292542
    ],
    [
      0.6082682013511658,
      0.5578433871269226
    ],
    [
      0.6122182011604309,
      0.5575132369995117
    ],
    [
      0.6160475611686707,
      0.5571962594985962
    ],
    [
      0.6182324290275574,
      0.5570583939552307
    ],
    [
      0.6193923354148865,
      0.5571491122245789
    ],
    [
      0.6096826195716858,
      0.5596639513969421
    ]
  ]
}