{
  "input": [
    [
      0.5585387349128723,
      0.562632143497467
    ],
    [
      0.5572210550308228,
      0.5624164938926697
    ],
    [
      0.5559085607528687,
      0.5622016191482544
    ],
    [
      0.5548837184906006,
      0.5620338916778564
    ],
    [
      0.5538485050201416,
      0.5618643760681152
    ],
    [
      0.5525308847427368,
      0.5616487264633179
    ],
    [
      0.5511975884437561,
      0.5614304542541504
    ],
    [
      0.5495871305465698,
      0.5611668229103088
    ]
  ],
  "target": [
    [
      0.5479558706283569,
      0.5608997941017151
    ],
    [
      0.5460526347160339,
      0.5605882406234741
    ],
    [
      0.5454955697059631,
      0.5601730346679688
    ],
    [
      0.5587129592895508,
      0.5586971044540405
    ],
    [
      0.5703982710838318,
      0.5572981238365173
    ],
    [
      0.569275438785553,
      0.5565429925918579
    ],
    [
      0.5681753754615784,
      0.5558397769927979
    ],
    [
      0.5672351717948914,
      0.5555011034011841
    ],
    [
      0.5663545727729797,
      0.5551755428314209
    ],
    [
      0.565832793712616,
      0.5549293756484985
    ],
    [
      0.5651928186416626,
      0.554685652256012
    ],
    [
      0.5639338493347168,
      0.5544546842575073
    ],
    [
      0.5626258254051208,
      0.5542389154434204
    ],
    [
      0.5610916018486023,
      0.5540933012962341
    ],
    [
      0.559503436088562,
      0.553964376449585
    ]
  ],
  "meta": {
    "video_name": "test2.mp4",
    "video_stem": "test2",
    "video_path": "E:\\desktop\\open\\lstm-akf\\data\\video\\test2.mp4",
    "fps": 40.0,
    "segment_index": 17,
    "sample_index": 3,
    "start_frame_index": 0,
    "history_end_frame_index": 7,
    "target_end_frame_index": 22,
    "history_frame_indices": [
      0,
      1,
      2,
      3,
      4,
      5,
      6,
      7
    ],
    "target_frame_indices": [
      8,
      9,
      10,
      11,
      12,
      13,
      14,
      15,
      16,
      17,
      18,
      19,
      20,
      21,
      22
    ],
    "history_timestamps": [
      46.284229517198106,
      46.309229517198105,
      46.334229517198104,
      46.3592295171981,
      46.3842295171981,
      46.4092295171981,
      46.4342295171981,
      46.4592295171981
    ],
    "target_timestamps": [
      46.484229517198095,
      46.509229517198094,
      46.53422951719809,
      46.55922951719809,
      46.58422951719809,
      46.60922951719809,
      46.63422951719809,
      46.659229517198085,
      46.684229517198084,
      46.70922951719808,
      46.73422951719808,
      46.75922951719808,
      46.78422951719808,
      46.80922951719808,
      46.834229517198075
    ]
  }
}