{
  "input": [
    [
      0.5322985649108887,
      0.5579229593276978
    ],
    [
      0.5304126739501953,
      0.5577231049537659
    ],
    [
      0.5281359553337097,
      0.5575628876686096
    ],
    [
      0.5255240201950073,
      0.5574366450309753
    ],
    [
      0.5233020186424255,
      0.5573828816413879
    ],
    [
      0.5213911533355713,
      0.5573870539665222
    ],
    [
      0.5188578367233276,
      0.557157576084137
    ],
    [
      0.5158622860908508,
      0.5567546486854553
    ],
    [
      0.513435423374176,
      0.5564947724342346
    ],
    [
      0.5114009380340576,
      0.5563336610794067
    ],
    [
      0.5088952779769897,
      0.5562804341316223
    ],
    [
      0.5060878396034241,
      0.5562963485717773
    ],
    [
      0.5039315223693848,
      0.5564202070236206
    ],
    [
      0.5021620392799377,
      0.5566082000732422
    ],
    [
      0.5004028677940369,
      0.5569347143173218
    ]
  ],
  "target": [
    [
      0.49864935874938965,
      0.5573374629020691
    ],
    [
      0.49750134348869324,
      0.5576848983764648
    ],
    [
      0.49666115641593933,
      0.5580042004585266
    ],
    [
      0.49594631791114807,
      0.5580345988273621
    ],
    [
      0.49529027938842773,
      0.5579294562339783
    ],
    [
      0.4949101507663727,
      0.5579177737236023
    ],
    [
      0.49464908242225647,
      0.5579464435577393
    ],
    [
      0.494500070810318,
      0.5580358505249023
    ],
    [
      0.4943954050540924,
      0.5581492781639099
    ],
    [
      0.49452510476112366,
      0.5581673979759216
    ],
    [
      0.4947396516799927,
      0.5581509470939636
    ],
    [
      0.49518901109695435,
      0.5579255819320679
    ],
    [
      0.49571582674980164,
      0.557631254196167
    ],
    [
      0.4962631165981293,
      0.5576877593994141
    ],
    [
      0.4968165457248688,
      0.5578492283821106
    ]
  ]
}