{
  "input": [
    [
      0.518161416053772,
      0.5555843114852905
    ],
    [
      0.5179346203804016,
      0.5554563403129578
    ],
    [
      0.5181538462638855,
      0.5554580688476562
    ],
    [
      0.5190638899803162,
      0.5556605458259583
    ],
    [
      0.5198506116867065,
      0.5558289885520935
    ],
    [
      0.5204598903656006,
      0.5559484958648682
    ],
    [
      0.5208534598350525,
      0.5560490489006042
    ],
    [
      0.5209587812423706,
      0.556124210357666
    ],
    [
      0.5216585993766785,
      0.5563746690750122
    ],
    [
      0.5230975151062012,
      0.5568430423736572
    ],
    [
      0.5287294387817383,
      0.5586898922920227
    ],
    [
      0.5392130613327026,
      0.5621317625045776
    ],
    [
      0.545488178730011,
      0.5643901228904724
    ],
    [
      0.5472293496131897,
      0.565373420715332
    ],
    [
      0.5474345088005066,
      0.5659561157226562
    ]
  ],
  "target": [
    [
      0.5460987687110901,
      0.5661367774009705
    ],
    [
      0.5439236760139465,
      0.5662203431129456
    ],
    [
      0.5409644246101379,
      0.5662131905555725
    ],
    [
      0.5382614135742188,
      0.5661002993583679
    ],
    [
      0.53578120470047,
      0.5658954977989197
    ],
    [
      0.532724916934967,
      0.5656608939170837
    ],
    [
      0.5292022228240967,
      0.565402090549469
    ],
    [
      0.5264507532119751,
      0.5652188658714294
    ],
    [
      0.5242800712585449,
      0.5650926828384399
    ],
    [
      0.5215073823928833,
      0.5650676488876343
    ],
    [
      0.5183131694793701,
      0.5651134848594666
    ],
    [
      0.5147805213928223,
      0.5650267601013184
    ],
    [
      0.5110278725624084,
      0.5648537278175354
    ],
    [
      0.5089096426963806,
      0.5647788643836975
    ],
    [
      0.5077768564224243,
      0.5647631287574768
    ]
  ]
}