{
  "input": [
    [
      0.4041202962398529,
      0.5699982047080994
    ],
    [
      0.40357497334480286,
      0.5701818466186523
    ],
    [
      0.4031919836997986,
      0.5702890753746033
    ],
    [
      0.4030113220214844,
      0.5703009366989136
    ],
    [
      0.40312325954437256,
      0.5704701542854309
    ],
    [
      0.4035745859146118,
      0.5708218216896057
    ],
    [
      0.40409722924232483,
      0.5710791349411011
    ],
    [
      0.40469682216644287,
      0.5712346434593201
    ],
    [
      0.40558966994285583,
      0.5713183879852295
    ],
    [
      0.40677741169929504,
      0.5713300108909607
    ],
    [
      0.40801456570625305,
      0.5713971257209778
    ],
    [
      0.40929797291755676,
      0.5715162754058838
    ],
    [
      0.4104236960411072,
      0.5716925263404846
    ],
    [
      0.41141191124916077,
      0.5719184875488281
    ],
    [
      0.4123236835002899,
      0.5720849633216858
    ]
  ],
  "target": [
    [
      0.4131733775138855,
      0.5722032189369202
    ],
    [
      0.4143204391002655,
      0.5722208619117737
    ],
    [
      0.4156920313835144,
      0.5721625685691833
    ],
    [
      0.41663894057273865,
      0.5721501111984253
    ],
    [
      0.41728779673576355,
      0.572169840335846
    ],
    [
      0.41783905029296875,
      0.5721319913864136
    ],
    [
      0.4183267056941986,
      0.5720565915107727
    ],
    [
      0.4186013340950012,
      0.5721031427383423
    ],
    [
      0.418747216463089,
      0.572223424911499
    ],
    [
      0.41879770159721375,
      0.5722987055778503
    ],
    [
      0.41879478096961975,
      0.5723488330841064
    ],
    [
      0.4188733994960785,
      0.5724882483482361
    ],
    [
      0.418994277715683,
      0.5726739168167114
    ],
    [
      0.41910603642463684,
      0.5727360844612122
    ],
    [
      0.41921350359916687,
      0.5727391242980957
    ]
  ]
}