{
  "input": [
    [
      0.49279820919036865,
      0.5633142590522766
    ],
    [
      0.4921582043170929,
      0.5632506012916565
    ],
    [
      0.49152305722236633,
      0.5631887912750244
    ],
    [
      0.49115633964538574,
      0.5632320642471313
    ],
    [
      0.4907817244529724,
      0.5632750988006592
    ]
  ],
  "target": [
    [
      0.49019303917884827,
      0.5633134841918945
    ],
    [
      0.4895927906036377,
      0.5633516907691956
    ],
    [
      0.488787442445755,
      0.5633867979049683
    ],
    [
      0.4879665672779083,
      0.5634216070175171
    ],
    [
      0.48694318532943726,
      0.5634530186653137
    ],
    [
      0.4860808551311493,
      0.5634567737579346
    ],
    [
      0.4868662655353546,
      0.5631774067878723
    ],
    [
      0.487514466047287,
      0.562900722026825
    ],
    [
      0.4870157241821289,
      0.5626465678215027
    ],
    [
      0.48656365275382996,
      0.5624166131019592
    ],
    [
      0.4864394962787628,
      0.5623558163642883
    ],
    [
      0.4863485097885132,
      0.5623190402984619
    ],
    [
      0.4864570200443268,
      0.5624266862869263
    ],
    [
      0.4865591526031494,
      0.5625113248825073
    ],
    [
      0.4866277575492859,
      0.5624754428863525
    ]
  ]
}