{
  "input": [
    [
      0.5486196279525757,
      0.5611134171485901
    ],
    [
      0.5489877462387085,
      0.5612094402313232
    ],
    [
      0.5492756962776184,
      0.5612903833389282
    ],
    [
      0.5492920875549316,
      0.5613014698028564
    ],
    [
      0.5492602586746216,
      0.5613000988960266
    ],
    [
      0.5491136312484741,
      0.5612648725509644
    ],
    [
      0.5489494204521179,
      0.5612243413925171
    ],
    [
      0.5485215783119202,
      0.5610994100570679
    ],
    [
      0.548059344291687,
      0.5609634518623352
    ],
    [
      0.5477190017700195,
      0.560849130153656
    ],
    [
      0.5473917722702026,
      0.5607370734214783
    ],
    [
      0.5468910932540894,
      0.5606442093849182
    ],
    [
      0.5463753938674927,
      0.5605529546737671
    ],
    [
      0.5460049510002136,
      0.5605357885360718
    ],
    [
      0.5456440448760986,
      0.5605234503746033
    ]
  ],
  "target": [
    [
      0.5451862812042236,
      0.5606769323348999
    ],
    [
      0.5447241067886353,
      0.5608381032943726
    ],
    [
      0.5441252589225769,
      0.5609480738639832
    ],
    [
      0.5435226559638977,
      0.5610566735267639
    ],
    [
      0.5426085591316223,
      0.5610349178314209
    ],
    [
      0.5416942238807678,
      0.5610102415084839
    ],
    [
      0.541043758392334,
      0.5607951879501343
    ],
    [
      0.5403774976730347,
      0.560586154460907
    ],
    [
      0.5391408205032349,
      0.5605959296226501
    ],
    [
      0.537922203540802,
      0.5605983734130859
    ],
    [
      0.537089467048645,
      0.5604441165924072
    ],
    [
      0.5362000465393066,
      0.5603013038635254
    ],
    [
      0.5344627499580383,
      0.5603299140930176
    ],
    [
      0.5327571034431458,
      0.5603524446487427
    ],
    [
      0.5314133763313293,
      0.5603049993515015
    ]
  ]
}