{
  "input": [
    [
      0.5407241582870483,
      0.559411346912384
    ],
    [
      0.5407955050468445,
      0.559465765953064
    ],
    [
      0.540989100933075,
      0.559509813785553
    ],
    [
      0.5412342548370361,
      0.5595495700836182
    ],
    [
      0.5414493083953857,
      0.5596141219139099
    ],
    [
      0.5416527390480042,
      0.5596882104873657
    ],
    [
      0.5417270660400391,
      0.5597221851348877
    ],
    [
      0.5417557954788208,
      0.5597419738769531
    ],
    [
      0.541844367980957,
      0.5598114132881165
    ],
    [
      0.5419520735740662,
      0.55989670753479
    ],
    [
      0.5421944856643677,
      0.5599600672721863
    ],
    [
      0.5424759984016418,
      0.5600171089172363
    ],
    [
      0.5424764156341553,
      0.559971272945404
    ],
    [
      0.5424033999443054,
      0.5598985552787781
    ],
    [
      0.5429840087890625,
      0.5599547624588013
    ]
  ],
  "target": [
    [
      0.5437174439430237,
      0.5600411295890808
    ],
    [
      0.5444546937942505,
      0.5601024031639099
    ],
    [
      0.5451927781105042,
      0.5601584911346436
    ],
    [
      0.5460338592529297,
      0.5602145791053772
    ],
    [
      0.5468936562538147,
      0.5602706670761108
    ],
    [
      0.5479027628898621,
      0.5603328347206116
    ],
    [
      0.5489354133605957,
      0.5603959560394287
    ],
    [
      0.5513715744018555,
      0.560279369354248
    ],
    [
      0.5539960265159607,
      0.5601386427879333
    ],
    [
      0.5548571944236755,
      0.5600081086158752
    ],
    [
      0.5555213689804077,
      0.5598787069320679
    ],
    [
      0.5564824342727661,
      0.5597331523895264
    ],
    [
      0.5574703216552734,
      0.559586226940155
    ],
    [
      0.5574203729629517,
      0.5598143339157104
    ],
    [
      0.5572983622550964,
      0.5600684285163879
    ]
  ]
}