{
  "input": [
    [
      0.5435844659805298,
      0.5727177262306213
    ],
    [
      0.5458564162254333,
      0.5727563500404358
    ],
    [
      0.5483912229537964,
      0.5728999376296997
    ],
    [
      0.5499769449234009,
      0.5731006860733032
    ],
    [
      0.5512721538543701,
      0.5733190178871155
    ],
    [
      0.5522981882095337,
      0.5732857584953308
    ],
    [
      0.5532498359680176,
      0.573183000087738
    ],
    [
      0.5539095997810364,
      0.5730297565460205
    ],
    [
      0.5544970035552979,
      0.5728639364242554
    ],
    [
      0.5554372668266296,
      0.5727694034576416
    ],
    [
      0.5564554929733276,
      0.5726905465126038
    ],
    [
      0.5571867227554321,
      0.5723755955696106
    ],
    [
      0.5578620433807373,
      0.5720146298408508
    ],
    [
      0.5588003396987915,
      0.5715837478637695
    ],
    [
      0.559783399105072,
      0.5711409449577332
    ]
  ],
  "target": [
    [
      0.5600993633270264,
      0.5710281133651733
    ],
    [
      0.560317873954773,
      0.570963442325592
    ],
    [
      0.5601357221603394,
      0.5708658695220947
    ],
    [
      0.5599042773246765,
      0.5707642436027527
    ],
    [
      0.5595560073852539,
      0.5707674026489258
    ],
    [
      0.5591959357261658,
      0.5707811713218689
    ],
    [
      0.5587314367294312,
      0.5705909729003906
    ],
    [
      0.558258593082428,
      0.5703844428062439
    ],
    [
      0.5578463077545166,
      0.5703021883964539
    ],
    [
      0.5574376583099365,
      0.5702272653579712
    ],
    [
      0.5568187832832336,
      0.5702975988388062
    ],
    [
      0.5561914443969727,
      0.5703736543655396
    ],
    [
      0.5557833313941956,
      0.5702876448631287
    ],
    [
      0.5553798675537109,
      0.5701982378959656
    ],
    [
      0.5546993613243103,
      0.5701403617858887
    ]
  ],
  "meta": {
    "video_name": "test2.mp4",
    "video_stem": "test2",
    "video_path": "E:\\desktop\\open\\lstm-akf\\data\\video\\test2.mp4",
    "fps": 40.0,
    "segment_index": 109,
    "sample_index": 93,
    "start_frame_index": 83,
    "history_end_frame_index": 97,
    "target_end_frame_index": 112,
    "history_frame_indices": [
      83,
      84,
      85,
      86,
      87,
      88,
      89,
      90,
      91,
      92,
      93,
      94,
      95,
      96,
      97
    ],
    "target_frame_indices": [
      98,
      99,
      100,
      101,
      102,
      103,
      104,
      105,
      106,
      107,
      108,
      109,
      110,
      111,
      112
    ],
    "history_timestamps": [
      250.69168039377232,
      250.71668039377232,
      250.74168039377233,
      250.76668039377233,
      250.79168039377234,
      250.81668039377234,
      250.84168039377235,
      250.86668039377236,
      250.89168039377236,
      250.91668039377237,
      250.94168039377237,
      250.96668039377238,
      250.99168039377238,
      251.0166803937724,
      251.0416803937724
    ],
    "target_timestamps": [
      251.0666803937724,
      251.0916803937724,
      251.1166803937724,
      251.14168039377242,
      251.16668039377242,
      251.19168039377243,
      251.21668039377244,
      251.24168039377244,
      251.26668039377245,
      251.29168039377245,
      251.31668039377246,
      251.34168039377246,
      251.36668039377247,
      251.39168039377248,
      251.41668039377248
    ]
  }
}