{
  "input": [
    [
      0.7192528247833252,
      0.5889033675193787
    ],
    [
      0.7211682796478271,
      0.5890370011329651
    ],
    [
      0.7228579521179199,
      0.588966429233551
    ],
    [
      0.7242414355278015,
      0.5886189937591553
    ],
    [
      0.7251721620559692,
      0.5882053971290588
    ],
    [
      0.7255319356918335,
      0.5877084732055664
    ],
    [
      0.714506208896637,
      0.5852013230323792
    ],
    [
      0.6901198625564575,
      0.5803351402282715
    ],
    [
      0.6714974641799927,
      0.5765838623046875
    ],
    [
      0.6591721177101135,
      0.5740505456924438
    ],
    [
      0.6516623497009277,
      0.5725717544555664
    ],
    [
      0.6490515470504761,
      0.5721659064292908
    ],
    [
      0.648798406124115,
      0.5721598267555237
    ],
    [
      0.6507789492607117,
      0.5725324749946594
    ],
    [
      0.6530853509902954,
      0.573041558265686
    ]
  ],
  "target": [
    [
      0.6556791663169861,
      0.5736710429191589
    ],
    [
      0.657555878162384,
      0.5740923285484314
    ],
    [
      0.6588438749313354,
      0.5743427276611328
    ],
    [
      0.6591542959213257,
      0.57436603307724
    ],
    [
      0.6587180495262146,
      0.5742158889770508
    ],
    [
      0.644691526889801,
      0.5762376189231873
    ],
    [
      0.6210135221481323,
      0.5798017382621765
    ],
    [
      0.6179492473602295,
      0.5800583362579346
    ],
    [
      0.6284825205802917,
      0.5781331658363342
    ],
    [
      0.6225832104682922,
      0.5792686343193054
    ],
    [
      0.6066271066665649,
      0.5822772979736328
    ],
    [
      0.5978504419326782,
      0.5841410160064697
    ],
    [
      0.5931445956230164,
      0.5853555798530579
    ],
    [
      0.591956615447998,
      0.586443305015564
    ],
    [
      0.5926135778427124,
      0.5874645709991455
    ]
  ]
}