{
  "input": [
    [
      0.5978588461875916,
      0.5702463984489441
    ],
    [
      0.5999619364738464,
      0.5697964429855347
    ],
    [
      0.6015191078186035,
      0.5694241523742676
    ],
    [
      0.6000570058822632,
      0.5695343017578125
    ],
    [
      0.598405122756958,
      0.5696747899055481
    ],
    [
      0.59647136926651,
      0.5699769258499146
    ],
    [
      0.5945255160331726,
      0.5702860355377197
    ],
    [
      0.5934659242630005,
      0.5704823732376099
    ],
    [
      0.592427670955658,
      0.5706760287284851
    ],
    [
      0.5921949148178101,
      0.5706698894500732
    ],
    [
      0.5919714570045471,
      0.5706622004508972
    ],
    [
      0.5921295881271362,
      0.5706156492233276
    ],
    [
      0.592288076877594,
      0.570569634437561
    ],
    [
      0.5924590229988098,
      0.5705417990684509
    ],
    [
      0.5926308035850525,
      0.5705137848854065
    ]
  ],
  "target": [
    [
      0.5928178429603577,
      0.570480465888977
    ],
    [
      0.5930008888244629,
      0.5704491138458252
    ],
    [
      0.5931275486946106,
      0.5704460144042969
    ],
    [
      0.5932456254959106,
      0.570438027381897
    ],
    [
      0.5932698845863342,
      0.570375919342041
    ],
    [
      0.5932847261428833,
      0.5703096985816956
    ],
    [
      0.593215823173523,
      0.570207417011261
    ],
    [
      0.5931524634361267,
      0.5701176524162292
    ],
    [
      0.5931304097175598,
      0.5701208114624023
    ],
    [
      0.5930996537208557,
      0.570086658000946
    ],
    [
      0.5930140018463135,
      0.5698165893554688
    ],
    [
      0.5929301977157593,
      0.569591760635376
    ],
    [
      0.5928566455841064,
      0.5696139931678772
    ],
    [
      0.5927949547767639,
      0.5696524977684021
    ],
    [
      0.5927901268005371,
      0.5697690844535828
    ]
  ]
}