{
  "input": [
    [
      0.48057642579078674,
      0.5749691128730774
    ],
    [
      0.49212849140167236,
      0.576400637626648
    ],
    [
      0.500394344329834,
      0.5768536329269409
    ],
    [
      0.5087994933128357,
      0.5773143172264099
    ],
    [
      0.5183693766593933,
      0.5778391361236572
    ],
    [
      0.5281016826629639,
      0.5783728957176208
    ],
    [
      0.5389755368232727,
      0.5789694786071777
    ],
    [
      0.5500350594520569,
      0.579576313495636
    ],
    [
      0.5622128248214722,
      0.5802446603775024
    ],
    [
      0.5690345764160156,
      0.5803835988044739
    ],
    [
      0.547789990901947,
      0.5777482986450195
    ],
    [
      0.5305248498916626,
      0.5755613446235657
    ],
    [
      0.5316289663314819,
      0.5754439234733582
    ],
    [
      0.5326943397521973,
      0.5753108859062195
    ],
    [
      0.5336001515388489,
      0.5751135945320129
    ]
  ],
  "target": [
    [
      0.5286675095558167,
      0.5759401321411133
    ],
    [
      0.5022490620613098,
      0.5805344581604004
    ],
    [
      0.4848063886165619,
      0.5835835933685303
    ],
    [
      0.4971640408039093,
      0.5815028548240662
    ],
    [
      0.5089656710624695,
      0.5794788002967834
    ],
    [
      0.519092857837677,
      0.5776256322860718
    ],
    [
      0.5274735689163208,
      0.5760456323623657
    ],
    [
      0.5310620665550232,
      0.5752151608467102
    ],
    [
      0.5336864590644836,
      0.5745943784713745
    ],
    [
      0.5338910222053528,
      0.5744999051094055
    ],
    [
      0.5332493185997009,
      0.5745925307273865
    ],
    [
      0.5306582450866699,
      0.575115978717804
    ],
    [
      0.5279361605644226,
      0.5755375027656555
    ],
    [
      0.5249363780021667,
      0.5757430195808411
    ],
    [
      0.5219150185585022,
      0.5759817361831665
    ]
  ],
  "meta": {
    "video_name": "test2.mp4",
    "video_stem": "test2",
    "video_path": "E:\\desktop\\open\\lstm-akf\\data\\video\\test2.mp4",
    "fps": 40.0,
    "segment_index": 172,
    "sample_index": 19,
    "start_frame_index": 9,
    "history_end_frame_index": 23,
    "target_end_frame_index": 38,
    "history_frame_indices": [
      9,
      10,
      11,
      12,
      13,
      14,
      15,
      16,
      17,
      18,
      19,
      20,
      21,
      22,
      23
    ],
    "target_frame_indices": [
      24,
      25,
      26,
      27,
      28,
      29,
      30,
      31,
      32,
      33,
      34,
      35,
      36,
      37,
      38
    ],
    "history_timestamps": [
      416.6344011060123,
      416.6594011060123,
      416.6844011060123,
      416.70940110601225,
      416.7344011060122,
      416.7594011060122,
      416.7844011060122,
      416.80940110601216,
      416.83440110601214,
      416.8594011060121,
      416.8844011060121,
      416.90940110601207,
      416.93440110601205,
      416.959401106012,
      416.984401106012
    ],
    "target_timestamps": [
      417.009401106012,
      417.03440110601196,
      417.05940110601193,
      417.0844011060119,
      417.1094011060119,
      417.13440110601186,
      417.15940110601184,
      417.1844011060118,
      417.2094011060118,
      417.2344011060118,
      417.25940110601175,
      417.2844011060117,
      417.3094011060117,
      417.3344011060117,
      417.35940110601166
    ]
  }
}