{
  "input": [
    [
      0.47123050689697266,
      0.5748156905174255
    ],
    [
      0.47352322936058044,
      0.5741387009620667
    ],
    [
      0.4739161431789398,
      0.5742138624191284
    ],
    [
      0.4742722511291504,
      0.5742650628089905
    ],
    [
      0.47457119822502136,
      0.5742791891098022
    ],
    [
      0.474851131439209,
      0.5742987394332886
    ],
    [
      0.4751036763191223,
      0.5743261575698853
    ],
    [
      0.4753033518791199,
      0.5743312239646912
    ],
    [
      0.47543221712112427,
      0.5743064880371094
    ],
    [
      0.4756776988506317,
      0.5742782950401306
    ],
    [
      0.47606855630874634,
      0.574245810508728
    ],
    [
      0.4765021502971649,
      0.574201226234436
    ],
    [
      0.4769853353500366,
      0.5741425156593323
    ],
    [
      0.4767991900444031,
      0.574164867401123
    ],
    [
      0.475890189409256,
      0.5742747187614441
    ]
  ],
  "target": [
    [
      0.47540658712387085,
      0.5743356943130493
    ],
    [
      0.47535082697868347,
      0.5743474960327148
    ],
    [
      0.4752886891365051,
      0.5743771195411682
    ],
    [
      0.47522056102752686,
      0.5744233727455139
    ],
    [
      0.47512248158454895,
      0.5744696259498596
    ],
    [
      0.47499826550483704,
      0.5745158791542053
    ],
    [
      0.4748538136482239,
      0.5745689272880554
    ],
    [
      0.4746929109096527,
      0.5746275186538696
    ],
    [
      0.47451114654541016,
      0.5746930241584778
    ],
    [
      0.4743136167526245,
      0.5747638940811157
    ],
    [
      0.47448408603668213,
      0.5747025609016418
    ],
    [
      0.4749128520488739,
      0.5745484232902527
    ],
    [
      0.4750598669052124,
      0.5744685530662537
    ],
    [
      0.4750232398509979,
      0.5744370818138123
    ],
    [
      0.4749933183193207,
      0.5743998289108276
    ]
  ],
  "meta": {
    "video_name": "test2.mp4",
    "video_stem": "test2",
    "video_path": "E:\\desktop\\open\\lstm-akf\\data\\video\\test2.mp4",
    "fps": 40.0,
    "segment_index": 173,
    "sample_index": 51,
    "start_frame_index": 41,
    "history_end_frame_index": 55,
    "target_end_frame_index": 70,
    "history_frame_indices": [
      41,
      42,
      43,
      44,
      45,
      46,
      47,
      48,
      49,
      50,
      51,
      52,
      53,
      54,
      55
    ],
    "target_frame_indices": [
      56,
      57,
      58,
      59,
      60,
      61,
      62,
      63,
      64,
      65,
      66,
      67,
      68,
      69,
      70
    ],
    "history_timestamps": [
      420.01125328469925,
      420.0362532846992,
      420.0612532846992,
      420.0862532846992,
      420.11125328469916,
      420.13625328469914,
      420.1612532846991,
      420.1862532846991,
      420.21125328469907,
      420.23625328469905,
      420.261253284699,
      420.286253284699,
      420.311253284699,
      420.33625328469896,
      420.36125328469893
    ],
    "target_timestamps": [
      420.3862532846989,
      420.4112532846989,
      420.43625328469886,
      420.46125328469884,
      420.4862532846988,
      420.5112532846988,
      420.5362532846988,
      420.56125328469875,
      420.5862532846987,
      420.6112532846987,
      420.6362532846987,
      420.66125328469866,
      420.68625328469864,
      420.7112532846986,
      420.7362532846986
    ]
  }
}