{
  "input": [
    [
      0.481771320104599,
      0.6610169410705566
    ],
    [
      0.48458269238471985,
      0.6618543267250061
    ],
    [
      0.48684972524642944,
      0.661745548248291
    ],
    [
      0.4894227683544159,
      0.6620562076568604
    ],
    [
      0.49224933981895447,
      0.6620705127716064
    ],
    [
      0.49527689814567566,
      0.6610729694366455
    ],
    [
      0.4980742037296295,
      0.6613536477088928
    ],
    [
      0.5007129907608032,
      0.6605274677276611
    ],
    [
      0.5031784176826477,
      0.6596936583518982
    ],
    [
      0.5054556727409363,
      0.6599515080451965
    ],
    [
      0.5080239176750183,
      0.660731852054596
    ],
    [
      0.5106459856033325,
      0.6607515215873718
    ],
    [
      0.5132492780685425,
      0.66050124168396
    ],
    [
      0.5157612562179565,
      0.6604719161987305
    ],
    [
      0.518211305141449,
      0.6599872708320618
    ]
  ],
  "target": [
    [
      0.4745115637779236,
      0.670779287815094
    ],
    [
      0.41273149847984314,
      0.6869458556175232
    ],
    [
      0.36094051599502563,
      0.7025851011276245
    ],
    [
      0.3453899621963501,
      0.7111250758171082
    ],
    [
      0.3441614806652069,
      0.7163350582122803
    ],
    [
      0.35343658924102783,
      0.7193167209625244
    ],
    [
      0.36939680576324463,
      0.7211717367172241
    ],
    [
      0.3854686915874481,
      0.7226443290710449
    ],
    [
      0.39919549226760864,
      0.7238090634346008
    ],
    [
      0.4107532501220703,
      0.7254908084869385
    ],
    [
      0.42031794786453247,
      0.7285141944885254
    ],
    [
      0.4285823106765747,
      0.7317091226577759
    ],
    [
      0.437206506729126,
      0.7346916794776917
    ],
    [
      0.44659775495529175,
      0.7372918725013733
    ],
    [
      0.4571632742881775,
      0.7393395900726318
    ]
  ]
}