{
  "input": [
    [
      0.7206562757492065,
      0.6315591335296631
    ],
    [
      0.7203919887542725,
      0.6325446963310242
    ],
    [
      0.7204943299293518,
      0.6334278583526611
    ],
    [
      0.7218541502952576,
      0.6339597105979919
    ],
    [
      0.7238323092460632,
      0.6345169544219971
    ],
    [
      0.727730929851532,
      0.6351529955863953
    ],
    [
      0.7313758134841919,
      0.6357139945030212
    ],
    [
      0.7343035936355591,
      0.6360628008842468
    ],
    [
      0.7375733852386475,
      0.6366687417030334
    ],
    [
      0.7417262196540833,
      0.6379385590553284
    ],
    [
      0.7455834150314331,
      0.6389976739883423
    ],
    [
      0.7487406134605408,
      0.6395580172538757
    ],
    [
      0.7522528767585754,
      0.6404126882553101
    ],
    [
      0.7565381526947021,
      0.6419079899787903
    ],
    [
      0.7604713439941406,
      0.6434629559516907
    ]
  ],
  "target": [
    [
      0.7636981010437012,
      0.6451374292373657
    ],
    [
      0.7683942914009094,
      0.6466176509857178
    ],
    [
      0.7758147716522217,
      0.6477375626564026
    ],
    [
      0.7825040817260742,
      0.6484754085540771
    ],
    [
      0.78793865442276,
      0.6485576033592224
    ],
    [
      0.7934984564781189,
      0.6487106084823608
    ],
    [
      0.7992576360702515,
      0.6489760875701904
    ],
    [
      0.8051013350486755,
      0.6490926146507263
    ],
    [
      0.811069905757904,
      0.648989200592041
    ],
    [
      0.819526731967926,
      0.6488887071609497
    ],
    [
      0.8313971161842346,
      0.6487922072410583
    ],
    [
      0.8420546054840088,
      0.6491154432296753
    ],
    [
      0.8511649370193481,
      0.6499740481376648
    ],
    [
      0.8629642724990845,
      0.6502240300178528
    ],
    [
      0.8779557347297668,
      0.6497514247894287
    ]
  ]
}