{
  "input": [
    [
      0.47164714336395264,
      0.5534619688987732
    ],
    [
      0.47164714336395264,
      0.5534619688987732
    ],
    [
      0.47164714336395264,
      0.5534619688987732
    ],
    [
      0.47164714336395264,
      0.5534619688987732
    ],
    [
      0.47164714336395264,
      0.5534619688987732
    ],
    [
      0.47164714336395264,
      0.5534619688987732
    ],
    [
      0.47164714336395264,
      0.5534619688987732
    ],
    [
      0.47197142243385315,
      0.5535417199134827
    ],
    [
      0.47652432322502136,
      0.5546615719795227
    ],
    [
      0.480718731880188,
      0.5557085275650024
    ],
    [
      0.4812447130680084,
      0.5560089349746704
    ],
    [
      0.48177045583724976,
      0.5562984943389893
    ],
    [
      0.482293963432312,
      0.5564976334571838
    ],
    [
      0.4828156530857086,
      0.5566727519035339
    ],
    [
      0.48332473635673523,
      0.5566785335540771
    ]
  ],
  "target": [
    [
      0.48375287652015686,
      0.5566595792770386
    ],
    [
      0.4836937487125397,
      0.5564915537834167
    ],
    [
      0.48149216175079346,
      0.556850790977478
    ],
    [
      0.4680638313293457,
      0.5599733591079712
    ],
    [
      0.4547942876815796,
      0.5630194544792175
    ],
    [
      0.44225767254829407,
      0.5657126307487488
    ],
    [
      0.4289965331554413,
      0.5685521364212036
    ],
    [
      0.41276082396507263,
      0.5719925165176392
    ],
    [
      0.4060479998588562,
      0.5737764835357666
    ],
    [
      0.4343799352645874,
      0.5694646835327148
    ],
    [
      0.4572458267211914,
      0.5660749077796936
    ],
    [
      0.4619640111923218,
      0.5657463669776917
    ],
    [
      0.46691879630088806,
      0.5654065608978271
    ],
    [
      0.47258609533309937,
      0.5650326013565063
    ],
    [
      0.47885116934776306,
      0.5645604133605957
    ]
  ],
  "meta": {
    "video_name": "test2.mp4",
    "video_stem": "test2",
    "video_path": "E:\\desktop\\open\\lstm-akf\\data\\video\\test2.mp4",
    "fps": 40.0,
    "segment_index": 91,
    "sample_index": 11,
    "start_frame_index": 1,
    "history_end_frame_index": 15,
    "target_end_frame_index": 30,
    "history_frame_indices": [
      1,
      2,
      3,
      4,
      5,
      6,
      7,
      8,
      9,
      10,
      11,
      12,
      13,
      14,
      15
    ],
    "target_frame_indices": [
      16,
      17,
      18,
      19,
      20,
      21,
      22,
      23,
      24,
      25,
      26,
      27,
      28,
      29,
      30
    ],
    "history_timestamps": [
      203.19988331960624,
      203.22488331960625,
      203.24988331960625,
      203.27488331960626,
      203.29988331960627,
      203.32488331960627,
      203.34988331960628,
      203.37488331960628,
      203.3998833196063,
      203.4248833196063,
      203.4498833196063,
      203.4748833196063,
      203.4998833196063,
      203.52488331960632,
      203.54988331960632
    ],
    "target_timestamps": [
      203.57488331960633,
      203.59988331960633,
      203.62488331960634,
      203.64988331960635,
      203.67488331960635,
      203.69988331960636,
      203.72488331960636,
      203.74988331960637,
      203.77488331960637,
      203.79988331960638,
      203.82488331960639,
      203.8498833196064,
      203.8748833196064,
      203.8998833196064,
      203.9248833196064
    ]
  }
}