{
  "input": [
    [
      0.45679745078086853,
      0.5634129643440247
    ],
    [
      0.45643770694732666,
      0.563171923160553
    ],
    [
      0.45619505643844604,
      0.5629047155380249
    ],
    [
      0.45608824491500854,
      0.5626071691513062
    ],
    [
      0.45609283447265625,
      0.5624762177467346
    ],
    [
      0.4562177360057831,
      0.56252521276474
    ],
    [
      0.4564591944217682,
      0.5626624822616577
    ],
    [
      0.4568178653717041,
      0.562888503074646
    ],
    [
      0.45718494057655334,
      0.5631006956100464
    ],
    [
      0.4575599431991577,
      0.5632997751235962
    ],
    [
      0.4579025208950043,
      0.5634042620658875
    ],
    [
      0.4582168757915497,
      0.56342613697052
    ],
    [
      0.45865052938461304,
      0.56352698802948
    ],
    [
      0.459181010723114,
      0.5636919736862183
    ],
    [
      0.45169880986213684,
      0.5627741813659668
    ]
  ],
  "target": [
    [
      0.43816688656806946,
      0.5610387921333313
    ],
    [
      0.4314855635166168,
      0.560351550579071
    ],
    [
      0.42961227893829346,
      0.5603999495506287
    ],
    [
      0.42970240116119385,
      0.5607839226722717
    ],
    [
      0.4310722351074219,
      0.5613866448402405
    ],
    [
      0.43253806233406067,
      0.5617528557777405
    ],
    [
      0.4340619444847107,
      0.5619760751724243
    ],
    [
      0.43594789505004883,
      0.5619750618934631
    ],
    [
      0.43803662061691284,
      0.5618484616279602
    ],
    [
      0.43955522775650024,
      0.561613142490387
    ],
    [
      0.44077861309051514,
      0.561321496963501
    ],
    [
      0.4420659840106964,
      0.5611892938613892
    ],
    [
      0.44338396191596985,
      0.5611332654953003
    ],
    [
      0.4444120526313782,
      0.5612224340438843
    ],
    [
      0.44531261920928955,
      0.5613755583763123
    ]
  ]
}