{
  "input": [
    [
      0.5564261078834534,
      0.5641456246376038
    ],
    [
      0.5536888837814331,
      0.5639217495918274
    ],
    [
      0.5510293841362,
      0.5636653304100037
    ],
    [
      0.5490351915359497,
      0.5631309151649475
    ],
    [
      0.546919584274292,
      0.5626422166824341
    ],
    [
      0.5439338684082031,
      0.5624820590019226
    ],
    [
      0.5410839319229126,
      0.5623053908348083
    ],
    [
      0.5390666723251343,
      0.5620279312133789
    ],
    [
      0.5368466377258301,
      0.5617504119873047
    ],
    [
      0.5335460305213928,
      0.5614721775054932
    ],
    [
      0.5304499864578247,
      0.5611719489097595
    ],
    [
      0.5283128619194031,
      0.5607686042785645
    ],
    [
      0.5259475111961365,
      0.5604972839355469
    ],
    [
      0.522631824016571,
      0.560775637626648
    ],
    [
      0.5195912718772888,
      0.5609939098358154
    ]
  ],
  "target": [
    [
      0.5175768733024597,
      0.5609877705574036
    ],
    [
      0.515316367149353,
      0.5609049797058105
    ],
    [
      0.5122281312942505,
      0.5605645179748535
    ],
    [
      0.5094758868217468,
      0.5603711605072021
    ],
    [
      0.5077476501464844,
      0.560626208782196
    ],
    [
      0.505749523639679,
      0.5608536601066589
    ],
    [
      0.5030023455619812,
      0.561004638671875
    ],
    [
      0.5003409385681152,
      0.5611801743507385
    ],
    [
      0.49789702892303467,
      0.5614184141159058
    ],
    [
      0.5015009045600891,
      0.562441885471344
    ],
    [
      0.5191848278045654,
      0.5652937889099121
    ],
    [
      0.5348588824272156,
      0.5679168105125427
    ],
    [
      0.5462278723716736,
      0.5700495839118958
    ],
    [
      0.5480157136917114,
      0.5709114670753479
    ],
    [
      0.530876100063324,
      0.5692625641822815
    ]
  ]
}