{
  "input": [
    [
      0.6036415696144104,
      0.5583561658859253
    ],
    [
      0.6032252311706543,
      0.5584798455238342
    ],
    [
      0.6022700071334839,
      0.558605432510376
    ],
    [
      0.6013658046722412,
      0.5587133765220642
    ],
    [
      0.6007166504859924,
      0.5587331652641296
    ],
    [
      0.6000345945358276,
      0.5587427020072937
    ],
    [
      0.5992069244384766,
      0.5587069988250732
    ],
    [
      0.5984191298484802,
      0.5586497783660889
    ],
    [
      0.5977886319160461,
      0.5585076808929443
    ],
    [
      0.5970380902290344,
      0.5583543181419373
    ],
    [
      0.5958619117736816,
      0.5581609010696411
    ],
    [
      0.5947513580322266,
      0.5580065250396729
    ],
    [
      0.5938510894775391,
      0.5579774379730225
    ],
    [
      0.5927161574363708,
      0.558037281036377
    ],
    [
      0.5908982157707214,
      0.5583562850952148
    ]
  ],
  "target": [
    [
      0.5892373919487,
      0.558595597743988
    ],
    [
      0.5879940986633301,
      0.5586233735084534
    ],
    [
      0.5865984559059143,
      0.5585633516311646
    ],
    [
      0.5848321914672852,
      0.558289647102356
    ],
    [
      0.5831770300865173,
      0.5580673813819885
    ],
    [
      0.5817701816558838,
      0.5579602122306824
    ],
    [
      0.5800938010215759,
      0.5579258799552917
    ],
    [
      0.5778620839118958,
      0.5580413937568665
    ],
    [
      0.5758548378944397,
      0.5581933856010437
    ],
    [
      0.5742742419242859,
      0.5584146976470947
    ],
    [
      0.5724360346794128,
      0.5585136413574219
    ],
    [
      0.570144772529602,
      0.5583974719047546
    ],
    [
      0.5681182742118835,
      0.5583378672599792
    ],
    [
      0.5665234327316284,
      0.5583705306053162
    ],
    [
      0.5650336146354675,
      0.5584161877632141
    ]
  ]
}