{
  "input": [
    [
      0.6505897641181946,
      0.567634105682373
    ],
    [
      0.6514450907707214,
      0.5673620700836182
    ],
    [
      0.6522696018218994,
      0.5670858025550842
    ],
    [
      0.653063952922821,
      0.5668054819107056
    ],
    [
      0.6535995602607727,
      0.5664705634117126
    ],
    [
      0.6538988947868347,
      0.5660857558250427
    ],
    [
      0.6541489362716675,
      0.5658583641052246
    ],
    [
      0.6543571352958679,
      0.5657647252082825
    ],
    [
      0.6546450257301331,
      0.5659228563308716
    ],
    [
      0.6549959182739258,
      0.5662801265716553
    ],
    [
      0.6551806926727295,
      0.5666574239730835
    ],
    [
      0.6552432775497437,
      0.5670494437217712
    ],
    [
      0.6547965407371521,
      0.5675449967384338
    ],
    [
      0.6540015935897827,
      0.5681113600730896
    ],
    [
      0.653245747089386,
      0.5685777068138123
    ]
  ],
  "target": [
    [
      0.652514636516571,
      0.5689806938171387
    ],
    [
      0.6506327986717224,
      0.5691179633140564
    ],
    [
      0.6480737924575806,
      0.5690990090370178
    ],
    [
      0.6460248827934265,
      0.5690174698829651
    ],
    [
      0.6442537903785706,
      0.5689019560813904
    ],
    [
      0.6425681114196777,
      0.5688833594322205
    ],
    [
      0.6409254670143127,
      0.5689136385917664
    ],
    [
      0.639420747756958,
      0.5689502954483032
    ],
    [
      0.6379801034927368,
      0.5689899921417236
    ],
    [
      0.6362195611000061,
      0.5689553022384644
    ],
    [
      0.634322464466095,
      0.5688889026641846
    ],
    [
      0.6332511305809021,
      0.568864643573761
    ],
    [
      0.6325031518936157,
      0.5688568949699402
    ],
    [
      0.632158637046814,
      0.5689718127250671
    ],
    [
      0.631958544254303,
      0.5691306591033936
    ]
  ]
}