{
  "input": [
    [
      0.5532326102256775,
      0.6706586480140686
    ],
    [
      0.48537200689315796,
      0.6899062395095825
    ],
    [
      0.40962347388267517,
      0.7130680084228516
    ],
    [
      0.39070555567741394,
      0.723547101020813
    ],
    [
      0.39684897661209106,
      0.7287550568580627
    ],
    [
      0.4115811586380005,
      0.7324947714805603
    ],
    [
      0.430636465549469,
      0.7351717948913574
    ],
    [
      0.44974932074546814,
      0.7371916174888611
    ],
    [
      0.4650457501411438,
      0.7386969327926636
    ],
    [
      0.4785224497318268,
      0.7405976057052612
    ],
    [
      0.4909250736236572,
      0.742595911026001
    ],
    [
      0.5029993057250977,
      0.7443938851356506
    ],
    [
      0.513843834400177,
      0.7450565695762634
    ],
    [
      0.5250222086906433,
      0.7456703782081604
    ],
    [
      0.5363708734512329,
      0.7457653284072876
    ]
  ],
  "target": [
    [
      0.5477263331413269,
      0.7448715567588806
    ],
    [
      0.5586264729499817,
      0.7415833473205566
    ],
    [
      0.5684806704521179,
      0.7386729717254639
    ],
    [
      0.5524556040763855,
      0.7289792895317078
    ],
    [
      0.48571789264678955,
      0.705341100692749
    ],
    [
      0.4386301338672638,
      0.6919665336608887
    ],
    [
      0.41524621844291687,
      0.6864533424377441
    ],
    [
      0.41047582030296326,
      0.6864227652549744
    ],
    [
      0.4192286729812622,
      0.6894962191581726
    ],
    [
      0.4395850598812103,
      0.6950621008872986
    ],
    [
      0.45996522903442383,
      0.69998699426651
    ],
    [
      0.4789375960826874,
      0.7038362622261047
    ],
    [
      0.4950704872608185,
      0.7061751484870911
    ],
    [
      0.5074160099029541,
      0.7064365744590759
    ],
    [
      0.5184828639030457,
      0.7063314318656921
    ]
  ],
  "meta": {
    "video_name": "test1.mp4",
    "video_stem": "test1",
    "video_path": "E:\\desktop\\open\\lstm-akf\\data\\video\\test1.mp4",
    "fps": 40.0,
    "segment_index": 0,
    "sample_index": 203,
    "start_frame_index": 193,
    "history_end_frame_index": 207,
    "target_end_frame_index": 222,
    "history_frame_indices": [
      193,
      194,
      195,
      196,
      197,
      198,
      199,
      200,
      201,
      202,
      203,
      204,
      205,
      206,
      207
    ],
    "target_frame_indices": [
      208,
      209,
      210,
      211,
      212,
      213,
      214,
      215,
      216,
      217,
      218,
      219,
      220,
      221,
      222
    ],
    "history_timestamps": [
      5.525000000000005,
      5.550000000000004,
      5.575000000000005,
      5.600000000000004,
      5.625000000000004,
      5.650000000000005,
      5.675000000000004,
      5.700000000000005,
      5.725000000000005,
      5.750000000000004,
      5.775000000000005,
      5.800000000000005,
      5.825000000000005,
      5.850000000000005,
      5.875000000000004
    ],
    "target_timestamps": [
      5.900000000000005,
      5.925000000000005,
      5.950000000000005,
      5.975000000000005,
      6.000000000000004,
      6.025000000000005,
      6.050000000000005,
      6.075000000000005,
      6.100000000000005,
      6.125000000000005,
      6.150000000000005,
      6.175000000000005,
      6.2000000000000055,
      6.225000000000005,
      6.250000000000005
    ]
  }
}