{
  "input": [
    [
      0.5654888153076172,
      0.560005784034729
    ],
    [
      0.5634524822235107,
      0.5599657297134399
    ],
    [
      0.5608786940574646,
      0.559884786605835
    ],
    [
      0.5589065551757812,
      0.5598791837692261
    ],
    [
      0.5575109124183655,
      0.5599458813667297
    ],
    [
      0.5558761358261108,
      0.5598610639572144
    ],
    [
      0.5540280342102051,
      0.5596410036087036
    ],
    [
      0.5526683330535889,
      0.5593389868736267
    ],
    [
      0.5517143607139587,
      0.5589689016342163
    ],
    [
      0.5504920482635498,
      0.5585989952087402
    ],
    [
      0.5490622520446777,
      0.5582292079925537
    ],
    [
      0.5476886034011841,
      0.5578025579452515
    ],
    [
      0.5463553071022034,
      0.5573350191116333
    ],
    [
      0.5450798273086548,
      0.5568088293075562
    ],
    [
      0.5438429117202759,
      0.5562435388565063
    ]
  ],
  "target": [
    [
      0.5426656007766724,
      0.5556178689002991
    ],
    [
      0.54152512550354,
      0.5549547672271729
    ],
    [
      0.5404459238052368,
      0.5542296171188354
    ],
    [
      0.5394018888473511,
      0.5534687638282776
    ],
    [
      0.5453392863273621,
      0.5574870109558105
    ],
    [
      0.5549850463867188,
      0.5640437006950378
    ],
    [
      0.5567119121551514,
      0.566170871257782
    ],
    [
      0.5545543432235718,
      0.5661252737045288
    ],
    [
      0.5519588589668274,
      0.5659886002540588
    ],
    [
      0.5491654872894287,
      0.5658106803894043
    ],
    [
      0.5467178821563721,
      0.5656323432922363
    ],
    [
      0.5444139838218689,
      0.5654537677764893
    ],
    [
      0.5409854054450989,
      0.5650059580802917
    ],
    [
      0.5371288061141968,
      0.5644556283950806
    ],
    [
      0.548705518245697,
      0.563037633895874
    ]
  ]
}