{
  "input": [
    [
      0.5676224827766418,
      0.724747359752655
    ],
    [
      0.5771486163139343,
      0.7221565246582031
    ],
    [
      0.5369446277618408,
      0.6995309591293335
    ],
    [
      0.4789285957813263,
      0.6720985770225525
    ],
    [
      0.4350186288356781,
      0.6550872325897217
    ],
    [
      0.422676146030426,
      0.6513599157333374
    ],
    [
      0.422319233417511,
      0.6519801616668701
    ],
    [
      0.4305182695388794,
      0.6556581854820251
    ],
    [
      0.4438436031341553,
      0.6611042618751526
    ],
    [
      0.45666733384132385,
      0.6654494404792786
    ],
    [
      0.46709170937538147,
      0.6682546138763428
    ],
    [
      0.47543320059776306,
      0.6696894764900208
    ],
    [
      0.48200830817222595,
      0.6699238419532776
    ],
    [
      0.4874219596385956,
      0.6694614887237549
    ],
    [
      0.4922426640987396,
      0.6690062880516052
    ]
  ],
  "target": [
    [
      0.49698910117149353,
      0.6685659885406494
    ],
    [
      0.5021799802780151,
      0.6681483387947083
    ],
    [
      0.5081380605697632,
      0.6681084632873535
    ],
    [
      0.5140528082847595,
      0.6670740842819214
    ],
    [
      0.5198757648468018,
      0.6655709743499756
    ],
    [
      0.5255582928657532,
      0.6641248464584351
    ],
    [
      0.5303285121917725,
      0.6625644564628601
    ],
    [
      0.5350878238677979,
      0.661401093006134
    ],
    [
      0.539599597454071,
      0.6608325839042664
    ],
    [
      0.5436273217201233,
      0.6610565781593323
    ],
    [
      0.47398385405540466,
      0.6830613613128662
    ],
    [
      0.4212499260902405,
      0.7032119035720825
    ],
    [
      0.3885713219642639,
      0.7193386554718018
    ],
    [
      0.37909388542175293,
      0.7292718887329102
    ],
    [
      0.3918706178665161,
      0.7318581342697144
    ]
  ]
}