{
  "input": [
    [
      0.6104500889778137,
      0.5810213685035706
    ],
    [
      0.5948073267936707,
      0.5836738348007202
    ],
    [
      0.5723684430122375,
      0.58722323179245
    ],
    [
      0.5627087354660034,
      0.5899363160133362
    ],
    [
      0.5568228363990784,
      0.5924025177955627
    ],
    [
      0.5575132966041565,
      0.5933040976524353
    ],
    [
      0.5599537491798401,
      0.593789279460907
    ],
    [
      0.5655604600906372,
      0.5936527252197266
    ],
    [
      0.5719213485717773,
      0.5933680534362793
    ],
    [
      0.5780737400054932,
      0.5926805138587952
    ],
    [
      0.58418208360672,
      0.591907799243927
    ],
    [
      0.5908119678497314,
      0.5914177298545837
    ],
    [
      0.5975387692451477,
      0.5909802317619324
    ],
    [
      0.6014072299003601,
      0.5907675623893738
    ],
    [
      0.6048144102096558,
      0.5905911326408386
    ]
  ],
  "target": [
    [
      0.6075323224067688,
      0.5903588533401489
    ],
    [
      0.6101552248001099,
      0.5901188850402832
    ],
    [
      0.6109142899513245,
      0.5900448560714722
    ],
    [
      0.6114584803581238,
      0.5899900197982788
    ],
    [
      0.6113497614860535,
      0.5900126099586487
    ],
    [
      0.6111799478530884,
      0.5900424718856812
    ],
    [
      0.6109980344772339,
      0.5901421308517456
    ],
    [
      0.6108153462409973,
      0.5902469158172607
    ],
    [
      0.6113471984863281,
      0.5903289914131165
    ],
    [
      0.6119166612625122,
      0.5904098749160767
    ],
    [
      0.6126677393913269,
      0.5904433131217957
    ],
    [
      0.6134248375892639,
      0.5904752016067505
    ],
    [
      0.6149685978889465,
      0.590430736541748
    ],
    [
      0.6165225505828857,
      0.5903855562210083
    ],
    [
      0.6177201271057129,
      0.5904378890991211
    ]
  ]
}