{
  "input": [
    [
      0.5079841017723083,
      0.5596182346343994
    ],
    [
      0.5101695656776428,
      0.5595269799232483
    ],
    [
      0.5123754143714905,
      0.5594155192375183
    ],
    [
      0.5134856104850769,
      0.5592169761657715
    ],
    [
      0.5145519375801086,
      0.5590149760246277
    ],
    [
      0.5156891942024231,
      0.5590294599533081
    ],
    [
      0.5168279409408569,
      0.5590485334396362
    ],
    [
      0.5172479748725891,
      0.5593621730804443
    ],
    [
      0.5176689028739929,
      0.5596751570701599
    ],
    [
      0.5182881951332092,
      0.5598885416984558
    ],
    [
      0.5189040303230286,
      0.560094952583313
    ],
    [
      0.5194175243377686,
      0.5600954294204712
    ],
    [
      0.519949197769165,
      0.5600802302360535
    ],
    [
      0.5208233594894409,
      0.5597724318504333
    ],
    [
      0.5216758847236633,
      0.5594744086265564
    ]
  ],
  "target": [
    [
      0.5222341418266296,
      0.5593093633651733
    ],
    [
      0.5228407979011536,
      0.5591449737548828
    ],
    [
      0.5239599347114563,
      0.5589870810508728
    ],
    [
      0.5250357389450073,
      0.5588307976722717
    ],
    [
      0.5257379412651062,
      0.5586891174316406
    ],
    [
      0.526497483253479,
      0.558620274066925
    ],
    [
      0.5276708602905273,
      0.559076726436615
    ],
    [
      0.5288103818893433,
      0.5595241785049438
    ],
    [
      0.5297412276268005,
      0.5599163770675659
    ],
    [
      0.5307775139808655,
      0.5602380633354187
    ],
    [
      0.532378077507019,
      0.5601822137832642
    ],
    [
      0.533959686756134,
      0.5601581335067749
    ],
    [
      0.5354522466659546,
      0.5602834224700928
    ],
    [
      0.5368295907974243,
      0.5604174733161926
    ],
    [
      0.5377249717712402,
      0.560588002204895
    ]
  ]
}