{
  "input": [
    [
      0.6019402146339417,
      0.5610276460647583
    ],
    [
      0.6025298833847046,
      0.5597540736198425
    ],
    [
      0.6028621196746826,
      0.5590850114822388
    ],
    [
      0.6031354069709778,
      0.5584778189659119
    ],
    [
      0.6029952168464661,
      0.5583052635192871
    ],
    [
      0.6028321385383606,
      0.5581891536712646
    ],
    [
      0.6025316715240479,
      0.5584126114845276
    ],
    [
      0.6021406054496765,
      0.5586128830909729
    ],
    [
      0.601274847984314,
      0.5586920976638794
    ],
    [
      0.6004412174224854,
      0.5588140487670898
    ],
    [
      0.5997560620307922,
      0.5591335892677307
    ],
    [
      0.5989864468574524,
      0.5594644546508789
    ],
    [
      0.5978698134422302,
      0.5598417520523071
    ],
    [
      0.5969316363334656,
      0.5601121187210083
    ],
    [
      0.5966500639915466,
      0.5599891543388367
    ]
  ],
  "target": [
    [
      0.5961320996284485,
      0.5597917437553406
    ],
    [
      0.5948294997215271,
      0.55934739112854
    ],
    [
      0.5935981869697571,
      0.5589286684989929
    ],
    [
      0.5925818085670471,
      0.5585871934890747
    ],
    [
      0.5915214419364929,
      0.5582960247993469
    ],
    [
      0.5903403162956238,
      0.5581427216529846
    ],
    [
      0.5891633629798889,
      0.5580265522003174
    ],
    [
      0.5879969000816345,
      0.5580037236213684
    ],
    [
      0.5867076516151428,
      0.557900607585907
    ],
    [
      0.5851355791091919,
      0.5576123595237732
    ],
    [
      0.5836671590805054,
      0.5574374198913574
    ],
    [
      0.5824185013771057,
      0.5575024485588074
    ],
    [
      0.5808493494987488,
      0.5575636029243469
    ],
    [
      0.5786532163619995,
      0.5576170682907104
    ],
    [
      0.5767675638198853,
      0.5574759244918823
    ]
  ],
  "meta": {
    "video_name": "test2.mp4",
    "video_stem": "test2",
    "video_path": "E:\\desktop\\open\\lstm-akf\\data\\video\\test2.mp4",
    "fps": 40.0,
    "segment_index": 0,
    "sample_index": 21,
    "start_frame_index": 11,
    "history_end_frame_index": 25,
    "target_end_frame_index": 40,
    "history_frame_indices": [
      11,
      12,
      13,
      14,
      15,
      16,
      17,
      18,
      19,
      20,
      21,
      22,
      23,
      24,
      25
    ],
    "target_frame_indices": [
      26,
      27,
      28,
      29,
      30,
      31,
      32,
      33,
      34,
      35,
      36,
      37,
      38,
      39,
      40
    ],
    "history_timestamps": [
      4.685381613523164,
      4.710381613523165,
      4.735381613523165,
      4.760381613523165,
      4.785381613523166,
      4.810381613523166,
      4.835381613523166,
      4.860381613523167,
      4.885381613523167,
      4.9103816135231675,
      4.935381613523168,
      4.960381613523168,
      4.9853816135231686,
      5.010381613523169,
      5.035381613523169
    ],
    "target_timestamps": [
      5.06038161352317,
      5.08538161352317,
      5.11038161352317,
      5.135381613523171,
      5.160381613523171,
      5.185381613523171,
      5.210381613523172,
      5.235381613523172,
      5.2603816135231725,
      5.285381613523173,
      5.310381613523173,
      5.3353816135231735,
      5.360381613523174,
      5.385381613523174,
      5.410381613523175
    ]
  }
}