{
  "input": [
    [
      0.44056597352027893,
      0.5927237272262573
    ],
    [
      0.4426614046096802,
      0.5927618741989136
    ],
    [
      0.4447076618671417,
      0.5927676558494568
    ],
    [
      0.4464980661869049,
      0.5927761793136597
    ],
    [
      0.44791072607040405,
      0.592788815498352
    ],
    [
      0.4490562677383423,
      0.5928043723106384
    ],
    [
      0.44983533024787903,
      0.5928239226341248
    ],
    [
      0.4520934820175171,
      0.592724084854126
    ],
    [
      0.4562385380268097,
      0.5924720764160156
    ],
    [
      0.4590645432472229,
      0.5922357439994812
    ],
    [
      0.4603247046470642,
      0.5920180082321167
    ],
    [
      0.46121546626091003,
      0.5918893218040466
    ],
    [
      0.4616979956626892,
      0.591858983039856
    ],
    [
      0.46231895685195923,
      0.5919255614280701
    ],
    [
      0.4630824029445648,
      0.5920917987823486
    ]
  ],
  "target": [
    [
      0.4636867940425873,
      0.5921841263771057
    ],
    [
      0.46413877606391907,
      0.5922055840492249
    ],
    [
      0.464619904756546,
      0.5923838019371033
    ],
    [
      0.46512705087661743,
      0.5927019715309143
    ],
    [
      0.4655103385448456,
      0.5929321646690369
    ],
    [
      0.4657907485961914,
      0.5930892825126648
    ],
    [
      0.46617478132247925,
      0.5931375026702881
    ],
    [
      0.4666388928890228,
      0.5931015610694885
    ],
    [
      0.4670332670211792,
      0.5933314561843872
    ],
    [
      0.46737751364707947,
      0.5937524437904358
    ],
    [
      0.4678927958011627,
      0.5939087867736816
    ],
    [
      0.46852225065231323,
      0.593888521194458
    ],
    [
      0.46916788816452026,
      0.5936681628227234
    ],
    [
      0.46982356905937195,
      0.5933238863945007
    ],
    [
      0.47077423334121704,
      0.5933862924575806
    ]
  ],
  "meta": {
    "video_name": "test2.mp4",
    "video_stem": "test2",
    "video_path": "E:\\desktop\\open\\lstm-akf\\data\\video\\test2.mp4",
    "fps": 40.0,
    "segment_index": 52,
    "sample_index": 275,
    "start_frame_index": 265,
    "history_end_frame_index": 279,
    "target_end_frame_index": 294,
    "history_frame_indices": [
      265,
      266,
      267,
      268,
      269,
      270,
      271,
      272,
      273,
      274,
      275,
      276,
      277,
      278,
      279
    ],
    "target_frame_indices": [
      280,
      281,
      282,
      283,
      284,
      285,
      286,
      287,
      288,
      289,
      290,
      291,
      292,
      293,
      294
    ],
    "history_timestamps": [
      126.64684570733964,
      126.67184570733964,
      126.69684570733965,
      126.72184570733965,
      126.74684570733966,
      126.77184570733966,
      126.79684570733967,
      126.82184570733968,
      126.84684570733968,
      126.87184570733969,
      126.8968457073397,
      126.9218457073397,
      126.9468457073397,
      126.97184570733971,
      126.99684570733972
    ],
    "target_timestamps": [
      127.02184570733972,
      127.04684570733973,
      127.07184570733973,
      127.09684570733974,
      127.12184570733974,
      127.14684570733975,
      127.17184570733976,
      127.19684570733976,
      127.22184570733977,
      127.24684570733977,
      127.27184570733978,
      127.29684570733978,
      127.32184570733979,
      127.3468457073398,
      127.3718457073398
    ]
  }
}