{
  "input": [
    [
      0.5288103818893433,
      0.5595241785049438
    ],
    [
      0.5297412276268005,
      0.5599163770675659
    ],
    [
      0.5307775139808655,
      0.5602380633354187
    ],
    [
      0.532378077507019,
      0.5601822137832642
    ],
    [
      0.533959686756134,
      0.5601581335067749
    ],
    [
      0.5354522466659546,
      0.5602834224700928
    ],
    [
      0.5368295907974243,
      0.5604174733161926
    ],
    [
      0.5377249717712402,
      0.560588002204895
    ],
    [
      0.5386136770248413,
      0.5606680512428284
    ],
    [
      0.5394772291183472,
      0.5604092478752136
    ],
    [
      0.5404549241065979,
      0.5603146553039551
    ],
    [
      0.5418177247047424,
      0.5607743859291077
    ],
    [
      0.5430787205696106,
      0.5611487030982971
    ],
    [
      0.5440284609794617,
      0.5612617135047913
    ],
    [
      0.5451169610023499,
      0.5613572597503662
    ]
  ],
  "target": [
    [
      0.5465919971466064,
      0.5614041686058044
    ],
    [
      0.5479458570480347,
      0.5615481734275818
    ],
    [
      0.5489911437034607,
      0.5619394183158875
    ],
    [
      0.5501569509506226,
      0.5621699690818787
    ],
    [
      0.5516040921211243,
      0.5620254278182983
    ],
    [
      0.552774965763092,
      0.5618981719017029
    ],
    [
      0.5533523559570312,
      0.5618079900741577
    ],
    [
      0.5539571642875671,
      0.5617866516113281
    ],
    [
      0.5546162128448486,
      0.5619016289710999
    ],
    [
      0.5551190972328186,
      0.561949610710144
    ],
    [
      0.5553362369537354,
      0.5618751049041748
    ],
    [
      0.5554994940757751,
      0.5618142485618591
    ],
    [
      0.5555714964866638,
      0.5617763996124268
    ],
    [
      0.5556046366691589,
      0.5617536902427673
    ],
    [
      0.5555768013000488,
      0.5617548823356628
    ]
  ]
}