{
  "input": [
    [
      0.7488517165184021,
      0.6102626323699951
    ],
    [
      0.7451435327529907,
      0.6109676957130432
    ],
    [
      0.7420707941055298,
      0.611590564250946
    ],
    [
      0.739209771156311,
      0.6119471192359924
    ],
    [
      0.7367976307868958,
      0.6117390394210815
    ],
    [
      0.7342604398727417,
      0.6116057634353638
    ],
    [
      0.7314785122871399,
      0.6116189956665039
    ],
    [
      0.7287808656692505,
      0.6116169095039368
    ],
    [
      0.726235568523407,
      0.6115872263908386
    ],
    [
      0.7225409746170044,
      0.611795961856842
    ],
    [
      0.7169221639633179,
      0.6124038696289062
    ],
    [
      0.7113329768180847,
      0.6128331422805786
    ],
    [
      0.7057896852493286,
      0.6129850149154663
    ],
    [
      0.7001352906227112,
      0.6131643056869507
    ],
    [
      0.694320559501648,
      0.6133831143379211
    ]
  ],
  "target": [
    [
      0.6885197758674622,
      0.6135625839233398
    ],
    [
      0.6827376484870911,
      0.6136893630027771
    ],
    [
      0.6780130863189697,
      0.6137413382530212
    ],
    [
      0.6746067404747009,
      0.6137000322341919
    ],
    [
      0.6704689264297485,
      0.6137439012527466
    ],
    [
      0.6654826402664185,
      0.6138865351676941
    ],
    [
      0.661483645439148,
      0.6139678359031677
    ],
    [
      0.6585508584976196,
      0.6139828562736511
    ],
    [
      0.6546556353569031,
      0.6141266822814941
    ],
    [
      0.6497925519943237,
      0.6144000291824341
    ],
    [
      0.6453132629394531,
      0.6146445870399475
    ],
    [
      0.6411933302879333,
      0.6148620843887329
    ],
    [
      0.636614978313446,
      0.6149831414222717
    ],
    [
      0.6316367387771606,
      0.6150200366973877
    ],
    [
      0.6274281144142151,
      0.6150705814361572
    ]
  ],
  "meta": {
    "video_name": "test2.mp4",
    "video_stem": "test2",
    "video_path": "E:\\desktop\\open\\lstm-akf\\data\\video\\test2.mp4",
    "fps": 40.0,
    "segment_index": 108,
    "sample_index": 43,
    "start_frame_index": 33,
    "history_end_frame_index": 47,
    "target_end_frame_index": 62,
    "history_frame_indices": [
      33,
      34,
      35,
      36,
      37,
      38,
      39,
      40,
      41,
      42,
      43,
      44,
      45,
      46,
      47
    ],
    "target_frame_indices": [
      48,
      49,
      50,
      51,
      52,
      53,
      54,
      55,
      56,
      57,
      58,
      59,
      60,
      61,
      62
    ],
    "history_timestamps": [
      245.7746215241011,
      245.7996215241011,
      245.8246215241011,
      245.8496215241011,
      245.87462152410112,
      245.89962152410112,
      245.92462152410113,
      245.94962152410113,
      245.97462152410114,
      245.99962152410114,
      246.02462152410115,
      246.04962152410116,
      246.07462152410116,
      246.09962152410117,
      246.12462152410117
    ],
    "target_timestamps": [
      246.14962152410118,
      246.17462152410118,
      246.1996215241012,
      246.2246215241012,
      246.2496215241012,
      246.2746215241012,
      246.2996215241012,
      246.32462152410122,
      246.34962152410122,
      246.37462152410123,
      246.39962152410124,
      246.42462152410124,
      246.44962152410125,
      246.47462152410125,
      246.49962152410126
    ]
  }
}