{
  "input": [
    [
      0.5871213674545288,
      0.7252095341682434
    ],
    [
      0.569011926651001,
      0.7135552167892456
    ],
    [
      0.49937179684638977,
      0.6835482716560364
    ],
    [
      0.45462149381637573,
      0.6675021052360535
    ],
    [
      0.43168893456459045,
      0.6591987013816833
    ],
    [
      0.42600154876708984,
      0.6571298837661743
    ],
    [
      0.43298670649528503,
      0.6597875952720642
    ],
    [
      0.44764313101768494,
      0.6653493046760559
    ],
    [
      0.46169933676719666,
      0.6695006489753723
    ],
    [
      0.47398585081100464,
      0.6720703840255737
    ],
    [
      0.48333320021629333,
      0.67288738489151
    ],
    [
      0.4901770353317261,
      0.6743157505989075
    ],
    [
      0.49556323885917664,
      0.6743788719177246
    ],
    [
      0.5003125071525574,
      0.6737548112869263
    ],
    [
      0.505245566368103,
      0.6731216907501221
    ]
  ],
  "target": [
    [
      0.5107054114341736,
      0.6722617745399475
    ],
    [
      0.5166017413139343,
      0.6715782284736633
    ],
    [
      0.5225687623023987,
      0.6707389950752258
    ],
    [
      0.5282406806945801,
      0.6694120764732361
    ],
    [
      0.5333356261253357,
      0.6672109961509705
    ],
    [
      0.5381444692611694,
      0.6651314496994019
    ],
    [
      0.5172566175460815,
      0.6701768040657043
    ],
    [
      0.4452614486217499,
      0.6893506646156311
    ],
    [
      0.39953258633613586,
      0.7067859768867493
    ],
    [
      0.3770620822906494,
      0.7190427780151367
    ],
    [
      0.373310923576355,
      0.7268833518028259
    ],
    [
      0.38374003767967224,
      0.7310698628425598
    ],
    [
      0.40408292412757874,
      0.7312642931938171
    ],
    [
      0.4233212471008301,
      0.7312559485435486
    ],
    [
      0.44062361121177673,
      0.7316354513168335
    ]
  ]
}