{
  "input": [
    [
      0.45515865087509155,
      0.7329935431480408
    ],
    [
      0.4672936201095581,
      0.735020637512207
    ],
    [
      0.4790632724761963,
      0.7366138100624084
    ],
    [
      0.4906173646450043,
      0.7378959655761719
    ],
    [
      0.5021055936813354,
      0.7389903664588928
    ],
    [
      0.5132084488868713,
      0.7389983534812927
    ],
    [
      0.5246033668518066,
      0.7382782101631165
    ],
    [
      0.5361444354057312,
      0.7381348609924316
    ],
    [
      0.5476855635643005,
      0.7398731112480164
    ],
    [
      0.5573594570159912,
      0.7391780614852905
    ],
    [
      0.5145854949951172,
      0.7215286493301392
    ],
    [
      0.45345649123191833,
      0.6995567083358765
    ],
    [
      0.4080653488636017,
      0.6858940124511719
    ],
    [
      0.39787259697914124,
      0.682044267654419
    ],
    [
      0.40104734897613525,
      0.6821670532226562
    ]
  ],
  "target": [
    [
      0.414223849773407,
      0.6852836012840271
    ],
    [
      0.4340363144874573,
      0.6904151439666748
    ],
    [
      0.45372313261032104,
      0.6953126788139343
    ],
    [
      0.4707421362400055,
      0.6984791159629822
    ],
    [
      0.48538413643836975,
      0.7003222107887268
    ],
    [
      0.49793997406959534,
      0.7012497782707214
    ],
    [
      0.5084084868431091,
      0.7009884715080261
    ],
    [
      0.5179750323295593,
      0.6998509168624878
    ],
    [
      0.5270316004753113,
      0.6985377669334412
    ],
    [
      0.5359700918197632,
      0.6977498531341553
    ],
    [
      0.5446235537528992,
      0.6957615613937378
    ],
    [
      0.5530696511268616,
      0.6936496496200562
    ],
    [
      0.561251699924469,
      0.6913967728614807
    ],
    [
      0.56911301612854,
      0.6889855861663818
    ],
    [
      0.49687910079956055,
      0.7012375593185425
    ]
  ]
}