{
  "input": [
    [
      0.49877265095710754,
      0.5664933323860168
    ],
    [
      0.49950534105300903,
      0.5662514567375183
    ],
    [
      0.5004015564918518,
      0.5661334991455078
    ],
    [
      0.5018057227134705,
      0.566400408744812
    ],
    [
      0.5031300783157349,
      0.5666171312332153
    ],
    [
      0.5042290091514587,
      0.5666919350624084
    ],
    [
      0.5055286884307861,
      0.5667195916175842
    ],
    [
      0.5073466300964355,
      0.5666255950927734
    ],
    [
      0.5090470314025879,
      0.5664553046226501
    ],
    [
      0.5104691386222839,
      0.5661044120788574
    ],
    [
      0.5120219588279724,
      0.5659220218658447
    ],
    [
      0.5138595104217529,
      0.5661063194274902
    ],
    [
      0.5155439376831055,
      0.5662236213684082
    ],
    [
      0.5169211030006409,
      0.5662062764167786
    ],
    [
      0.5184800624847412,
      0.5660971999168396
    ]
  ],
  "target": [
    [
      0.5203760266304016,
      0.5658180117607117
    ],
    [
      0.5223144292831421,
      0.565559983253479
    ],
    [
      0.5243256688117981,
      0.5653380155563354
    ],
    [
      0.526001513004303,
      0.5651736855506897
    ],
    [
      0.5271437764167786,
      0.5651008486747742
    ],
    [
      0.5281445980072021,
      0.5650554895401001
    ],
    [
      0.5289366245269775,
      0.5650505423545837
    ],
    [
      0.5301017165184021,
      0.565143346786499
    ],
    [
      0.5317787528038025,
      0.5653702616691589
    ],
    [
      0.5333330035209656,
      0.5654516816139221
    ],
    [
      0.5347307324409485,
      0.56534743309021
    ],
    [
      0.536298394203186,
      0.5652639865875244
    ],
    [
      0.5380678176879883,
      0.5652052164077759
    ],
    [
      0.5395544767379761,
      0.5651905536651611
    ],
    [
      0.5407286286354065,
      0.5652246475219727
    ]
  ]
}