{
  "input": [
    [
      0.7504167556762695,
      0.5940943360328674
    ],
    [
      0.7513458132743835,
      0.5940588116645813
    ],
    [
      0.7516854405403137,
      0.5936868190765381
    ],
    [
      0.7519941329956055,
      0.5932971239089966
    ],
    [
      0.7522181272506714,
      0.5931175947189331
    ],
    [
      0.7524393200874329,
      0.5929450392723083
    ],
    [
      0.7523699998855591,
      0.5920029282569885
    ],
    [
      0.7522960305213928,
      0.5910518169403076
    ],
    [
      0.7521011829376221,
      0.5907331109046936
    ],
    [
      0.7513501048088074,
      0.5903084874153137
    ],
    [
      0.7250392436981201,
      0.5850194096565247
    ],
    [
      0.6992135047912598,
      0.5798400044441223
    ],
    [
      0.6853078007698059,
      0.5773571133613586
    ],
    [
      0.6719580292701721,
      0.5749783515930176
    ],
    [
      0.6678202152252197,
      0.5743259191513062
    ]
  ],
  "target": [
    [
      0.6641213893890381,
      0.5737435221672058
    ],
    [
      0.6658591628074646,
      0.5740280151367188
    ],
    [
      0.6675528883934021,
      0.5744032263755798
    ],
    [
      0.668813943862915,
      0.5756686329841614
    ],
    [
      0.6700141429901123,
      0.5767462849617004
    ],
    [
      0.6707239747047424,
      0.5763096809387207
    ],
    [
      0.671213686466217,
      0.5759460926055908
    ],
    [
      0.6702056527137756,
      0.5760794878005981
    ],
    [
      0.6691696047782898,
      0.5761770009994507
    ],
    [
      0.6679692268371582,
      0.57606440782547
    ],
    [
      0.6665442585945129,
      0.5759499669075012
    ],
    [
      0.6639723777770996,
      0.5758259892463684
    ],
    [
      0.657226026058197,
      0.5764982104301453
    ],
    [
      0.6316609382629395,
      0.5807599425315857
    ],
    [
      0.609114408493042,
      0.5847614407539368
    ]
  ]
}