{
  "input": [
    [
      0.5349575281143188,
      0.5823236703872681
    ],
    [
      0.5360024571418762,
      0.5804221034049988
    ],
    [
      0.5312318801879883,
      0.5798903107643127
    ],
    [
      0.524348795413971,
      0.5798560976982117
    ],
    [
      0.5175425410270691,
      0.5802565813064575
    ],
    [
      0.5107616782188416,
      0.5808009505271912
    ],
    [
      0.503677248954773,
      0.5810563564300537
    ],
    [
      0.496501624584198,
      0.5812250375747681
    ],
    [
      0.49213171005249023,
      0.5809365510940552
    ],
    [
      0.4885213375091553,
      0.5805242657661438
    ],
    [
      0.5033608078956604,
      0.5833017230033875
    ],
    [
      0.5226762890815735,
      0.58685302734375
    ],
    [
      0.5324801206588745,
      0.5891033411026001
    ],
    [
      0.540232241153717,
      0.5910729765892029
    ],
    [
      0.5374160408973694,
      0.5919410586357117
    ]
  ],
  "target": [
    [
      0.5325924754142761,
      0.5925998687744141
    ],
    [
      0.525313138961792,
      0.5922678112983704
    ],
    [
      0.5176278948783875,
      0.5917720198631287
    ],
    [
      0.5107048153877258,
      0.5914267897605896
    ],
    [
      0.5038895606994629,
      0.5911029577255249
    ],
    [
      0.498867005109787,
      0.5906451344490051
    ],
    [
      0.49405744671821594,
      0.5901714563369751
    ],
    [
      0.4895896017551422,
      0.5898305177688599
    ],
    [
      0.4851548969745636,
      0.5895023941993713
    ],
    [
      0.48334646224975586,
      0.5892953872680664
    ],
    [
      0.48173752427101135,
      0.5890974998474121
    ],
    [
      0.4808439314365387,
      0.5891250371932983
    ],
    [
      0.4799901843070984,
      0.5891651511192322
    ],
    [
      0.4801025986671448,
      0.5890917181968689
    ],
    [
      0.4802500605583191,
      0.5890141725540161
    ]
  ]
}