{
  "input": [
    [
      0.6641213893890381,
      0.5737435221672058
    ],
    [
      0.6658591628074646,
      0.5740280151367188
    ],
    [
      0.6675528883934021,
      0.5744032263755798
    ],
    [
      0.668813943862915,
      0.5756686329841614
    ],
    [
      0.6700141429901123,
      0.5767462849617004
    ],
    [
      0.6707239747047424,
      0.5763096809387207
    ],
    [
      0.671213686466217,
      0.5759460926055908
    ],
    [
      0.6702056527137756,
      0.5760794878005981
    ],
    [
      0.6691696047782898,
      0.5761770009994507
    ],
    [
      0.6679692268371582,
      0.57606440782547
    ],
    [
      0.6665442585945129,
      0.5759499669075012
    ],
    [
      0.6639723777770996,
      0.5758259892463684
    ],
    [
      0.657226026058197,
      0.5764982104301453
    ],
    [
      0.6316609382629395,
      0.5807599425315857
    ],
    [
      0.609114408493042,
      0.5847614407539368
    ]
  ],
  "target": [
    [
      0.5986906290054321,
      0.5877177119255066
    ],
    [
      0.5903939008712769,
      0.5901575684547424
    ],
    [
      0.5897647738456726,
      0.590735912322998
    ],
    [
      0.590478777885437,
      0.5910964608192444
    ],
    [
      0.5955657362937927,
      0.5907480716705322
    ],
    [
      0.6006704568862915,
      0.5904014706611633
    ],
    [
      0.6058273911476135,
      0.5900599360466003
    ],
    [
      0.611057698726654,
      0.589655876159668
    ],
    [
      0.6164856553077698,
      0.5890831351280212
    ],
    [
      0.6211180686950684,
      0.5887064337730408
    ],
    [
      0.6237873435020447,
      0.5888134241104126
    ],
    [
      0.618950366973877,
      0.5877578854560852
    ],
    [
      0.5971050262451172,
      0.584068238735199
    ],
    [
      0.5773448944091797,
      0.580456018447876
    ],
    [
      0.5619356632232666,
      0.5770052671432495
    ]
  ]
}