{
  "input": [
    [
      0.5315436124801636,
      0.5769726634025574
    ],
    [
      0.5315225720405579,
      0.57667076587677
    ],
    [
      0.5315524339675903,
      0.5763236284255981
    ],
    [
      0.5316600799560547,
      0.5760467052459717
    ],
    [
      0.5318079590797424,
      0.575806200504303
    ],
    [
      0.5322051048278809,
      0.5753949284553528
    ],
    [
      0.5327214002609253,
      0.5749021172523499
    ],
    [
      0.5333903431892395,
      0.5743919014930725
    ],
    [
      0.5341265201568604,
      0.5738740563392639
    ],
    [
      0.5367330312728882,
      0.5735324621200562
    ],
    [
      0.5400950908660889,
      0.573262095451355
    ],
    [
      0.5420921444892883,
      0.5729901790618896
    ],
    [
      0.5435844659805298,
      0.5727177262306213
    ],
    [
      0.5458564162254333,
      0.5727563500404358
    ],
    [
      0.5483912229537964,
      0.5728999376296997
    ]
  ],
  "target": [
    [
      0.5499769449234009,
      0.5731006860733032
    ],
    [
      0.5512721538543701,
      0.5733190178871155
    ],
    [
      0.5522981882095337,
      0.5732857584953308
    ],
    [
      0.5532498359680176,
      0.573183000087738
    ],
    [
      0.5539095997810364,
      0.5730297565460205
    ],
    [
      0.5544970035552979,
      0.5728639364242554
    ],
    [
      0.5554372668266296,
      0.5727694034576416
    ],
    [
      0.5564554929733276,
      0.5726905465126038
    ],
    [
      0.5571867227554321,
      0.5723755955696106
    ],
    [
      0.5578620433807373,
      0.5720146298408508
    ],
    [
      0.5588003396987915,
      0.5715837478637695
    ],
    [
      0.559783399105072,
      0.5711409449577332
    ],
    [
      0.5600993633270264,
      0.5710281133651733
    ],
    [
      0.560317873954773,
      0.570963442325592
    ],
    [
      0.5601357221603394,
      0.5708658695220947
    ]
  ],
  "meta": {
    "video_name": "test2.mp4",
    "video_stem": "test2",
    "video_path": "E:\\desktop\\open\\lstm-akf\\data\\video\\test2.mp4",
    "fps": 40.0,
    "segment_index": 109,
    "sample_index": 81,
    "start_frame_index": 71,
    "history_end_frame_index": 85,
    "target_end_frame_index": 100,
    "history_frame_indices": [
      71,
      72,
      73,
      74,
      75,
      76,
      77,
      78,
      79,
      80,
      81,
      82,
      83,
      84,
      85
    ],
    "target_frame_indices": [
      86,
      87,
      88,
      89,
      90,
      91,
      92,
      93,
      94,
      95,
      96,
      97,
      98,
      99,
      100
    ],
    "history_timestamps": [
      250.39168039377225,
      250.41668039377225,
      250.44168039377226,
      250.46668039377226,
      250.49168039377227,
      250.51668039377228,
      250.54168039377228,
      250.5666803937723,
      250.5916803937723,
      250.6166803937723,
      250.6416803937723,
      250.6666803937723,
      250.69168039377232,
      250.71668039377232,
      250.74168039377233
    ],
    "target_timestamps": [
      250.76668039377233,
      250.79168039377234,
      250.81668039377234,
      250.84168039377235,
      250.86668039377236,
      250.89168039377236,
      250.91668039377237,
      250.94168039377237,
      250.96668039377238,
      250.99168039377238,
      251.0166803937724,
      251.0416803937724,
      251.0666803937724,
      251.0916803937724,
      251.1166803937724
    ]
  }
}