{
  "input": [
    [
      0.4910142719745636,
      0.5738598108291626
    ],
    [
      0.4910142719745636,
      0.5738598108291626
    ],
    [
      0.4910142719745636,
      0.5738598108291626
    ],
    [
      0.4910142719745636,
      0.5738598108291626
    ],
    [
      0.4910142719745636,
      0.5738598108291626
    ],
    [
      0.4910142719745636,
      0.5738598108291626
    ],
    [
      0.4910142719745636,
      0.5738598108291626
    ]
  ],
  "target": [
    [
      0.4910142719745636,
      0.5738598108291626
    ],
    [
      0.4910142719745636,
      0.5738598108291626
    ],
    [
      0.4910142719745636,
      0.5738598108291626
    ],
    [
      0.49055245518684387,
      0.5738744735717773
    ],
    [
      0.4853651523590088,
      0.5740393996238708
    ],
    [
      0.4806492328643799,
      0.5741583704948425
    ],
    [
      0.479873925447464,
      0.5738931894302368
    ],
    [
      0.48271530866622925,
      0.5741321444511414
    ],
    [
      0.5109565258026123,
      0.577911913394928
    ],
    [
      0.5359770059585571,
      0.5813005566596985
    ],
    [
      0.5416082143783569,
      0.5823349356651306
    ],
    [
      0.5417290329933167,
      0.5825663208961487
    ],
    [
      0.5129749774932861,
      0.578589677810669
    ],
    [
      0.49139338731765747,
      0.5757977962493896
    ],
    [
      0.5029205083847046,
      0.5784748196601868
    ]
  ],
  "meta": {
    "video_name": "test2.mp4",
    "video_stem": "test2",
    "video_path": "E:\\desktop\\open\\lstm-akf\\data\\video\\test2.mp4",
    "fps": 40.0,
    "segment_index": 101,
    "sample_index": 2,
    "start_frame_index": 0,
    "history_end_frame_index": 6,
    "target_end_frame_index": 21,
    "history_frame_indices": [
      0,
      1,
      2,
      3,
      4,
      5,
      6
    ],
    "target_frame_indices": [
      7,
      8,
      9,
      10,
      11,
      12,
      13,
      14,
      15,
      16,
      17,
      18,
      19,
      20,
      21
    ],
    "history_timestamps": [
      219.92442248107622,
      219.94942248107623,
      219.97442248107623,
      219.99942248107624,
      220.02442248107624,
      220.04942248107625,
      220.07442248107625
    ],
    "target_timestamps": [
      220.09942248107626,
      220.12442248107627,
      220.14942248107627,
      220.17442248107628,
      220.19942248107628,
      220.2244224810763,
      220.2494224810763,
      220.2744224810763,
      220.2994224810763,
      220.3244224810763,
      220.34942248107632,
      220.37442248107632,
      220.39942248107633,
      220.42442248107633,
      220.44942248107634
    ]
  }
}