{
  "input": [
    [
      0.5840528607368469,
      0.5694912075996399
    ],
    [
      0.5840818881988525,
      0.5697823762893677
    ],
    [
      0.5601643919944763,
      0.5736033916473389
    ],
    [
      0.539259135723114,
      0.5769721269607544
    ],
    [
      0.5576345324516296,
      0.5744417309761047
    ],
    [
      0.5751008987426758,
      0.5720508098602295
    ],
    [
      0.5832660794258118,
      0.5710873603820801
    ],
    [
      0.5879760980606079,
      0.57057124376297
    ],
    [
      0.5638007521629333,
      0.5737953186035156
    ],
    [
      0.5418277978897095,
      0.5767221450805664
    ],
    [
      0.5353219509124756,
      0.5775617361068726
    ],
    [
      0.5339038372039795,
      0.5776463150978088
    ],
    [
      0.5631142854690552,
      0.5731854438781738
    ],
    [
      0.5884724855422974,
      0.5693103075027466
    ],
    [
      0.5936443209648132,
      0.5685040950775146
    ]
  ],
  "target": [
    [
      0.5979902148246765,
      0.5678299069404602
    ],
    [
      0.5985234975814819,
      0.5677651762962341
    ],
    [
      0.5987251400947571,
      0.5677514672279358
    ],
    [
      0.597565233707428,
      0.5679471492767334
    ],
    [
      0.5964256525039673,
      0.5681397318840027
    ],
    [
      0.5953608155250549,
      0.5683209896087646
    ],
    [
      0.5895165205001831,
      0.5692599415779114
    ],
    [
      0.5678041577339172,
      0.5727145075798035
    ],
    [
      0.5493062734603882,
      0.5756568908691406
    ],
    [
      0.5404889583587646,
      0.5770568251609802
    ],
    [
      0.5336125493049622,
      0.5781480669975281
    ],
    [
      0.5320620536804199,
      0.5783920288085938
    ],
    [
      0.536931037902832,
      0.5776217579841614
    ],
    [
      0.5579131841659546,
      0.5743054747581482
    ],
    [
      0.5700063705444336,
      0.5723813772201538
    ]
  ],
  "meta": {
    "video_name": "test2.mp4",
    "video_stem": "test2",
    "video_path": "E:\\desktop\\open\\lstm-akf\\data\\video\\test2.mp4",
    "fps": 40.0,
    "segment_index": 34,
    "sample_index": 15,
    "start_frame_index": 5,
    "history_end_frame_index": 19,
    "target_end_frame_index": 34,
    "history_frame_indices": [
      5,
      6,
      7,
      8,
      9,
      10,
      11,
      12,
      13,
      14,
      15,
      16,
      17,
      18,
      19
    ],
    "target_frame_indices": [
      20,
      21,
      22,
      23,
      24,
      25,
      26,
      27,
      28,
      29,
      30,
      31,
      32,
      33,
      34
    ],
    "history_timestamps": [
      77.38101051104054,
      77.40601051104055,
      77.43101051104055,
      77.45601051104056,
      77.48101051104057,
      77.50601051104057,
      77.53101051104058,
      77.55601051104058,
      77.58101051104059,
      77.6060105110406,
      77.6310105110406,
      77.6560105110406,
      77.68101051104061,
      77.70601051104062,
      77.73101051104062
    ],
    "target_timestamps": [
      77.75601051104063,
      77.78101051104063,
      77.80601051104064,
      77.83101051104065,
      77.85601051104065,
      77.88101051104066,
      77.90601051104066,
      77.93101051104067,
      77.95601051104067,
      77.98101051104068,
      78.00601051104069,
      78.03101051104069,
      78.0560105110407,
      78.0810105110407,
      78.10601051104071
    ]
  }
}