{
  "input": [
    [
      0.4544689655303955,
      0.5707706212997437
    ],
    [
      0.4552368223667145,
      0.5708734393119812
    ],
    [
      0.4562220275402069,
      0.5709417462348938
    ],
    [
      0.4572257697582245,
      0.5710007548332214
    ],
    [
      0.4584193229675293,
      0.5709652304649353
    ],
    [
      0.4595731794834137,
      0.570975124835968
    ],
    [
      0.4603955149650574,
      0.5713652968406677
    ],
    [
      0.4613301455974579,
      0.5716614723205566
    ],
    [
      0.4630535840988159,
      0.5712975263595581
    ],
    [
      0.4646816849708557,
      0.5709884166717529
    ],
    [
      0.46573585271835327,
      0.57100909948349
    ],
    [
      0.4668408930301666,
      0.5710076093673706
    ],
    [
      0.4682124853134155,
      0.5708897709846497
    ],
    [
      0.46959561109542847,
      0.570764422416687
    ],
    [
      0.4710320234298706,
      0.5706042051315308
    ]
  ],
  "target": [
    [
      0.4728466868400574,
      0.5705421566963196
    ],
    [
      0.47621431946754456,
      0.5708831548690796
    ],
    [
      0.4790937900543213,
      0.5712171792984009
    ],
    [
      0.48017680644989014,
      0.5715254545211792
    ],
    [
      0.4813297688961029,
      0.5718364119529724
    ],
    [
      0.48271486163139343,
      0.5721561908721924
    ],
    [
      0.48406264185905457,
      0.5724992752075195
    ],
    [
      0.48529815673828125,
      0.5729126334190369
    ],
    [
      0.48649370670318604,
      0.5733509063720703
    ],
    [
      0.4875796437263489,
      0.5738577842712402
    ],
    [
      0.4886229634284973,
      0.5743913054466248
    ],
    [
      0.4895592927932739,
      0.574991762638092
    ],
    [
      0.490450382232666,
      0.5756204724311829
    ],
    [
      0.49123716354370117,
      0.5763144493103027
    ],
    [
      0.49177175760269165,
      0.5767859816551208
    ]
  ],
  "meta": {
    "video_name": "test2.mp4",
    "video_stem": "test2",
    "video_path": "E:\\desktop\\open\\lstm-akf\\data\\video\\test2.mp4",
    "fps": 40.0,
    "segment_index": 100,
    "sample_index": 17,
    "start_frame_index": 7,
    "history_end_frame_index": 21,
    "target_end_frame_index": 36,
    "history_frame_indices": [
      7,
      8,
      9,
      10,
      11,
      12,
      13,
      14,
      15,
      16,
      17,
      18,
      19,
      20,
      21
    ],
    "target_frame_indices": [
      22,
      23,
      24,
      25,
      26,
      27,
      28,
      29,
      30,
      31,
      32,
      33,
      34,
      35,
      36
    ],
    "history_timestamps": [
      219.1083254892733,
      219.13332548927332,
      219.15832548927332,
      219.18332548927333,
      219.20832548927334,
      219.23332548927334,
      219.25832548927335,
      219.28332548927335,
      219.30832548927336,
      219.33332548927336,
      219.35832548927337,
      219.38332548927337,
      219.40832548927338,
      219.4333254892734,
      219.4583254892734
    ],
    "target_timestamps": [
      219.4833254892734,
      219.5083254892734,
      219.5333254892734,
      219.55832548927341,
      219.58332548927342,
      219.60832548927343,
      219.63332548927343,
      219.65832548927344,
      219.68332548927344,
      219.70832548927345,
      219.73332548927345,
      219.75832548927346,
      219.78332548927347,
      219.80832548927347,
      219.83332548927348
    ]
  }
}