{
  "input": [
    [
      0.5256377458572388,
      0.5663580894470215
    ],
    [
      0.5271058082580566,
      0.5664803981781006
    ],
    [
      0.5296709537506104,
      0.5666934251785278
    ],
    [
      0.5321913957595825,
      0.5668910145759583
    ],
    [
      0.5337578058242798,
      0.5667588114738464
    ],
    [
      0.5353966951370239,
      0.5666411519050598
    ],
    [
      0.5381203889846802,
      0.5667403936386108
    ],
    [
      0.5407993793487549,
      0.5668361783027649
    ],
    [
      0.5429673790931702,
      0.5668924450874329
    ],
    [
      0.5438064932823181,
      0.5666441321372986
    ],
    [
      0.5324482917785645,
      0.5636000037193298
    ],
    [
      0.5219751596450806,
      0.5607925653457642
    ],
    [
      0.5182428956031799,
      0.5597876906394958
    ],
    [
      0.5152912139892578,
      0.5589207410812378
    ],
    [
      0.5173896551132202,
      0.5589466691017151
    ]
  ],
  "target": [
    [
      0.5196922421455383,
      0.5590386986732483
    ],
    [
      0.5231361389160156,
      0.5595003366470337
    ],
    [
      0.5268523097038269,
      0.5600277781486511
    ],
    [
      0.531903088092804,
      0.5608780980110168
    ],
    [
      0.5365903973579407,
      0.5616061091423035
    ],
    [
      0.5397005677223206,
      0.5618036389350891
    ],
    [
      0.542971134185791,
      0.5620168447494507
    ],
    [
      0.5468631982803345,
      0.5622907876968384
    ],
    [
      0.5504801273345947,
      0.5626184940338135
    ],
    [
      0.5531378388404846,
      0.5631333589553833
    ],
    [
      0.555698037147522,
      0.563519299030304
    ],
    [
      0.5579507350921631,
      0.563498318195343
    ],
    [
      0.5602752566337585,
      0.5635788440704346
    ],
    [
      0.5628057718276978,
      0.5639504790306091
    ],
    [
      0.5616081953048706,
      0.5644672513008118
    ]
  ]
}