{
  "input": [
    [
      0.523739755153656,
      0.5665338039398193
    ],
    [
      0.5271232724189758,
      0.5660010576248169
    ],
    [
      0.5312619209289551,
      0.5653533935546875
    ],
    [
      0.5327085852622986,
      0.5657285451889038
    ],
    [
      0.5329546928405762,
      0.5665598511695862
    ],
    [
      0.53545743227005,
      0.56673663854599
    ],
    [
      0.5388846397399902,
      0.5666452050209045
    ],
    [
      0.5403685569763184,
      0.5667670965194702
    ],
    [
      0.5411233901977539,
      0.566969096660614
    ],
    [
      0.5317701697349548,
      0.5651088356971741
    ],
    [
      0.5189569592475891,
      0.5625426769256592
    ],
    [
      0.5131209492683411,
      0.5611336827278137
    ],
    [
      0.5094545483589172,
      0.5600845217704773
    ],
    [
      0.5105730295181274,
      0.5598859190940857
    ],
    [
      0.5130363702774048,
      0.5599263310432434
    ]
  ],
  "target": [
    [
      0.5165465474128723,
      0.559933066368103
    ],
    [
      0.5203210115432739,
      0.5599312782287598
    ],
    [
      0.5235602855682373,
      0.5600157976150513
    ],
    [
      0.5266790986061096,
      0.5601196885108948
    ],
    [
      0.529371976852417,
      0.5605866312980652
    ],
    [
      0.5319800972938538,
      0.5611258149147034
    ],
    [
      0.5359816551208496,
      0.5614199042320251
    ],
    [
      0.540225625038147,
      0.5616713166236877
    ],
    [
      0.5434001684188843,
      0.561316967010498
    ],
    [
      0.5464143753051758,
      0.5608717203140259
    ],
    [
      0.5505605340003967,
      0.5607048869132996
    ],
    [
      0.5548502206802368,
      0.5605733394622803
    ],
    [
      0.5595018267631531,
      0.5603633522987366
    ],
    [
      0.5641912817955017,
      0.5601450800895691
    ],
    [
      0.5493348836898804,
      0.5627241134643555
    ]
  ]
}