{
  "input": [
    [
      0.5768409371376038,
      0.5667317509651184
    ],
    [
      0.575727641582489,
      0.5667553544044495
    ],
    [
      0.5746098756790161,
      0.5667777061462402
    ],
    [
      0.5737504959106445,
      0.5667006969451904
    ],
    [
      0.5728826522827148,
      0.5666267275810242
    ],
    [
      0.5715664029121399,
      0.5667145848274231
    ],
    [
      0.5702590942382812,
      0.5668051242828369
    ],
    [
      0.569189190864563,
      0.566968560218811
    ],
    [
      0.5680934190750122,
      0.5671265125274658
    ],
    [
      0.5665460228919983,
      0.5671879649162292
    ],
    [
      0.5650354027748108,
      0.5672469735145569
    ],
    [
      0.5640000700950623,
      0.567273736000061
    ],
    [
      0.5629065632820129,
      0.5673016905784607
    ],
    [
      0.5612223744392395,
      0.5673413872718811
    ],
    [
      0.5595837235450745,
      0.5673599243164062
    ]
  ],
  "target": [
    [
      0.5583239197731018,
      0.5672023892402649
    ],
    [
      0.5570400357246399,
      0.5671208500862122
    ],
    [
      0.5555883049964905,
      0.5675700306892395
    ],
    [
      0.5541330575942993,
      0.5680007338523865
    ],
    [
      0.5526567101478577,
      0.5683208703994751
    ],
    [
      0.551100492477417,
      0.5684814453125
    ],
    [
      0.5491276979446411,
      0.5678092837333679
    ],
    [
      0.5472511649131775,
      0.567172110080719
    ],
    [
      0.5458171963691711,
      0.5666957497596741
    ],
    [
      0.5443792343139648,
      0.5664131045341492
    ],
    [
      0.542925238609314,
      0.5669224262237549
    ],
    [
      0.5415593981742859,
      0.5673919916152954
    ],
    [
      0.5405165553092957,
      0.5677159428596497
    ],
    [
      0.539414644241333,
      0.5679739713668823
    ],
    [
      0.5381172299385071,
      0.5680138468742371
    ]
  ]
}