{
  "input": [
    [
      0.5240094065666199,
      0.5618228912353516
    ],
    [
      0.5252672433853149,
      0.561798095703125
    ],
    [
      0.5266476273536682,
      0.5616487860679626
    ],
    [
      0.5280654430389404,
      0.561461329460144
    ],
    [
      0.5290808081626892,
      0.5613531470298767
    ],
    [
      0.5299849510192871,
      0.5612669587135315
    ],
    [
      0.5314319729804993,
      0.5615525245666504
    ],
    [
      0.533013641834259,
      0.5619304180145264
    ],
    [
      0.5340138077735901,
      0.5622385144233704
    ],
    [
      0.5348855257034302,
      0.5625312328338623
    ],
    [
      0.5362188816070557,
      0.5627813339233398
    ],
    [
      0.5376421809196472,
      0.5630232095718384
    ],
    [
      0.5385351777076721,
      0.5629686117172241
    ],
    [
      0.5393379926681519,
      0.5628635883331299
    ],
    [
      0.5402287244796753,
      0.5626263618469238
    ]
  ],
  "target": [
    [
      0.5411322712898254,
      0.5623697638511658
    ],
    [
      0.5414859056472778,
      0.5621184706687927
    ],
    [
      0.5417717695236206,
      0.5618677735328674
    ],
    [
      0.5426501631736755,
      0.5621635317802429
    ],
    [
      0.5435884594917297,
      0.56251460313797
    ],
    [
      0.5437946915626526,
      0.5627655982971191
    ],
    [
      0.5439423322677612,
      0.5630085468292236
    ],
    [
      0.5448179244995117,
      0.5629202127456665
    ],
    [
      0.5457369089126587,
      0.562812089920044
    ],
    [
      0.5463703274726868,
      0.5624707937240601
    ],
    [
      0.5469923615455627,
      0.5621201992034912
    ],
    [
      0.5500025749206543,
      0.5626834630966187
    ],
    [
      0.5530632138252258,
      0.5632659792900085
    ],
    [
      0.5543918609619141,
      0.5633051991462708
    ],
    [
      0.555727481842041,
      0.5633453130722046
    ]
  ]
}