{
  "input": [
    [
      0.5186678767204285,
      0.5546694993972778
    ],
    [
      0.5194112062454224,
      0.5546694397926331
    ],
    [
      0.520111083984375,
      0.5546661019325256
    ],
    [
      0.520412027835846,
      0.5546327829360962
    ],
    [
      0.5206669569015503,
      0.5545985102653503
    ],
    [
      0.5205714106559753,
      0.5545571446418762
    ],
    [
      0.5204668045043945,
      0.5545068979263306
    ],
    [
      0.52030348777771,
      0.5543987154960632
    ],
    [
      0.5201115608215332,
      0.5542854070663452
    ],
    [
      0.5197592973709106,
      0.5541433095932007
    ],
    [
      0.5193639397621155,
      0.5540211200714111
    ],
    [
      0.5187575817108154,
      0.5539966821670532
    ],
    [
      0.518179714679718,
      0.554006814956665
    ],
    [
      0.51772540807724,
      0.5541669130325317
    ],
    [
      0.517238974571228,
      0.554297149181366
    ]
  ],
  "target": [
    [
      0.5166280269622803,
      0.5543113350868225
    ],
    [
      0.5160924792289734,
      0.554304838180542
    ],
    [
      0.5158196687698364,
      0.5542261004447937
    ],
    [
      0.51558518409729,
      0.5541818141937256
    ],
    [
      0.5154717564582825,
      0.5542459487915039
    ],
    [
      0.5153949856758118,
      0.5542940497398376
    ],
    [
      0.5154232382774353,
      0.5542961955070496
    ],
    [
      0.5154531598091125,
      0.5542996525764465
    ],
    [
      0.515487551689148,
      0.5543067455291748
    ],
    [
      0.5155555605888367,
      0.5542899966239929
    ],
    [
      0.5157041549682617,
      0.5542159676551819
    ],
    [
      0.515960693359375,
      0.5541438460350037
    ],
    [
      0.516455352306366,
      0.5540760159492493
    ],
    [
      0.5169342756271362,
      0.5540329217910767
    ],
    [
      0.5173811912536621,
      0.5540401339530945
    ]
  ]
}