{
  "input": [
    [
      0.5350423455238342,
      0.5556776523590088
    ],
    [
      0.5350423455238342,
      0.5556776523590088
    ],
    [
      0.5350423455238342,
      0.5556776523590088
    ],
    [
      0.5350423455238342,
      0.5556776523590088
    ],
    [
      0.5350423455238342,
      0.5556776523590088
    ],
    [
      0.5350423455238342,
      0.5556776523590088
    ]
  ],
  "target": [
    [
      0.5350423455238342,
      0.5556776523590088
    ],
    [
      0.5350423455238342,
      0.5556776523590088
    ],
    [
      0.5350423455238342,
      0.5556776523590088
    ],
    [
      0.5350423455238342,
      0.5556776523590088
    ],
    [
      0.5343524813652039,
      0.5555301904678345
    ],
    [
      0.5266039371490479,
      0.5538741946220398
    ],
    [
      0.5196596384048462,
      0.5524414777755737
    ],
    [
      0.5194385647773743,
      0.5528752207756042
    ],
    [
      0.519230306148529,
      0.5532679557800293
    ],
    [
      0.5191118121147156,
      0.553372859954834
    ],
    [
      0.5190008878707886,
      0.5534549355506897
    ],
    [
      0.5189355611801147,
      0.5533999800682068
    ],
    [
      0.5188795924186707,
      0.5533562898635864
    ],
    [
      0.5188727974891663,
      0.5533716082572937
    ],
    [
      0.5188655257225037,
      0.5534067749977112
    ]
  ]
}