{
  "input": [
    [
      0.5183976888656616,
      0.5712869763374329
    ],
    [
      0.518532931804657,
      0.5698198676109314
    ],
    [
      0.5146012306213379,
      0.5696254372596741
    ],
    [
      0.49268290400505066,
      0.5750597715377808
    ],
    [
      0.4735758900642395,
      0.580027163028717
    ],
    [
      0.46555963158607483,
      0.5831524133682251
    ],
    [
      0.45932886004447937,
      0.5858916640281677
    ],
    [
      0.45942747592926025,
      0.5872622728347778
    ],
    [
      0.4609470069408417,
      0.5883102416992188
    ],
    [
      0.4670201539993286,
      0.5883244276046753
    ],
    [
      0.47285279631614685,
      0.5882517099380493
    ],
    [
      0.477985143661499,
      0.5879261493682861
    ],
    [
      0.48331212997436523,
      0.5878273844718933
    ],
    [
      0.48915624618530273,
      0.5883312225341797
    ],
    [
      0.49429160356521606,
      0.5887068510055542
    ]
  ],
  "target": [
    [
      0.49770209193229675,
      0.58877032995224
    ],
    [
      0.5016162395477295,
      0.5886886715888977
    ],
    [
      0.506656289100647,
      0.5882823467254639
    ],
    [
      0.511139452457428,
      0.5878884792327881
    ],
    [
      0.5144756436347961,
      0.5875202417373657
    ],
    [
      0.5101684927940369,
      0.5854437351226807
    ],
    [
      0.49132877588272095,
      0.580119252204895
    ],
    [
      0.4762759804725647,
      0.5762186646461487
    ],
    [
      0.4678837060928345,
      0.5748224854469299
    ],
    [
      0.46459126472473145,
      0.5742045640945435
    ],
    [
      0.46960970759391785,
      0.5748549103736877
    ],
    [
      0.47549208998680115,
      0.5755992531776428
    ],
    [
      0.4826807677745819,
      0.5764856934547424
    ],
    [
      0.49059873819351196,
      0.5771945118904114
    ],
    [
      0.4995409846305847,
      0.5776538848876953
    ]
  ]
}