{
  "input": [
    [
      0.5669198632240295,
      0.5669602155685425
    ],
    [
      0.5658540725708008,
      0.5668362975120544
    ],
    [
      0.5651776790618896,
      0.5667131543159485
    ],
    [
      0.5643779635429382,
      0.5665921568870544
    ],
    [
      0.5632147789001465,
      0.5664772987365723
    ],
    [
      0.5621758103370667,
      0.5663679242134094
    ],
    [
      0.561470627784729,
      0.5662733316421509
    ],
    [
      0.5608434677124023,
      0.5663189888000488
    ],
    [
      0.5604081749916077,
      0.5667097568511963
    ],
    [
      0.5598401427268982,
      0.5670108199119568
    ],
    [
      0.558972179889679,
      0.5671093463897705
    ],
    [
      0.5579973459243774,
      0.5671661496162415
    ],
    [
      0.5568003058433533,
      0.5671364665031433
    ],
    [
      0.5557522177696228,
      0.5671014785766602
    ],
    [
      0.5549902319908142,
      0.5670563578605652
    ]
  ],
  "target": [
    [
      0.5541090369224548,
      0.5669553279876709
    ],
    [
      0.5530161261558533,
      0.5667551755905151
    ],
    [
      0.5519529581069946,
      0.566575288772583
    ],
    [
      0.5509387850761414,
      0.5664287209510803
    ],
    [
      0.5496382713317871,
      0.5664318203926086
    ],
    [
      0.5479008555412292,
      0.5666634440422058
    ],
    [
      0.5463188886642456,
      0.5668050646781921
    ],
    [
      0.5449574589729309,
      0.5668191909790039
    ],
    [
      0.5434892177581787,
      0.5668638944625854
    ],
    [
      0.5418802499771118,
      0.5669489502906799
    ],
    [
      0.5402169823646545,
      0.5670483112335205
    ],
    [
      0.5384870767593384,
      0.5671653747558594
    ],
    [
      0.5367007255554199,
      0.5672972798347473
    ],
    [
      0.5348499417304993,
      0.5674462914466858
    ],
    [
      0.5329405665397644,
      0.5676108002662659
    ]
  ]
}