{
  "input": [
    [
      0.6048350930213928,
      0.5814186334609985
    ],
    [
      0.6107221841812134,
      0.5819812417030334
    ],
    [
      0.6166346669197083,
      0.5826496481895447
    ],
    [
      0.6235201954841614,
      0.5828622579574585
    ],
    [
      0.6305075883865356,
      0.583027184009552
    ],
    [
      0.638181209564209,
      0.5832471251487732
    ],
    [
      0.6459120512008667,
      0.5834715962409973
    ],
    [
      0.6543423533439636,
      0.5837521553039551
    ],
    [
      0.66281658411026,
      0.5840362310409546
    ],
    [
      0.6720035672187805,
      0.5843774080276489
    ],
    [
      0.6812213063240051,
      0.5847210884094238
    ],
    [
      0.6911649107933044,
      0.5851228833198547
    ],
    [
      0.7011260986328125,
      0.5855261087417603
    ],
    [
      0.6537880301475525,
      0.5880551338195801
    ],
    [
      0.6067346930503845,
      0.5905683040618896
    ]
  ],
  "target": [
    [
      0.6099476218223572,
      0.5907860994338989
    ],
    [
      0.6132604479789734,
      0.5909959077835083
    ],
    [
      0.6198143362998962,
      0.5909470319747925
    ],
    [
      0.626210629940033,
      0.5908891558647156
    ],
    [
      0.6294593811035156,
      0.5906499028205872
    ],
    [
      0.6327039003372192,
      0.590421736240387
    ],
    [
      0.6358882188796997,
      0.590350866317749
    ],
    [
      0.6388939023017883,
      0.590262770652771
    ],
    [
      0.6399343013763428,
      0.5899850130081177
    ],
    [
      0.6409407258033752,
      0.589735746383667
    ],
    [
      0.6416454315185547,
      0.5897395610809326
    ],
    [
      0.6422675251960754,
      0.5897518992424011
    ],
    [
      0.6422780156135559,
      0.5898274779319763
    ],
    [
      0.642230212688446,
      0.5898939967155457
    ],
    [
      0.6418142318725586,
      0.5899030566215515
    ]
  ],
  "meta": {
    "video_name": "test2.mp4",
    "video_stem": "test2",
    "video_path": "E:\\desktop\\open\\lstm-akf\\data\\video\\test2.mp4",
    "fps": 40.0,
    "segment_index": 167,
    "sample_index": 220,
    "start_frame_index": 210,
    "history_end_frame_index": 224,
    "target_end_frame_index": 239,
    "history_frame_indices": [
      210,
      211,
      212,
      213,
      214,
      215,
      216,
      217,
      218,
      219,
      220,
      221,
      222,
      223,
      224
    ],
    "target_frame_indices": [
      225,
      226,
      227,
      228,
      229,
      230,
      231,
      232,
      233,
      234,
      235,
      236,
      237,
      238,
      239
    ],
    "history_timestamps": [
      406.74339137937324,
      406.7683913793732,
      406.7933913793732,
      406.81839137937317,
      406.84339137937314,
      406.8683913793731,
      406.8933913793731,
      406.9183913793731,
      406.94339137937305,
      406.96839137937303,
      406.993391379373,
      407.018391379373,
      407.04339137937296,
      407.06839137937294,
      407.0933913793729
    ],
    "target_timestamps": [
      407.1183913793729,
      407.1433913793729,
      407.16839137937285,
      407.1933913793728,
      407.2183913793728,
      407.2433913793728,
      407.26839137937276,
      407.29339137937274,
      407.3183913793727,
      407.3433913793727,
      407.36839137937267,
      407.39339137937264,
      407.4183913793726,
      407.4433913793726,
      407.4683913793726
    ]
  }
}