{
  "input": [
    [
      0.5602043271064758,
      0.5642606616020203
    ],
    [
      0.5627573728561401,
      0.5645501613616943
    ],
    [
      0.5652547478675842,
      0.5641915202140808
    ],
    [
      0.5677348971366882,
      0.5636320114135742
    ],
    [
      0.5703227519989014,
      0.563196063041687
    ],
    [
      0.5729408264160156,
      0.5627948045730591
    ],
    [
      0.5754069089889526,
      0.562274158000946
    ],
    [
      0.5778347253799438,
      0.561723530292511
    ],
    [
      0.5647863149642944,
      0.559196412563324
    ],
    [
      0.5482677221298218,
      0.5562260746955872
    ],
    [
      0.5450653433799744,
      0.5556662082672119
    ],
    [
      0.544501006603241,
      0.5555838346481323
    ],
    [
      0.5454057455062866,
      0.5557653903961182
    ],
    [
      0.5465648174285889,
      0.5559927225112915
    ],
    [
      0.5481654405593872,
      0.5562763214111328
    ]
  ],
  "target": [
    [
      0.5498318672180176,
      0.5565683245658875
    ],
    [
      0.5507006645202637,
      0.5566781163215637
    ],
    [
      0.5514688491821289,
      0.5567649006843567
    ],
    [
      0.5522177219390869,
      0.5569499135017395
    ],
    [
      0.5529645681381226,
      0.5571451187133789
    ],
    [
      0.5532673001289368,
      0.5572907328605652
    ],
    [
      0.5535333752632141,
      0.557432234287262
    ],
    [
      0.5537469387054443,
      0.5573091506958008
    ],
    [
      0.5539572834968567,
      0.5571696162223816
    ],
    [
      0.5539961457252502,
      0.557047963142395
    ],
    [
      0.5540277361869812,
      0.5569270849227905
    ],
    [
      0.5541490912437439,
      0.5569366812705994
    ],
    [
      0.5542725324630737,
      0.5569494366645813
    ],
    [
      0.5543273687362671,
      0.5570498704910278
    ],
    [
      0.5543814897537231,
      0.5571500658988953
    ]
  ]
}