{
  "input": [
    [
      0.4876232147216797,
      0.5613558292388916
    ],
    [
      0.48586079478263855,
      0.5614035725593567
    ],
    [
      0.48499444127082825,
      0.5614814162254333
    ],
    [
      0.484465628862381,
      0.561564028263092
    ],
    [
      0.48473337292671204,
      0.5616578459739685
    ],
    [
      0.48514020442962646,
      0.5617443323135376
    ],
    [
      0.48584887385368347,
      0.561815083026886
    ],
    [
      0.4867546558380127,
      0.5617846846580505
    ],
    [
      0.48805490136146545,
      0.5615518689155579
    ],
    [
      0.48924773931503296,
      0.5614030361175537
    ],
    [
      0.4902419447898865,
      0.5614092946052551
    ],
    [
      0.49153584241867065,
      0.5613999962806702
    ],
    [
      0.49334263801574707,
      0.5613638162612915
    ],
    [
      0.49495720863342285,
      0.5613591074943542
    ],
    [
      0.4962668716907501,
      0.5614041686058044
    ]
  ],
  "target": [
    [
      0.4979734718799591,
      0.5613726377487183
    ],
    [
      0.5002645254135132,
      0.5612282156944275
    ],
    [
      0.502280592918396,
      0.5610343217849731
    ],
    [
      0.5039203763008118,
      0.5607727766036987
    ],
    [
      0.5060796141624451,
      0.5607388615608215
    ],
    [
      0.5088998079299927,
      0.5609946846961975
    ],
    [
      0.5111672878265381,
      0.5612385869026184
    ],
    [
      0.5127801895141602,
      0.5614685416221619
    ],
    [
      0.5146046876907349,
      0.5617285966873169
    ],
    [
      0.5166622996330261,
      0.5620219111442566
    ],
    [
      0.510471761226654,
      0.5631901621818542
    ],
    [
      0.49581462144851685,
      0.5652565360069275
    ],
    [
      0.48928943276405334,
      0.5664833784103394
    ],
    [
      0.49053752422332764,
      0.5669077038764954
    ],
    [
      0.4929622411727905,
      0.5670796036720276
    ]
  ]
}