{
  "input": [
    [
      0.3747708201408386,
      0.6797479391098022
    ],
    [
      0.3747575581073761,
      0.6796842217445374
    ],
    [
      0.3739719092845917,
      0.67939692735672
    ],
    [
      0.373609334230423,
      0.6791760325431824
    ],
    [
      0.37351465225219727,
      0.6790127754211426
    ],
    [
      0.3735327422618866,
      0.6788985729217529
    ],
    [
      0.37362080812454224,
      0.6788301467895508
    ],
    [
      0.3737170696258545,
      0.6787294149398804
    ],
    [
      0.37381961941719055,
      0.6786252856254578
    ],
    [
      0.37392663955688477,
      0.6785467863082886
    ],
    [
      0.37406498193740845,
      0.6783473491668701
    ],
    [
      0.37418362498283386,
      0.6781435608863831
    ],
    [
      0.3742794394493103,
      0.6779106855392456
    ],
    [
      0.37434935569763184,
      0.6776240468025208
    ],
    [
      0.37453779578208923,
      0.6772755980491638
    ]
  ],
  "target": [
    [
      0.3747650384902954,
      0.6769935488700867
    ],
    [
      0.3749793767929077,
      0.6768375039100647
    ],
    [
      0.37512919306755066,
      0.6768668293952942
    ],
    [
      0.3751961290836334,
      0.6769251823425293
    ],
    [
      0.37517639994621277,
      0.6770046353340149
    ],
    [
      0.3750980794429779,
      0.6770866513252258
    ],
    [
      0.3749893307685852,
      0.6771528720855713
    ],
    [
      0.3749619424343109,
      0.6771929264068604
    ],
    [
      0.3749568462371826,
      0.6772305965423584
    ],
    [
      0.37498030066490173,
      0.6772627830505371
    ],
    [
      0.3750385046005249,
      0.6772862672805786
    ],
    [
      0.37505313754081726,
      0.6772264838218689
    ],
    [
      0.3750554025173187,
      0.6771507859230042
    ],
    [
      0.37503230571746826,
      0.6770731210708618
    ],
    [
      0.37497079372406006,
      0.6770075559616089
    ]
  ]
}