{
  "input": [
    [
      0.5970428586006165,
      0.569073498249054
    ],
    [
      0.5555123090744019,
      0.5743210911750793
    ],
    [
      0.5566259622573853,
      0.5741957426071167
    ],
    [
      0.5508454442024231,
      0.5752317905426025
    ],
    [
      0.5291834473609924,
      0.5789433121681213
    ],
    [
      0.5077774524688721,
      0.5827246904373169
    ],
    [
      0.4869142770767212,
      0.5866541862487793
    ],
    [
      0.4642138183116913,
      0.5910196900367737
    ],
    [
      0.4379199743270874,
      0.5962381958961487
    ],
    [
      0.4096921384334564,
      0.601915717124939
    ],
    [
      0.37796759605407715,
      0.6084232330322266
    ],
    [
      0.3442123830318451,
      0.615412712097168
    ],
    [
      0.30705714225769043,
      0.6232092380523682
    ],
    [
      0.33478468656539917,
      0.6196175813674927
    ],
    [
      0.46325984597206116,
      0.5983427166938782
    ]
  ],
  "target": [
    [
      0.5450031757354736,
      0.585495114326477
    ],
    [
      0.5593698620796204,
      0.584797739982605
    ],
    [
      0.5650704503059387,
      0.584296703338623
    ],
    [
      0.559158205986023,
      0.584058940410614
    ],
    [
      0.5572705864906311,
      0.5837761759757996
    ],
    [
      0.5603994727134705,
      0.583437442779541
    ],
    [
      0.5626465082168579,
      0.5831993222236633
    ],
    [
      0.5638704895973206,
      0.5830779671669006
    ],
    [
      0.5535008311271667,
      0.5804061889648438
    ],
    [
      0.530609667301178,
      0.5749799013137817
    ],
    [
      0.508825957775116,
      0.5698928833007812
    ],
    [
      0.48815593123435974,
      0.5651470422744751
    ],
    [
      0.4640381932258606,
      0.5597721934318542
    ],
    [
      0.43669140338897705,
      0.553808331489563
    ],
    [
      0.4057779908180237,
      0.5471937656402588
    ]
  ],
  "meta": {
    "video_name": "test2.mp4",
    "video_stem": "test2",
    "video_path": "E:\\desktop\\open\\lstm-akf\\data\\video\\test2.mp4",
    "fps": 40.0,
    "segment_index": 171,
    "sample_index": 41,
    "start_frame_index": 31,
    "history_end_frame_index": 45,
    "target_end_frame_index": 60,
    "history_frame_indices": [
      31,
      32,
      33,
      34,
      35,
      36,
      37,
      38,
      39,
      40,
      41,
      42,
      43,
      44,
      45
    ],
    "target_frame_indices": [
      46,
      47,
      48,
      49,
      50,
      51,
      52,
      53,
      54,
      55,
      56,
      57,
      58,
      59,
      60
    ],
    "history_timestamps": [
      414.904878024865,
      414.929878024865,
      414.95487802486497,
      414.97987802486495,
      415.0048780248649,
      415.0298780248649,
      415.0548780248649,
      415.07987802486485,
      415.10487802486483,
      415.1298780248648,
      415.1548780248648,
      415.17987802486476,
      415.20487802486474,
      415.2298780248647,
      415.2548780248647
    ],
    "target_timestamps": [
      415.2798780248647,
      415.30487802486465,
      415.3298780248646,
      415.3548780248646,
      415.3798780248646,
      415.40487802486456,
      415.42987802486454,
      415.4548780248645,
      415.4798780248645,
      415.50487802486447,
      415.52987802486444,
      415.5548780248644,
      415.5798780248644,
      415.6048780248644,
      415.62987802486435
    ]
  }
}