{
  "input": [
    [
      0.6273432374000549,
      0.5628659725189209
    ],
    [
      0.6276450753211975,
      0.5634372234344482
    ],
    [
      0.628373920917511,
      0.5639930367469788
    ],
    [
      0.6298839449882507,
      0.564227283000946
    ],
    [
      0.6314952969551086,
      0.5644198656082153
    ],
    [
      0.6323880553245544,
      0.5643378496170044
    ],
    [
      0.6332035660743713,
      0.5642262697219849
    ],
    [
      0.6332886815071106,
      0.5640801191329956
    ],
    [
      0.6333109140396118,
      0.5639309287071228
    ],
    [
      0.6330315470695496,
      0.5638892650604248
    ],
    [
      0.6327323913574219,
      0.5638546347618103
    ],
    [
      0.6324235200881958,
      0.5638250708580017
    ],
    [
      0.6321141719818115,
      0.5637956857681274
    ],
    [
      0.6318635940551758,
      0.5637050271034241
    ],
    [
      0.631614625453949,
      0.5636127591133118
    ]
  ],
  "target": [
    [
      0.6314757466316223,
      0.5635489225387573
    ],
    [
      0.6313380599021912,
      0.5634853839874268
    ],
    [
      0.6312236189842224,
      0.5634328722953796
    ],
    [
      0.6311101913452148,
      0.5633813142776489
    ],
    [
      0.6310294270515442,
      0.5633628964424133
    ],
    [
      0.6309484243392944,
      0.5633386969566345
    ],
    [
      0.6308619379997253,
      0.5631930828094482
    ],
    [
      0.6307657957077026,
      0.5630650520324707
    ],
    [
      0.6305258274078369,
      0.5631973743438721
    ],
    [
      0.6302626729011536,
      0.5632962584495544
    ],
    [
      0.6297357678413391,
      0.5630149841308594
    ],
    [
      0.629213273525238,
      0.5627517700195312
    ],
    [
      0.628731369972229,
      0.5626526474952698
    ],
    [
      0.6282236576080322,
      0.5625745058059692
    ],
    [
      0.6275202035903931,
      0.562655508518219
    ]
  ]
}