{
  "input": [
    [
      0.5663784742355347,
      0.5578507781028748
    ],
    [
      0.5661176443099976,
      0.5583409667015076
    ],
    [
      0.5659849643707275,
      0.5587018728256226
    ],
    [
      0.5671643018722534,
      0.557740330696106
    ],
    [
      0.568209707736969,
      0.5568771362304688
    ],
    [
      0.5681359171867371,
      0.5568360090255737
    ],
    [
      0.5680403113365173,
      0.5567912459373474
    ],
    [
      0.5677911043167114,
      0.5567212700843811
    ],
    [
      0.5675169825553894,
      0.5566471219062805
    ],
    [
      0.5670924782752991,
      0.5565482974052429
    ],
    [
      0.5666398406028748,
      0.5564448237419128
    ],
    [
      0.5660399198532104,
      0.556317150592804
    ],
    [
      0.5654088258743286,
      0.5561843514442444
    ],
    [
      0.5646335482597351,
      0.5560278296470642
    ],
    [
      0.5641744136810303,
      0.5557896494865417
    ]
  ],
  "target": [
    [
      0.5650133490562439,
      0.5552161335945129
    ],
    [
      0.5656149387359619,
      0.5548419952392578
    ],
    [
      0.5653432607650757,
      0.5552013516426086
    ],
    [
      0.565027117729187,
      0.5554358959197998
    ],
    [
      0.5645631551742554,
      0.5552560687065125
    ],
    [
      0.5637539029121399,
      0.5551334619522095
    ],
    [
      0.561904788017273,
      0.5551832914352417
    ],
    [
      0.5603320598602295,
      0.5553526878356934
    ],
    [
      0.5595178604125977,
      0.555850088596344
    ],
    [
      0.5584918856620789,
      0.5562639236450195
    ],
    [
      0.5569342374801636,
      0.5564680099487305
    ],
    [
      0.5555616617202759,
      0.5566472411155701
    ],
    [
      0.5546155571937561,
      0.5567691922187805
    ],
    [
      0.5535653829574585,
      0.5569233894348145
    ],
    [
      0.5522946715354919,
      0.5571459531784058
    ]
  ],
  "meta": {
    "video_name": "test2.mp4",
    "video_stem": "test2",
    "video_path": "E:\\desktop\\open\\lstm-akf\\data\\video\\test2.mp4",
    "fps": 40.0,
    "segment_index": 5,
    "sample_index": 18,
    "start_frame_index": 8,
    "history_end_frame_index": 22,
    "target_end_frame_index": 37,
    "history_frame_indices": [
      8,
      9,
      10,
      11,
      12,
      13,
      14,
      15,
      16,
      17,
      18,
      19,
      20,
      21,
      22
    ],
    "target_frame_indices": [
      23,
      24,
      25,
      26,
      27,
      28,
      29,
      30,
      31,
      32,
      33,
      34,
      35,
      36,
      37
    ],
    "history_timestamps": [
      20.31926893360002,
      20.34426893360002,
      20.36926893360002,
      20.394268933600017,
      20.419268933600016,
      20.444268933600014,
      20.469268933600013,
      20.49426893360001,
      20.51926893360001,
      20.54426893360001,
      20.569268933600007,
      20.594268933600006,
      20.619268933600004,
      20.644268933600003,
      20.6692689336
    ],
    "target_timestamps": [
      20.6942689336,
      20.7192689336,
      20.744268933599997,
      20.769268933599996,
      20.794268933599994,
      20.819268933599993,
      20.84426893359999,
      20.86926893359999,
      20.89426893359999,
      20.919268933599987,
      20.944268933599986,
      20.969268933599984,
      20.994268933599983,
      21.01926893359998,
      21.04426893359998
    ]
  }
}