{
  "input": [
    [
      0.4365818202495575,
      0.5746201872825623
    ],
    [
      0.4370145797729492,
      0.5745682716369629
    ],
    [
      0.4374832212924957,
      0.5745187401771545
    ],
    [
      0.43861669301986694,
      0.5745134353637695
    ],
    [
      0.439724862575531,
      0.5745193362236023
    ],
    [
      0.44049161672592163,
      0.5746752619743347
    ],
    [
      0.44130513072013855,
      0.5748304128646851
    ],
    [
      0.44261062145233154,
      0.57497638463974
    ],
    [
      0.4438856542110443,
      0.5751243233680725
    ],
    [
      0.44489970803260803,
      0.575288712978363
    ],
    [
      0.445952832698822,
      0.5754085183143616
    ],
    [
      0.4472859799861908,
      0.5752082467079163
    ],
    [
      0.44856739044189453,
      0.5750447511672974
    ],
    [
      0.4495318531990051,
      0.5751070380210876
    ],
    [
      0.45054295659065247,
      0.5751577019691467
    ]
  ],
  "target": [
    [
      0.45180249214172363,
      0.5751464366912842
    ],
    [
      0.45302897691726685,
      0.5751234889030457
    ],
    [
      0.4541006088256836,
      0.5750457048416138
    ],
    [
      0.45544180274009705,
      0.5749250054359436
    ],
    [
      0.4579055905342102,
      0.5746258497238159
    ],
    [
      0.46017202734947205,
      0.5743780732154846
    ],
    [
      0.4617023468017578,
      0.5743219256401062
    ],
    [
      0.46357470750808716,
      0.5742711424827576
    ],
    [
      0.4665970504283905,
      0.5742380619049072
    ],
    [
      0.4694101810455322,
      0.5742095708847046
    ],
    [
      0.47158563137054443,
      0.5741952061653137
    ],
    [
      0.4740172326564789,
      0.574103832244873
    ],
    [
      0.4771597981452942,
      0.5737990140914917
    ],
    [
      0.4801245927810669,
      0.5735574960708618
    ],
    [
      0.4826381504535675,
      0.5734767913818359
    ]
  ]
}