{
  "input": [
    [
      0.5573432445526123,
      0.5748682618141174
    ],
    [
      0.5542964339256287,
      0.574723482131958
    ],
    [
      0.5519759654998779,
      0.5746119022369385
    ],
    [
      0.5501713752746582,
      0.5745238661766052
    ],
    [
      0.5478484034538269,
      0.5745620131492615
    ],
    [
      0.545183539390564,
      0.5746833086013794
    ],
    [
      0.5430143475532532,
      0.5748337507247925
    ],
    [
      0.5411484837532043,
      0.5750019550323486
    ],
    [
      0.5392470955848694,
      0.5749220848083496
    ],
    [
      0.5373255014419556,
      0.5747015476226807
    ],
    [
      0.5362516045570374,
      0.5745823979377747
    ],
    [
      0.5356224179267883,
      0.5745162963867188
    ],
    [
      0.5353481769561768,
      0.5744042992591858
    ],
    [
      0.5352458357810974,
      0.5742700695991516
    ],
    [
      0.5353577136993408,
      0.5742294788360596
    ]
  ],
  "target": [
    [
      0.5355651378631592,
      0.5742306709289551
    ],
    [
      0.5360416769981384,
      0.5741226673126221
    ],
    [
      0.5366284251213074,
      0.5739699602127075
    ],
    [
      0.537070095539093,
      0.5739648342132568
    ],
    [
      0.537457287311554,
      0.5740150213241577
    ],
    [
      0.5384048223495483,
      0.574046790599823
    ],
    [
      0.5395441651344299,
      0.5740722417831421
    ],
    [
      0.5406804084777832,
      0.5740893483161926
    ],
    [
      0.5418157577514648,
      0.574103832244873
    ],
    [
      0.5435646772384644,
      0.5738890171051025
    ],
    [
      0.5454860329627991,
      0.5736097097396851
    ],
    [
      0.5470464825630188,
      0.573715090751648
    ],
    [
      0.5485157370567322,
      0.5739176273345947
    ],
    [
      0.5504458546638489,
      0.5741124153137207
    ],
    [
      0.5524797439575195,
      0.5743054151535034
    ]
  ]
}