{
  "input": [
    [
      0.5970221161842346,
      0.5622488260269165
    ],
    [
      0.5980979800224304,
      0.5621251463890076
    ],
    [
      0.6002926230430603,
      0.5619106292724609
    ],
    [
      0.6035717129707336,
      0.5616079568862915
    ],
    [
      0.6064789891242981,
      0.561432421207428
    ],
    [
      0.6090506315231323,
      0.5613716840744019
    ],
    [
      0.6117939949035645,
      0.5610507130622864
    ],
    [
      0.614681601524353,
      0.5605111122131348
    ],
    [
      0.6167025566101074,
      0.5600422024726868
    ],
    [
      0.6180458664894104,
      0.5596284866333008
    ],
    [
      0.6199104189872742,
      0.5595495700836182
    ],
    [
      0.6221539974212646,
      0.559714138507843
    ],
    [
      0.6169639825820923,
      0.5590463280677795
    ],
    [
      0.6067522764205933,
      0.5578163266181946
    ],
    [
      0.5998868346214294,
      0.5573291778564453
    ]
  ],
  "target": [
    [
      0.5951195359230042,
      0.5573078393936157
    ],
    [
      0.5931215882301331,
      0.5572506189346313
    ],
    [
      0.5927332043647766,
      0.5571724772453308
    ],
    [
      0.5936153531074524,
      0.5571498870849609
    ],
    [
      0.5951809287071228,
      0.5571570992469788
    ],
    [
      0.5965943932533264,
      0.5571599006652832
    ],
    [
      0.5979322195053101,
      0.5571605563163757
    ],
    [
      0.5987722277641296,
      0.5571454763412476
    ],
    [
      0.5993843078613281,
      0.5571231842041016
    ],
    [
      0.5995980501174927,
      0.5571340918540955
    ],
    [
      0.5996440649032593,
      0.5571590065956116
    ],
    [
      0.5995435118675232,
      0.5572074055671692
    ],
    [
      0.5993862748146057,
      0.5572648644447327
    ],
    [
      0.5991867184638977,
      0.557282567024231
    ],
    [
      0.5989721417427063,
      0.557286262512207
    ]
  ]
}