{
  "input": [
    [
      0.5860397219657898,
      0.5608453750610352
    ],
    [
      0.5939614772796631,
      0.559583306312561
    ],
    [
      0.6040515899658203,
      0.558026134967804
    ],
    [
      0.6153081059455872,
      0.5563101768493652
    ],
    [
      0.6024444103240967,
      0.5577313303947449
    ],
    [
      0.577595055103302,
      0.5607113242149353
    ],
    [
      0.5682352185249329,
      0.5616561770439148
    ],
    [
      0.5659703612327576,
      0.5616689324378967
    ],
    [
      0.5626650452613831,
      0.5616865754127502
    ],
    [
      0.5589215159416199,
      0.5617063641548157
    ],
    [
      0.5547596216201782,
      0.5618061423301697
    ],
    [
      0.5504361391067505,
      0.5619369149208069
    ],
    [
      0.5484448075294495,
      0.5612958073616028
    ],
    [
      0.5472760200500488,
      0.5603825449943542
    ],
    [
      0.5454065799713135,
      0.5598344802856445
    ]
  ],
  "target": [
    [
      0.5433122515678406,
      0.5594035983085632
    ],
    [
      0.5401055812835693,
      0.5594678521156311
    ],
    [
      0.5365757346153259,
      0.5596760511398315
    ],
    [
      0.5341358780860901,
      0.5596136450767517
    ],
    [
      0.5319811105728149,
      0.5594804883003235
    ],
    [
      0.5287097096443176,
      0.5593976378440857
    ],
    [
      0.5251771807670593,
      0.5593265295028687
    ],
    [
      0.5227813124656677,
      0.5593855381011963
    ],
    [
      0.5206210613250732,
      0.5594714879989624
    ],
    [
      0.5173872709274292,
      0.5595455765724182
    ],
    [
      0.513958215713501,
      0.5596174597740173
    ],
    [
      0.5116885900497437,
      0.5597370266914368
    ],
    [
      0.5096015930175781,
      0.5598640441894531
    ],
    [
      0.5078603029251099,
      0.5600150227546692
    ],
    [
      0.5061653852462769,
      0.5601692199707031
    ]
  ]
}