{
  "input": [
    [
      0.4808439314365387,
      0.5891250371932983
    ],
    [
      0.4799901843070984,
      0.5891651511192322
    ],
    [
      0.4801025986671448,
      0.5890917181968689
    ],
    [
      0.4802500605583191,
      0.5890141725540161
    ],
    [
      0.48133188486099243,
      0.5887729525566101
    ],
    [
      0.48243001103401184,
      0.5885289311408997
    ],
    [
      0.4834534823894501,
      0.5883643627166748
    ],
    [
      0.4844938814640045,
      0.5882055163383484
    ],
    [
      0.48643380403518677,
      0.5883514285087585
    ],
    [
      0.4883609116077423,
      0.5884905457496643
    ],
    [
      0.48994770646095276,
      0.5884496569633484
    ],
    [
      0.49160242080688477,
      0.5884120464324951
    ],
    [
      0.4944465756416321,
      0.5884320139884949
    ],
    [
      0.4972522556781769,
      0.5884220600128174
    ],
    [
      0.49956098198890686,
      0.5880256295204163
    ]
  ],
  "target": [
    [
      0.5020075440406799,
      0.5876456499099731
    ],
    [
      0.505853533744812,
      0.587431788444519
    ],
    [
      0.5098432302474976,
      0.5871984362602234
    ],
    [
      0.515026330947876,
      0.5868024230003357
    ],
    [
      0.5202673673629761,
      0.5865067839622498
    ],
    [
      0.5259127020835876,
      0.586912214756012
    ],
    [
      0.531263530254364,
      0.5872717499732971
    ],
    [
      0.5348501205444336,
      0.5873563289642334
    ],
    [
      0.5386872887611389,
      0.5873075127601624
    ],
    [
      0.5438311100006104,
      0.5865628719329834
    ],
    [
      0.5485949516296387,
      0.5858849883079529
    ],
    [
      0.5516124963760376,
      0.5855140686035156
    ],
    [
      0.5547352433204651,
      0.5850897431373596
    ],
    [
      0.5582884550094604,
      0.58444744348526
    ],
    [
      0.5614634156227112,
      0.5838263630867004
    ]
  ]
}