{
  "input": [
    [
      0.6059372425079346,
      0.5658529996871948
    ],
    [
      0.6051638126373291,
      0.5657867193222046
    ],
    [
      0.6044156551361084,
      0.5657218098640442
    ],
    [
      0.6039977669715881,
      0.5656746029853821
    ],
    [
      0.6035841703414917,
      0.565632164478302
    ],
    [
      0.6032148599624634,
      0.5656378269195557
    ],
    [
      0.6028709411621094,
      0.5656471848487854
    ],
    [
      0.6027389764785767,
      0.5656871199607849
    ],
    [
      0.6025989055633545,
      0.5657390356063843
    ],
    [
      0.6024014353752136,
      0.5658746957778931
    ],
    [
      0.6021952033042908,
      0.5660132169723511
    ],
    [
      0.6019365787506104,
      0.566169261932373
    ],
    [
      0.6016504764556885,
      0.566303551197052
    ],
    [
      0.6012206673622131,
      0.56632399559021
    ],
    [
      0.6008268594741821,
      0.5663117170333862
    ]
  ],
  "target": [
    [
      0.6005990505218506,
      0.5661485195159912
    ],
    [
      0.600347638130188,
      0.566010057926178
    ],
    [
      0.5999996662139893,
      0.5659732222557068
    ],
    [
      0.5997070074081421,
      0.5659472942352295
    ],
    [
      0.5996178984642029,
      0.5659615993499756
    ],
    [
      0.5995274782180786,
      0.565991997718811
    ],
    [
      0.5994328856468201,
      0.5660759806632996
    ],
    [
      0.5992928743362427,
      0.5661690831184387
    ],
    [
      0.5990159511566162,
      0.5662895441055298
    ],
    [
      0.5986500978469849,
      0.5663840770721436
    ],
    [
      0.5980402231216431,
      0.5664075613021851
    ],
    [
      0.5975579619407654,
      0.56634920835495
    ],
    [
      0.5973961353302002,
      0.5660852193832397
    ],
    [
      0.5971532464027405,
      0.5658466815948486
    ],
    [
      0.5967237949371338,
      0.565666675567627
    ]
  ],
  "meta": {
    "video_name": "test2.mp4",
    "video_stem": "test2",
    "video_path": "E:\\desktop\\open\\lstm-akf\\data\\video\\test2.mp4",
    "fps": 40.0,
    "segment_index": 15,
    "sample_index": 16,
    "start_frame_index": 6,
    "history_end_frame_index": 20,
    "target_end_frame_index": 35,
    "history_frame_indices": [
      6,
      7,
      8,
      9,
      10,
      11,
      12,
      13,
      14,
      15,
      16,
      17,
      18,
      19,
      20
    ],
    "target_frame_indices": [
      21,
      22,
      23,
      24,
      25,
      26,
      27,
      28,
      29,
      30,
      31,
      32,
      33,
      34,
      35
    ],
    "history_timestamps": [
      36.22593050162764,
      36.250930501627636,
      36.275930501627634,
      36.30093050162763,
      36.32593050162763,
      36.35093050162763,
      36.37593050162763,
      36.40093050162763,
      36.425930501627626,
      36.450930501627624,
      36.47593050162762,
      36.50093050162762,
      36.52593050162762,
      36.55093050162762,
      36.57593050162762
    ],
    "target_timestamps": [
      36.600930501627616,
      36.625930501627614,
      36.65093050162761,
      36.67593050162761,
      36.70093050162761,
      36.72593050162761,
      36.75093050162761,
      36.775930501627606,
      36.800930501627604,
      36.8259305016276,
      36.8509305016276,
      36.8759305016276,
      36.9009305016276,
      36.9259305016276,
      36.950930501627596
    ]
  }
}