{
  "input": [
    [
      0.552322506904602,
      0.5772009491920471
    ],
    [
      0.54047691822052,
      0.5756315588951111
    ],
    [
      0.547224760055542,
      0.5774617791175842
    ],
    [
      0.5525781512260437,
      0.5788570642471313
    ],
    [
      0.5560630559921265,
      0.5796695351600647
    ],
    [
      0.5580675005912781,
      0.5803663730621338
    ],
    [
      0.5582266449928284,
      0.5809192061424255
    ],
    [
      0.5573016405105591,
      0.5810906291007996
    ],
    [
      0.5551190972328186,
      0.5808196663856506
    ],
    [
      0.5530239343643188,
      0.5804799795150757
    ],
    [
      0.5510231256484985,
      0.5800660848617554
    ],
    [
      0.5486394166946411,
      0.5795787572860718
    ],
    [
      0.5458706617355347,
      0.5790176391601562
    ],
    [
      0.5438147783279419,
      0.5785806775093079
    ],
    [
      0.5424265265464783,
      0.5782600045204163
    ]
  ],
  "target": [
    [
      0.5409324765205383,
      0.5779937505722046
    ],
    [
      0.5393462181091309,
      0.5777749419212341
    ],
    [
      0.5375933647155762,
      0.577447772026062
    ],
    [
      0.5357053875923157,
      0.5770325660705566
    ],
    [
      0.5346792340278625,
      0.5769608616828918
    ],
    [
      0.5343037843704224,
      0.5771486163139343
    ],
    [
      0.5337526202201843,
      0.5773389339447021
    ],
    [
      0.5330782532691956,
      0.5775310397148132
    ],
    [
      0.5324801802635193,
      0.5775227546691895
    ],
    [
      0.5319318771362305,
      0.5773839354515076
    ],
    [
      0.5316555500030518,
      0.5771937966346741
    ],
    [
      0.5315436124801636,
      0.5769726634025574
    ],
    [
      0.5315225720405579,
      0.57667076587677
    ],
    [
      0.5315524339675903,
      0.5763236284255981
    ],
    [
      0.5316600799560547,
      0.5760467052459717
    ]
  ],
  "meta": {
    "video_name": "test2.mp4",
    "video_stem": "test2",
    "video_path": "E:\\desktop\\open\\lstm-akf\\data\\video\\test2.mp4",
    "fps": 40.0,
    "segment_index": 109,
    "sample_index": 55,
    "start_frame_index": 45,
    "history_end_frame_index": 59,
    "target_end_frame_index": 74,
    "history_frame_indices": [
      45,
      46,
      47,
      48,
      49,
      50,
      51,
      52,
      53,
      54,
      55,
      56,
      57,
      58,
      59
    ],
    "target_frame_indices": [
      60,
      61,
      62,
      63,
      64,
      65,
      66,
      67,
      68,
      69,
      70,
      71,
      72,
      73,
      74
    ],
    "history_timestamps": [
      249.7416803937721,
      249.7666803937721,
      249.7916803937721,
      249.81668039377212,
      249.84168039377212,
      249.86668039377213,
      249.89168039377213,
      249.91668039377214,
      249.94168039377215,
      249.96668039377215,
      249.99168039377216,
      250.01668039377216,
      250.04168039377217,
      250.06668039377217,
      250.09168039377218
    ],
    "target_timestamps": [
      250.11668039377219,
      250.1416803937722,
      250.1666803937722,
      250.1916803937722,
      250.2166803937722,
      250.2416803937722,
      250.26668039377222,
      250.29168039377222,
      250.31668039377223,
      250.34168039377224,
      250.36668039377224,
      250.39168039377225,
      250.41668039377225,
      250.44168039377226,
      250.46668039377226
    ]
  }
}