{
  "input": [
    [
      0.6113135814666748,
      0.5565841794013977
    ],
    [
      0.6127517819404602,
      0.5564552545547485
    ],
    [
      0.6139886379241943,
      0.5562239289283752
    ],
    [
      0.6151566505432129,
      0.555957555770874
    ],
    [
      0.6075552105903625,
      0.5577565431594849
    ],
    [
      0.5972267389297485,
      0.5601977109909058
    ],
    [
      0.5921058058738708,
      0.5616211891174316
    ],
    [
      0.5884485840797424,
      0.5627586841583252
    ],
    [
      0.5887995958328247,
      0.5633338689804077
    ],
    [
      0.5901626348495483,
      0.5637670755386353
    ],
    [
      0.5925329923629761,
      0.5638471245765686
    ],
    [
      0.5951300859451294,
      0.5638476014137268
    ],
    [
      0.5984417200088501,
      0.5635120272636414
    ],
    [
      0.6018955707550049,
      0.5631095767021179
    ],
    [
      0.6041640043258667,
      0.5628082156181335
    ]
  ],
  "target": [
    [
      0.6062262058258057,
      0.5625244379043579
    ],
    [
      0.6083070635795593,
      0.5620188117027283
    ],
    [
      0.6103906631469727,
      0.561479926109314
    ],
    [
      0.6108276844024658,
      0.5610648989677429
    ],
    [
      0.611055850982666,
      0.5606655478477478
    ],
    [
      0.6133448481559753,
      0.5606164932250977
    ],
    [
      0.615849494934082,
      0.5606040954589844
    ],
    [
      0.606830894947052,
      0.5594813227653503
    ],
    [
      0.5968515872955322,
      0.5582659840583801
    ],
    [
      0.5934913158416748,
      0.5579171180725098
    ],
    [
      0.5905470848083496,
      0.5576227903366089
    ],
    [
      0.5908079147338867,
      0.5576367378234863
    ],
    [
      0.5912069082260132,
      0.5576639175415039
    ],
    [
      0.5943361520767212,
      0.5578632950782776
    ],
    [
      0.5975311994552612,
      0.5580667853355408
    ]
  ]
}