{
  "input": [
    [
      0.612736701965332,
      0.5646951794624329
    ],
    [
      0.6126366257667542,
      0.5645830035209656
    ],
    [
      0.6125329732894897,
      0.5642496347427368
    ],
    [
      0.6087744832038879,
      0.5634342432022095
    ],
    [
      0.5945320129394531,
      0.5612362027168274
    ],
    [
      0.5824884176254272,
      0.5594525337219238
    ],
    [
      0.5762040615081787,
      0.5587543249130249
    ],
    [
      0.571424663066864,
      0.5582312345504761
    ],
    [
      0.5702570080757141,
      0.5581284761428833
    ],
    [
      0.5697959661483765,
      0.5581185817718506
    ],
    [
      0.570893406867981,
      0.5583136677742004
    ],
    [
      0.5720276236534119,
      0.5585024952888489
    ],
    [
      0.5732364654541016,
      0.5586786270141602
    ],
    [
      0.5743213295936584,
      0.5588602423667908
    ],
    [
      0.5751734375953674,
      0.5590521097183228
    ]
  ],
  "target": [
    [
      0.5758500695228577,
      0.5591726899147034
    ],
    [
      0.5762218832969666,
      0.559169352054596
    ],
    [
      0.5765106081962585,
      0.5591198801994324
    ],
    [
      0.5766657590866089,
      0.5589960813522339
    ],
    [
      0.5767471194267273,
      0.5589149594306946
    ],
    [
      0.576718270778656,
      0.5588974952697754
    ],
    [
      0.5768405199050903,
      0.5590503215789795
    ],
    [
      0.5771724581718445,
      0.5594395995140076
    ],
    [
      0.5775170922279358,
      0.5597638487815857
    ],
    [
      0.577877938747406,
      0.5600042343139648
    ],
    [
      0.5781751871109009,
      0.5601409673690796
    ],
    [
      0.5783960223197937,
      0.5601532459259033
    ],
    [
      0.5856671333312988,
      0.5611152052879333
    ],
    [
      0.6008195281028748,
      0.5631387829780579
    ],
    [
      0.6115117073059082,
      0.5647351741790771
    ]
  ]
}