{
  "input": [
    [
      0.49533846974372864,
      0.5715340971946716
    ],
    [
      0.4963136911392212,
      0.5717111825942993
    ],
    [
      0.49669981002807617,
      0.5719849467277527
    ],
    [
      0.4969351291656494,
      0.5722833871841431
    ],
    [
      0.49690595269203186,
      0.5724490880966187
    ],
    [
      0.49681633710861206,
      0.5725844502449036
    ],
    [
      0.49640125036239624,
      0.572230339050293
    ],
    [
      0.495920330286026,
      0.5717772245407104
    ],
    [
      0.4954044222831726,
      0.5713324546813965
    ],
    [
      0.4948822855949402,
      0.5708891153335571
    ],
    [
      0.49423107504844666,
      0.5710434317588806
    ],
    [
      0.49356013536453247,
      0.5712891221046448
    ],
    [
      0.4934062659740448,
      0.5715207457542419
    ],
    [
      0.49331945180892944,
      0.5717505812644958
    ],
    [
      0.4939783811569214,
      0.5716509222984314
    ]
  ],
  "target": [
    [
      0.4947173595428467,
      0.5715159773826599
    ],
    [
      0.4953945279121399,
      0.5713967680931091
    ],
    [
      0.4960663914680481,
      0.5712789297103882
    ],
    [
      0.49749839305877686,
      0.5712119936943054
    ],
    [
      0.4989801347255707,
      0.5711484551429749
    ],
    [
      0.49982765316963196,
      0.5711579322814941
    ],
    [
      0.5006462931632996,
      0.5711708068847656
    ],
    [
      0.5026232004165649,
      0.571117639541626
    ],
    [
      0.5046307444572449,
      0.5710627436637878
    ],
    [
      0.5059534907341003,
      0.5709206461906433
    ],
    [
      0.5072817206382751,
      0.570777952671051
    ],
    [
      0.5097202658653259,
      0.57063889503479
    ],
    [
      0.5121377110481262,
      0.5704944133758545
    ],
    [
      0.5138131380081177,
      0.5701597332954407
    ],
    [
      0.5155569314956665,
      0.5698357224464417
    ]
  ]
}