{
  "input": [
    [
      0.609667181968689,
      0.5576754212379456
    ],
    [
      0.6114098429679871,
      0.5576929450035095
    ],
    [
      0.6136375069618225,
      0.5576271414756775
    ],
    [
      0.6158114671707153,
      0.5575460195541382
    ],
    [
      0.6172183156013489,
      0.5572469830513
    ],
    [
      0.6186162829399109,
      0.5569711327552795
    ],
    [
      0.6199166774749756,
      0.5569507479667664
    ],
    [
      0.6211139559745789,
      0.5569483637809753
    ],
    [
      0.6213948130607605,
      0.5571051836013794
    ],
    [
      0.6204941272735596,
      0.5575007200241089
    ],
    [
      0.6108391880989075,
      0.5596654415130615
    ],
    [
      0.6024228930473328,
      0.5615528225898743
    ],
    [
      0.6018269658088684,
      0.5616887807846069
    ],
    [
      0.6016425490379333,
      0.561801016330719
    ],
    [
      0.6037095189094543,
      0.5617834329605103
    ]
  ],
  "target": [
    [
      0.605966329574585,
      0.5617154836654663
    ],
    [
      0.6091350317001343,
      0.561406135559082
    ],
    [
      0.6115188002586365,
      0.5609638690948486
    ],
    [
      0.6105592846870422,
      0.5599558353424072
    ],
    [
      0.6097650527954102,
      0.5591006278991699
    ],
    [
      0.6096001863479614,
      0.5588275194168091
    ],
    [
      0.6108740568161011,
      0.5586802363395691
    ],
    [
      0.6170821785926819,
      0.5589646100997925
    ],
    [
      0.6195691823959351,
      0.5589450597763062
    ],
    [
      0.6104992032051086,
      0.557981550693512
    ],
    [
      0.6026548743247986,
      0.5572109818458557
    ],
    [
      0.598274290561676,
      0.55698561668396
    ],
    [
      0.5950031876564026,
      0.55684494972229
    ],
    [
      0.5945970416069031,
      0.556922972202301
    ],
    [
      0.5948459506034851,
      0.556950569152832
    ]
  ]
}