{
  "input": [
    [
      0.4891604781150818,
      0.5570586323738098
    ],
    [
      0.4881257712841034,
      0.5571994185447693
    ],
    [
      0.4871659278869629,
      0.5573220252990723
    ],
    [
      0.4862675666809082,
      0.5574296712875366
    ],
    [
      0.4929329752922058,
      0.558300793170929
    ],
    [
      0.5053762197494507,
      0.5597550868988037
    ],
    [
      0.5105677247047424,
      0.560543417930603
    ],
    [
      0.5106091499328613,
      0.5608588457107544
    ],
    [
      0.5089513659477234,
      0.5610302686691284
    ],
    [
      0.5061727166175842,
      0.5611066818237305
    ],
    [
      0.5038570761680603,
      0.5612597465515137
    ],
    [
      0.501824676990509,
      0.5614596605300903
    ],
    [
      0.49975547194480896,
      0.5616294145584106
    ],
    [
      0.4976653754711151,
      0.5617820620536804
    ],
    [
      0.4964492619037628,
      0.5617388486862183
    ]
  ],
  "target": [
    [
      0.4956915080547333,
      0.5615929365158081
    ],
    [
      0.4947161078453064,
      0.5613883137702942
    ],
    [
      0.49363529682159424,
      0.561155378818512
    ],
    [
      0.49308404326438904,
      0.5611364245414734
    ],
    [
      0.49276894330978394,
      0.5612130165100098
    ],
    [
      0.4924197196960449,
      0.5611682534217834
    ],
    [
      0.49205654859542847,
      0.5610738396644592
    ],
    [
      0.49192699790000916,
      0.5609659552574158
    ],
    [
      0.49188509583473206,
      0.5608530640602112
    ],
    [
      0.49208253622055054,
      0.5607264041900635
    ],
    [
      0.4923619329929352,
      0.5605950355529785
    ],
    [
      0.5042468309402466,
      0.5584307909011841
    ],
    [
      0.519740641117096,
      0.5556343793869019
    ],
    [
      0.5246500968933105,
      0.5547632575035095
    ],
    [
      0.5265846252441406,
      0.554433286190033
    ]
  ]
}