{
  "input": [
    [
      0.5082769393920898,
      0.5627595782279968
    ],
    [
      0.5077375173568726,
      0.5628114938735962
    ],
    [
      0.5072124600410461,
      0.5627936720848083
    ],
    [
      0.5066999197006226,
      0.5627159476280212
    ],
    [
      0.5060422420501709,
      0.5628666281700134
    ],
    [
      0.5052685141563416,
      0.5632001161575317
    ],
    [
      0.5046730041503906,
      0.5633082389831543
    ],
    [
      0.5042101740837097,
      0.5632485747337341
    ],
    [
      0.5034332275390625,
      0.5631860494613647
    ],
    [
      0.5024390816688538,
      0.5631216168403625
    ],
    [
      0.5014579892158508,
      0.563115119934082
    ],
    [
      0.500485360622406,
      0.5631459355354309
    ],
    [
      0.4991871118545532,
      0.5632748603820801
    ],
    [
      0.49769487977027893,
      0.5634622573852539
    ],
    [
      0.4965364336967468,
      0.5635082721710205
    ]
  ],
  "target": [
    [
      0.4955621063709259,
      0.5634763240814209
    ],
    [
      0.4944039583206177,
      0.5634275078773499
    ],
    [
      0.49315211176872253,
      0.5633700489997864
    ],
    [
      0.49167513847351074,
      0.5635430812835693
    ],
    [
      0.49009233713150024,
      0.5638245344161987
    ],
    [
      0.4970491826534271,
      0.5623469352722168
    ],
    [
      0.5077021718025208,
      0.5601080656051636
    ],
    [
      0.5134209990501404,
      0.5590147376060486
    ],
    [
      0.5171801447868347,
      0.5583763718605042
    ],
    [
      0.5172070264816284,
      0.5576812624931335
    ],
    [
      0.5158780813217163,
      0.5569655299186707
    ],
    [
      0.5138170719146729,
      0.5569217801094055
    ],
    [
      0.5115137696266174,
      0.5571004748344421
    ],
    [
      0.5083001852035522,
      0.5576089024543762
    ],
    [
      0.5048133134841919,
      0.5582162141799927
    ]
  ]
}