{
  "input": [
    [
      0.5155214071273804,
      0.5602561831474304
    ],
    [
      0.5153802037239075,
      0.5601512789726257
    ],
    [
      0.5151594877243042,
      0.5600772500038147
    ],
    [
      0.5148244500160217,
      0.560047447681427
    ],
    [
      0.5144854784011841,
      0.5600941181182861
    ],
    [
      0.514141321182251,
      0.5602430105209351
    ],
    [
      0.5136936902999878,
      0.5603101849555969
    ],
    [
      0.5131173133850098,
      0.5602758526802063
    ],
    [
      0.5127072930335999,
      0.5601034760475159
    ],
    [
      0.5124897360801697,
      0.5597715377807617
    ],
    [
      0.5121762156486511,
      0.5595520734786987
    ],
    [
      0.5117594599723816,
      0.5594539046287537
    ],
    [
      0.5114772915840149,
      0.5594555139541626
    ],
    [
      0.5113303065299988,
      0.5595572590827942
    ],
    [
      0.5110442638397217,
      0.5597911477088928
    ]
  ],
  "target": [
    [
      0.5106284022331238,
      0.5601483583450317
    ],
    [
      0.5102453827857971,
      0.5603570938110352
    ],
    [
      0.5098909735679626,
      0.5604366660118103
    ],
    [
      0.5093862414360046,
      0.5602925419807434
    ],
    [
      0.5087598562240601,
      0.5599672794342041
    ],
    [
      0.5082509517669678,
      0.5598839521408081
    ],
    [
      0.5078306198120117,
      0.5599828362464905
    ],
    [
      0.507306694984436,
      0.5598171949386597
    ],
    [
      0.5067102909088135,
      0.5594663619995117
    ],
    [
      0.5149503946304321,
      0.5611136555671692
    ],
    [
      0.5289350152015686,
      0.564059853553772
    ],
    [
      0.5374876260757446,
      0.5662941932678223
    ],
    [
      0.5427649021148682,
      0.568099319934845
    ],
    [
      0.5447772145271301,
      0.5690370798110962
    ],
    [
      0.5449660420417786,
      0.5694904327392578
    ]
  ]
}