{
  "input": [
    [
      0.520234227180481,
      0.560135006904602
    ],
    [
      0.5193831324577332,
      0.5601698756217957
    ],
    [
      0.5184900760650635,
      0.5601774454116821
    ],
    [
      0.5174224376678467,
      0.5600712895393372
    ],
    [
      0.5164990425109863,
      0.5599935054779053
    ],
    [
      0.5161136388778687,
      0.5600217580795288
    ],
    [
      0.515804648399353,
      0.5600407123565674
    ],
    [
      0.5157524347305298,
      0.5600283741950989
    ],
    [
      0.5157345533370972,
      0.5600143074989319
    ],
    [
      0.515821099281311,
      0.5599948763847351
    ],
    [
      0.5159016847610474,
      0.5599945187568665
    ],
    [
      0.5159655809402466,
      0.5600470900535583
    ],
    [
      0.5160171389579773,
      0.5600867867469788
    ],
    [
      0.5160373449325562,
      0.5600936412811279
    ],
    [
      0.5160492658615112,
      0.5600950121879578
    ]
  ],
  "target": [
    [
      0.5160417556762695,
      0.5600836277008057
    ],
    [
      0.516033947467804,
      0.5600840449333191
    ],
    [
      0.5160254836082458,
      0.5601096749305725
    ],
    [
      0.5160250067710876,
      0.5601491928100586
    ],
    [
      0.5160401463508606,
      0.5602161884307861
    ],
    [
      0.5160480737686157,
      0.5602697134017944
    ],
    [
      0.5160426497459412,
      0.5602985620498657
    ],
    [
      0.5160382390022278,
      0.5603287220001221
    ],
    [
      0.5160356163978577,
      0.5603612065315247
    ],
    [
      0.5160368084907532,
      0.560394287109375
    ],
    [
      0.516044020652771,
      0.560428261756897
    ],
    [
      0.5160852074623108,
      0.5604750514030457
    ],
    [
      0.5161758661270142,
      0.5605404376983643
    ],
    [
      0.5162591338157654,
      0.5605490207672119
    ],
    [
      0.5163323283195496,
      0.5604808330535889
    ]
  ]
}