{
  "input": [
    [
      0.4878116548061371,
      0.7176370620727539
    ],
    [
      0.4421815276145935,
      0.7034590244293213
    ],
    [
      0.42018479108810425,
      0.6953503489494324
    ],
    [
      0.4170045554637909,
      0.6922814846038818
    ],
    [
      0.4278239607810974,
      0.6932229995727539
    ],
    [
      0.4484091103076935,
      0.6983986496925354
    ],
    [
      0.46848225593566895,
      0.7025008201599121
    ],
    [
      0.48688364028930664,
      0.7056365013122559
    ],
    [
      0.5024535655975342,
      0.7079126834869385
    ],
    [
      0.5143997073173523,
      0.7083027958869934
    ],
    [
      0.5248817205429077,
      0.7078334093093872
    ],
    [
      0.5342143774032593,
      0.7067312598228455
    ],
    [
      0.5427126884460449,
      0.7052231431007385
    ],
    [
      0.5516489148139954,
      0.7033361196517944
    ],
    [
      0.5608155727386475,
      0.7013940811157227
    ]
  ],
  "target": [
    [
      0.5698346495628357,
      0.6997668147087097
    ],
    [
      0.5783282518386841,
      0.6988239884376526
    ],
    [
      0.5043761730194092,
      0.7106138467788696
    ],
    [
      0.4505005478858948,
      0.7216898798942566
    ],
    [
      0.4187431037425995,
      0.7307231426239014
    ],
    [
      0.41114541888237,
      0.7363845705986023
    ],
    [
      0.42427346110343933,
      0.7380856871604919
    ],
    [
      0.44304314255714417,
      0.7388016581535339
    ],
    [
      0.4642592668533325,
      0.7396182417869568
    ],
    [
      0.4847267270088196,
      0.7416212558746338
    ],
    [
      0.5000832080841064,
      0.7428247332572937
    ],
    [
      0.5133107900619507,
      0.7429332137107849
    ],
    [
      0.5250387787818909,
      0.7424145340919495
    ],
    [
      0.5358965396881104,
      0.7417364716529846
    ],
    [
      0.5456379652023315,
      0.7405362725257874
    ]
  ]
}