{
  "input": [
    [
      0.5449087619781494,
      0.5647592544555664
    ],
    [
      0.5441370010375977,
      0.5647370219230652
    ],
    [
      0.5434553027153015,
      0.5647056698799133
    ],
    [
      0.5430440902709961,
      0.5646471381187439
    ],
    [
      0.5427029132843018,
      0.5645224452018738
    ],
    [
      0.5425531268119812,
      0.5642168521881104
    ],
    [
      0.542582094669342,
      0.5639575719833374
    ],
    [
      0.5430583953857422,
      0.5638139843940735
    ],
    [
      0.5436972975730896,
      0.5638096332550049
    ],
    [
      0.5447096228599548,
      0.5641249418258667
    ],
    [
      0.5455560684204102,
      0.5643223524093628
    ],
    [
      0.5460518002510071,
      0.5642707347869873
    ],
    [
      0.5428177714347839,
      0.5631508827209473
    ],
    [
      0.5323094725608826,
      0.5599477291107178
    ],
    [
      0.5242355465888977,
      0.5574814677238464
    ]
  ],
  "target": [
    [
      0.5205509066581726,
      0.5563437938690186
    ],
    [
      0.518161416053772,
      0.5555843114852905
    ],
    [
      0.5179346203804016,
      0.5554563403129578
    ],
    [
      0.5181538462638855,
      0.5554580688476562
    ],
    [
      0.5190638899803162,
      0.5556605458259583
    ],
    [
      0.5198506116867065,
      0.5558289885520935
    ],
    [
      0.5204598903656006,
      0.5559484958648682
    ],
    [
      0.5208534598350525,
      0.5560490489006042
    ],
    [
      0.5209587812423706,
      0.556124210357666
    ],
    [
      0.5216585993766785,
      0.5563746690750122
    ],
    [
      0.5230975151062012,
      0.5568430423736572
    ],
    [
      0.5287294387817383,
      0.5586898922920227
    ],
    [
      0.5392130613327026,
      0.5621317625045776
    ],
    [
      0.545488178730011,
      0.5643901228904724
    ],
    [
      0.5472293496131897,
      0.565373420715332
    ]
  ]
}