{
  "input": [
    [
      0.6048920154571533,
      0.5753986239433289
    ],
    [
      0.6122457385063171,
      0.5772942900657654
    ],
    [
      0.6464219689369202,
      0.5825385451316833
    ],
    [
      0.670845091342926,
      0.5864123702049255
    ],
    [
      0.6745914220809937,
      0.5873807072639465
    ],
    [
      0.6760942935943604,
      0.5880535244941711
    ],
    [
      0.6732093095779419,
      0.5881485342979431
    ],
    [
      0.671771764755249,
      0.5883843302726746
    ],
    [
      0.6729511618614197,
      0.5888745784759521
    ],
    [
      0.673446536064148,
      0.5892245769500732
    ],
    [
      0.6727966666221619,
      0.5893396139144897
    ],
    [
      0.6654008626937866,
      0.5893633365631104
    ],
    [
      0.6475303173065186,
      0.5892452597618103
    ],
    [
      0.633929431438446,
      0.5888503193855286
    ],
    [
      0.6264845132827759,
      0.588056206703186
    ]
  ],
  "target": [
    [
      0.6215456128120422,
      0.5875707268714905
    ],
    [
      0.6199648380279541,
      0.5874988436698914
    ],
    [
      0.6185866594314575,
      0.5872100591659546
    ],
    [
      0.6174609661102295,
      0.5866508483886719
    ],
    [
      0.6163315176963806,
      0.58634352684021
    ],
    [
      0.6151975989341736,
      0.5863284468650818
    ],
    [
      0.6145644187927246,
      0.5862733125686646
    ],
    [
      0.6144720315933228,
      0.5861749649047852
    ],
    [
      0.6149559020996094,
      0.586071789264679
    ],
    [
      0.6160193085670471,
      0.5859637260437012
    ],
    [
      0.6168389320373535,
      0.5858900547027588
    ],
    [
      0.6174302101135254,
      0.5858486890792847
    ],
    [
      0.6189374923706055,
      0.5858360528945923
    ],
    [
      0.6212434768676758,
      0.5858485698699951
    ],
    [
      0.6227176785469055,
      0.5860921144485474
    ]
  ],
  "meta": {
    "video_name": "test2.mp4",
    "video_stem": "test2",
    "video_path": "E:\\desktop\\open\\lstm-akf\\data\\video\\test2.mp4",
    "fps": 40.0,
    "segment_index": 170,
    "sample_index": 43,
    "start_frame_index": 33,
    "history_end_frame_index": 47,
    "target_end_frame_index": 62,
    "history_frame_indices": [
      33,
      34,
      35,
      36,
      37,
      38,
      39,
      40,
      41,
      42,
      43,
      44,
      45,
      46,
      47
    ],
    "target_frame_indices": [
      48,
      49,
      50,
      51,
      52,
      53,
      54,
      55,
      56,
      57,
      58,
      59,
      60,
      61,
      62
    ],
    "history_timestamps": [
      412.7249097933083,
      412.7499097933083,
      412.77490979330827,
      412.79990979330825,
      412.8249097933082,
      412.8499097933082,
      412.8749097933082,
      412.89990979330815,
      412.92490979330813,
      412.9499097933081,
      412.9749097933081,
      412.99990979330806,
      413.02490979330804,
      413.049909793308,
      413.074909793308
    ],
    "target_timestamps": [
      413.099909793308,
      413.12490979330795,
      413.1499097933079,
      413.1749097933079,
      413.1999097933079,
      413.22490979330786,
      413.24990979330784,
      413.2749097933078,
      413.2999097933078,
      413.32490979330777,
      413.34990979330775,
      413.3749097933077,
      413.3999097933077,
      413.4249097933077,
      413.44990979330765
    ]
  }
}