{
  "input": [
    [
      0.6251187920570374,
      0.5695767402648926
    ],
    [
      0.6231633424758911,
      0.569544792175293
    ],
    [
      0.6215099692344666,
      0.5695658326148987
    ],
    [
      0.6201163530349731,
      0.5696324706077576
    ],
    [
      0.6179873943328857,
      0.5695046186447144
    ],
    [
      0.6152698993682861,
      0.5692210793495178
    ],
    [
      0.6131969094276428,
      0.5691164135932922
    ],
    [
      0.6116036176681519,
      0.5691447854042053
    ],
    [
      0.6093758344650269,
      0.5692013502120972
    ],
    [
      0.6067091822624207,
      0.5692774653434753
    ],
    [
      0.6047468185424805,
      0.5693170428276062
    ],
    [
      0.6032367944717407,
      0.5693331360816956
    ],
    [
      0.6014043092727661,
      0.5694047212600708
    ],
    [
      0.5993797183036804,
      0.5695093870162964
    ],
    [
      0.5978446006774902,
      0.5695723295211792
    ]
  ],
  "target": [
    [
      0.5965794920921326,
      0.5696122646331787
    ],
    [
      0.5945926904678345,
      0.5697221159934998
    ],
    [
      0.5922379493713379,
      0.5698676109313965
    ],
    [
      0.5905646085739136,
      0.5697662234306335
    ],
    [
      0.5892117619514465,
      0.5695487856864929
    ],
    [
      0.5875787138938904,
      0.5694764256477356
    ],
    [
      0.5858243703842163,
      0.5694668889045715
    ],
    [
      0.5845831036567688,
      0.5694060921669006
    ],
    [
      0.5835455656051636,
      0.5693249106407166
    ],
    [
      0.5825124382972717,
      0.5692912340164185
    ],
    [
      0.581480860710144,
      0.5692747235298157
    ],
    [
      0.5805192589759827,
      0.5693901181221008
    ],
    [
      0.5795807838439941,
      0.5695492029190063
    ],
    [
      0.5782022476196289,
      0.5694539546966553
    ],
    [
      0.5766916275024414,
      0.5692823529243469
    ]
  ]
}