{
  "input": [
    [
      0.5381220579147339,
      0.5718851685523987
    ],
    [
      0.5385334491729736,
      0.5721296072006226
    ],
    [
      0.5390838980674744,
      0.5723615288734436
    ],
    [
      0.540205180644989,
      0.5725418925285339
    ],
    [
      0.5412636399269104,
      0.5727192163467407
    ],
    [
      0.5420910120010376,
      0.5728851556777954
    ],
    [
      0.5429518222808838,
      0.5730758905410767
    ],
    [
      0.543923556804657,
      0.5733488202095032
    ],
    [
      0.5448237657546997,
      0.5735622048377991
    ],
    [
      0.5455085635185242,
      0.5735963582992554
    ],
    [
      0.5462898015975952,
      0.5737450122833252
    ],
    [
      0.5473357439041138,
      0.5742077231407166
    ],
    [
      0.5483649969100952,
      0.5746430158615112
    ],
    [
      0.5493524074554443,
      0.5750095248222351
    ],
    [
      0.550386369228363,
      0.5754327774047852
    ]
  ],
  "target": [
    [
      0.5515276193618774,
      0.5759869813919067
    ],
    [
      0.5525764226913452,
      0.5765047073364258
    ],
    [
      0.5534291863441467,
      0.5769451856613159
    ],
    [
      0.5544427037239075,
      0.577559769153595
    ],
    [
      0.5557704567909241,
      0.5785148739814758
    ],
    [
      0.5573586821556091,
      0.5790808796882629
    ],
    [
      0.5594176054000854,
      0.5789432525634766
    ],
    [
      0.561087965965271,
      0.5789232850074768
    ],
    [
      0.5621076226234436,
      0.5791002511978149
    ],
    [
      0.5629772543907166,
      0.5793880224227905
    ],
    [
      0.5636137127876282,
      0.5798478722572327
    ],
    [
      0.5646229386329651,
      0.580394983291626
    ],
    [
      0.5661696791648865,
      0.5810678005218506
    ],
    [
      0.5676446557044983,
      0.5814833641052246
    ],
    [
      0.569023609161377,
      0.581554114818573
    ]
  ],
  "meta": {
    "video_name": "test2.mp4",
    "video_stem": "test2",
    "video_path": "E:\\desktop\\open\\lstm-akf\\data\\video\\test2.mp4",
    "fps": 40.0,
    "segment_index": 166,
    "sample_index": 30,
    "start_frame_index": 20,
    "history_end_frame_index": 34,
    "target_end_frame_index": 49,
    "history_frame_indices": [
      20,
      21,
      22,
      23,
      24,
      25,
      26,
      27,
      28,
      29,
      30,
      31,
      32,
      33,
      34
    ],
    "target_frame_indices": [
      35,
      36,
      37,
      38,
      39,
      40,
      41,
      42,
      43,
      44,
      45,
      46,
      47,
      48,
      49
    ],
    "history_timestamps": [
      389.45601443307015,
      389.48101443307013,
      389.5060144330701,
      389.5310144330701,
      389.55601443307006,
      389.58101443307004,
      389.60601443307,
      389.63101443307,
      389.65601443306997,
      389.68101443306995,
      389.7060144330699,
      389.7310144330699,
      389.7560144330699,
      389.78101443306986,
      389.80601443306983
    ],
    "target_timestamps": [
      389.8310144330698,
      389.8560144330698,
      389.88101443306977,
      389.90601443306974,
      389.9310144330697,
      389.9560144330697,
      389.9810144330697,
      390.00601443306965,
      390.03101443306963,
      390.0560144330696,
      390.0810144330696,
      390.10601443306956,
      390.13101443306954,
      390.1560144330695,
      390.1810144330695
    ]
  }
}