{
  "input": [
    [
      0.6169288158416748,
      0.5639348030090332
    ],
    [
      0.6166729927062988,
      0.563988983631134
    ],
    [
      0.6164373159408569,
      0.5639997720718384
    ],
    [
      0.6161421537399292,
      0.5639628767967224
    ],
    [
      0.6158063411712646,
      0.5638933777809143
    ],
    [
      0.6155181527137756,
      0.5637590885162354
    ],
    [
      0.615260124206543,
      0.5635836720466614
    ],
    [
      0.6149265766143799,
      0.5634402632713318
    ],
    [
      0.6145485043525696,
      0.5633156895637512
    ],
    [
      0.6143191456794739,
      0.5633107423782349
    ],
    [
      0.6141707897186279,
      0.5633708834648132
    ],
    [
      0.6139670014381409,
      0.5633916854858398
    ],
    [
      0.6137353777885437,
      0.5633926391601562
    ],
    [
      0.6140115261077881,
      0.5635026097297668
    ],
    [
      0.6145233511924744,
      0.5636632442474365
    ]
  ],
  "target": [
    [
      0.614884614944458,
      0.563812792301178
    ],
    [
      0.6151816844940186,
      0.5639576315879822
    ],
    [
      0.6151748299598694,
      0.5638922452926636
    ],
    [
      0.6150490045547485,
      0.5637446045875549
    ],
    [
      0.6150720119476318,
      0.5637267231941223
    ],
    [
      0.6151482462882996,
      0.5637553334236145
    ],
    [
      0.6152400970458984,
      0.5638108849525452
    ],
    [
      0.6153369545936584,
      0.5638752579689026
    ],
    [
      0.6155242323875427,
      0.5638777017593384
    ],
    [
      0.6157382130622864,
      0.5638617873191833
    ],
    [
      0.615902304649353,
      0.5639488697052002
    ],
    [
      0.6160531044006348,
      0.5640633702278137
    ],
    [
      0.6162784695625305,
      0.5641438961029053
    ],
    [
      0.6165215969085693,
      0.5642163157463074
    ],
    [
      0.6166703104972839,
      0.5641875863075256
    ]
  ]
}