{
  "input": [
    [
      0.6221539974212646,
      0.559714138507843
    ],
    [
      0.6169639825820923,
      0.5590463280677795
    ],
    [
      0.6067522764205933,
      0.5578163266181946
    ],
    [
      0.5998868346214294,
      0.5573291778564453
    ],
    [
      0.5951195359230042,
      0.5573078393936157
    ],
    [
      0.5931215882301331,
      0.5572506189346313
    ],
    [
      0.5927332043647766,
      0.5571724772453308
    ],
    [
      0.5936153531074524,
      0.5571498870849609
    ],
    [
      0.5951809287071228,
      0.5571570992469788
    ],
    [
      0.5965943932533264,
      0.5571599006652832
    ],
    [
      0.5979322195053101,
      0.5571605563163757
    ],
    [
      0.5987722277641296,
      0.5571454763412476
    ],
    [
      0.5993843078613281,
      0.5571231842041016
    ],
    [
      0.5995980501174927,
      0.5571340918540955
    ],
    [
      0.5996440649032593,
      0.5571590065956116
    ]
  ],
  "target": [
    [
      0.5995435118675232,
      0.5572074055671692
    ],
    [
      0.5993862748146057,
      0.5572648644447327
    ],
    [
      0.5991867184638977,
      0.557282567024231
    ],
    [
      0.5989721417427063,
      0.557286262512207
    ],
    [
      0.5984125137329102,
      0.5572739839553833
    ],
    [
      0.5977421402931213,
      0.5572565793991089
    ],
    [
      0.5972597599029541,
      0.5572494864463806
    ],
    [
      0.5968320369720459,
      0.5572454333305359
    ],
    [
      0.5963934659957886,
      0.5572261214256287
    ],
    [
      0.5959520936012268,
      0.5572028160095215
    ],
    [
      0.5957841277122498,
      0.5572014451026917
    ],
    [
      0.5956800580024719,
      0.5572051405906677
    ],
    [
      0.5956845879554749,
      0.5571978688240051
    ],
    [
      0.5957115888595581,
      0.5571882724761963
    ],
    [
      0.5957648158073425,
      0.5571888089179993
    ]
  ]
}