{
  "input": [
    [
      0.5532130002975464,
      0.5596916675567627
    ],
    [
      0.5523252487182617,
      0.5593346357345581
    ],
    [
      0.5514441132545471,
      0.5590224862098694
    ],
    [
      0.5506186485290527,
      0.5590860247612
    ],
    [
      0.5497219562530518,
      0.5590952634811401
    ],
    [
      0.5483255982398987,
      0.5587233304977417
    ],
    [
      0.5470129251480103,
      0.5583510994911194
    ],
    [
      0.5462045669555664,
      0.5579770803451538
    ],
    [
      0.545218288898468,
      0.5576862692832947
    ],
    [
      0.5432999730110168,
      0.5578316450119019
    ],
    [
      0.5415393114089966,
      0.5579155683517456
    ],
    [
      0.5405063033103943,
      0.5577160120010376
    ],
    [
      0.5393190383911133,
      0.5575955510139465
    ],
    [
      0.5374985337257385,
      0.5577996969223022
    ],
    [
      0.535835325717926,
      0.5579397678375244
    ]
  ],
  "target": [
    [
      0.5347511172294617,
      0.5578441023826599
    ],
    [
      0.5336863398551941,
      0.557661235332489
    ],
    [
      0.5326858162879944,
      0.5571887493133545
    ],
    [
      0.5317001342773438,
      0.5568227171897888
    ],
    [
      0.5307592153549194,
      0.5567772388458252
    ],
    [
      0.5296346545219421,
      0.5566026568412781
    ],
    [
      0.5280061960220337,
      0.5560738444328308
    ],
    [
      0.5265926718711853,
      0.5556744337081909
    ],
    [
      0.5257184505462646,
      0.5555999279022217
    ],
    [
      0.52480149269104,
      0.5555380582809448
    ],
    [
      0.523786187171936,
      0.5555054545402527
    ],
    [
      0.5229622721672058,
      0.5555429458618164
    ],
    [
      0.5225441455841064,
      0.5557289719581604
    ],
    [
      0.5221708416938782,
      0.555933952331543
    ],
    [
      0.5218851566314697,
      0.5561760663986206
    ]
  ]
}