{
  "input": [
    [
      0.42785102128982544,
      0.5709870457649231
    ],
    [
      0.4295317828655243,
      0.5709338784217834
    ],
    [
      0.4309508800506592,
      0.5709959268569946
    ],
    [
      0.43211987614631653,
      0.5711681246757507
    ],
    [
      0.43309396505355835,
      0.5713204741477966
    ],
    [
      0.4338945746421814,
      0.5714550614356995
    ],
    [
      0.4349518418312073,
      0.571694552898407
    ],
    [
      0.43622180819511414,
      0.5720208883285522
    ],
    [
      0.4371224343776703,
      0.5721634030342102
    ],
    [
      0.4377383887767792,
      0.5721643567085266
    ],
    [
      0.43918076157569885,
      0.572219729423523
    ],
    [
      0.441215455532074,
      0.5723140835762024
    ],
    [
      0.44293344020843506,
      0.5722172260284424
    ],
    [
      0.4444405138492584,
      0.5719931125640869
    ],
    [
      0.44662347435951233,
      0.57180255651474
    ]
  ],
  "target": [
    [
      0.449224054813385,
      0.5716326832771301
    ],
    [
      0.4515780210494995,
      0.5715779066085815
    ],
    [
      0.4537908136844635,
      0.5715889930725098
    ],
    [
      0.45699578523635864,
      0.5717688202857971
    ],
    [
      0.4607263207435608,
      0.5720380544662476
    ],
    [
      0.46351295709609985,
      0.5721787810325623
    ],
    [
      0.46583783626556396,
      0.5722566246986389
    ],
    [
      0.46921172738075256,
      0.5722395181655884
    ],
    [
      0.4730583429336548,
      0.5721795558929443
    ],
    [
      0.4758709967136383,
      0.5718244314193726
    ],
    [
      0.4782554805278778,
      0.5713471174240112
    ],
    [
      0.4817311465740204,
      0.5714184641838074
    ],
    [
      0.4856208264827728,
      0.5716979503631592
    ],
    [
      0.4878210127353668,
      0.5717802047729492
    ],
    [
      0.4894360601902008,
      0.5717942118644714
    ]
  ]
}