{
  "input": [
    [
      0.6023860573768616,
      0.5894951820373535
    ],
    [
      0.5973556637763977,
      0.5887324213981628
    ],
    [
      0.6145756840705872,
      0.5845448970794678
    ],
    [
      0.6363157033920288,
      0.5796617269515991
    ],
    [
      0.6477863788604736,
      0.5776149034500122
    ],
    [
      0.6574300527572632,
      0.576072633266449
    ],
    [
      0.6596267819404602,
      0.5758349299430847
    ],
    [
      0.6606788635253906,
      0.5757977366447449
    ],
    [
      0.6563981175422668,
      0.5763322114944458
    ],
    [
      0.6514214873313904,
      0.5769413113594055
    ],
    [
      0.6463502049446106,
      0.5773012638092041
    ],
    [
      0.6412686705589294,
      0.5776342153549194
    ],
    [
      0.6354346871376038,
      0.5780497789382935
    ],
    [
      0.6295353770256042,
      0.5784725546836853
    ],
    [
      0.6262511610984802,
      0.5781741142272949
    ]
  ],
  "target": [
    [
      0.6231397986412048,
      0.5778279900550842
    ],
    [
      0.6192783713340759,
      0.5778380632400513
    ],
    [
      0.615382194519043,
      0.5778645873069763
    ],
    [
      0.6132174730300903,
      0.5775912404060364
    ],
    [
      0.6110996007919312,
      0.5773097276687622
    ],
    [
      0.6339150071144104,
      0.5810733437538147
    ],
    [
      0.656609296798706,
      0.5848181843757629
    ],
    [
      0.6430698037147522,
      0.5827860236167908
    ],
    [
      0.630283534526825,
      0.5808895826339722
    ],
    [
      0.6446202993392944,
      0.5838830471038818
    ],
    [
      0.6585033535957336,
      0.5867968201637268
    ],
    [
      0.662720263004303,
      0.5880144834518433
    ],
    [
      0.6664590239524841,
      0.5891658067703247
    ],
    [
      0.6630408763885498,
      0.5893248915672302
    ],
    [
      0.6595221757888794,
      0.5894421339035034
    ]
  ]
}