{
  "input": [
    [
      0.5752630233764648,
      0.5771328210830688
    ],
    [
      0.5746356844902039,
      0.577219545841217
    ],
    [
      0.5740568041801453,
      0.5773038864135742
    ],
    [
      0.5737841129302979,
      0.5773729681968689
    ],
    [
      0.5735718011856079,
      0.5774223804473877
    ],
    [
      0.5736899971961975,
      0.5773640871047974
    ],
    [
      0.5738554000854492,
      0.5773069262504578
    ],
    [
      0.5742473602294922,
      0.5772549510002136
    ],
    [
      0.5747041702270508,
      0.5772327780723572
    ],
    [
      0.5754371285438538,
      0.5773375034332275
    ],
    [
      0.5761057138442993,
      0.5774555206298828
    ],
    [
      0.5765292048454285,
      0.5776239633560181
    ],
    [
      0.576951801776886,
      0.5777553915977478
    ],
    [
      0.5773714184761047,
      0.577759861946106
    ],
    [
      0.5777035355567932,
      0.5777537226676941
    ]
  ],
  "target": [
    [
      0.577763557434082,
      0.5777146816253662
    ],
    [
      0.5777028799057007,
      0.5776347517967224
    ],
    [
      0.5773010849952698,
      0.5774390697479248
    ],
    [
      0.5768827795982361,
      0.5772759914398193
    ],
    [
      0.5764220952987671,
      0.5771970152854919
    ],
    [
      0.5760098099708557,
      0.577276885509491
    ],
    [
      0.5757120251655579,
      0.5777329802513123
    ],
    [
      0.5754573941230774,
      0.5780540108680725
    ],
    [
      0.5752967000007629,
      0.5780810713768005
    ],
    [
      0.5750300288200378,
      0.5781659483909607
    ],
    [
      0.5745506286621094,
      0.5783668160438538
    ],
    [
      0.574038028717041,
      0.5785535573959351
    ],
    [
      0.573464035987854,
      0.5787142515182495
    ],
    [
      0.5727407336235046,
      0.5788403749465942
    ],
    [
      0.5717611908912659,
      0.5789070725440979
    ]
  ],
  "meta": {
    "video_name": "test2.mp4",
    "video_stem": "test2",
    "video_path": "E:\\desktop\\open\\lstm-akf\\data\\video\\test2.mp4",
    "fps": 40.0,
    "segment_index": 34,
    "sample_index": 246,
    "start_frame_index": 236,
    "history_end_frame_index": 250,
    "target_end_frame_index": 265,
    "history_frame_indices": [
      236,
      237,
      238,
      239,
      240,
      241,
      242,
      243,
      244,
      245,
      246,
      247,
      248,
      249,
      250
    ],
    "target_frame_indices": [
      251,
      252,
      253,
      254,
      255,
      256,
      257,
      258,
      259,
      260,
      261,
      262,
      263,
      264,
      265
    ],
    "history_timestamps": [
      83.15601051104186,
      83.18101051104186,
      83.20601051104187,
      83.23101051104187,
      83.25601051104188,
      83.28101051104188,
      83.30601051104189,
      83.3310105110419,
      83.3560105110419,
      83.38101051104191,
      83.40601051104191,
      83.43101051104192,
      83.45601051104192,
      83.48101051104193,
      83.50601051104194
    ],
    "target_timestamps": [
      83.53101051104194,
      83.55601051104195,
      83.58101051104195,
      83.60601051104196,
      83.63101051104196,
      83.65601051104197,
      83.68101051104198,
      83.70601051104198,
      83.73101051104199,
      83.75601051104199,
      83.781010511042,
      83.806010511042,
      83.83101051104201,
      83.85601051104202,
      83.88101051104202
    ]
  }
}