{
  "input": [
    [
      0.5053915977478027,
      0.5618711113929749
    ],
    [
      0.5037364959716797,
      0.5620403289794922
    ],
    [
      0.5012195110321045,
      0.5620278716087341
    ],
    [
      0.49866798520088196,
      0.5620080828666687
    ],
    [
      0.4963075816631317,
      0.5619440078735352
    ],
    [
      0.4939511716365814,
      0.5618789792060852
    ],
    [
      0.4902881681919098,
      0.5616586804389954
    ],
    [
      0.48660925030708313,
      0.5614359378814697
    ],
    [
      0.4821278750896454,
      0.5610817670822144
    ],
    [
      0.47838321328163147,
      0.5606670379638672
    ],
    [
      0.49639734625816345,
      0.558463454246521
    ],
    [
      0.5138290524482727,
      0.5562930107116699
    ],
    [
      0.5203220248222351,
      0.5547441244125366
    ],
    [
      0.5258945226669312,
      0.5533246397972107
    ],
    [
      0.5189230442047119,
      0.5536680817604065
    ]
  ],
  "target": [
    [
      0.5124174356460571,
      0.5539656281471252
    ],
    [
      0.510852038860321,
      0.55377596616745
    ],
    [
      0.509226381778717,
      0.5536847710609436
    ],
    [
      0.5070821046829224,
      0.5544419288635254
    ],
    [
      0.5050445795059204,
      0.5551756024360657
    ],
    [
      0.5037769675254822,
      0.5557396411895752
    ],
    [
      0.502449095249176,
      0.5562407374382019
    ],
    [
      0.5007494688034058,
      0.5563534498214722
    ],
    [
      0.4991128146648407,
      0.5564588308334351
    ],
    [
      0.49781322479248047,
      0.5565249919891357
    ],
    [
      0.4964045584201813,
      0.5565635561943054
    ],
    [
      0.49448221921920776,
      0.5564721822738647
    ],
    [
      0.492557555437088,
      0.5563822984695435
    ],
    [
      0.49062326550483704,
      0.5562989115715027
    ],
    [
      0.4886677861213684,
      0.5561939477920532
    ]
  ]
}