{
  "input": [
    [
      0.4096921384334564,
      0.601915717124939
    ],
    [
      0.37796759605407715,
      0.6084232330322266
    ],
    [
      0.3442123830318451,
      0.615412712097168
    ],
    [
      0.30705714225769043,
      0.6232092380523682
    ],
    [
      0.33478468656539917,
      0.6196175813674927
    ],
    [
      0.46325984597206116,
      0.5983427166938782
    ],
    [
      0.5450031757354736,
      0.585495114326477
    ],
    [
      0.5593698620796204,
      0.584797739982605
    ],
    [
      0.5650704503059387,
      0.584296703338623
    ],
    [
      0.559158205986023,
      0.584058940410614
    ],
    [
      0.5572705864906311,
      0.5837761759757996
    ],
    [
      0.5603994727134705,
      0.583437442779541
    ],
    [
      0.5626465082168579,
      0.5831993222236633
    ],
    [
      0.5638704895973206,
      0.5830779671669006
    ],
    [
      0.5535008311271667,
      0.5804061889648438
    ]
  ],
  "target": [
    [
      0.530609667301178,
      0.5749799013137817
    ],
    [
      0.508825957775116,
      0.5698928833007812
    ],
    [
      0.48815593123435974,
      0.5651470422744751
    ],
    [
      0.4640381932258606,
      0.5597721934318542
    ],
    [
      0.43669140338897705,
      0.553808331489563
    ],
    [
      0.4057779908180237,
      0.5471937656402588
    ],
    [
      0.37175440788269043,
      0.5400118231773376
    ],
    [
      0.33404532074928284,
      0.5321575403213501
    ],
    [
      0.29334497451782227,
      0.5237575769424438
    ],
    [
      0.3435973823070526,
      0.5348634123802185
    ],
    [
      0.46252140402793884,
      0.5606966614723206
    ],
    [
      0.5156728625297546,
      0.5726293921470642
    ],
    [
      0.5226624608039856,
      0.574806272983551
    ],
    [
      0.5315588712692261,
      0.5775139331817627
    ],
    [
      0.541698157787323,
      0.580567479133606
    ]
  ],
  "meta": {
    "video_name": "test2.mp4",
    "video_stem": "test2",
    "video_path": "E:\\desktop\\open\\lstm-akf\\data\\video\\test2.mp4",
    "fps": 40.0,
    "segment_index": 171,
    "sample_index": 50,
    "start_frame_index": 40,
    "history_end_frame_index": 54,
    "target_end_frame_index": 69,
    "history_frame_indices": [
      40,
      41,
      42,
      43,
      44,
      45,
      46,
      47,
      48,
      49,
      50,
      51,
      52,
      53,
      54
    ],
    "target_frame_indices": [
      55,
      56,
      57,
      58,
      59,
      60,
      61,
      62,
      63,
      64,
      65,
      66,
      67,
      68,
      69
    ],
    "history_timestamps": [
      415.1298780248648,
      415.1548780248648,
      415.17987802486476,
      415.20487802486474,
      415.2298780248647,
      415.2548780248647,
      415.2798780248647,
      415.30487802486465,
      415.3298780248646,
      415.3548780248646,
      415.3798780248646,
      415.40487802486456,
      415.42987802486454,
      415.4548780248645,
      415.4798780248645
    ],
    "target_timestamps": [
      415.50487802486447,
      415.52987802486444,
      415.5548780248644,
      415.5798780248644,
      415.6048780248644,
      415.62987802486435,
      415.65487802486433,
      415.6798780248643,
      415.7048780248643,
      415.72987802486426,
      415.75487802486424,
      415.7798780248642,
      415.8048780248642,
      415.8298780248642,
      415.85487802486415
    ]
  }
}