{
  "input": [
    [
      0.6133448481559753,
      0.5606164932250977
    ],
    [
      0.615849494934082,
      0.5606040954589844
    ],
    [
      0.606830894947052,
      0.5594813227653503
    ],
    [
      0.5968515872955322,
      0.5582659840583801
    ],
    [
      0.5934913158416748,
      0.5579171180725098
    ],
    [
      0.5905470848083496,
      0.5576227903366089
    ],
    [
      0.5908079147338867,
      0.5576367378234863
    ],
    [
      0.5912069082260132,
      0.5576639175415039
    ],
    [
      0.5943361520767212,
      0.5578632950782776
    ],
    [
      0.5975311994552612,
      0.5580667853355408
    ],
    [
      0.5999619960784912,
      0.5580811500549316
    ],
    [
      0.6023927927017212,
      0.5580915212631226
    ],
    [
      0.6051868796348572,
      0.5578689575195312
    ],
    [
      0.6079488396644592,
      0.5576537251472473
    ],
    [
      0.609667181968689,
      0.5576754212379456
    ]
  ],
  "target": [
    [
      0.6114098429679871,
      0.5576929450035095
    ],
    [
      0.6136375069618225,
      0.5576271414756775
    ],
    [
      0.6158114671707153,
      0.5575460195541382
    ],
    [
      0.6172183156013489,
      0.5572469830513
    ],
    [
      0.6186162829399109,
      0.5569711327552795
    ],
    [
      0.6199166774749756,
      0.5569507479667664
    ],
    [
      0.6211139559745789,
      0.5569483637809753
    ],
    [
      0.6213948130607605,
      0.5571051836013794
    ],
    [
      0.6204941272735596,
      0.5575007200241089
    ],
    [
      0.6108391880989075,
      0.5596654415130615
    ],
    [
      0.6024228930473328,
      0.5615528225898743
    ],
    [
      0.6018269658088684,
      0.5616887807846069
    ],
    [
      0.6016425490379333,
      0.561801016330719
    ],
    [
      0.6037095189094543,
      0.5617834329605103
    ],
    [
      0.605966329574585,
      0.5617154836654663
    ]
  ]
}