{
  "input": [
    [
      0.6005985736846924,
      0.5694058537483215
    ],
    [
      0.6012117862701416,
      0.5692580938339233
    ],
    [
      0.6017737984657288,
      0.5690870881080627
    ],
    [
      0.6032631993293762,
      0.569126307964325
    ],
    [
      0.6051761507987976,
      0.5692616105079651
    ],
    [
      0.6065950393676758,
      0.5693772435188293
    ],
    [
      0.6078064441680908,
      0.5694845914840698
    ],
    [
      0.6096155643463135,
      0.569564938545227
    ],
    [
      0.6116547584533691,
      0.5696348547935486
    ],
    [
      0.6132221221923828,
      0.5696362257003784
    ],
    [
      0.6146235466003418,
      0.5696135759353638
    ],
    [
      0.6172003746032715,
      0.569575846195221
    ],
    [
      0.6201530694961548,
      0.5695332884788513
    ],
    [
      0.6223559975624084,
      0.5694300532341003
    ],
    [
      0.6243419051170349,
      0.5693091750144958
    ]
  ],
  "target": [
    [
      0.6276383399963379,
      0.568976640701294
    ],
    [
      0.6312762498855591,
      0.5685890316963196
    ],
    [
      0.6339565515518188,
      0.5689740180969238
    ],
    [
      0.6364138126373291,
      0.5695388913154602
    ],
    [
      0.6402907371520996,
      0.5695093870162964
    ],
    [
      0.6444606781005859,
      0.56935715675354
    ],
    [
      0.6336112022399902,
      0.5674891471862793
    ],
    [
      0.6200429797172546,
      0.565310537815094
    ],
    [
      0.6136934161186218,
      0.5643594264984131
    ],
    [
      0.6084749698638916,
      0.5636005997657776
    ],
    [
      0.6084893941879272,
      0.5633042454719543
    ],
    [
      0.6092016100883484,
      0.5630695819854736
    ],
    [
      0.6140559911727905,
      0.5632120966911316
    ],
    [
      0.6193698644638062,
      0.5633963942527771
    ],
    [
      0.6240246891975403,
      0.5637642741203308
    ]
  ]
}