{
  "input": [
    [
      0.4904211759567261,
      0.5777701139450073
    ],
    [
      0.4915631115436554,
      0.5776078701019287
    ],
    [
      0.4864397346973419,
      0.5765602588653564
    ],
    [
      0.46688371896743774,
      0.5734730958938599
    ],
    [
      0.45144858956336975,
      0.5710145235061646
    ],
    [
      0.4447499215602875,
      0.5698885917663574
    ],
    [
      0.44068118929862976,
      0.5691547393798828
    ],
    [
      0.4417561888694763,
      0.5691876411437988
    ],
    [
      0.44369736313819885,
      0.569399356842041
    ],
    [
      0.4472046196460724,
      0.5699341297149658
    ],
    [
      0.4509148895740509,
      0.5704408288002014
    ],
    [
      0.4549649953842163,
      0.570900559425354
    ],
    [
      0.45840129256248474,
      0.5712602138519287
    ],
    [
      0.4608845114707947,
      0.5714644193649292
    ],
    [
      0.4628835618495941,
      0.5716177225112915
    ]
  ],
  "target": [
    [
      0.4641845226287842,
      0.5716976523399353
    ],
    [
      0.4651121199131012,
      0.5717275142669678
    ],
    [
      0.4655393958091736,
      0.5716903805732727
    ],
    [
      0.4660020172595978,
      0.5715802311897278
    ],
    [
      0.466508686542511,
      0.5713790059089661
    ],
    [
      0.4669502377510071,
      0.5711851119995117
    ],
    [
      0.46731626987457275,
      0.5709997415542603
    ],
    [
      0.47844305634498596,
      0.5724205374717712
    ],
    [
      0.5011917948722839,
      0.5755760669708252
    ],
    [
      0.5176747441291809,
      0.5779032111167908
    ],
    [
      0.5278559327125549,
      0.5793972015380859
    ],
    [
      0.533867359161377,
      0.5803614854812622
    ],
    [
      0.5359735488891602,
      0.5808296799659729
    ],
    [
      0.5360308289527893,
      0.580941915512085
    ],
    [
      0.5343014597892761,
      0.5807437300682068
    ]
  ],
  "meta": {
    "video_name": "test2.mp4",
    "video_stem": "test2",
    "video_path": "E:\\desktop\\open\\lstm-akf\\data\\video\\test2.mp4",
    "fps": 40.0,
    "segment_index": 54,
    "sample_index": 42,
    "start_frame_index": 32,
    "history_end_frame_index": 46,
    "target_end_frame_index": 61,
    "history_frame_indices": [
      32,
      33,
      34,
      35,
      36,
      37,
      38,
      39,
      40,
      41,
      42,
      43,
      44,
      45,
      46
    ],
    "target_frame_indices": [
      47,
      48,
      49,
      50,
      51,
      52,
      53,
      54,
      55,
      56,
      57,
      58,
      59,
      60,
      61
    ],
    "history_timestamps": [
      142.82419892536396,
      142.84919892536396,
      142.87419892536397,
      142.89919892536398,
      142.92419892536398,
      142.949198925364,
      142.974198925364,
      142.999198925364,
      143.024198925364,
      143.049198925364,
      143.07419892536402,
      143.09919892536402,
      143.12419892536403,
      143.14919892536403,
      143.17419892536404
    ],
    "target_timestamps": [
      143.19919892536404,
      143.22419892536405,
      143.24919892536406,
      143.27419892536406,
      143.29919892536407,
      143.32419892536407,
      143.34919892536408,
      143.37419892536408,
      143.3991989253641,
      143.4241989253641,
      143.4491989253641,
      143.4741989253641,
      143.4991989253641,
      143.52419892536412,
      143.54919892536412
    ]
  }
}