{
  "input": [
    [
      0.508621335029602,
      0.5807539820671082
    ],
    [
      0.5091054439544678,
      0.5806341171264648
    ],
    [
      0.5097023248672485,
      0.5804954171180725
    ],
    [
      0.511444091796875,
      0.5801653265953064
    ],
    [
      0.5131141543388367,
      0.5798518061637878
    ],
    [
      0.514188289642334,
      0.5796764492988586
    ],
    [
      0.5152652859687805,
      0.5794922113418579
    ],
    [
      0.5163627862930298,
      0.5792461037635803
    ],
    [
      0.5173569321632385,
      0.5790470242500305
    ],
    [
      0.5177323818206787,
      0.5791295170783997
    ],
    [
      0.5181190371513367,
      0.5792102217674255
    ],
    [
      0.5185647010803223,
      0.5792816877365112
    ],
    [
      0.5190442204475403,
      0.5793703198432922
    ],
    [
      0.5196793675422668,
      0.5795376896858215
    ],
    [
      0.5204317569732666,
      0.579614520072937
    ]
  ],
  "target": [
    [
      0.5216634273529053,
      0.5793211460113525
    ],
    [
      0.5228578448295593,
      0.579045832157135
    ],
    [
      0.5239154696464539,
      0.5788365006446838
    ],
    [
      0.5252870321273804,
      0.5786510109901428
    ],
    [
      0.5276973843574524,
      0.5785441398620605
    ],
    [
      0.5298600196838379,
      0.5785192251205444
    ],
    [
      0.5312792062759399,
      0.5787398815155029
    ],
    [
      0.5328601002693176,
      0.5789744853973389
    ],
    [
      0.5348833799362183,
      0.5792470574378967
    ],
    [
      0.5366165637969971,
      0.5794111490249634
    ],
    [
      0.5376238226890564,
      0.5793038606643677
    ],
    [
      0.5386443734169006,
      0.5792462229728699
    ],
    [
      0.5396952629089355,
      0.5793026685714722
    ],
    [
      0.540672242641449,
      0.5792554616928101
    ],
    [
      0.5414930582046509,
      0.5789891481399536
    ]
  ]
}