{
  "input": [
    [
      0.4329773783683777,
      0.5719104409217834
    ],
    [
      0.4336217939853668,
      0.5720184445381165
    ],
    [
      0.43421757221221924,
      0.5720519423484802
    ],
    [
      0.4348040819168091,
      0.5720803141593933
    ],
    [
      0.4351397454738617,
      0.5719689130783081
    ],
    [
      0.43667876720428467,
      0.5716412663459778
    ],
    [
      0.4595417380332947,
      0.5674816966056824
    ],
    [
      0.47976696491241455,
      0.5638389587402344
    ],
    [
      0.46559563279151917,
      0.5669369697570801
    ],
    [
      0.45388537645339966,
      0.5695451498031616
    ],
    [
      0.46735772490501404,
      0.567141056060791
    ],
    [
      0.47803255915641785,
      0.5652878284454346
    ],
    [
      0.46531978249549866,
      0.56803959608078
    ],
    [
      0.45578545331954956,
      0.5701567530632019
    ],
    [
      0.46857306361198425,
      0.5678170919418335
    ]
  ],
  "target": [
    [
      0.48021233081817627,
      0.5657126307487488
    ],
    [
      0.4849385619163513,
      0.5650238394737244
    ],
    [
      0.4897961914539337,
      0.5643090009689331
    ],
    [
      0.4953421652317047,
      0.5634578466415405
    ],
    [
      0.49576276540756226,
      0.563628077507019
    ],
    [
      0.4725242257118225,
      0.5685130953788757
    ],
    [
      0.45356959104537964,
      0.5725002884864807
    ],
    [
      0.45220258831977844,
      0.5728017091751099
    ],
    [
      0.4517057240009308,
      0.5730537176132202
    ],
    [
      0.45441102981567383,
      0.5731237530708313
    ],
    [
      0.4569927752017975,
      0.5731476545333862
    ],
    [
      0.4591642916202545,
      0.5730182528495789
    ],
    [
      0.4615980386734009,
      0.5728119611740112
    ],
    [
      0.4648214280605316,
      0.5723741054534912
    ],
    [
      0.46838223934173584,
      0.5718884468078613
    ]
  ],
  "meta": {
    "video_name": "test2.mp4",
    "video_stem": "test2",
    "video_path": "E:\\desktop\\open\\lstm-akf\\data\\video\\test2.mp4",
    "fps": 40.0,
    "segment_index": 140,
    "sample_index": 11,
    "start_frame_index": 1,
    "history_end_frame_index": 15,
    "target_end_frame_index": 30,
    "history_frame_indices": [
      1,
      2,
      3,
      4,
      5,
      6,
      7,
      8,
      9,
      10,
      11,
      12,
      13,
      14,
      15
    ],
    "target_frame_indices": [
      16,
      17,
      18,
      19,
      20,
      21,
      22,
      23,
      24,
      25,
      26,
      27,
      28,
      29,
      30
    ],
    "history_timestamps": [
      330.06029827038475,
      330.0852982703847,
      330.1102982703847,
      330.1352982703847,
      330.16029827038466,
      330.18529827038464,
      330.2102982703846,
      330.2352982703846,
      330.26029827038457,
      330.28529827038454,
      330.3102982703845,
      330.3352982703845,
      330.3602982703845,
      330.38529827038445,
      330.41029827038443
    ],
    "target_timestamps": [
      330.4352982703844,
      330.4602982703844,
      330.48529827038436,
      330.51029827038434,
      330.5352982703843,
      330.5602982703843,
      330.58529827038427,
      330.61029827038425,
      330.6352982703842,
      330.6602982703842,
      330.6852982703842,
      330.71029827038416,
      330.73529827038413,
      330.7602982703841,
      330.7852982703841
    ]
  }
}