{
  "input": [
    [
      0.5919800996780396,
      0.5635221004486084
    ],
    [
      0.5951086282730103,
      0.5633073449134827
    ],
    [
      0.598900318145752,
      0.5628014802932739
    ],
    [
      0.6018006205558777,
      0.5625841617584229
    ],
    [
      0.603905439376831,
      0.5626243948936462
    ],
    [
      0.6063547134399414,
      0.5622943639755249
    ],
    [
      0.6090900897979736,
      0.561656653881073
    ],
    [
      0.6101870536804199,
      0.5609374642372131
    ],
    [
      0.6100176572799683,
      0.5601552128791809
    ],
    [
      0.6051463484764099,
      0.5591691732406616
    ],
    [
      0.5968962907791138,
      0.5580366253852844
    ],
    [
      0.5921869874000549,
      0.5575717687606812
    ],
    [
      0.5898414254188538,
      0.557552695274353
    ],
    [
      0.5892917513847351,
      0.5576094388961792
    ],
    [
      0.5898545980453491,
      0.5577130913734436
    ]
  ],
  "target": [
    [
      0.5912768244743347,
      0.5577103495597839
    ],
    [
      0.5931923389434814,
      0.5576465725898743
    ],
    [
      0.595879316329956,
      0.5578271746635437
    ],
    [
      0.5989761352539062,
      0.5581376552581787
    ],
    [
      0.6013681292533875,
      0.5584216117858887
    ],
    [
      0.6034144759178162,
      0.5586925148963928
    ],
    [
      0.6058357954025269,
      0.5586147904396057
    ],
    [
      0.608426570892334,
      0.5583794713020325
    ],
    [
      0.6102590560913086,
      0.5580471158027649
    ],
    [
      0.6117765307426453,
      0.5576744079589844
    ],
    [
      0.6136766076087952,
      0.5575619339942932
    ],
    [
      0.6157222390174866,
      0.5575485229492188
    ],
    [
      0.6170490384101868,
      0.5573680400848389
    ],
    [
      0.6181260943412781,
      0.5571296215057373
    ],
    [
      0.6191402673721313,
      0.5570268034934998
    ]
  ]
}