{
  "input": [
    [
      0.6069090366363525,
      0.5614767670631409
    ],
    [
      0.6051508188247681,
      0.5614299178123474
    ],
    [
      0.6043649911880493,
      0.5612711906433105
    ],
    [
      0.6052273511886597,
      0.5609229207038879
    ],
    [
      0.6055855751037598,
      0.5608344674110413
    ],
    [
      0.6051515340805054,
      0.5611544847488403
    ],
    [
      0.6044858694076538,
      0.5614582300186157
    ],
    [
      0.603482186794281,
      0.5617381930351257
    ],
    [
      0.6028475761413574,
      0.5618500709533691
    ],
    [
      0.6027133464813232,
      0.5617340207099915
    ],
    [
      0.6018309593200684,
      0.5620083808898926
    ],
    [
      0.6000051498413086,
      0.5627749562263489
    ],
    [
      0.5987791419029236,
      0.5632681846618652
    ],
    [
      0.5982570052146912,
      0.5634406805038452
    ],
    [
      0.5980175733566284,
      0.563488245010376
    ]
  ],
  "target": [
    [
      0.5980868935585022,
      0.5633991956710815
    ],
    [
      0.5983267426490784,
      0.5631183385848999
    ],
    [
      0.5987399816513062,
      0.5626422762870789
    ],
    [
      0.5992541313171387,
      0.5623837113380432
    ],
    [
      0.5998637676239014,
      0.5623311400413513
    ],
    [
      0.6003720760345459,
      0.5623165369033813
    ],
    [
      0.6007910370826721,
      0.5623353719711304
    ],
    [
      0.6014506816864014,
      0.5622701644897461
    ],
    [
      0.6023080348968506,
      0.5621358752250671
    ],
    [
      0.6030648946762085,
      0.5620427131652832
    ],
    [
      0.6037448644638062,
      0.5619810223579407
    ],
    [
      0.604629635810852,
      0.5617735981941223
    ],
    [
      0.6056597232818604,
      0.5614626407623291
    ],
    [
      0.6064498424530029,
      0.5612521171569824
    ],
    [
      0.6070816516876221,
      0.5611078143119812
    ]
  ]
}