{
  "input": [
    [
      0.4924023151397705,
      0.5740852952003479
    ],
    [
      0.49234771728515625,
      0.5741438865661621
    ],
    [
      0.49218085408210754,
      0.5741299986839294
    ],
    [
      0.4919797480106354,
      0.5740939974784851
    ],
    [
      0.49181249737739563,
      0.5740359425544739
    ],
    [
      0.49165454506874084,
      0.5739718675613403
    ],
    [
      0.4914308488368988,
      0.5739337801933289
    ],
    [
      0.49119091033935547,
      0.5739021301269531
    ],
    [
      0.49100401997566223,
      0.5738531947135925
    ],
    [
      0.4908287823200226,
      0.5738004446029663
    ],
    [
      0.4905523359775543,
      0.5737127661705017
    ],
    [
      0.49025627970695496,
      0.5736182332038879
    ],
    [
      0.4900534152984619,
      0.5735370516777039
    ],
    [
      0.48986634612083435,
      0.5734581351280212
    ],
    [
      0.48950180411338806,
      0.5733324289321899
    ]
  ],
  "target": [
    [
      0.48911145329475403,
      0.573199987411499
    ],
    [
      0.48864585161209106,
      0.5729573965072632
    ],
    [
      0.4881710112094879,
      0.5727012753486633
    ],
    [
      0.48771753907203674,
      0.5728839635848999
    ],
    [
      0.4872662127017975,
      0.5731106996536255
    ],
    [
      0.48702678084373474,
      0.5730125904083252
    ],
    [
      0.48680412769317627,
      0.5728887319564819
    ],
    [
      0.504926323890686,
      0.5751776695251465
    ],
    [
      0.5241296887397766,
      0.5776088237762451
    ],
    [
      0.5330422520637512,
      0.5786827802658081
    ],
    [
      0.5415500998497009,
      0.5797034502029419
    ],
    [
      0.5427781939506531,
      0.5796880125999451
    ],
    [
      0.5438573956489563,
      0.5796513557434082
    ],
    [
      0.5417993068695068,
      0.5793761014938354
    ],
    [
      0.5397320985794067,
      0.5791001319885254
    ]
  ]
}