{
  "input": [
    [
      0.5926007032394409,
      0.5899093747138977
    ],
    [
      0.5989090800285339,
      0.5887684226036072
    ],
    [
      0.5892511010169983,
      0.5854562520980835
    ],
    [
      0.5548011660575867,
      0.5787728428840637
    ],
    [
      0.5320625901222229,
      0.5743510723114014
    ],
    [
      0.5262090563774109,
      0.5731901526451111
    ],
    [
      0.5227780938148499,
      0.5725329518318176
    ],
    [
      0.5225933194160461,
      0.5725507736206055
    ],
    [
      0.5233898162841797,
      0.5727189183235168
    ],
    [
      0.5254092216491699,
      0.5730742812156677
    ],
    [
      0.5271220803260803,
      0.5735370516777039
    ],
    [
      0.5284793376922607,
      0.5741243958473206
    ],
    [
      0.530855119228363,
      0.5750439763069153
    ],
    [
      0.5343310236930847,
      0.5763224959373474
    ],
    [
      0.5348253846168518,
      0.5766478776931763
    ]
  ],
  "target": [
    [
      0.532321035861969,
      0.5760147571563721
    ],
    [
      0.5313435792922974,
      0.5759525895118713
    ],
    [
      0.5317960977554321,
      0.5764250755310059
    ],
    [
      0.5331118702888489,
      0.5771724581718445
    ],
    [
      0.5351804494857788,
      0.578159511089325
    ],
    [
      0.5375218987464905,
      0.5792601704597473
    ],
    [
      0.5400848388671875,
      0.5804529786109924
    ],
    [
      0.5377928614616394,
      0.5791406631469727
    ],
    [
      0.5318354368209839,
      0.5759367942810059
    ],
    [
      0.5290194749832153,
      0.5743748545646667
    ],
    [
      0.5284082889556885,
      0.5739652514457703
    ],
    [
      0.5275365114212036,
      0.5736451148986816
    ],
    [
      0.5264948606491089,
      0.5733832716941833
    ],
    [
      0.5256481766700745,
      0.5734308362007141
    ],
    [
      0.5249193906784058,
      0.57366544008255
    ]
  ],
  "meta": {
    "video_name": "test2.mp4",
    "video_stem": "test2",
    "video_path": "E:\\desktop\\open\\lstm-akf\\data\\video\\test2.mp4",
    "fps": 40.0,
    "segment_index": 167,
    "sample_index": 52,
    "start_frame_index": 42,
    "history_end_frame_index": 56,
    "target_end_frame_index": 71,
    "history_frame_indices": [
      42,
      43,
      44,
      45,
      46,
      47,
      48,
      49,
      50,
      51,
      52,
      53,
      54,
      55,
      56
    ],
    "target_frame_indices": [
      57,
      58,
      59,
      60,
      61,
      62,
      63,
      64,
      65,
      66,
      67,
      68,
      69,
      70,
      71
    ],
    "history_timestamps": [
      402.54339137937706,
      402.56839137937703,
      402.593391379377,
      402.618391379377,
      402.64339137937696,
      402.66839137937694,
      402.6933913793769,
      402.7183913793769,
      402.7433913793769,
      402.76839137937685,
      402.7933913793768,
      402.8183913793768,
      402.8433913793768,
      402.86839137937676,
      402.89339137937674
    ],
    "target_timestamps": [
      402.9183913793767,
      402.9433913793767,
      402.96839137937667,
      402.99339137937665,
      403.0183913793766,
      403.0433913793766,
      403.0683913793766,
      403.09339137937656,
      403.11839137937653,
      403.1433913793765,
      403.1683913793765,
      403.19339137937646,
      403.21839137937644,
      403.2433913793764,
      403.2683913793764
    ]
  }
}