{
  "input": [
    [
      0.5124157071113586,
      0.5559850931167603
    ],
    [
      0.5125302076339722,
      0.5561983585357666
    ],
    [
      0.5123686790466309,
      0.5563024878501892
    ],
    [
      0.5122340321540833,
      0.5564011335372925
    ],
    [
      0.5121800899505615,
      0.556483268737793
    ],
    [
      0.5121285319328308,
      0.5565846562385559
    ],
    [
      0.5120834708213806,
      0.5567389726638794
    ],
    [
      0.5120676755905151,
      0.5569117665290833
    ],
    [
      0.5121253132820129,
      0.5571308135986328
    ],
    [
      0.5120632648468018,
      0.5573619604110718
    ],
    [
      0.5117254257202148,
      0.5576207041740417
    ],
    [
      0.5114253759384155,
      0.5578227639198303
    ],
    [
      0.5112053155899048,
      0.5579044222831726
    ],
    [
      0.5110692977905273,
      0.5579661130905151
    ],
    [
      0.5110975503921509,
      0.557988703250885
    ]
  ],
  "target": [
    [
      0.5109089612960815,
      0.5580554008483887
    ],
    [
      0.5103282928466797,
      0.5582019686698914
    ],
    [
      0.509524941444397,
      0.5584840774536133
    ],
    [
      0.508348822593689,
      0.5589930415153503
    ],
    [
      0.5073425769805908,
      0.5593135356903076
    ],
    [
      0.5066002607345581,
      0.5593413710594177
    ],
    [
      0.5057859420776367,
      0.5593210458755493
    ],
    [
      0.5048677921295166,
      0.5592313408851624
    ],
    [
      0.5040656924247742,
      0.5592857599258423
    ],
    [
      0.5034191608428955,
      0.5595332980155945
    ],
    [
      0.5028063654899597,
      0.5597100257873535
    ],
    [
      0.5022355914115906,
      0.5597984790802002
    ],
    [
      0.5018190145492554,
      0.5598641037940979
    ],
    [
      0.5015811920166016,
      0.5599032044410706
    ],
    [
      0.5014143586158752,
      0.559937059879303
    ]
  ]
}