{
  "input": [
    [
      0.606563925743103,
      0.5727284550666809
    ],
    [
      0.6056578159332275,
      0.5728896260261536
    ],
    [
      0.5887698531150818,
      0.5702362060546875
    ],
    [
      0.5742462873458862,
      0.5679490566253662
    ],
    [
      0.564346969127655,
      0.5663781762123108
    ],
    [
      0.5565318465232849,
      0.565192699432373
    ],
    [
      0.5524850487709045,
      0.5647039413452148
    ],
    [
      0.5496578216552734,
      0.5643598437309265
    ],
    [
      0.5488724112510681,
      0.5642579197883606
    ],
    [
      0.548354983329773,
      0.5642910599708557
    ],
    [
      0.5482534766197205,
      0.564534068107605
    ],
    [
      0.5558301210403442,
      0.5661996006965637
    ],
    [
      0.5744768977165222,
      0.5699162483215332
    ],
    [
      0.5885962247848511,
      0.5728074908256531
    ],
    [
      0.5966485738754272,
      0.5745927691459656
    ]
  ],
  "target": [
    [
      0.6017841100692749,
      0.5758776068687439
    ],
    [
      0.6032840609550476,
      0.5765386819839478
    ],
    [
      0.60329270362854,
      0.5768423676490784
    ],
    [
      0.6015714406967163,
      0.5767314434051514
    ],
    [
      0.599613606929779,
      0.5765270590782166
    ],
    [
      0.5974002480506897,
      0.576221764087677
    ],
    [
      0.5952542424201965,
      0.5760291218757629
    ],
    [
      0.593176007270813,
      0.5759498476982117
    ],
    [
      0.5915252566337585,
      0.5759787559509277
    ],
    [
      0.5902749300003052,
      0.5761090517044067
    ],
    [
      0.5890180468559265,
      0.5761448740959167
    ],
    [
      0.5877555012702942,
      0.5760983824729919
    ],
    [
      0.5867887735366821,
      0.576103925704956
    ],
    [
      0.5860621929168701,
      0.5761517882347107
    ],
    [
      0.5853341817855835,
      0.5764011740684509
    ]
  ],
  "meta": {
    "video_name": "test2.mp4",
    "video_stem": "test2",
    "video_path": "E:\\desktop\\open\\lstm-akf\\data\\video\\test2.mp4",
    "fps": 40.0,
    "segment_index": 52,
    "sample_index": 45,
    "start_frame_index": 35,
    "history_end_frame_index": 49,
    "target_end_frame_index": 64,
    "history_frame_indices": [
      35,
      36,
      37,
      38,
      39,
      40,
      41,
      42,
      43,
      44,
      45,
      46,
      47,
      48,
      49
    ],
    "target_frame_indices": [
      50,
      51,
      52,
      53,
      54,
      55,
      56,
      57,
      58,
      59,
      60,
      61,
      62,
      63,
      64
    ],
    "history_timestamps": [
      120.89684570733833,
      120.92184570733833,
      120.94684570733834,
      120.97184570733835,
      120.99684570733835,
      121.02184570733836,
      121.04684570733836,
      121.07184570733837,
      121.09684570733837,
      121.12184570733838,
      121.14684570733839,
      121.17184570733839,
      121.1968457073384,
      121.2218457073384,
      121.24684570733841
    ],
    "target_timestamps": [
      121.27184570733841,
      121.29684570733842,
      121.32184570733843,
      121.34684570733843,
      121.37184570733844,
      121.39684570733844,
      121.42184570733845,
      121.44684570733845,
      121.47184570733846,
      121.49684570733847,
      121.52184570733847,
      121.54684570733848,
      121.57184570733848,
      121.59684570733849,
      121.6218457073385
    ]
  }
}