{
  "input": [
    [
      0.643020749092102,
      0.5695457458496094
    ],
    [
      0.642899215221405,
      0.5696337819099426
    ],
    [
      0.6425855159759521,
      0.5697788596153259
    ],
    [
      0.6422181725502014,
      0.5698736310005188
    ],
    [
      0.641762375831604,
      0.5698853731155396
    ],
    [
      0.6412835121154785,
      0.5698713064193726
    ],
    [
      0.6407694220542908,
      0.5698177218437195
    ],
    [
      0.6400653719902039,
      0.569695234298706
    ],
    [
      0.6390913128852844,
      0.5694748759269714
    ],
    [
      0.6380855441093445,
      0.569350004196167
    ],
    [
      0.637037992477417,
      0.5693514347076416
    ],
    [
      0.6358470916748047,
      0.5694288015365601
    ],
    [
      0.6344799995422363,
      0.5695995688438416
    ],
    [
      0.6333407163619995,
      0.5697120428085327
    ],
    [
      0.6324619650840759,
      0.5697579383850098
    ]
  ],
  "target": [
    [
      0.6312127709388733,
      0.5698150396347046
    ],
    [
      0.6295691132545471,
      0.5698839426040649
    ],
    [
      0.6280882358551025,
      0.5698360204696655
    ],
    [
      0.6267688870429993,
      0.5696721076965332
    ],
    [
      0.6251187920570374,
      0.5695767402648926
    ],
    [
      0.6231633424758911,
      0.569544792175293
    ],
    [
      0.6215099692344666,
      0.5695658326148987
    ],
    [
      0.6201163530349731,
      0.5696324706077576
    ],
    [
      0.6179873943328857,
      0.5695046186447144
    ],
    [
      0.6152698993682861,
      0.5692210793495178
    ],
    [
      0.6131969094276428,
      0.5691164135932922
    ],
    [
      0.6116036176681519,
      0.5691447854042053
    ],
    [
      0.6093758344650269,
      0.5692013502120972
    ],
    [
      0.6067091822624207,
      0.5692774653434753
    ],
    [
      0.6047468185424805,
      0.5693170428276062
    ]
  ]
}