{
  "input": [
    [
      0.5536336302757263,
      0.5646108984947205
    ],
    [
      0.5500167012214661,
      0.5644854307174683
    ],
    [
      0.5464431047439575,
      0.5643603205680847
    ],
    [
      0.545258641242981,
      0.5642538070678711
    ],
    [
      0.5440571308135986,
      0.5641505122184753
    ],
    [
      0.5423940420150757,
      0.5641353130340576
    ],
    [
      0.5407758355140686,
      0.5641184449195862
    ],
    [
      0.5399514436721802,
      0.56407231092453
    ],
    [
      0.5391284227371216,
      0.5640288591384888
    ],
    [
      0.538323163986206,
      0.5640214085578918
    ],
    [
      0.5375826358795166,
      0.5640101432800293
    ],
    [
      0.5375048518180847,
      0.5639609694480896
    ],
    [
      0.5374463796615601,
      0.5639298558235168
    ],
    [
      0.5375495553016663,
      0.5640503168106079
    ],
    [
      0.5376761555671692,
      0.5641636252403259
    ]
  ],
  "target": [
    [
      0.5379674434661865,
      0.564227283000946
    ],
    [
      0.5382636189460754,
      0.5642735958099365
    ],
    [
      0.5385892987251282,
      0.5642156600952148
    ],
    [
      0.5389576554298401,
      0.564186155796051
    ],
    [
      0.5395492315292358,
      0.5643061995506287
    ],
    [
      0.5402349233627319,
      0.5644552707672119
    ],
    [
      0.5413550138473511,
      0.5647382140159607
    ],
    [
      0.5424340963363647,
      0.5650033354759216
    ],
    [
      0.543345034122467,
      0.5651947855949402
    ],
    [
      0.5443429350852966,
      0.5653409361839294
    ],
    [
      0.5456611514091492,
      0.5653203129768372
    ],
    [
      0.5468265414237976,
      0.5652787089347839
    ],
    [
      0.5474847555160522,
      0.5651676058769226
    ],
    [
      0.5480785369873047,
      0.565133273601532
    ],
    [
      0.5484782457351685,
      0.5653299689292908
    ]
  ]
}