{
  "input": [
    [
      0.5900078415870667,
      0.5613791942596436
    ],
    [
      0.5899987816810608,
      0.5613983273506165
    ],
    [
      0.5900134444236755,
      0.5613819360733032
    ],
    [
      0.590032160282135,
      0.5613595247268677
    ],
    [
      0.5900387763977051,
      0.5613501071929932
    ],
    [
      0.5900436639785767,
      0.5613425374031067
    ],
    [
      0.5900459885597229,
      0.5613438487052917
    ],
    [
      0.5900479555130005,
      0.5613462924957275
    ],
    [
      0.5900370478630066,
      0.5613640546798706
    ],
    [
      0.5900247693061829,
      0.5613834261894226
    ],
    [
      0.5900265574455261,
      0.5613711476325989
    ],
    [
      0.5900294780731201,
      0.5613563656806946
    ],
    [
      0.5900290608406067,
      0.561344563961029
    ],
    [
      0.5900284647941589,
      0.5613329410552979
    ],
    [
      0.5900287628173828,
      0.561328649520874
    ]
  ],
  "target": [
    [
      0.5900290608406067,
      0.5613245964050293
    ],
    [
      0.5900244116783142,
      0.5613481402397156
    ],
    [
      0.5900196433067322,
      0.5613722205162048
    ],
    [
      0.5900152921676636,
      0.5613738298416138
    ],
    [
      0.590010941028595,
      0.5613750219345093
    ],
    [
      0.5900049805641174,
      0.5613572597503662
    ],
    [
      0.5899991989135742,
      0.5613401532173157
    ],
    [
      0.5900000929832458,
      0.5613421201705933
    ],
    [
      0.5900009274482727,
      0.5613427758216858
    ],
    [
      0.5900013446807861,
      0.5613183379173279
    ],
    [
      0.5900020003318787,
      0.5612983107566833
    ],
    [
      0.5900062322616577,
      0.5613388419151306
    ],
    [
      0.5900106430053711,
      0.5613760352134705
    ],
    [
      0.5900166034698486,
      0.5613781809806824
    ],
    [
      0.5900217294692993,
      0.5613799691200256
    ]
  ]
}