{
  "input": [
    [
      0.7043805122375488,
      0.5864574313163757
    ],
    [
      0.7109507918357849,
      0.5862050652503967
    ],
    [
      0.7179622054100037,
      0.5858871340751648
    ],
    [
      0.7232533097267151,
      0.5858159065246582
    ],
    [
      0.7276073098182678,
      0.5858790278434753
    ],
    [
      0.7332392334938049,
      0.585664689540863
    ],
    [
      0.7395144104957581,
      0.5853106379508972
    ],
    [
      0.7239246368408203,
      0.5876988768577576
    ],
    [
      0.6981858611106873,
      0.5913600325584412
    ],
    [
      0.6842708587646484,
      0.5937471389770508
    ],
    [
      0.6754040718078613,
      0.5955902338027954
    ],
    [
      0.6737490892410278,
      0.5964851379394531
    ],
    [
      0.6749182343482971,
      0.5970086455345154
    ],
    [
      0.6815811991691589,
      0.5970740914344788
    ],
    [
      0.69021075963974,
      0.5969754457473755
    ]
  ],
  "target": [
    [
      0.6982179284095764,
      0.5966391563415527
    ],
    [
      0.706022322177887,
      0.5962253212928772
    ],
    [
      0.714630663394928,
      0.5960966348648071
    ],
    [
      0.7234764099121094,
      0.5960521697998047
    ],
    [
      0.7290226817131042,
      0.5960266590118408
    ],
    [
      0.7336909174919128,
      0.5960061550140381
    ],
    [
      0.7369527816772461,
      0.5955512523651123
    ],
    [
      0.7398795485496521,
      0.5949928760528564
    ],
    [
      0.7411425709724426,
      0.5948053002357483
    ],
    [
      0.7420536279678345,
      0.5946961045265198
    ],
    [
      0.7423572540283203,
      0.5947078466415405
    ],
    [
      0.7425479888916016,
      0.5947420001029968
    ],
    [
      0.7428051829338074,
      0.594704270362854
    ],
    [
      0.7430731058120728,
      0.59465491771698
    ],
    [
      0.7439023852348328,
      0.5944605469703674
    ]
  ]
}