{
  "input": [
    [
      0.5998851656913757,
      0.5583832263946533
    ],
    [
      0.6002134084701538,
      0.5584753751754761
    ],
    [
      0.6005112528800964,
      0.5585591793060303
    ],
    [
      0.6010674238204956,
      0.5586275458335876
    ],
    [
      0.6016460061073303,
      0.5586944818496704
    ],
    [
      0.6021659970283508,
      0.5588317513465881
    ],
    [
      0.6026821732521057,
      0.5589736104011536
    ],
    [
      0.6034312844276428,
      0.5589646100997925
    ],
    [
      0.6041911840438843,
      0.5589486360549927
    ],
    [
      0.6047258973121643,
      0.5587509274482727
    ],
    [
      0.6052544713020325,
      0.5585482716560364
    ],
    [
      0.6063002347946167,
      0.5587488412857056
    ],
    [
      0.6073474287986755,
      0.5589520335197449
    ],
    [
      0.6080667972564697,
      0.5590595006942749
    ],
    [
      0.6087900400161743,
      0.5591661334037781
    ]
  ],
  "target": [
    [
      0.6096516847610474,
      0.5592424869537354
    ],
    [
      0.6105013489723206,
      0.5593171119689941
    ],
    [
      0.6110942363739014,
      0.5593541264533997
    ],
    [
      0.6117010116577148,
      0.5594103932380676
    ],
    [
      0.6125156283378601,
      0.5597546100616455
    ],
    [
      0.6133119463920593,
      0.5600824356079102
    ],
    [
      0.6138992309570312,
      0.5602235198020935
    ],
    [
      0.6145180463790894,
      0.5603501796722412
    ],
    [
      0.6154265999794006,
      0.560344398021698
    ],
    [
      0.6162606477737427,
      0.5603277087211609
    ],
    [
      0.6165278553962708,
      0.5602284073829651
    ],
    [
      0.6167159676551819,
      0.5601301193237305
    ],
    [
      0.6163924932479858,
      0.5600386261940002
    ],
    [
      0.6160609126091003,
      0.5599836707115173
    ],
    [
      0.6156836152076721,
      0.5601332783699036
    ]
  ]
}