{
  "input": [
    [
      0.6113405227661133,
      0.5810838341712952
    ],
    [
      0.5918980240821838,
      0.585656464099884
    ],
    [
      0.5824511647224426,
      0.5882410407066345
    ],
    [
      0.5740856528282166,
      0.5906105637550354
    ],
    [
      0.5585957765579224,
      0.5943865180015564
    ],
    [
      0.5424879789352417,
      0.5982844829559326
    ],
    [
      0.522396445274353,
      0.6030088067054749
    ],
    [
      0.5020415186882019,
      0.6077877879142761
    ],
    [
      0.47762733697891235,
      0.6134089231491089
    ],
    [
      0.4530254006385803,
      0.6190689206123352
    ],
    [
      0.4242885410785675,
      0.6255868077278137
    ],
    [
      0.3954395651817322,
      0.6321278810501099
    ],
    [
      0.5022392868995667,
      0.6115586757659912
    ],
    [
      0.6092472672462463,
      0.5909401178359985
    ],
    [
      0.6123077869415283,
      0.5902603268623352
    ]
  ],
  "target": [
    [
      0.6152655482292175,
      0.5896006226539612
    ],
    [
      0.6145209670066833,
      0.5896627306938171
    ],
    [
      0.6137942671775818,
      0.5897200703620911
    ],
    [
      0.61344975233078,
      0.5896760821342468
    ],
    [
      0.613136351108551,
      0.5896190404891968
    ],
    [
      0.6132898926734924,
      0.5893678665161133
    ],
    [
      0.6133062243461609,
      0.5891278386116028
    ],
    [
      0.6117550730705261,
      0.5890153646469116
    ],
    [
      0.6101018190383911,
      0.5889089703559875
    ],
    [
      0.6075113415718079,
      0.5888583660125732
    ],
    [
      0.6063134670257568,
      0.5887928605079651
    ],
    [
      0.6157231330871582,
      0.5886135697364807
    ],
    [
      0.6240800023078918,
      0.5884329676628113
    ],
    [
      0.6256245374679565,
      0.5882440209388733
    ],
    [
      0.627293050289154,
      0.5880745649337769
    ]
  ],
  "meta": {
    "video_name": "test2.mp4",
    "video_stem": "test2",
    "video_path": "E:\\desktop\\open\\lstm-akf\\data\\video\\test2.mp4",
    "fps": 40.0,
    "segment_index": 101,
    "sample_index": 332,
    "start_frame_index": 322,
    "history_end_frame_index": 336,
    "target_end_frame_index": 351,
    "history_frame_indices": [
      322,
      323,
      324,
      325,
      326,
      327,
      328,
      329,
      330,
      331,
      332,
      333,
      334,
      335,
      336
    ],
    "target_frame_indices": [
      337,
      338,
      339,
      340,
      341,
      342,
      343,
      344,
      345,
      346,
      347,
      348,
      349,
      350,
      351
    ],
    "history_timestamps": [
      227.97442248107805,
      227.99942248107806,
      228.02442248107806,
      228.04942248107807,
      228.07442248107807,
      228.09942248107808,
      228.12442248107808,
      228.1494224810781,
      228.1744224810781,
      228.1994224810781,
      228.2244224810781,
      228.2494224810781,
      228.27442248107812,
      228.29942248107812,
      228.32442248107813
    ],
    "target_timestamps": [
      228.34942248107814,
      228.37442248107814,
      228.39942248107815,
      228.42442248107815,
      228.44942248107816,
      228.47442248107816,
      228.49942248107817,
      228.52442248107818,
      228.54942248107818,
      228.5744224810782,
      228.5994224810782,
      228.6244224810782,
      228.6494224810782,
      228.6744224810782,
      228.69942248107822
    ]
  }
}