{
  "input": [
    [
      0.4819166958332062,
      0.5872431993484497
    ],
    [
      0.4837733209133148,
      0.5870760083198547
    ],
    [
      0.48569455742836,
      0.5870050191879272
    ],
    [
      0.4877123534679413,
      0.5870777368545532
    ],
    [
      0.48892825841903687,
      0.5872674584388733
    ],
    [
      0.4890311062335968,
      0.5876197218894958
    ],
    [
      0.48850640654563904,
      0.5881407856941223
    ],
    [
      0.4871716797351837,
      0.5888797044754028
    ],
    [
      0.4851713478565216,
      0.5894758105278015
    ],
    [
      0.4823717176914215,
      0.5899004340171814
    ],
    [
      0.47983571887016296,
      0.5900261402130127
    ],
    [
      0.47759437561035156,
      0.5898177027702332
    ],
    [
      0.47450006008148193,
      0.5898272395133972
    ],
    [
      0.47051793336868286,
      0.5900636911392212
    ],
    [
      0.4670930802822113,
      0.590065062046051
    ]
  ],
  "target": [
    [
      0.4642083942890167,
      0.5898385643959045
    ],
    [
      0.4603281617164612,
      0.5895128846168518
    ],
    [
      0.45554935932159424,
      0.589097797870636
    ],
    [
      0.45180898904800415,
      0.589333176612854
    ],
    [
      0.4489412009716034,
      0.5901151299476624
    ],
    [
      0.4450263977050781,
      0.5899253487586975
    ],
    [
      0.44029295444488525,
      0.5889758467674255
    ],
    [
      0.44990959763526917,
      0.5858020186424255
    ],
    [
      0.4699600338935852,
      0.5810109376907349
    ],
    [
      0.4822031259536743,
      0.5779575705528259
    ],
    [
      0.4891718626022339,
      0.5760782361030579
    ],
    [
      0.49164262413978577,
      0.5753235220909119
    ],
    [
      0.4912931025028229,
      0.5752739906311035
    ],
    [
      0.48727351427078247,
      0.5754126310348511
    ],
    [
      0.48112085461616516,
      0.5756605863571167
    ]
  ]
}