{
  "input": [
    [
      0.6313380599021912,
      0.5634853839874268
    ],
    [
      0.6312236189842224,
      0.5634328722953796
    ],
    [
      0.6311101913452148,
      0.5633813142776489
    ],
    [
      0.6310294270515442,
      0.5633628964424133
    ],
    [
      0.6309484243392944,
      0.5633386969566345
    ],
    [
      0.6308619379997253,
      0.5631930828094482
    ],
    [
      0.6307657957077026,
      0.5630650520324707
    ],
    [
      0.6305258274078369,
      0.5631973743438721
    ],
    [
      0.6302626729011536,
      0.5632962584495544
    ],
    [
      0.6297357678413391,
      0.5630149841308594
    ],
    [
      0.629213273525238,
      0.5627517700195312
    ],
    [
      0.628731369972229,
      0.5626526474952698
    ],
    [
      0.6282236576080322,
      0.5625745058059692
    ],
    [
      0.6275202035903931,
      0.562655508518219
    ],
    [
      0.6268472671508789,
      0.5627346634864807
    ]
  ],
  "target": [
    [
      0.6263706088066101,
      0.5628018975257874
    ],
    [
      0.6255087852478027,
      0.5628593564033508
    ],
    [
      0.622502863407135,
      0.5628625750541687
    ],
    [
      0.621806800365448,
      0.5625927448272705
    ],
    [
      0.6323803067207336,
      0.5609908699989319
    ],
    [
      0.6416940093040466,
      0.5596197247505188
    ],
    [
      0.6455633640289307,
      0.5592457056045532
    ],
    [
      0.6485913991928101,
      0.5589118599891663
    ],
    [
      0.6483708024024963,
      0.5587331652641296
    ],
    [
      0.6474303007125854,
      0.5586583614349365
    ],
    [
      0.6439889669418335,
      0.5589443445205688
    ],
    [
      0.6406201720237732,
      0.5591856241226196
    ],
    [
      0.6374792456626892,
      0.55928635597229
    ],
    [
      0.6340714693069458,
      0.5593554377555847
    ],
    [
      0.6299004554748535,
      0.5593338012695312
    ]
  ]
}