{
  "input": [
    [
      0.5914638042449951,
      0.55612713098526
    ],
    [
      0.5953260064125061,
      0.5562435984611511
    ],
    [
      0.6054089069366455,
      0.5572701096534729
    ],
    [
      0.6131027340888977,
      0.5580610036849976
    ],
    [
      0.6172271370887756,
      0.5584999918937683
    ],
    [
      0.619255542755127,
      0.5590280890464783
    ],
    [
      0.6183745861053467,
      0.5596798062324524
    ],
    [
      0.6167291402816772,
      0.5599491596221924
    ],
    [
      0.614096999168396,
      0.5597249865531921
    ],
    [
      0.6111689805984497,
      0.5595667958259583
    ],
    [
      0.6078855395317078,
      0.5594877600669861
    ],
    [
      0.6052889227867126,
      0.5593625903129578
    ],
    [
      0.6034601330757141,
      0.5591859817504883
    ],
    [
      0.6027044057846069,
      0.5586152672767639
    ],
    [
      0.6030657291412354,
      0.5576343536376953
    ]
  ],
  "target": [
    [
      0.6066420078277588,
      0.5567333698272705
    ],
    [
      0.6133345365524292,
      0.5559098124504089
    ],
    [
      0.6176339983940125,
      0.5552093386650085
    ],
    [
      0.6197735071182251,
      0.5546199083328247
    ],
    [
      0.6215418577194214,
      0.5543500185012817
    ],
    [
      0.6229984164237976,
      0.5543486475944519
    ],
    [
      0.6241335868835449,
      0.5546963214874268
    ],
    [
      0.625017523765564,
      0.5553169250488281
    ],
    [
      0.6253420114517212,
      0.5557414293289185
    ],
    [
      0.6252596378326416,
      0.5560234785079956
    ],
    [
      0.625059962272644,
      0.5561699867248535
    ],
    [
      0.6247810125350952,
      0.556225061416626
    ],
    [
      0.6246252655982971,
      0.5562069416046143
    ],
    [
      0.6245468258857727,
      0.556143045425415
    ],
    [
      0.6248005032539368,
      0.5560811758041382
    ]
  ]
}