{
  "input": [
    [
      0.4515780210494995,
      0.5715779066085815
    ],
    [
      0.4537908136844635,
      0.5715889930725098
    ],
    [
      0.45699578523635864,
      0.5717688202857971
    ],
    [
      0.4607263207435608,
      0.5720380544662476
    ],
    [
      0.46351295709609985,
      0.5721787810325623
    ],
    [
      0.46583783626556396,
      0.5722566246986389
    ],
    [
      0.46921172738075256,
      0.5722395181655884
    ],
    [
      0.4730583429336548,
      0.5721795558929443
    ],
    [
      0.4758709967136383,
      0.5718244314193726
    ],
    [
      0.4782554805278778,
      0.5713471174240112
    ],
    [
      0.4817311465740204,
      0.5714184641838074
    ],
    [
      0.4856208264827728,
      0.5716979503631592
    ],
    [
      0.4878210127353668,
      0.5717802047729492
    ],
    [
      0.4894360601902008,
      0.5717942118644714
    ],
    [
      0.491647869348526,
      0.571643590927124
    ]
  ],
  "target": [
    [
      0.49404752254486084,
      0.5714411735534668
    ],
    [
      0.49533846974372864,
      0.5715340971946716
    ],
    [
      0.4963136911392212,
      0.5717111825942993
    ],
    [
      0.49669981002807617,
      0.5719849467277527
    ],
    [
      0.4969351291656494,
      0.5722833871841431
    ],
    [
      0.49690595269203186,
      0.5724490880966187
    ],
    [
      0.49681633710861206,
      0.5725844502449036
    ],
    [
      0.49640125036239624,
      0.572230339050293
    ],
    [
      0.495920330286026,
      0.5717772245407104
    ],
    [
      0.4954044222831726,
      0.5713324546813965
    ],
    [
      0.4948822855949402,
      0.5708891153335571
    ],
    [
      0.49423107504844666,
      0.5710434317588806
    ],
    [
      0.49356013536453247,
      0.5712891221046448
    ],
    [
      0.4934062659740448,
      0.5715207457542419
    ],
    [
      0.49331945180892944,
      0.5717505812644958
    ]
  ]
}