{
  "input": [
    [
      0.6013059616088867,
      0.5574890971183777
    ],
    [
      0.6029722094535828,
      0.5576015114784241
    ],
    [
      0.6044331789016724,
      0.5576187372207642
    ],
    [
      0.6055137515068054,
      0.5574594140052795
    ],
    [
      0.6067000031471252,
      0.5573136210441589
    ],
    [
      0.6080675721168518,
      0.5571908950805664
    ],
    [
      0.6092188358306885,
      0.5570179224014282
    ],
    [
      0.610025942325592,
      0.5567650198936462
    ],
    [
      0.6111186742782593,
      0.5565990209579468
    ],
    [
      0.6126330494880676,
      0.556561291217804
    ],
    [
      0.6138188242912292,
      0.5565877556800842
    ],
    [
      0.6145538091659546,
      0.556702196598053
    ],
    [
      0.6103659272193909,
      0.5575437545776367
    ],
    [
      0.5998978614807129,
      0.5593128204345703
    ],
    [
      0.592451810836792,
      0.5607962608337402
    ]
  ],
  "target": [
    [
      0.588593065738678,
      0.561940610408783
    ],
    [
      0.5869928002357483,
      0.5627444982528687
    ],
    [
      0.5878884792327881,
      0.5631722211837769
    ],
    [
      0.5895435810089111,
      0.5634329915046692
    ],
    [
      0.5919800996780396,
      0.5635221004486084
    ],
    [
      0.5951086282730103,
      0.5633073449134827
    ],
    [
      0.598900318145752,
      0.5628014802932739
    ],
    [
      0.6018006205558777,
      0.5625841617584229
    ],
    [
      0.603905439376831,
      0.5626243948936462
    ],
    [
      0.6063547134399414,
      0.5622943639755249
    ],
    [
      0.6090900897979736,
      0.561656653881073
    ],
    [
      0.6101870536804199,
      0.5609374642372131
    ],
    [
      0.6100176572799683,
      0.5601552128791809
    ],
    [
      0.6051463484764099,
      0.5591691732406616
    ],
    [
      0.5968962907791138,
      0.5580366253852844
    ]
  ]
}