{
  "input": [
    [
      0.5317420959472656,
      0.5850938558578491
    ],
    [
      0.5281805396080017,
      0.5848616361618042
    ],
    [
      0.5244844555854797,
      0.5847193002700806
    ],
    [
      0.5197919011116028,
      0.5852421522140503
    ],
    [
      0.5150103569030762,
      0.5857250690460205
    ],
    [
      0.5096668004989624,
      0.5859557390213013
    ],
    [
      0.504683792591095,
      0.5861493349075317
    ],
    [
      0.5016738176345825,
      0.586139976978302
    ],
    [
      0.49862784147262573,
      0.5861798524856567
    ],
    [
      0.49540913105010986,
      0.5864556431770325
    ],
    [
      0.49259287118911743,
      0.586675763130188
    ],
    [
      0.49149078130722046,
      0.5866586565971375
    ],
    [
      0.4905490279197693,
      0.5866678357124329
    ],
    [
      0.49021798372268677,
      0.5867772102355957
    ],
    [
      0.4900313913822174,
      0.5868640542030334
    ]
  ],
  "target": [
    [
      0.4903402626514435,
      0.5868736505508423
    ],
    [
      0.4906845986843109,
      0.5868729948997498
    ],
    [
      0.4911390244960785,
      0.5868403315544128
    ],
    [
      0.4914511442184448,
      0.5868160128593445
    ],
    [
      0.4913611114025116,
      0.5868148803710938
    ],
    [
      0.4910854995250702,
      0.5868033170700073
    ],
    [
      0.4903308153152466,
      0.5867644548416138
    ],
    [
      0.4895443022251129,
      0.5866678953170776
    ],
    [
      0.48868247866630554,
      0.5864346623420715
    ],
    [
      0.49482035636901855,
      0.5848254561424255
    ],
    [
      0.5161952376365662,
      0.5802212357521057
    ],
    [
      0.5342246294021606,
      0.5763970613479614
    ],
    [
      0.5455406308174133,
      0.5741380453109741
    ],
    [
      0.5533779263496399,
      0.5724273324012756
    ],
    [
      0.5547659993171692,
      0.5717331171035767
    ]
  ]
}