{
  "input": [
    [
      0.5279521346092224,
      0.5765745043754578
    ],
    [
      0.5306971073150635,
      0.5767960548400879
    ],
    [
      0.5350944995880127,
      0.5771095752716064
    ],
    [
      0.5383265018463135,
      0.5772712826728821
    ],
    [
      0.5403863787651062,
      0.5772802829742432
    ],
    [
      0.5426537394523621,
      0.5775045156478882
    ],
    [
      0.5451154112815857,
      0.5779303312301636
    ],
    [
      0.546859622001648,
      0.5782695412635803
    ],
    [
      0.5479781031608582,
      0.5785331726074219
    ],
    [
      0.5488131642341614,
      0.5786987543106079
    ],
    [
      0.5494180917739868,
      0.5787846446037292
    ],
    [
      0.5496435761451721,
      0.5788245797157288
    ],
    [
      0.5495826005935669,
      0.578829824924469
    ],
    [
      0.5494407415390015,
      0.5788021087646484
    ],
    [
      0.5492420196533203,
      0.5787512063980103
    ]
  ],
  "target": [
    [
      0.5489670634269714,
      0.5787474513053894
    ],
    [
      0.5486423969268799,
      0.5787743926048279
    ],
    [
      0.5481154918670654,
      0.578719973564148
    ],
    [
      0.5474663972854614,
      0.5786163210868835
    ],
    [
      0.5469754934310913,
      0.5785822868347168
    ],
    [
      0.5465731620788574,
      0.5785872936248779
    ],
    [
      0.5457186698913574,
      0.5786460638046265
    ],
    [
      0.5446301102638245,
      0.5787327289581299
    ],
    [
      0.5438668131828308,
      0.5788249373435974
    ],
    [
      0.5432589650154114,
      0.5789197683334351
    ],
    [
      0.542620062828064,
      0.5789175033569336
    ],
    [
      0.5419674515724182,
      0.5788725018501282
    ],
    [
      0.5415509939193726,
      0.5787672400474548
    ],
    [
      0.5412299633026123,
      0.5786375999450684
    ],
    [
      0.5407697558403015,
      0.5786389708518982
    ]
  ],
  "meta": {
    "video_name": "test2.mp4",
    "video_stem": "test2",
    "video_path": "E:\\desktop\\open\\lstm-akf\\data\\video\\test2.mp4",
    "fps": 40.0,
    "segment_index": 115,
    "sample_index": 63,
    "start_frame_index": 53,
    "history_end_frame_index": 67,
    "target_end_frame_index": 82,
    "history_frame_indices": [
      53,
      54,
      55,
      56,
      57,
      58,
      59,
      60,
      61,
      62,
      63,
      64,
      65,
      66,
      67
    ],
    "target_frame_indices": [
      68,
      69,
      70,
      71,
      72,
      73,
      74,
      75,
      76,
      77,
      78,
      79,
      80,
      81,
      82
    ],
    "history_timestamps": [
      270.75471722163275,
      270.7797172216327,
      270.8047172216327,
      270.8297172216327,
      270.85471722163265,
      270.87971722163263,
      270.9047172216326,
      270.9297172216326,
      270.95471722163256,
      270.97971722163254,
      271.0047172216325,
      271.0297172216325,
      271.0547172216325,
      271.07971722163245,
      271.1047172216324
    ],
    "target_timestamps": [
      271.1297172216324,
      271.1547172216324,
      271.17971722163236,
      271.20471722163234,
      271.2297172216323,
      271.2547172216323,
      271.27971722163227,
      271.30471722163225,
      271.3297172216322,
      271.3547172216322,
      271.3797172216322,
      271.40471722163215,
      271.42971722163213,
      271.4547172216321,
      271.4797172216321
    ]
  }
}