{
  "input": [
    [
      0.621806800365448,
      0.5625927448272705
    ],
    [
      0.6323803067207336,
      0.5609908699989319
    ],
    [
      0.6416940093040466,
      0.5596197247505188
    ],
    [
      0.6455633640289307,
      0.5592457056045532
    ],
    [
      0.6485913991928101,
      0.5589118599891663
    ],
    [
      0.6483708024024963,
      0.5587331652641296
    ],
    [
      0.6474303007125854,
      0.5586583614349365
    ],
    [
      0.6439889669418335,
      0.5589443445205688
    ],
    [
      0.6406201720237732,
      0.5591856241226196
    ],
    [
      0.6374792456626892,
      0.55928635597229
    ],
    [
      0.6340714693069458,
      0.5593554377555847
    ],
    [
      0.6299004554748535,
      0.5593338012695312
    ],
    [
      0.62566739320755,
      0.5592443346977234
    ],
    [
      0.6212723255157471,
      0.5589776635169983
    ],
    [
      0.6173891425132751,
      0.5589185953140259
    ]
  ],
  "target": [
    [
      0.614730954170227,
      0.5593564510345459
    ],
    [
      0.612242579460144,
      0.5596787333488464
    ],
    [
      0.6101278066635132,
      0.5597469210624695
    ],
    [
      0.607355535030365,
      0.5598276257514954
    ],
    [
      0.6032505035400391,
      0.5599336624145508
    ],
    [
      0.5996608138084412,
      0.5599347352981567
    ],
    [
      0.597035825252533,
      0.5597392916679382
    ],
    [
      0.5939382910728455,
      0.5595479011535645
    ],
    [
      0.5900222063064575,
      0.5593635439872742
    ],
    [
      0.5867789387702942,
      0.5592375993728638
    ],
    [
      0.5846160650253296,
      0.5592055916786194
    ],
    [
      0.5821905136108398,
      0.5591570734977722
    ],
    [
      0.5793735384941101,
      0.5590839385986328
    ],
    [
      0.5772250294685364,
      0.5590506196022034
    ],
    [
      0.5760019421577454,
      0.5590722560882568
    ]
  ]
}