{
  "input": [
    [
      0.43940824270248413,
      0.7337153553962708
    ],
    [
      0.46073463559150696,
      0.7336031198501587
    ],
    [
      0.4808584153652191,
      0.7332919239997864
    ],
    [
      0.4961400628089905,
      0.7340865135192871
    ],
    [
      0.5090765953063965,
      0.7342381477355957
    ],
    [
      0.5202838778495789,
      0.7337987422943115
    ],
    [
      0.5303777456283569,
      0.7328200936317444
    ],
    [
      0.5393612384796143,
      0.731503427028656
    ],
    [
      0.5489805340766907,
      0.7296402454376221
    ],
    [
      0.5586096048355103,
      0.727348804473877
    ],
    [
      0.5676224827766418,
      0.724747359752655
    ],
    [
      0.5771486163139343,
      0.7221565246582031
    ],
    [
      0.5369446277618408,
      0.6995309591293335
    ],
    [
      0.4789285957813263,
      0.6720985770225525
    ],
    [
      0.4350186288356781,
      0.6550872325897217
    ]
  ],
  "target": [
    [
      0.422676146030426,
      0.6513599157333374
    ],
    [
      0.422319233417511,
      0.6519801616668701
    ],
    [
      0.4305182695388794,
      0.6556581854820251
    ],
    [
      0.4438436031341553,
      0.6611042618751526
    ],
    [
      0.45666733384132385,
      0.6654494404792786
    ],
    [
      0.46709170937538147,
      0.6682546138763428
    ],
    [
      0.47543320059776306,
      0.6696894764900208
    ],
    [
      0.48200830817222595,
      0.6699238419532776
    ],
    [
      0.4874219596385956,
      0.6694614887237549
    ],
    [
      0.4922426640987396,
      0.6690062880516052
    ],
    [
      0.49698910117149353,
      0.6685659885406494
    ],
    [
      0.5021799802780151,
      0.6681483387947083
    ],
    [
      0.5081380605697632,
      0.6681084632873535
    ],
    [
      0.5140528082847595,
      0.6670740842819214
    ],
    [
      0.5198757648468018,
      0.6655709743499756
    ]
  ]
}