{
  "input": [
    [
      0.5778664350509644,
      0.577408492565155
    ],
    [
      0.5777226090431213,
      0.5774832367897034
    ],
    [
      0.577506959438324,
      0.5775026082992554
    ],
    [
      0.5771188735961914,
      0.5773891806602478
    ],
    [
      0.5765642523765564,
      0.5773311257362366
    ],
    [
      0.5756420493125916,
      0.5773953199386597
    ],
    [
      0.5748803615570068,
      0.5774585604667664
    ],
    [
      0.5744448900222778,
      0.5775197744369507
    ],
    [
      0.574019193649292,
      0.5775818824768066
    ],
    [
      0.5736119151115417,
      0.5776457786560059
    ],
    [
      0.5732291340827942,
      0.5777047276496887
    ],
    [
      0.5728887319564819,
      0.5777552127838135
    ],
    [
      0.5727165341377258,
      0.5778293013572693
    ],
    [
      0.5728150010108948,
      0.5779412984848022
    ],
    [
      0.5730913877487183,
      0.5780340433120728
    ]
  ],
  "target": [
    [
      0.5736335515975952,
      0.5780981779098511
    ],
    [
      0.5742254257202148,
      0.5780806541442871
    ],
    [
      0.5748863220214844,
      0.5779498815536499
    ],
    [
      0.5754571557044983,
      0.5778725147247314
    ],
    [
      0.5759118795394897,
      0.5778639912605286
    ],
    [
      0.5762962698936462,
      0.5778308510780334
    ],
    [
      0.576596200466156,
      0.5777679681777954
    ],
    [
      0.5767381191253662,
      0.5777038335800171
    ],
    [
      0.5767033696174622,
      0.5776382088661194
    ],
    [
      0.5765227675437927,
      0.5776217579841614
    ],
    [
      0.5761904120445251,
      0.5776565670967102
    ],
    [
      0.575893759727478,
      0.5776824951171875
    ],
    [
      0.575631856918335,
      0.5776997208595276
    ],
    [
      0.5753526091575623,
      0.5778543949127197
    ],
    [
      0.5750576257705688,
      0.5781331062316895
    ]
  ]
}