{
  "input": [
    [
      0.5756310820579529,
      0.5610873699188232
    ],
    [
      0.5745555758476257,
      0.5613487958908081
    ],
    [
      0.5739449858665466,
      0.5616660714149475
    ],
    [
      0.5734538435935974,
      0.561997652053833
    ],
    [
      0.571841299533844,
      0.5622572898864746
    ],
    [
      0.5699714422225952,
      0.5625004768371582
    ],
    [
      0.5686068534851074,
      0.5626371502876282
    ],
    [
      0.5673449635505676,
      0.5627523064613342
    ],
    [
      0.5652274489402771,
      0.5623323321342468
    ],
    [
      0.5629577040672302,
      0.5618172287940979
    ],
    [
      0.5611929297447205,
      0.5613994002342224
    ],
    [
      0.5595057606697083,
      0.5609965324401855
    ],
    [
      0.5570829510688782,
      0.5608915090560913
    ],
    [
      0.5545640587806702,
      0.5608252882957458
    ],
    [
      0.5530093908309937,
      0.5604274272918701
    ]
  ],
  "target": [
    [
      0.5515589714050293,
      0.5599936842918396
    ],
    [
      0.5491859912872314,
      0.5594912171363831
    ],
    [
      0.5467329621315002,
      0.5589827299118042
    ],
    [
      0.5450010895729065,
      0.5588505864143372
    ],
    [
      0.5433169007301331,
      0.5587433576583862
    ],
    [
      0.5399274826049805,
      0.5582154989242554
    ],
    [
      0.53645920753479,
      0.5576682090759277
    ],
    [
      0.5345826148986816,
      0.5573722720146179
    ],
    [
      0.5327492356300354,
      0.5570831298828125
    ],
    [
      0.5304056406021118,
      0.5567296743392944
    ],
    [
      0.5280576944351196,
      0.5563757419586182
    ],
    [
      0.5257139801979065,
      0.5560271143913269
    ],
    [
      0.5233703851699829,
      0.55567866563797
    ],
    [
      0.5210309028625488,
      0.5553354024887085
    ],
    [
      0.5186915993690491,
      0.5549923777580261
    ]
  ]
}