{
  "input": [
    [
      0.5014894604682922,
      0.5920862555503845
    ],
    [
      0.5012215971946716,
      0.5933622717857361
    ],
    [
      0.4985198378562927,
      0.5939433574676514
    ],
    [
      0.4918031394481659,
      0.5933781266212463
    ],
    [
      0.4853585958480835,
      0.5927558541297913
    ],
    [
      0.47933053970336914,
      0.5920464396476746
    ],
    [
      0.47244566679000854,
      0.5913315415382385
    ],
    [
      0.46434319019317627,
      0.5906088948249817
    ],
    [
      0.4575374126434326,
      0.5901117324829102
    ],
    [
      0.4524446725845337,
      0.589912474155426
    ],
    [
      0.44699493050575256,
      0.589697539806366
    ],
    [
      0.4411064386367798,
      0.5894632339477539
    ],
    [
      0.43619096279144287,
      0.5895313024520874
    ],
    [
      0.4323884844779968,
      0.5899451971054077
    ],
    [
      0.4283401668071747,
      0.5898662209510803
    ]
  ],
  "target": [
    [
      0.4240299463272095,
      0.5892622470855713
    ],
    [
      0.43300214409828186,
      0.5865355730056763
    ],
    [
      0.45514777302742004,
      0.5817035436630249
    ],
    [
      0.47124093770980835,
      0.5783294439315796
    ],
    [
      0.4817441403865814,
      0.5763018727302551
    ],
    [
      0.48757442831993103,
      0.5750191807746887
    ],
    [
      0.4893866181373596,
      0.5743770599365234
    ],
    [
      0.4882540702819824,
      0.5743110775947571
    ],
    [
      0.4847649931907654,
      0.5747061967849731
    ],
    [
      0.4812542498111725,
      0.5752469301223755
    ],
    [
      0.47772741317749023,
      0.5758960843086243
    ],
    [
      0.47519615292549133,
      0.5764052271842957
    ],
    [
      0.4733535945415497,
      0.576817512512207
    ],
    [
      0.4724287688732147,
      0.5769309997558594
    ],
    [
      0.472093403339386,
      0.5768526196479797
    ]
  ]
}