{
  "input": [
    [
      0.4953116774559021,
      0.6441745162010193
    ],
    [
      0.5001223087310791,
      0.643625020980835
    ],
    [
      0.5050167441368103,
      0.6430190801620483
    ],
    [
      0.5099228620529175,
      0.6416929960250854
    ],
    [
      0.5141529440879822,
      0.6404550671577454
    ],
    [
      0.5178505778312683,
      0.64006507396698
    ],
    [
      0.4963686466217041,
      0.6459550261497498
    ],
    [
      0.4250600039958954,
      0.6635569930076599
    ],
    [
      0.37956494092941284,
      0.6769034266471863
    ],
    [
      0.35582828521728516,
      0.6849769353866577
    ],
    [
      0.348702609539032,
      0.6885611414909363
    ],
    [
      0.35304054617881775,
      0.6884394884109497
    ],
    [
      0.362975150346756,
      0.6858649849891663
    ],
    [
      0.37103691697120667,
      0.6834935545921326
    ],
    [
      0.37679266929626465,
      0.6814575791358948
    ]
  ],
  "target": [
    [
      0.3798092305660248,
      0.6798897385597229
    ],
    [
      0.37998247146606445,
      0.6793214082717896
    ],
    [
      0.3792058527469635,
      0.6791613101959229
    ],
    [
      0.3778859078884125,
      0.6792941689491272
    ],
    [
      0.3764292001724243,
      0.6796044707298279
    ],
    [
      0.3754163384437561,
      0.6798323392868042
    ],
    [
      0.3747706413269043,
      0.6799704432487488
    ],
    [
      0.37444156408309937,
      0.6800280809402466
    ],
    [
      0.3743785321712494,
      0.6800147294998169
    ],
    [
      0.3744281530380249,
      0.6799945831298828
    ],
    [
      0.3745092451572418,
      0.6799609065055847
    ],
    [
      0.374595046043396,
      0.6799219250679016
    ],
    [
      0.37465885281562805,
      0.6798860430717468
    ],
    [
      0.37473979592323303,
      0.6798276305198669
    ],
    [
      0.37477102875709534,
      0.6797886490821838
    ]
  ]
}