{
  "input": [
    [
      0.540930986404419,
      0.5767794251441956
    ],
    [
      0.5408216118812561,
      0.5767967104911804
    ],
    [
      0.5406549572944641,
      0.5768425464630127
    ],
    [
      0.5404272079467773,
      0.5769151449203491
    ],
    [
      0.5401808023452759,
      0.5769959688186646
    ],
    [
      0.5400194525718689,
      0.5770533680915833
    ],
    [
      0.5398816466331482,
      0.5771042108535767
    ],
    [
      0.5564987659454346,
      0.5746437907218933
    ],
    [
      0.5772714018821716,
      0.5715605616569519
    ],
    [
      0.5882851481437683,
      0.5700716376304626
    ],
    [
      0.597143292427063,
      0.5689348578453064
    ],
    [
      0.5998830199241638,
      0.5685746073722839
    ],
    [
      0.6014302372932434,
      0.568365752696991
    ],
    [
      0.5836762189865112,
      0.5709409713745117
    ],
    [
      0.5626406669616699,
      0.5739895701408386
    ]
  ],
  "target": [
    [
      0.5501220226287842,
      0.575756311416626
    ],
    [
      0.5388481020927429,
      0.5773357152938843
    ],
    [
      0.5346838235855103,
      0.5778535008430481
    ],
    [
      0.5313956141471863,
      0.5782405138015747
    ],
    [
      0.5318289399147034,
      0.5781652331352234
    ],
    [
      0.5326388478279114,
      0.5780431032180786
    ],
    [
      0.5345873236656189,
      0.5778009295463562
    ],
    [
      0.5366268754005432,
      0.5775490999221802
    ],
    [
      0.5383528470993042,
      0.5772964358329773
    ],
    [
      0.5400601625442505,
      0.5770437121391296
    ],
    [
      0.5409350395202637,
      0.5768271684646606
    ],
    [
      0.5417765974998474,
      0.5766120553016663
    ],
    [
      0.542678952217102,
      0.5766156315803528
    ],
    [
      0.543582558631897,
      0.5766238570213318
    ],
    [
      0.5442484021186829,
      0.5767762064933777
    ]
  ],
  "meta": {
    "video_name": "test2.mp4",
    "video_stem": "test2",
    "video_path": "E:\\desktop\\open\\lstm-akf\\data\\video\\test2.mp4",
    "fps": 40.0,
    "segment_index": 34,
    "sample_index": 93,
    "start_frame_index": 83,
    "history_end_frame_index": 97,
    "target_end_frame_index": 112,
    "history_frame_indices": [
      83,
      84,
      85,
      86,
      87,
      88,
      89,
      90,
      91,
      92,
      93,
      94,
      95,
      96,
      97
    ],
    "target_frame_indices": [
      98,
      99,
      100,
      101,
      102,
      103,
      104,
      105,
      106,
      107,
      108,
      109,
      110,
      111,
      112
    ],
    "history_timestamps": [
      79.33101051104099,
      79.35601051104099,
      79.381010511041,
      79.406010511041,
      79.43101051104101,
      79.45601051104101,
      79.48101051104102,
      79.50601051104103,
      79.53101051104103,
      79.55601051104104,
      79.58101051104104,
      79.60601051104105,
      79.63101051104105,
      79.65601051104106,
      79.68101051104107
    ],
    "target_timestamps": [
      79.70601051104107,
      79.73101051104108,
      79.75601051104108,
      79.78101051104109,
      79.8060105110411,
      79.8310105110411,
      79.8560105110411,
      79.88101051104111,
      79.90601051104112,
      79.93101051104112,
      79.95601051104113,
      79.98101051104113,
      80.00601051104114,
      80.03101051104115,
      80.05601051104115
    ]
  }
}