{
  "input": [
    [
      0.5105710625648499,
      0.5651826858520508
    ],
    [
      0.5114078521728516,
      0.5653344392776489
    ],
    [
      0.5150832533836365,
      0.5656673312187195
    ],
    [
      0.5186243057250977,
      0.5659819841384888
    ],
    [
      0.5204131603240967,
      0.5660588145256042
    ],
    [
      0.5223008394241333,
      0.5661028027534485
    ],
    [
      0.5251988768577576,
      0.5658109784126282
    ],
    [
      0.5280144810676575,
      0.5655609965324402
    ],
    [
      0.5301405787467957,
      0.5656607747077942
    ],
    [
      0.5323367714881897,
      0.5657457709312439
    ],
    [
      0.535024881362915,
      0.5657268166542053
    ],
    [
      0.5352681279182434,
      0.5651594996452332
    ],
    [
      0.5207932591438293,
      0.5612908601760864
    ],
    [
      0.508719265460968,
      0.5579389333724976
    ],
    [
      0.509226381778717,
      0.5572949051856995
    ]
  ],
  "target": [
    [
      0.5101672410964966,
      0.5568683743476868
    ],
    [
      0.5131105184555054,
      0.557445764541626
    ],
    [
      0.5165477395057678,
      0.5579201579093933
    ],
    [
      0.5220128297805786,
      0.5579718351364136
    ],
    [
      0.5271217823028564,
      0.5580506324768066
    ],
    [
      0.5309200882911682,
      0.5582295060157776
    ],
    [
      0.5350353121757507,
      0.558493435382843
    ],
    [
      0.5402025580406189,
      0.5590395927429199
    ],
    [
      0.5457689762115479,
      0.5596563220024109
    ],
    [
      0.5525373816490173,
      0.5604854226112366
    ],
    [
      0.5535009503364563,
      0.5614784955978394
    ],
    [
      0.5385355353355408,
      0.5629215836524963
    ],
    [
      0.5281582474708557,
      0.5642200112342834
    ],
    [
      0.5292973518371582,
      0.5651552081108093
    ],
    [
      0.5312768816947937,
      0.5659355521202087
    ]
  ]
}