{
  "input": [
    [
      0.5183777213096619,
      0.5802982449531555
    ],
    [
      0.5200804471969604,
      0.5804811716079712
    ],
    [
      0.522122323513031,
      0.5806551575660706
    ],
    [
      0.5239700078964233,
      0.5806092619895935
    ],
    [
      0.525739312171936,
      0.5804744958877563
    ],
    [
      0.5281568765640259,
      0.5805118083953857
    ],
    [
      0.5308141708374023,
      0.5806127190589905
    ],
    [
      0.5330743193626404,
      0.5804368257522583
    ],
    [
      0.5352005958557129,
      0.5801676511764526
    ],
    [
      0.5545938014984131,
      0.5773921608924866
    ],
    [
      0.5792718529701233,
      0.573849618434906
    ],
    [
      0.6021603345870972,
      0.5705404281616211
    ],
    [
      0.6245542764663696,
      0.5672957301139832
    ],
    [
      0.6253306865692139,
      0.5676320791244507
    ],
    [
      0.6207455396652222,
      0.5688565373420715
    ]
  ],
  "target": [
    [
      0.6307411789894104,
      0.5677070021629333
    ],
    [
      0.6439574360847473,
      0.5660330653190613
    ],
    [
      0.6404076218605042,
      0.566815197467804
    ],
    [
      0.6335899233818054,
      0.5680760741233826
    ],
    [
      0.6153098344802856,
      0.5714067220687866
    ],
    [
      0.5950809121131897,
      0.5750892758369446
    ],
    [
      0.6047128438949585,
      0.5740576386451721
    ],
    [
      0.618708610534668,
      0.5723369717597961
    ],
    [
      0.6292358040809631,
      0.570922315120697
    ],
    [
      0.639335572719574,
      0.569545328617096
    ],
    [
      0.6474912762641907,
      0.5685737729072571
    ],
    [
      0.655450165271759,
      0.5676432251930237
    ],
    [
      0.6651132106781006,
      0.5664263963699341
    ],
    [
      0.6749126315116882,
      0.565186619758606
    ],
    [
      0.6864489912986755,
      0.5636549592018127
    ]
  ],
  "meta": {
    "video_name": "test2.mp4",
    "video_stem": "test2",
    "video_path": "E:\\desktop\\open\\lstm-akf\\data\\video\\test2.mp4",
    "fps": 40.0,
    "segment_index": 54,
    "sample_index": 87,
    "start_frame_index": 77,
    "history_end_frame_index": 91,
    "target_end_frame_index": 106,
    "history_frame_indices": [
      77,
      78,
      79,
      80,
      81,
      82,
      83,
      84,
      85,
      86,
      87,
      88,
      89,
      90,
      91
    ],
    "target_frame_indices": [
      92,
      93,
      94,
      95,
      96,
      97,
      98,
      99,
      100,
      101,
      102,
      103,
      104,
      105,
      106
    ],
    "history_timestamps": [
      143.94919892536421,
      143.97419892536422,
      143.99919892536423,
      144.02419892536423,
      144.04919892536424,
      144.07419892536424,
      144.09919892536425,
      144.12419892536425,
      144.14919892536426,
      144.17419892536427,
      144.19919892536427,
      144.22419892536428,
      144.24919892536428,
      144.2741989253643,
      144.2991989253643
    ],
    "target_timestamps": [
      144.3241989253643,
      144.3491989253643,
      144.3741989253643,
      144.39919892536432,
      144.42419892536432,
      144.44919892536433,
      144.47419892536433,
      144.49919892536434,
      144.52419892536435,
      144.54919892536435,
      144.57419892536436,
      144.59919892536436,
      144.62419892536437,
      144.64919892536437,
      144.67419892536438
    ]
  }
}