{
  "input": [
    [
      0.5100315809249878,
      0.5611442923545837
    ],
    [
      0.5088323950767517,
      0.5609567165374756
    ],
    [
      0.5073917508125305,
      0.5607054233551025
    ],
    [
      0.5062322616577148,
      0.5607650279998779
    ],
    [
      0.5051875710487366,
      0.5609515905380249
    ],
    [
      0.5037981867790222,
      0.5611358880996704
    ],
    [
      0.5022799372673035,
      0.5613192915916443
    ],
    [
      0.5008661150932312,
      0.5615820288658142
    ],
    [
      0.49948787689208984,
      0.5618717670440674
    ],
    [
      0.497819185256958,
      0.5620372891426086
    ],
    [
      0.49606049060821533,
      0.5621642470359802
    ],
    [
      0.4946771264076233,
      0.5623562335968018
    ],
    [
      0.49339884519577026,
      0.5625663995742798
    ],
    [
      0.49158328771591187,
      0.5626938939094543
    ],
    [
      0.48963257670402527,
      0.5628006458282471
    ]
  ],
  "target": [
    [
      0.4873424470424652,
      0.5625108480453491
    ],
    [
      0.4849761724472046,
      0.5621320605278015
    ],
    [
      0.4826619625091553,
      0.5620529651641846
    ],
    [
      0.4803580343723297,
      0.5620331764221191
    ],
    [
      0.4789724051952362,
      0.5619587898254395
    ],
    [
      0.4777457118034363,
      0.5618749856948853
    ],
    [
      0.4767814874649048,
      0.5619475245475769
    ],
    [
      0.4758564233779907,
      0.5620433688163757
    ],
    [
      0.47499117255210876,
      0.5620765686035156
    ],
    [
      0.4741334617137909,
      0.5621019005775452
    ],
    [
      0.47220298647880554,
      0.5623094439506531
    ],
    [
      0.4701610207557678,
      0.5625359416007996
    ],
    [
      0.46889638900756836,
      0.5625537037849426
    ],
    [
      0.4676959812641144,
      0.5625541806221008
    ],
    [
      0.46632081270217896,
      0.5624830722808838
    ]
  ]
}