{
  "input": [
    [
      0.508825957775116,
      0.5698928833007812
    ],
    [
      0.48815593123435974,
      0.5651470422744751
    ],
    [
      0.4640381932258606,
      0.5597721934318542
    ],
    [
      0.43669140338897705,
      0.553808331489563
    ],
    [
      0.4057779908180237,
      0.5471937656402588
    ],
    [
      0.37175440788269043,
      0.5400118231773376
    ],
    [
      0.33404532074928284,
      0.5321575403213501
    ],
    [
      0.29334497451782227,
      0.5237575769424438
    ],
    [
      0.3435973823070526,
      0.5348634123802185
    ],
    [
      0.46252140402793884,
      0.5606966614723206
    ],
    [
      0.5156728625297546,
      0.5726293921470642
    ],
    [
      0.5226624608039856,
      0.574806272983551
    ],
    [
      0.5315588712692261,
      0.5775139331817627
    ],
    [
      0.541698157787323,
      0.580567479133606
    ],
    [
      0.5366451740264893,
      0.5786153078079224
    ]
  ],
  "target": [
    [
      0.5224071145057678,
      0.5736366510391235
    ],
    [
      0.5174492001533508,
      0.5716865658760071
    ],
    [
      0.5176883339881897,
      0.5714324712753296
    ],
    [
      0.5175817608833313,
      0.5710572004318237
    ],
    [
      0.5172961950302124,
      0.5706191062927246
    ],
    [
      0.5014594793319702,
      0.5737037658691406
    ],
    [
      0.4781906008720398,
      0.5784719586372375
    ],
    [
      0.45677587389945984,
      0.5826197862625122
    ],
    [
      0.43617698550224304,
      0.5864946246147156
    ],
    [
      0.41145938634872437,
      0.5911405682563782
    ],
    [
      0.3850777745246887,
      0.5960979461669922
    ],
    [
      0.3544745147228241,
      0.6018456220626831
    ],
    [
      0.3223101794719696,
      0.6078855395317078
    ],
    [
      0.28582122921943665,
      0.6147350072860718
    ],
    [
      0.2478741705417633,
      0.6218574643135071
    ]
  ],
  "meta": {
    "video_name": "test2.mp4",
    "video_stem": "test2",
    "video_path": "E:\\desktop\\open\\lstm-akf\\data\\video\\test2.mp4",
    "fps": 40.0,
    "segment_index": 171,
    "sample_index": 66,
    "start_frame_index": 56,
    "history_end_frame_index": 70,
    "target_end_frame_index": 85,
    "history_frame_indices": [
      56,
      57,
      58,
      59,
      60,
      61,
      62,
      63,
      64,
      65,
      66,
      67,
      68,
      69,
      70
    ],
    "target_frame_indices": [
      71,
      72,
      73,
      74,
      75,
      76,
      77,
      78,
      79,
      80,
      81,
      82,
      83,
      84,
      85
    ],
    "history_timestamps": [
      415.52987802486444,
      415.5548780248644,
      415.5798780248644,
      415.6048780248644,
      415.62987802486435,
      415.65487802486433,
      415.6798780248643,
      415.7048780248643,
      415.72987802486426,
      415.75487802486424,
      415.7798780248642,
      415.8048780248642,
      415.8298780248642,
      415.85487802486415,
      415.8798780248641
    ],
    "target_timestamps": [
      415.9048780248641,
      415.9298780248641,
      415.95487802486406,
      415.97987802486404,
      416.004878024864,
      416.029878024864,
      416.05487802486397,
      416.07987802486394,
      416.1048780248639,
      416.1298780248639,
      416.1548780248639,
      416.17987802486385,
      416.20487802486383,
      416.2298780248638,
      416.2548780248638
    ]
  }
}