{
  "input": [
    [
      0.6077572107315063,
      0.5584481954574585
    ],
    [
      0.6077572107315063,
      0.5584481954574585
    ],
    [
      0.6077572107315063,
      0.5584481954574585
    ],
    [
      0.6077572107315063,
      0.5584481954574585
    ],
    [
      0.6077572107315063,
      0.5584481954574585
    ],
    [
      0.6077572107315063,
      0.5584481954574585
    ],
    [
      0.6077572107315063,
      0.5584481954574585
    ],
    [
      0.6077572107315063,
      0.5584481954574585
    ],
    [
      0.6071761846542358,
      0.558687686920166
    ],
    [
      0.5990184545516968,
      0.5620501041412354
    ],
    [
      0.5917162895202637,
      0.5651369094848633
    ]
  ],
  "target": [
    [
      0.5931679606437683,
      0.5654032826423645
    ],
    [
      0.594718873500824,
      0.5656576752662659
    ],
    [
      0.5970993041992188,
      0.5658119916915894
    ],
    [
      0.599554181098938,
      0.56592857837677
    ],
    [
      0.6025316715240479,
      0.5657798647880554
    ],
    [
      0.6056494116783142,
      0.5656192302703857
    ],
    [
      0.6096115708351135,
      0.5653865337371826
    ],
    [
      0.6137098670005798,
      0.5651281476020813
    ],
    [
      0.6185216307640076,
      0.5647351145744324
    ],
    [
      0.6234846711158752,
      0.564313530921936
    ],
    [
      0.6291460394859314,
      0.5637602210044861
    ],
    [
      0.6349737644195557,
      0.5631754398345947
    ],
    [
      0.6414847373962402,
      0.562461793422699
    ],
    [
      0.6481772661209106,
      0.5617138743400574
    ],
    [
      0.6555378437042236,
      0.5608398914337158
    ]
  ],
  "meta": {
    "video_name": "test2.mp4",
    "video_stem": "test2",
    "video_path": "E:\\desktop\\open\\lstm-akf\\data\\video\\test2.mp4",
    "fps": 40.0,
    "segment_index": 86,
    "sample_index": 6,
    "start_frame_index": 0,
    "history_end_frame_index": 10,
    "target_end_frame_index": 25,
    "history_frame_indices": [
      0,
      1,
      2,
      3,
      4,
      5,
      6,
      7,
      8,
      9,
      10
    ],
    "target_frame_indices": [
      11,
      12,
      13,
      14,
      15,
      16,
      17,
      18,
      19,
      20,
      21,
      22,
      23,
      24,
      25
    ],
    "history_timestamps": [
      193.80901674706828,
      193.8340167470683,
      193.8590167470683,
      193.8840167470683,
      193.9090167470683,
      193.9340167470683,
      193.95901674706832,
      193.98401674706832,
      194.00901674706833,
      194.03401674706834,
      194.05901674706834
    ],
    "target_timestamps": [
      194.08401674706835,
      194.10901674706835,
      194.13401674706836,
      194.15901674706836,
      194.18401674706837,
      194.20901674706838,
      194.23401674706838,
      194.2590167470684,
      194.2840167470684,
      194.3090167470684,
      194.3340167470684,
      194.3590167470684,
      194.38401674706842,
      194.40901674706842,
      194.43401674706843
    ]
  }
}