{
  "input": [
    [
      0.4580649733543396,
      0.6155420541763306
    ],
    [
      0.4586394131183624,
      0.6158113479614258
    ],
    [
      0.45914143323898315,
      0.6160920262336731
    ],
    [
      0.4596286416053772,
      0.6163588762283325
    ],
    [
      0.45996373891830444,
      0.6164844036102295
    ],
    [
      0.4602798521518707,
      0.6165973544120789
    ],
    [
      0.46043694019317627,
      0.6166049838066101
    ],
    [
      0.460571825504303,
      0.6165979504585266
    ],
    [
      0.46055087447166443,
      0.6164876818656921
    ],
    [
      0.46050459146499634,
      0.616360604763031
    ],
    [
      0.4603056013584137,
      0.6161324381828308
    ],
    [
      0.4608316421508789,
      0.6165035367012024
    ],
    [
      0.4651566743850708,
      0.6200152635574341
    ],
    [
      0.46884885430336,
      0.6229714155197144
    ],
    [
      0.46961963176727295,
      0.6233628392219543
    ]
  ],
  "target": [
    [
      0.47048747539520264,
      0.6238778233528137
    ],
    [
      0.4717537462711334,
      0.6249000430107117
    ],
    [
      0.4729173183441162,
      0.6258242130279541
    ],
    [
      0.47370290756225586,
      0.6263875365257263
    ],
    [
      0.474582701921463,
      0.6270280480384827
    ],
    [
      0.4757751524448395,
      0.6279246807098389
    ],
    [
      0.4768916368484497,
      0.6287580132484436
    ],
    [
      0.47777923941612244,
      0.6294006109237671
    ],
    [
      0.4786878228187561,
      0.6300634145736694
    ],
    [
      0.4796539545059204,
      0.6307817697525024
    ],
    [
      0.48061585426330566,
      0.6314977407455444
    ],
    [
      0.4815671145915985,
      0.6322076320648193
    ],
    [
      0.4825138747692108,
      0.6329150199890137
    ],
    [
      0.4834502339363098,
      0.6336164474487305
    ],
    [
      0.484699010848999,
      0.6344531178474426
    ]
  ],
  "meta": {
    "video_name": "test2.mp4",
    "video_stem": "test2",
    "video_path": "E:\\desktop\\open\\lstm-akf\\data\\video\\test2.mp4",
    "fps": 40.0,
    "segment_index": 116,
    "sample_index": 17,
    "start_frame_index": 7,
    "history_end_frame_index": 21,
    "target_end_frame_index": 36,
    "history_frame_indices": [
      7,
      8,
      9,
      10,
      11,
      12,
      13,
      14,
      15,
      16,
      17,
      18,
      19,
      20,
      21
    ],
    "target_frame_indices": [
      22,
      23,
      24,
      25,
      26,
      27,
      28,
      29,
      30,
      31,
      32,
      33,
      34,
      35,
      36
    ],
    "history_timestamps": [
      273.0735566929441,
      273.0985566929441,
      273.1235566929441,
      273.14855669294406,
      273.17355669294403,
      273.198556692944,
      273.223556692944,
      273.24855669294396,
      273.27355669294394,
      273.2985566929439,
      273.3235566929439,
      273.3485566929439,
      273.37355669294385,
      273.3985566929438,
      273.4235566929438
    ],
    "target_timestamps": [
      273.4485566929438,
      273.47355669294376,
      273.49855669294374,
      273.5235566929437,
      273.5485566929437,
      273.57355669294367,
      273.59855669294365,
      273.6235566929436,
      273.6485566929436,
      273.6735566929436,
      273.69855669294355,
      273.72355669294353,
      273.7485566929435,
      273.7735566929435,
      273.79855669294346
    ]
  }
}