{
  "input": [
    [
      0.6316367387771606,
      0.6150200366973877
    ],
    [
      0.6274281144142151,
      0.6150705814361572
    ],
    [
      0.6238440871238708,
      0.615132212638855
    ],
    [
      0.6185598969459534,
      0.6151183247566223
    ],
    [
      0.6119920015335083,
      0.6150473356246948
    ],
    [
      0.6066966652870178,
      0.6149392127990723
    ],
    [
      0.6022945046424866,
      0.6148049831390381
    ],
    [
      0.5964714288711548,
      0.614562451839447
    ],
    [
      0.589722216129303,
      0.6142494082450867
    ],
    [
      0.5843861699104309,
      0.6141237020492554
    ],
    [
      0.5799043774604797,
      0.6141112446784973
    ],
    [
      0.5739535093307495,
      0.6138797402381897
    ],
    [
      0.5671799778938293,
      0.6135255098342896
    ],
    [
      0.5620729327201843,
      0.6132107377052307
    ],
    [
      0.557828962802887,
      0.6129163503646851
    ]
  ],
  "target": [
    [
      0.5531836748123169,
      0.6125754117965698
    ],
    [
      0.5483465194702148,
      0.6122122406959534
    ],
    [
      0.5436843633651733,
      0.6118142604827881
    ],
    [
      0.5390992164611816,
      0.6114010214805603
    ],
    [
      0.5350112915039062,
      0.6106058359146118
    ],
    [
      0.5311241745948792,
      0.6096562743186951
    ],
    [
      0.5274078845977783,
      0.6098400354385376
    ],
    [
      0.5237547755241394,
      0.6104428172111511
    ],
    [
      0.518125593662262,
      0.6102129817008972
    ],
    [
      0.5118301510810852,
      0.6097023487091064
    ],
    [
      0.5076636075973511,
      0.6096261739730835
    ],
    [
      0.5041486024856567,
      0.6096829771995544
    ],
    [
      0.5007941126823425,
      0.6097270846366882
    ],
    [
      0.49748390913009644,
      0.6097676753997803
    ],
    [
      0.4962318539619446,
      0.6095876097679138
    ]
  ],
  "meta": {
    "video_name": "test2.mp4",
    "video_stem": "test2",
    "video_path": "E:\\desktop\\open\\lstm-akf\\data\\video\\test2.mp4",
    "fps": 40.0,
    "segment_index": 108,
    "sample_index": 71,
    "start_frame_index": 61,
    "history_end_frame_index": 75,
    "target_end_frame_index": 90,
    "history_frame_indices": [
      61,
      62,
      63,
      64,
      65,
      66,
      67,
      68,
      69,
      70,
      71,
      72,
      73,
      74,
      75
    ],
    "target_frame_indices": [
      76,
      77,
      78,
      79,
      80,
      81,
      82,
      83,
      84,
      85,
      86,
      87,
      88,
      89,
      90
    ],
    "history_timestamps": [
      246.47462152410125,
      246.49962152410126,
      246.52462152410126,
      246.54962152410127,
      246.57462152410127,
      246.59962152410128,
      246.6246215241013,
      246.6496215241013,
      246.6746215241013,
      246.6996215241013,
      246.7246215241013,
      246.74962152410131,
      246.77462152410132,
      246.79962152410133,
      246.82462152410133
    ],
    "target_timestamps": [
      246.84962152410134,
      246.87462152410134,
      246.89962152410135,
      246.92462152410135,
      246.94962152410136,
      246.97462152410137,
      246.99962152410137,
      247.02462152410138,
      247.04962152410138,
      247.0746215241014,
      247.0996215241014,
      247.1246215241014,
      247.1496215241014,
      247.1746215241014,
      247.19962152410142
    ]
  }
}