{
  "input": [
    [
      0.5201762318611145,
      0.5607485175132751
    ],
    [
      0.5223254561424255,
      0.5602114200592041
    ],
    [
      0.5250993967056274,
      0.5598911046981812
    ],
    [
      0.5283504724502563,
      0.559736430644989
    ],
    [
      0.5308477282524109,
      0.5598974227905273
    ],
    [
      0.5328095555305481,
      0.5602825284004211
    ],
    [
      0.535853385925293,
      0.5604985952377319
    ],
    [
      0.5396109819412231,
      0.560603141784668
    ],
    [
      0.5439087748527527,
      0.5607210993766785
    ],
    [
      0.5485371947288513,
      0.5608472228050232
    ],
    [
      0.5383099317550659,
      0.5577818751335144
    ],
    [
      0.5196592211723328,
      0.5529069900512695
    ],
    [
      0.5126785635948181,
      0.5513920783996582
    ],
    [
      0.5118185877799988,
      0.5516393780708313
    ],
    [
      0.5123488903045654,
      0.5523222088813782
    ]
  ],
  "target": [
    [
      0.5135523080825806,
      0.5532159805297852
    ],
    [
      0.5148212909698486,
      0.5538461208343506
    ],
    [
      0.5161194205284119,
      0.5543586611747742
    ],
    [
      0.5175778269767761,
      0.5544561743736267
    ],
    [
      0.5191019177436829,
      0.5543835759162903
    ],
    [
      0.5202596783638,
      0.5544579029083252
    ],
    [
      0.52128005027771,
      0.5545872449874878
    ],
    [
      0.52249675989151,
      0.5546033382415771
    ],
    [
      0.5237807035446167,
      0.554580569267273
    ],
    [
      0.5245620608329773,
      0.5543487668037415
    ],
    [
      0.5251871347427368,
      0.5540518760681152
    ],
    [
      0.5266170501708984,
      0.5543071031570435
    ],
    [
      0.5282731652259827,
      0.5547174215316772
    ],
    [
      0.529247522354126,
      0.5548335313796997
    ],
    [
      0.530049741268158,
      0.5548752546310425
    ]
  ]
}