{
  "input": [
    [
      0.546883761882782,
      0.5869964361190796
    ],
    [
      0.5528082847595215,
      0.586142361164093
    ],
    [
      0.5588440299034119,
      0.5851956605911255
    ],
    [
      0.5654629468917847,
      0.5837633609771729
    ],
    [
      0.5715740919113159,
      0.5824624300003052
    ],
    [
      0.5753414034843445,
      0.5817680954933167
    ],
    [
      0.5800167322158813,
      0.5808663964271545
    ],
    [
      0.5884197950363159,
      0.5791134834289551
    ],
    [
      0.597293496131897,
      0.5772239565849304
    ],
    [
      0.6078991889953613,
      0.5748320817947388
    ],
    [
      0.6190146803855896,
      0.5722922682762146
    ],
    [
      0.6318230032920837,
      0.5692614316940308
    ],
    [
      0.645180344581604,
      0.5660713315010071
    ],
    [
      0.6601912379264832,
      0.5624015927314758
    ],
    [
      0.6555628180503845,
      0.56168532371521
    ]
  ],
  "target": [
    [
      0.5970428586006165,
      0.569073498249054
    ],
    [
      0.5555123090744019,
      0.5743210911750793
    ],
    [
      0.5566259622573853,
      0.5741957426071167
    ],
    [
      0.5508454442024231,
      0.5752317905426025
    ],
    [
      0.5291834473609924,
      0.5789433121681213
    ],
    [
      0.5077774524688721,
      0.5827246904373169
    ],
    [
      0.4869142770767212,
      0.5866541862487793
    ],
    [
      0.4642138183116913,
      0.5910196900367737
    ],
    [
      0.4379199743270874,
      0.5962381958961487
    ],
    [
      0.4096921384334564,
      0.601915717124939
    ],
    [
      0.37796759605407715,
      0.6084232330322266
    ],
    [
      0.3442123830318451,
      0.615412712097168
    ],
    [
      0.30705714225769043,
      0.6232092380523682
    ],
    [
      0.33478468656539917,
      0.6196175813674927
    ],
    [
      0.46325984597206116,
      0.5983427166938782
    ]
  ],
  "meta": {
    "video_name": "test2.mp4",
    "video_stem": "test2",
    "video_path": "E:\\desktop\\open\\lstm-akf\\data\\video\\test2.mp4",
    "fps": 40.0,
    "segment_index": 171,
    "sample_index": 26,
    "start_frame_index": 16,
    "history_end_frame_index": 30,
    "target_end_frame_index": 45,
    "history_frame_indices": [
      16,
      17,
      18,
      19,
      20,
      21,
      22,
      23,
      24,
      25,
      26,
      27,
      28,
      29,
      30
    ],
    "target_frame_indices": [
      31,
      32,
      33,
      34,
      35,
      36,
      37,
      38,
      39,
      40,
      41,
      42,
      43,
      44,
      45
    ],
    "history_timestamps": [
      414.52987802486535,
      414.55487802486533,
      414.5798780248653,
      414.6048780248653,
      414.62987802486526,
      414.65487802486524,
      414.6798780248652,
      414.7048780248652,
      414.7298780248652,
      414.75487802486515,
      414.7798780248651,
      414.8048780248651,
      414.8298780248651,
      414.85487802486506,
      414.87987802486504
    ],
    "target_timestamps": [
      414.904878024865,
      414.929878024865,
      414.95487802486497,
      414.97987802486495,
      415.0048780248649,
      415.0298780248649,
      415.0548780248649,
      415.07987802486485,
      415.10487802486483,
      415.1298780248648,
      415.1548780248648,
      415.17987802486476,
      415.20487802486474,
      415.2298780248647,
      415.2548780248647
    ]
  }
}