{
  "input": [
    [
      0.5669344067573547,
      0.7348584532737732
    ],
    [
      0.5750771760940552,
      0.732832133769989
    ],
    [
      0.5824320316314697,
      0.731160044670105
    ],
    [
      0.5895562767982483,
      0.7283058166503906
    ],
    [
      0.5961330533027649,
      0.7247698307037354
    ],
    [
      0.6018455624580383,
      0.7210522890090942
    ],
    [
      0.4998164474964142,
      0.6812562346458435
    ],
    [
      0.4509100615978241,
      0.6623919606208801
    ],
    [
      0.4359153211116791,
      0.6569926738739014
    ],
    [
      0.43562108278274536,
      0.6575914621353149
    ],
    [
      0.4482925832271576,
      0.662269115447998
    ],
    [
      0.45584774017333984,
      0.6662880778312683
    ],
    [
      0.4648764133453369,
      0.6700538992881775
    ],
    [
      0.4819684624671936,
      0.6739723086357117
    ],
    [
      0.49213680624961853,
      0.6760376691818237
    ]
  ],
  "target": [
    [
      0.49947628378868103,
      0.6773050427436829
    ],
    [
      0.5046602487564087,
      0.6777994632720947
    ],
    [
      0.5083622336387634,
      0.677545964717865
    ],
    [
      0.512721836566925,
      0.6769031882286072
    ],
    [
      0.5172197818756104,
      0.6762798428535461
    ],
    [
      0.5220972895622253,
      0.6756284832954407
    ],
    [
      0.5275955200195312,
      0.6749017238616943
    ],
    [
      0.5330168604850769,
      0.6744702458381653
    ],
    [
      0.5383722186088562,
      0.6737642288208008
    ],
    [
      0.5435619950294495,
      0.6728820204734802
    ],
    [
      0.5484867691993713,
      0.6719221472740173
    ],
    [
      0.5532326102256775,
      0.6706586480140686
    ],
    [
      0.48537200689315796,
      0.6899062395095825
    ],
    [
      0.40962347388267517,
      0.7130680084228516
    ],
    [
      0.39070555567741394,
      0.723547101020813
    ]
  ],
  "meta": {
    "video_name": "test1.mp4",
    "video_stem": "test1",
    "video_path": "E:\\desktop\\open\\lstm-akf\\data\\video\\test1.mp4",
    "fps": 40.0,
    "segment_index": 0,
    "sample_index": 177,
    "start_frame_index": 167,
    "history_end_frame_index": 181,
    "target_end_frame_index": 196,
    "history_frame_indices": [
      167,
      168,
      169,
      170,
      171,
      172,
      173,
      174,
      175,
      176,
      177,
      178,
      179,
      180,
      181
    ],
    "target_frame_indices": [
      182,
      183,
      184,
      185,
      186,
      187,
      188,
      189,
      190,
      191,
      192,
      193,
      194,
      195,
      196
    ],
    "history_timestamps": [
      4.8750000000000036,
      4.900000000000004,
      4.925000000000004,
      4.950000000000004,
      4.975000000000004,
      5.000000000000004,
      5.025000000000004,
      5.050000000000004,
      5.075000000000004,
      5.100000000000004,
      5.125000000000004,
      5.150000000000004,
      5.175000000000004,
      5.200000000000004,
      5.225000000000004
    ],
    "target_timestamps": [
      5.250000000000004,
      5.275000000000004,
      5.300000000000004,
      5.325000000000005,
      5.350000000000004,
      5.375000000000004,
      5.400000000000005,
      5.425000000000004,
      5.450000000000005,
      5.475000000000004,
      5.500000000000004,
      5.525000000000005,
      5.550000000000004,
      5.575000000000005,
      5.600000000000004
    ]
  }
}