{
  "input": [
    [
      0.566636860370636,
      0.5601905584335327
    ],
    [
      0.5680065751075745,
      0.5598393678665161
    ],
    [
      0.5697972178459167,
      0.5595875978469849
    ],
    [
      0.5718834400177002,
      0.5594056248664856
    ],
    [
      0.5734170079231262,
      0.5592222809791565
    ],
    [
      0.5745903253555298,
      0.5590381622314453
    ],
    [
      0.5763009786605835,
      0.5588175058364868
    ],
    [
      0.5783365368843079,
      0.5585747361183167
    ],
    [
      0.5803574919700623,
      0.5584946870803833
    ],
    [
      0.5823702812194824,
      0.5585058331489563
    ],
    [
      0.5844451189041138,
      0.5586835741996765
    ],
    [
      0.586552083492279,
      0.5589476227760315
    ],
    [
      0.588050901889801,
      0.5591245889663696
    ],
    [
      0.5892590880393982,
      0.5592600107192993
    ],
    [
      0.591080367565155,
      0.5591095089912415
    ]
  ],
  "target": [
    [
      0.5931714773178101,
      0.5588331818580627
    ],
    [
      0.5946426391601562,
      0.558803379535675
    ],
    [
      0.5958633422851562,
      0.558873176574707
    ],
    [
      0.5974186658859253,
      0.5590964555740356
    ],
    [
      0.5990977883338928,
      0.5593764781951904
    ],
    [
      0.6001645922660828,
      0.5595442652702332
    ],
    [
      0.6010249257087708,
      0.5596742630004883
    ],
    [
      0.6014814972877502,
      0.5596117973327637
    ],
    [
      0.6018145680427551,
      0.559490442276001
    ],
    [
      0.6022201180458069,
      0.5593951940536499
    ],
    [
      0.602645754814148,
      0.5593071579933167
    ],
    [
      0.6034415364265442,
      0.5590234398841858
    ],
    [
      0.6043291091918945,
      0.558691143989563
    ],
    [
      0.6050139665603638,
      0.5585314631462097
    ],
    [
      0.6056540012359619,
      0.5584098696708679
    ]
  ]
}