{
  "input": [
    [
      0.5850364565849304,
      0.5640160441398621
    ],
    [
      0.5899477601051331,
      0.5640277862548828
    ],
    [
      0.5948734283447266,
      0.5640142560005188
    ],
    [
      0.6038952469825745,
      0.5630525946617126
    ],
    [
      0.6131613254547119,
      0.5620343685150146
    ],
    [
      0.617552638053894,
      0.5615478754043579
    ],
    [
      0.6217489242553711,
      0.561082661151886
    ],
    [
      0.6133348345756531,
      0.5596864819526672
    ],
    [
      0.6046546101570129,
      0.5582706332206726
    ],
    [
      0.6016002893447876,
      0.5576632618904114
    ],
    [
      0.5986369848251343,
      0.5570688247680664
    ],
    [
      0.6006027460098267,
      0.5571768879890442
    ],
    [
      0.6025960445404053,
      0.5572909712791443
    ],
    [
      0.6054032444953918,
      0.5575829148292542
    ],
    [
      0.6082682013511658,
      0.5578433871269226
    ]
  ],
  "target": [
    [
      0.6122182011604309,
      0.5575132369995117
    ],
    [
      0.6160475611686707,
      0.5571962594985962
    ],
    [
      0.6182324290275574,
      0.5570583939552307
    ],
    [
      0.6193923354148865,
      0.5571491122245789
    ],
    [
      0.6096826195716858,
      0.5596639513969421
    ],
    [
      0.600659191608429,
      0.5620204210281372
    ],
    [
      0.5975504517555237,
      0.563011646270752
    ],
    [
      0.5950360894203186,
      0.5638801455497742
    ],
    [
      0.5968080759048462,
      0.5638636946678162
    ],
    [
      0.598616898059845,
      0.5638402104377747
    ],
    [
      0.6006526350975037,
      0.5637737512588501
    ],
    [
      0.602757453918457,
      0.5636506080627441
    ],
    [
      0.6052317023277283,
      0.5632238984107971
    ],
    [
      0.6075278520584106,
      0.5628437995910645
    ],
    [
      0.608985185623169,
      0.5626829266548157
    ]
  ]
}