{
  "input": [
    [
      0.49849486351013184,
      0.5576410889625549
    ],
    [
      0.499120831489563,
      0.5576921701431274
    ],
    [
      0.4999732971191406,
      0.5576732158660889
    ],
    [
      0.5012688040733337,
      0.5575171113014221
    ],
    [
      0.50234055519104,
      0.5574142336845398
    ],
    [
      0.5030078887939453,
      0.5574076175689697
    ],
    [
      0.5039153099060059,
      0.5573112368583679
    ],
    [
      0.5052247643470764,
      0.5570645928382874
    ],
    [
      0.5064254999160767,
      0.5568785071372986
    ],
    [
      0.5074573755264282,
      0.5567864179611206
    ],
    [
      0.5088034868240356,
      0.5567689538002014
    ],
    [
      0.5106026530265808,
      0.556859016418457
    ],
    [
      0.5121628046035767,
      0.5569466948509216
    ],
    [
      0.5134026408195496,
      0.5570312738418579
    ],
    [
      0.5150364637374878,
      0.5571089386940002
    ]
  ],
  "target": [
    [
      0.5171613693237305,
      0.5571781396865845
    ],
    [
      0.5190476775169373,
      0.5572304725646973
    ],
    [
      0.5206573009490967,
      0.5572633147239685
    ],
    [
      0.5221425890922546,
      0.5572311282157898
    ],
    [
      0.5234937071800232,
      0.5571288466453552
    ],
    [
      0.5246858596801758,
      0.5570032000541687
    ],
    [
      0.525718092918396,
      0.5568540692329407
    ],
    [
      0.5273517370223999,
      0.5567590594291687
    ],
    [
      0.529548704624176,
      0.5567147731781006
    ],
    [
      0.5312730073928833,
      0.556740403175354
    ],
    [
      0.5325851440429688,
      0.5568270087242126
    ],
    [
      0.53412926197052,
      0.5571175813674927
    ],
    [
      0.535861611366272,
      0.5575736165046692
    ],
    [
      0.5369654893875122,
      0.5577847957611084
    ],
    [
      0.5375949144363403,
      0.5578110218048096
    ]
  ]
}