{
  "input": [
    [
      0.48010995984077454,
      0.5705706477165222
    ],
    [
      0.4773538410663605,
      0.5706980228424072
    ],
    [
      0.47507110238075256,
      0.5707710385322571
    ],
    [
      0.47379204630851746,
      0.5707287788391113
    ],
    [
      0.4722576439380646,
      0.5707080960273743
    ],
    [
      0.47022393345832825,
      0.570729672908783
    ],
    [
      0.4683166444301605,
      0.5707030296325684
    ],
    [
      0.4666379392147064,
      0.5705891251564026
    ],
    [
      0.46494996547698975,
      0.5704800486564636
    ],
    [
      0.46324655413627625,
      0.5703787803649902
    ],
    [
      0.4614621102809906,
      0.5703042149543762
    ],
    [
      0.4595518112182617,
      0.5702711939811707
    ],
    [
      0.4577275812625885,
      0.5702076554298401
    ],
    [
      0.45602741837501526,
      0.5701003074645996
    ],
    [
      0.45435214042663574,
      0.5699833631515503
    ]
  ],
  "target": [
    [
      0.45271027088165283,
      0.5698536038398743
    ],
    [
      0.4510943591594696,
      0.5697138905525208
    ],
    [
      0.449510782957077,
      0.5695616602897644
    ],
    [
      0.4472880959510803,
      0.5702062249183655
    ],
    [
      0.44432395696640015,
      0.5717751383781433
    ],
    [
      0.44176867604255676,
      0.572871744632721
    ],
    [
      0.43965497612953186,
      0.5734583735466003
    ],
    [
      0.43751078844070435,
      0.574105978012085
    ],
    [
      0.4353359043598175,
      0.5748149752616882
    ],
    [
      0.4331294298171997,
      0.5755871534347534
    ],
    [
      0.4308933913707733,
      0.5764185190200806
    ],
    [
      0.4286246597766876,
      0.5773152112960815
    ],
    [
      0.4263274371623993,
      0.5782688856124878
    ],
    [
      0.4239964187145233,
      0.5792901515960693
    ],
    [
      0.42163801193237305,
      0.5803661942481995
    ]
  ],
  "meta": {
    "video_name": "test2.mp4",
    "video_stem": "test2",
    "video_path": "E:\\desktop\\open\\lstm-akf\\data\\video\\test2.mp4",
    "fps": 40.0,
    "segment_index": 139,
    "sample_index": 44,
    "start_frame_index": 34,
    "history_end_frame_index": 48,
    "target_end_frame_index": 63,
    "history_frame_indices": [
      34,
      35,
      36,
      37,
      38,
      39,
      40,
      41,
      42,
      43,
      44,
      45,
      46,
      47,
      48
    ],
    "target_frame_indices": [
      49,
      50,
      51,
      52,
      53,
      54,
      55,
      56,
      57,
      58,
      59,
      60,
      61,
      62,
      63
    ],
    "history_timestamps": [
      328.75443973800765,
      328.7794397380076,
      328.8044397380076,
      328.8294397380076,
      328.85443973800756,
      328.87943973800753,
      328.9044397380075,
      328.9294397380075,
      328.95443973800747,
      328.97943973800744,
      329.0044397380074,
      329.0294397380074,
      329.0544397380074,
      329.07943973800735,
      329.10443973800733
    ],
    "target_timestamps": [
      329.1294397380073,
      329.1544397380073,
      329.17943973800726,
      329.20443973800724,
      329.2294397380072,
      329.2544397380072,
      329.27943973800717,
      329.30443973800715,
      329.3294397380071,
      329.3544397380071,
      329.3794397380071,
      329.40443973800706,
      329.42943973800703,
      329.454439738007,
      329.479439738007
    ]
  }
}