{
  "input": [
    [
      0.7253729701042175,
      0.6320952773094177
    ],
    [
      0.740270733833313,
      0.632971465587616
    ],
    [
      0.759581446647644,
      0.6336265802383423
    ],
    [
      0.7765754461288452,
      0.6335564255714417
    ],
    [
      0.7925222516059875,
      0.6331583857536316
    ],
    [
      0.8108221292495728,
      0.6327338218688965
    ],
    [
      0.8300994038581848,
      0.6322982311248779
    ],
    [
      0.8432133793830872,
      0.6320220232009888
    ],
    [
      0.853981614112854,
      0.631806492805481
    ],
    [
      0.8315237760543823,
      0.6235170364379883
    ],
    [
      0.7975205183029175,
      0.6124221086502075
    ],
    [
      0.7740205526351929,
      0.6054849028587341
    ],
    [
      0.7538386583328247,
      0.599861204624176
    ],
    [
      0.7486739754676819,
      0.5974886417388916
    ],
    [
      0.7478009462356567,
      0.596045196056366
    ]
  ],
  "target": [
    [
      0.7526310086250305,
      0.5963103175163269
    ],
    [
      0.7589268684387207,
      0.5970145463943481
    ],
    [
      0.7667624950408936,
      0.5982701778411865
    ],
    [
      0.7749514579772949,
      0.5996524095535278
    ],
    [
      0.7822995185852051,
      0.6006689667701721
    ],
    [
      0.7894766926765442,
      0.6016111969947815
    ],
    [
      0.7960217595100403,
      0.6020574569702148
    ],
    [
      0.8024543523788452,
      0.6024154424667358
    ],
    [
      0.8060209155082703,
      0.6022288203239441
    ],
    [
      0.8091468811035156,
      0.6019583940505981
    ],
    [
      0.7776246070861816,
      0.6082940101623535
    ],
    [
      0.7415812015533447,
      0.6154916286468506
    ],
    [
      0.7243831753730774,
      0.6196792721748352
    ],
    [
      0.7092238068580627,
      0.6235413551330566
    ],
    [
      0.7125979065895081,
      0.6261494755744934
    ]
  ]
}