{
  "input": [
    [
      0.5762950778007507,
      0.572084367275238
    ],
    [
      0.5796157121658325,
      0.5718367099761963
    ],
    [
      0.5830597281455994,
      0.5716131925582886
    ],
    [
      0.5852972865104675,
      0.5714855194091797
    ],
    [
      0.5874590277671814,
      0.5713638663291931
    ],
    [
      0.5902648568153381,
      0.5709840655326843
    ],
    [
      0.593098521232605,
      0.5705931186676025
    ],
    [
      0.5945488214492798,
      0.570486843585968
    ],
    [
      0.5959657430648804,
      0.5703873634338379
    ],
    [
      0.5982276201248169,
      0.5703021883964539
    ],
    [
      0.6004854440689087,
      0.5702183246612549
    ],
    [
      0.6020153164863586,
      0.5702350735664368
    ],
    [
      0.6035248041152954,
      0.5702440142631531
    ],
    [
      0.6043718457221985,
      0.5699991583824158
    ],
    [
      0.6052115559577942,
      0.5697495341300964
    ]
  ],
  "target": [
    [
      0.6059049963951111,
      0.5694045424461365
    ],
    [
      0.6066017746925354,
      0.5690804719924927
    ],
    [
      0.6073465943336487,
      0.5690545439720154
    ],
    [
      0.6080670952796936,
      0.5690169334411621
    ],
    [
      0.6085203886032104,
      0.5688506960868835
    ],
    [
      0.6089272499084473,
      0.5686835646629333
    ],
    [
      0.6089218854904175,
      0.5685088634490967
    ],
    [
      0.6088951826095581,
      0.5682962536811829
    ],
    [
      0.608710765838623,
      0.5678027272224426
    ],
    [
      0.6084949970245361,
      0.5673468708992004
    ],
    [
      0.6080808043479919,
      0.5671291351318359
    ],
    [
      0.6076686382293701,
      0.5669385194778442
    ],
    [
      0.6072673797607422,
      0.5668966770172119
    ],
    [
      0.6068373918533325,
      0.5668516755104065
    ],
    [
      0.6062694787979126,
      0.5667915344238281
    ]
  ]
}