{
  "input": [
    [
      0.6204848885536194,
      0.5686252117156982
    ],
    [
      0.6181804537773132,
      0.5683783292770386
    ],
    [
      0.6158991456031799,
      0.5681315660476685
    ],
    [
      0.6148942708969116,
      0.5678895711898804
    ],
    [
      0.6138876676559448,
      0.5676445364952087
    ],
    [
      0.6128326654434204,
      0.567318320274353
    ],
    [
      0.6117749810218811,
      0.5669876337051392
    ],
    [
      0.6106705069541931,
      0.5665771961212158
    ],
    [
      0.6093704700469971,
      0.5662310719490051
    ],
    [
      0.6055199503898621,
      0.5667234063148499
    ]
  ],
  "target": [
    [
      0.6017454862594604,
      0.5671787858009338
    ],
    [
      0.5987498164176941,
      0.5672558546066284
    ],
    [
      0.5957010984420776,
      0.5673414468765259
    ],
    [
      0.592208981513977,
      0.5674979090690613
    ],
    [
      0.5897110104560852,
      0.5675427317619324
    ],
    [
      0.5941953063011169,
      0.5668032765388489
    ],
    [
      0.5980446934700012,
      0.5661401152610779
    ],
    [
      0.5980719327926636,
      0.5659359693527222
    ],
    [
      0.5981841683387756,
      0.5657503604888916
    ],
    [
      0.5987415909767151,
      0.5656620264053345
    ],
    [
      0.599358320236206,
      0.5655333995819092
    ],
    [
      0.6002489924430847,
      0.5652186274528503
    ],
    [
      0.6011074185371399,
      0.564941942691803
    ],
    [
      0.601833701133728,
      0.5648215413093567
    ],
    [
      0.6024835109710693,
      0.5646519064903259
    ]
  ],
  "meta": {
    "video_name": "test2.mp4",
    "video_stem": "test2",
    "video_path": "E:\\desktop\\open\\lstm-akf\\data\\video\\test2.mp4",
    "fps": 40.0,
    "segment_index": 49,
    "sample_index": 5,
    "start_frame_index": 0,
    "history_end_frame_index": 9,
    "target_end_frame_index": 24,
    "history_frame_indices": [
      0,
      1,
      2,
      3,
      4,
      5,
      6,
      7,
      8,
      9
    ],
    "target_frame_indices": [
      10,
      11,
      12,
      13,
      14,
      15,
      16,
      17,
      18,
      19,
      20,
      21,
      22,
      23,
      24
    ],
    "history_timestamps": [
      116.45389653684748,
      116.47889653684749,
      116.50389653684749,
      116.5288965368475,
      116.5538965368475,
      116.57889653684751,
      116.60389653684751,
      116.62889653684752,
      116.65389653684753,
      116.67889653684753
    ],
    "target_timestamps": [
      116.70389653684754,
      116.72889653684754,
      116.75389653684755,
      116.77889653684755,
      116.80389653684756,
      116.82889653684757,
      116.85389653684757,
      116.87889653684758,
      116.90389653684758,
      116.92889653684759,
      116.9538965368476,
      116.9788965368476,
      117.0038965368476,
      117.02889653684761,
      117.05389653684762
    ]
  }
}