{
  "input": [
    [
      0.4093611538410187,
      0.5724735856056213
    ],
    [
      0.40735697746276855,
      0.5720692873001099
    ],
    [
      0.4062897562980652,
      0.5719300508499146
    ],
    [
      0.40527841448783875,
      0.5718066692352295
    ],
    [
      0.40442079305648804,
      0.5714597702026367
    ],
    [
      0.4035693109035492,
      0.5711038708686829
    ],
    [
      0.4032275676727295,
      0.5711914896965027
    ],
    [
      0.40289658308029175,
      0.5712884664535522
    ],
    [
      0.40307796001434326,
      0.5713152885437012
    ],
    [
      0.4032635986804962,
      0.5713400840759277
    ],
    [
      0.40363210439682007,
      0.5712494254112244
    ],
    [
      0.4040030837059021,
      0.5711624622344971
    ],
    [
      0.4044475555419922,
      0.5711831450462341
    ],
    [
      0.4048749804496765,
      0.5712040066719055
    ],
    [
      0.40498268604278564,
      0.5712295770645142
    ]
  ],
  "target": [
    [
      0.4050823450088501,
      0.5712589025497437
    ],
    [
      0.4050722122192383,
      0.5713398456573486
    ],
    [
      0.4050637483596802,
      0.5714170336723328
    ],
    [
      0.40507280826568604,
      0.5714550018310547
    ],
    [
      0.40507927536964417,
      0.5714887380599976
    ],
    [
      0.40506312251091003,
      0.571486234664917
    ],
    [
      0.4050477147102356,
      0.5714788436889648
    ],
    [
      0.40503787994384766,
      0.5714358687400818
    ],
    [
      0.4050283432006836,
      0.5713922381401062
    ],
    [
      0.4050208032131195,
      0.5713449120521545
    ],
    [
      0.4050080180168152,
      0.5713117122650146
    ],
    [
      0.4049670994281769,
      0.57135409116745
    ],
    [
      0.4049386978149414,
      0.5713852643966675
    ],
    [
      0.40496930480003357,
      0.5713638663291931
    ],
    [
      0.40500107407569885,
      0.5713415741920471
    ]
  ]
}