{
  "input": [
    [
      0.6061228513717651,
      0.5643105506896973
    ],
    [
      0.6061450242996216,
      0.5647911429405212
    ],
    [
      0.6064577102661133,
      0.5653530955314636
    ],
    [
      0.6081113815307617,
      0.5662908554077148
    ],
    [
      0.6100846529006958,
      0.5673182010650635
    ],
    [
      0.613369882106781,
      0.5687131881713867
    ],
    [
      0.6143339276313782,
      0.5691206455230713
    ],
    [
      0.6067557334899902,
      0.5658937692642212
    ],
    [
      0.6003184914588928,
      0.5633701682090759
    ],
    [
      0.5976693034172058,
      0.5631816983222961
    ],
    [
      0.5951921343803406,
      0.5630021691322327
    ],
    [
      0.5932331681251526,
      0.562849760055542
    ],
    [
      0.5913122296333313,
      0.5626538395881653
    ],
    [
      0.5894955992698669,
      0.5623385906219482
    ],
    [
      0.587798535823822,
      0.5620482563972473
    ]
  ],
  "target": [
    [
      0.5864015817642212,
      0.5618205070495605
    ],
    [
      0.5846207737922668,
      0.5617199540138245
    ],
    [
      0.5819557309150696,
      0.561912477016449
    ],
    [
      0.579513430595398,
      0.5621587038040161
    ],
    [
      0.5775433778762817,
      0.5625187754631042
    ],
    [
      0.5752280950546265,
      0.5627452731132507
    ],
    [
      0.5722373723983765,
      0.5627104640007019
    ],
    [
      0.5697423815727234,
      0.5625735521316528
    ],
    [
      0.5681436657905579,
      0.5622520446777344
    ],
    [
      0.5659545063972473,
      0.5622246861457825
    ],
    [
      0.5627766847610474,
      0.5626896619796753
    ],
    [
      0.5601526498794556,
      0.5629603862762451
    ],
    [
      0.5583884119987488,
      0.5629295110702515
    ],
    [
      0.5564824342727661,
      0.5629515051841736
    ],
    [
      0.5543721318244934,
      0.5630499124526978
    ]
  ],
  "meta": {
    "video_name": "test2.mp4",
    "video_stem": "test2",
    "video_path": "E:\\desktop\\open\\lstm-akf\\data\\video\\test2.mp4",
    "fps": 40.0,
    "segment_index": 102,
    "sample_index": 28,
    "start_frame_index": 18,
    "history_end_frame_index": 32,
    "target_end_frame_index": 47,
    "history_frame_indices": [
      18,
      19,
      20,
      21,
      22,
      23,
      24,
      25,
      26,
      27,
      28,
      29,
      30,
      31,
      32
    ],
    "target_frame_indices": [
      33,
      34,
      35,
      36,
      37,
      38,
      39,
      40,
      41,
      42,
      43,
      44,
      45,
      46,
      47
    ],
    "history_timestamps": [
      233.65512217123594,
      233.68012217123595,
      233.70512217123596,
      233.73012217123596,
      233.75512217123597,
      233.78012217123597,
      233.80512217123598,
      233.83012217123598,
      233.855122171236,
      233.880122171236,
      233.905122171236,
      233.930122171236,
      233.955122171236,
      233.98012217123602,
      234.00512217123602
    ],
    "target_timestamps": [
      234.03012217123603,
      234.05512217123604,
      234.08012217123604,
      234.10512217123605,
      234.13012217123605,
      234.15512217123606,
      234.18012217123606,
      234.20512217123607,
      234.23012217123608,
      234.25512217123608,
      234.2801221712361,
      234.3051221712361,
      234.3301221712361,
      234.3551221712361,
      234.3801221712361
    ]
  }
}