{
  "input": [
    [
      0.6135518550872803,
      0.6320046186447144
    ],
    [
      0.6064620614051819,
      0.6316286325454712
    ],
    [
      0.5992701649665833,
      0.6309783458709717
    ],
    [
      0.5920001864433289,
      0.6301185488700867
    ],
    [
      0.619347095489502,
      0.6384446620941162
    ],
    [
      0.6712780594825745,
      0.6532944440841675
    ],
    [
      0.7054284811019897,
      0.6649577617645264
    ],
    [
      0.7278503179550171,
      0.6745192408561707
    ],
    [
      0.7368478178977966,
      0.6800574064254761
    ],
    [
      0.7376296520233154,
      0.6831333637237549
    ],
    [
      0.7267522215843201,
      0.684130847454071
    ],
    [
      0.7092637419700623,
      0.6839497685432434
    ],
    [
      0.6910737752914429,
      0.6826363205909729
    ],
    [
      0.672515869140625,
      0.6807289123535156
    ],
    [
      0.6559607982635498,
      0.6791782379150391
    ]
  ],
  "target": [
    [
      0.6403754949569702,
      0.6778002381324768
    ],
    [
      0.6277536153793335,
      0.6768710613250732
    ],
    [
      0.6164534091949463,
      0.6761420965194702
    ],
    [
      0.5989992618560791,
      0.6742846965789795
    ],
    [
      0.5790239572525024,
      0.6719650030136108
    ],
    [
      0.565566897392273,
      0.6703392863273621
    ],
    [
      0.5545552372932434,
      0.6689739227294922
    ],
    [
      0.5440232753753662,
      0.6665217280387878
    ],
    [
      0.5336555242538452,
      0.6636976003646851
    ],
    [
      0.5691596865653992,
      0.6534808278083801
    ],
    [
      0.6189285516738892,
      0.6409651637077332
    ],
    [
      0.6492931246757507,
      0.6339183449745178
    ],
    [
      0.6742038726806641,
      0.6284087300300598
    ],
    [
      0.6828187704086304,
      0.6266461610794067
    ],
    [
      0.6873189806938171,
      0.6258296966552734
    ]
  ]
}