{
  "input": [
    [
      0.5901250839233398,
      0.5600814819335938
    ],
    [
      0.5921462774276733,
      0.560189962387085
    ],
    [
      0.5935194492340088,
      0.5603085160255432
    ],
    [
      0.5951451659202576,
      0.5603098273277283
    ],
    [
      0.5972762703895569,
      0.5600766539573669
    ],
    [
      0.5989387631416321,
      0.5599610805511475
    ],
    [
      0.5997347831726074,
      0.5600630640983582
    ],
    [
      0.6004429459571838,
      0.560076117515564
    ],
    [
      0.6010008454322815,
      0.5599369406700134
    ],
    [
      0.6013785004615784,
      0.5598105788230896
    ],
    [
      0.6014700531959534,
      0.5597044825553894
    ],
    [
      0.6016221046447754,
      0.5596136450767517
    ],
    [
      0.6018632054328918,
      0.5595453381538391
    ],
    [
      0.6021242737770081,
      0.5595389008522034
    ],
    [
      0.6024127006530762,
      0.5596171617507935
    ]
  ],
  "target": [
    [
      0.602883517742157,
      0.5597055554389954
    ],
    [
      0.6035864353179932,
      0.559806764125824
    ],
    [
      0.6043373346328735,
      0.5599746704101562
    ],
    [
      0.6051451563835144,
      0.5602216124534607
    ],
    [
      0.6065632104873657,
      0.5603079199790955
    ],
    [
      0.6086539030075073,
      0.5602171421051025
    ],
    [
      0.6105476021766663,
      0.5601292848587036
    ],
    [
      0.6122391223907471,
      0.5600444674491882
    ],
    [
      0.6137046813964844,
      0.5599014759063721
    ],
    [
      0.6149542331695557,
      0.5597028136253357
    ],
    [
      0.6159964203834534,
      0.5597362518310547
    ],
    [
      0.6168540120124817,
      0.5599762201309204
    ],
    [
      0.6184407472610474,
      0.5601558089256287
    ],
    [
      0.6206316351890564,
      0.5602853894233704
    ],
    [
      0.6222895383834839,
      0.5603718757629395
    ]
  ]
}