{
  "input": [
    [
      0.5425196290016174,
      0.7270176410675049
    ],
    [
      0.5418095588684082,
      0.7302862405776978
    ],
    [
      0.540367066860199,
      0.7340027093887329
    ],
    [
      0.5358618497848511,
      0.7395920753479004
    ],
    [
      0.5313916802406311,
      0.744744062423706
    ],
    [
      0.5270527601242065,
      0.7482584714889526
    ],
    [
      0.5222763419151306,
      0.7519553899765015
    ],
    [
      0.5160236954689026,
      0.7562679052352905
    ],
    [
      0.5093406438827515,
      0.7605855464935303
    ],
    [
      0.5013411641120911,
      0.7649187445640564
    ],
    [
      0.49224239587783813,
      0.7682538628578186
    ],
    [
      0.4800824224948883,
      0.7688096761703491
    ],
    [
      0.47057589888572693,
      0.7693487405776978
    ],
    [
      0.4678242802619934,
      0.7698450684547424
    ],
    [
      0.46616026759147644,
      0.7704644203186035
    ]
  ],
  "target": [
    [
      0.46703600883483887,
      0.7713711261749268
    ],
    [
      0.46800246834754944,
      0.7721906900405884
    ],
    [
      0.46916383504867554,
      0.7728232145309448
    ],
    [
      0.47017842531204224,
      0.7734021544456482
    ],
    [
      0.4709022343158722,
      0.7738750576972961
    ],
    [
      0.47145742177963257,
      0.7743075489997864
    ],
    [
      0.47170382738113403,
      0.7746661305427551
    ],
    [
      0.4718116223812103,
      0.7748520970344543
    ],
    [
      0.4716845452785492,
      0.7747455835342407
    ],
    [
      0.47145456075668335,
      0.7745615839958191
    ],
    [
      0.4710627496242523,
      0.7742558121681213
    ],
    [
      0.47080278396606445,
      0.7740694880485535
    ],
    [
      0.4707351326942444,
      0.7740573883056641
    ],
    [
      0.47079676389694214,
      0.7743156552314758
    ],
    [
      0.4710336923599243,
      0.7749404311180115
    ]
  ],
  "meta": {
    "video_name": "test2.mp4",
    "video_stem": "test2",
    "video_path": "E:\\desktop\\open\\lstm-akf\\data\\video\\test2.mp4",
    "fps": 40.0,
    "segment_index": 116,
    "sample_index": 141,
    "start_frame_index": 131,
    "history_end_frame_index": 145,
    "target_end_frame_index": 160,
    "history_frame_indices": [
      131,
      132,
      133,
      134,
      135,
      136,
      137,
      138,
      139,
      140,
      141,
      142,
      143,
      144,
      145
    ],
    "target_frame_indices": [
      146,
      147,
      148,
      149,
      150,
      151,
      152,
      153,
      154,
      155,
      156,
      157,
      158,
      159,
      160
    ],
    "history_timestamps": [
      276.1735566929413,
      276.1985566929413,
      276.22355669294126,
      276.24855669294124,
      276.2735566929412,
      276.2985566929412,
      276.32355669294117,
      276.34855669294114,
      276.3735566929411,
      276.3985566929411,
      276.4235566929411,
      276.44855669294105,
      276.47355669294103,
      276.498556692941,
      276.523556692941
    ],
    "target_timestamps": [
      276.54855669294096,
      276.57355669294094,
      276.5985566929409,
      276.6235566929409,
      276.6485566929409,
      276.67355669294085,
      276.6985566929408,
      276.7235566929408,
      276.7485566929408,
      276.77355669294076,
      276.79855669294074,
      276.8235566929407,
      276.8485566929407,
      276.87355669294067,
      276.89855669294064
    ]
  }
}