{
  "input": [
    [
      0.6984819769859314,
      0.6603026390075684
    ],
    [
      0.6922881603240967,
      0.6601682305335999
    ],
    [
      0.6843468546867371,
      0.6598562598228455
    ],
    [
      0.6755703687667847,
      0.6594594717025757
    ],
    [
      0.668483316898346,
      0.6593195199966431
    ],
    [
      0.6621396541595459,
      0.6592926383018494
    ],
    [
      0.6522478461265564,
      0.6587196588516235
    ],
    [
      0.640922486782074,
      0.657926082611084
    ],
    [
      0.6321374177932739,
      0.6574342846870422
    ],
    [
      0.624291718006134,
      0.65705406665802
    ],
    [
      0.6141659617424011,
      0.656352162361145
    ],
    [
      0.603271484375,
      0.6555417776107788
    ],
    [
      0.5956241488456726,
      0.6549825668334961
    ],
    [
      0.5889706015586853,
      0.6545002460479736
    ],
    [
      0.5784827470779419,
      0.6537176966667175
    ]
  ],
  "target": [
    [
      0.5669350624084473,
      0.6528521776199341
    ],
    [
      0.5927013754844666,
      0.6456524133682251
    ],
    [
      0.6277222037315369,
      0.6368816494941711
    ],
    [
      0.6563030481338501,
      0.6304976344108582
    ],
    [
      0.6834614276885986,
      0.6246408820152283
    ],
    [
      0.6925916075706482,
      0.6223127841949463
    ],
    [
      0.6982078552246094,
      0.6206724643707275
    ],
    [
      0.689064085483551,
      0.6210587024688721
    ],
    [
      0.6774109601974487,
      0.6217894554138184
    ],
    [
      0.6618434190750122,
      0.6230700016021729
    ],
    [
      0.6457038521766663,
      0.6244308948516846
    ],
    [
      0.6230499148368835,
      0.6258076429367065
    ],
    [
      0.5995933413505554,
      0.6271862983703613
    ],
    [
      0.6345499157905579,
      0.64048171043396
    ],
    [
      0.6754174828529358,
      0.6549829840660095
    ]
  ]
}