{
  "input": [
    [
      0.46956363320350647,
      0.5591367483139038
    ],
    [
      0.467788964509964,
      0.5590044856071472
    ],
    [
      0.4669908285140991,
      0.5592303276062012
    ],
    [
      0.46633726358413696,
      0.5594140887260437
    ],
    [
      0.46616366505622864,
      0.5594578385353088
    ],
    [
      0.4660736322402954,
      0.5594923496246338
    ],
    [
      0.46623530983924866,
      0.5594987869262695
    ],
    [
      0.46658003330230713,
      0.5594959855079651
    ],
    [
      0.46742701530456543,
      0.5594675540924072
    ],
    [
      0.46816518902778625,
      0.5594419240951538
    ],
    [
      0.4686303436756134,
      0.5594232082366943
    ],
    [
      0.46924248337745667,
      0.5595744252204895
    ],
    [
      0.47019317746162415,
      0.5601168870925903
    ],
    [
      0.4706248342990875,
      0.5604877471923828
    ],
    [
      0.46995609998703003,
      0.5604946613311768
    ]
  ],
  "target": [
    [
      0.4694785475730896,
      0.5605652332305908
    ],
    [
      0.4693748354911804,
      0.5607602596282959
    ],
    [
      0.4710009694099426,
      0.5607566833496094
    ],
    [
      0.4757547676563263,
      0.5603940486907959
    ],
    [
      0.4752052128314972,
      0.5595093965530396
    ],
    [
      0.46577614545822144,
      0.5577507019042969
    ],
    [
      0.45873692631721497,
      0.5565572381019592
    ],
    [
      0.4554084837436676,
      0.5562413334846497
    ],
    [
      0.4537286162376404,
      0.5563241839408875
    ],
    [
      0.454425573348999,
      0.5569818615913391
    ],
    [
      0.4554949998855591,
      0.5576279163360596
    ],
    [
      0.45706358551979065,
      0.5582584142684937
    ],
    [
      0.4588853418827057,
      0.5588187575340271
    ],
    [
      0.46102267503738403,
      0.5592917799949646
    ],
    [
      0.46272334456443787,
      0.5595550537109375
    ]
  ]
}