{
  "input": [
    [
      0.560340166091919,
      0.561004102230072
    ],
    [
      0.5571693181991577,
      0.5608815550804138
    ],
    [
      0.553911030292511,
      0.5607689619064331
    ],
    [
      0.5519565343856812,
      0.5604714751243591
    ],
    [
      0.5503113269805908,
      0.5601300597190857
    ],
    [
      0.5488354563713074,
      0.5598425269126892
    ],
    [
      0.5473952889442444,
      0.5595662593841553
    ],
    [
      0.546608030796051,
      0.5593512058258057
    ],
    [
      0.5459415912628174,
      0.5591474771499634
    ],
    [
      0.5455238223075867,
      0.5590706467628479
    ],
    [
      0.5451459288597107,
      0.5590142011642456
    ],
    [
      0.5450565218925476,
      0.5589921474456787
    ],
    [
      0.5450066328048706,
      0.5589748024940491
    ],
    [
      0.5450623035430908,
      0.5590023398399353
    ],
    [
      0.5451300144195557,
      0.5590349435806274
    ]
  ],
  "target": [
    [
      0.5452074408531189,
      0.5591061115264893
    ],
    [
      0.545285701751709,
      0.5591808557510376
    ],
    [
      0.5453537106513977,
      0.5591893792152405
    ],
    [
      0.5454208850860596,
      0.5591931939125061
    ],
    [
      0.5454365611076355,
      0.5591461658477783
    ],
    [
      0.5454496145248413,
      0.5590965151786804
    ],
    [
      0.545488715171814,
      0.5590739846229553
    ],
    [
      0.545528769493103,
      0.5590522885322571
    ],
    [
      0.5455132722854614,
      0.5590816736221313
    ],
    [
      0.5454970002174377,
      0.5591117739677429
    ],
    [
      0.545477032661438,
      0.5591342449188232
    ],
    [
      0.5454676747322083,
      0.5591565370559692
    ],
    [
      0.5459276437759399,
      0.5591721534729004
    ],
    [
      0.5463907718658447,
      0.5591904520988464
    ],
    [
      0.5469306707382202,
      0.5592745542526245
    ]
  ]
}