{
  "input": [
    [
      0.5300180912017822,
      0.6805902123451233
    ],
    [
      0.5387018918991089,
      0.6786133646965027
    ],
    [
      0.5475793480873108,
      0.6762902140617371
    ],
    [
      0.5566391348838806,
      0.6733815670013428
    ],
    [
      0.5648649334907532,
      0.6697479486465454
    ],
    [
      0.5008565187454224,
      0.683054506778717
    ],
    [
      0.428523451089859,
      0.700032114982605
    ],
    [
      0.41177549958229065,
      0.7074114680290222
    ],
    [
      0.4191421866416931,
      0.7115035057067871
    ],
    [
      0.4345897436141968,
      0.7138022780418396
    ],
    [
      0.45380938053131104,
      0.7146236896514893
    ],
    [
      0.47249239683151245,
      0.7142837643623352
    ],
    [
      0.4871053397655487,
      0.7138696908950806
    ],
    [
      0.499508261680603,
      0.7131012082099915
    ],
    [
      0.5104919075965881,
      0.7125312685966492
    ]
  ],
  "target": [
    [
      0.5208471417427063,
      0.7127129435539246
    ],
    [
      0.5300467610359192,
      0.7121424674987793
    ],
    [
      0.5394232273101807,
      0.71039217710495
    ],
    [
      0.5488001704216003,
      0.7076743245124817
    ],
    [
      0.558000922203064,
      0.7042012810707092
    ],
    [
      0.5661259889602661,
      0.6999279260635376
    ],
    [
      0.5737660527229309,
      0.6952818036079407
    ],
    [
      0.580669105052948,
      0.6911731958389282
    ],
    [
      0.586583137512207,
      0.6885125041007996
    ],
    [
      0.5198873281478882,
      0.6662954688072205
    ],
    [
      0.46694913506507874,
      0.6501114964485168
    ],
    [
      0.4315991699695587,
      0.6403423547744751
    ],
    [
      0.4176679253578186,
      0.6373697519302368
    ],
    [
      0.42454954981803894,
      0.639333188533783
    ],
    [
      0.4369601905345917,
      0.6431208252906799
    ]
  ],
  "meta": {
    "video_name": "test1.mp4",
    "video_stem": "test1",
    "video_path": "E:\\desktop\\open\\lstm-akf\\data\\video\\test1.mp4",
    "fps": 40.0,
    "segment_index": 0,
    "sample_index": 615,
    "start_frame_index": 605,
    "history_end_frame_index": 619,
    "target_end_frame_index": 634,
    "history_frame_indices": [
      605,
      606,
      607,
      608,
      609,
      610,
      611,
      612,
      613,
      614,
      615,
      616,
      617,
      618,
      619
    ],
    "target_frame_indices": [
      620,
      621,
      622,
      623,
      624,
      625,
      626,
      627,
      628,
      629,
      630,
      631,
      632,
      633,
      634
    ],
    "history_timestamps": [
      15.825000000000014,
      15.850000000000012,
      15.875000000000012,
      15.900000000000013,
      15.925000000000013,
      15.950000000000014,
      15.975000000000012,
      16.000000000000014,
      16.025000000000013,
      16.050000000000015,
      16.075000000000014,
      16.100000000000012,
      16.125000000000014,
      16.150000000000013,
      16.175000000000015
    ],
    "target_timestamps": [
      16.200000000000014,
      16.225000000000016,
      16.250000000000014,
      16.275000000000013,
      16.300000000000015,
      16.325000000000014,
      16.350000000000016,
      16.375000000000014,
      16.400000000000013,
      16.425000000000015,
      16.450000000000014,
      16.475000000000016,
      16.500000000000014,
      16.525000000000013,
      16.550000000000015
    ]
  }
}