{
  "input": [
    [
      0.5166017413139343,
      0.6715782284736633
    ],
    [
      0.5225687623023987,
      0.6707389950752258
    ],
    [
      0.5282406806945801,
      0.6694120764732361
    ],
    [
      0.5333356261253357,
      0.6672109961509705
    ],
    [
      0.5381444692611694,
      0.6651314496994019
    ],
    [
      0.5172566175460815,
      0.6701768040657043
    ],
    [
      0.4452614486217499,
      0.6893506646156311
    ],
    [
      0.39953258633613586,
      0.7067859768867493
    ],
    [
      0.3770620822906494,
      0.7190427780151367
    ],
    [
      0.373310923576355,
      0.7268833518028259
    ],
    [
      0.38374003767967224,
      0.7310698628425598
    ],
    [
      0.40408292412757874,
      0.7312642931938171
    ],
    [
      0.4233212471008301,
      0.7312559485435486
    ],
    [
      0.44062361121177673,
      0.7316354513168335
    ],
    [
      0.45515865087509155,
      0.7329935431480408
    ]
  ],
  "target": [
    [
      0.4672936201095581,
      0.735020637512207
    ],
    [
      0.4790632724761963,
      0.7366138100624084
    ],
    [
      0.4906173646450043,
      0.7378959655761719
    ],
    [
      0.5021055936813354,
      0.7389903664588928
    ],
    [
      0.5132084488868713,
      0.7389983534812927
    ],
    [
      0.5246033668518066,
      0.7382782101631165
    ],
    [
      0.5361444354057312,
      0.7381348609924316
    ],
    [
      0.5476855635643005,
      0.7398731112480164
    ],
    [
      0.5573594570159912,
      0.7391780614852905
    ],
    [
      0.5145854949951172,
      0.7215286493301392
    ],
    [
      0.45345649123191833,
      0.6995567083358765
    ],
    [
      0.4080653488636017,
      0.6858940124511719
    ],
    [
      0.39787259697914124,
      0.682044267654419
    ],
    [
      0.40104734897613525,
      0.6821670532226562
    ],
    [
      0.414223849773407,
      0.6852836012840271
    ]
  ]
}