{
  "input": [
    [
      0.47262483835220337,
      0.6537476181983948
    ],
    [
      0.47756895422935486,
      0.6534082889556885
    ],
    [
      0.4824342429637909,
      0.6531496047973633
    ],
    [
      0.4874300956726074,
      0.6525301337242126
    ],
    [
      0.49276578426361084,
      0.6511083841323853
    ],
    [
      0.498207688331604,
      0.6506605744361877
    ],
    [
      0.503617525100708,
      0.6504432559013367
    ],
    [
      0.5089268088340759,
      0.6501079797744751
    ],
    [
      0.5140670537948608,
      0.6493062376976013
    ],
    [
      0.5186547636985779,
      0.6491040587425232
    ],
    [
      0.522706151008606,
      0.6483655571937561
    ],
    [
      0.5018998980522156,
      0.6535419821739197
    ],
    [
      0.43191468715667725,
      0.671084463596344
    ],
    [
      0.38783764839172363,
      0.6866493225097656
    ],
    [
      0.3662739098072052,
      0.6987216472625732
    ]
  ],
  "target": [
    [
      0.3634427487850189,
      0.706881046295166
    ],
    [
      0.37556353211402893,
      0.7107070088386536
    ],
    [
      0.39630621671676636,
      0.711724042892456
    ],
    [
      0.4155460596084595,
      0.7125212550163269
    ],
    [
      0.4327046573162079,
      0.7134761214256287
    ],
    [
      0.44720354676246643,
      0.7149659395217896
    ],
    [
      0.45886003971099854,
      0.7161399126052856
    ],
    [
      0.46927693486213684,
      0.7165822982788086
    ],
    [
      0.47910693287849426,
      0.7166281342506409
    ],
    [
      0.48900264501571655,
      0.7166126370429993
    ],
    [
      0.4994961619377136,
      0.7153218984603882
    ],
    [
      0.5104014873504639,
      0.7142958045005798
    ],
    [
      0.521484911441803,
      0.7139251232147217
    ],
    [
      0.5325126051902771,
      0.714600682258606
    ],
    [
      0.542722225189209,
      0.7127577662467957
    ]
  ]
}