{
  "input": [
    [
      0.5172479748725891,
      0.5593621730804443
    ],
    [
      0.5176689028739929,
      0.5596751570701599
    ],
    [
      0.5182881951332092,
      0.5598885416984558
    ],
    [
      0.5189040303230286,
      0.560094952583313
    ],
    [
      0.5194175243377686,
      0.5600954294204712
    ],
    [
      0.519949197769165,
      0.5600802302360535
    ],
    [
      0.5208233594894409,
      0.5597724318504333
    ],
    [
      0.5216758847236633,
      0.5594744086265564
    ],
    [
      0.5222341418266296,
      0.5593093633651733
    ],
    [
      0.5228407979011536,
      0.5591449737548828
    ],
    [
      0.5239599347114563,
      0.5589870810508728
    ],
    [
      0.5250357389450073,
      0.5588307976722717
    ],
    [
      0.5257379412651062,
      0.5586891174316406
    ],
    [
      0.526497483253479,
      0.558620274066925
    ],
    [
      0.5276708602905273,
      0.559076726436615
    ]
  ],
  "target": [
    [
      0.5288103818893433,
      0.5595241785049438
    ],
    [
      0.5297412276268005,
      0.5599163770675659
    ],
    [
      0.5307775139808655,
      0.5602380633354187
    ],
    [
      0.532378077507019,
      0.5601822137832642
    ],
    [
      0.533959686756134,
      0.5601581335067749
    ],
    [
      0.5354522466659546,
      0.5602834224700928
    ],
    [
      0.5368295907974243,
      0.5604174733161926
    ],
    [
      0.5377249717712402,
      0.560588002204895
    ],
    [
      0.5386136770248413,
      0.5606680512428284
    ],
    [
      0.5394772291183472,
      0.5604092478752136
    ],
    [
      0.5404549241065979,
      0.5603146553039551
    ],
    [
      0.5418177247047424,
      0.5607743859291077
    ],
    [
      0.5430787205696106,
      0.5611487030982971
    ],
    [
      0.5440284609794617,
      0.5612617135047913
    ],
    [
      0.5451169610023499,
      0.5613572597503662
    ]
  ]
}