{
  "input": [
    [
      0.6467370390892029,
      0.5651795864105225
    ],
    [
      0.6469053626060486,
      0.5652338862419128
    ],
    [
      0.6470661759376526,
      0.5652925372123718
    ],
    [
      0.6471509337425232,
      0.5653966069221497
    ],
    [
      0.6472295522689819,
      0.5655122995376587
    ],
    [
      0.6472573280334473,
      0.5657250285148621
    ],
    [
      0.647265613079071,
      0.5659096240997314
    ],
    [
      0.6471373438835144,
      0.5658966898918152
    ],
    [
      0.6469924449920654,
      0.5658820271492004
    ],
    [
      0.6467476487159729,
      0.5658566951751709
    ],
    [
      0.646515965461731,
      0.5658283829689026
    ],
    [
      0.6463529467582703,
      0.5657843351364136
    ],
    [
      0.6461266875267029,
      0.565741777420044
    ],
    [
      0.6456083655357361,
      0.5657059550285339
    ],
    [
      0.6451036930084229,
      0.5656874179840088
    ]
  ],
  "target": [
    [
      0.6446552872657776,
      0.5657397508621216
    ],
    [
      0.6441290974617004,
      0.5658083558082581
    ],
    [
      0.6433171033859253,
      0.5659366250038147
    ],
    [
      0.6425485610961914,
      0.566027045249939
    ],
    [
      0.6419243812561035,
      0.5659918785095215
    ],
    [
      0.641244113445282,
      0.5659348368644714
    ],
    [
      0.6403950452804565,
      0.565811812877655
    ],
    [
      0.6396059989929199,
      0.5656958818435669
    ],
    [
      0.6389816403388977,
      0.5655993819236755
    ],
    [
      0.6382701992988586,
      0.5655362606048584
    ],
    [
      0.6373404264450073,
      0.5655568838119507
    ],
    [
      0.636394739151001,
      0.5654850006103516
    ],
    [
      0.6354125142097473,
      0.5651999711990356
    ],
    [
      0.6344731450080872,
      0.5650280117988586
    ],
    [
      0.6336247324943542,
      0.5650957226753235
    ]
  ]
}