{
  "input": [
    [
      0.4709022343158722,
      0.7738750576972961
    ],
    [
      0.47145742177963257,
      0.7743075489997864
    ],
    [
      0.47170382738113403,
      0.7746661305427551
    ],
    [
      0.4718116223812103,
      0.7748520970344543
    ],
    [
      0.4716845452785492,
      0.7747455835342407
    ],
    [
      0.47145456075668335,
      0.7745615839958191
    ],
    [
      0.4710627496242523,
      0.7742558121681213
    ],
    [
      0.47080278396606445,
      0.7740694880485535
    ],
    [
      0.4707351326942444,
      0.7740573883056641
    ],
    [
      0.47079676389694214,
      0.7743156552314758
    ],
    [
      0.4710336923599243,
      0.7749404311180115
    ],
    [
      0.47190818190574646,
      0.7760472893714905
    ],
    [
      0.4735865890979767,
      0.7777618765830994
    ],
    [
      0.47518450021743774,
      0.7794375419616699
    ],
    [
      0.4766879379749298,
      0.7810674905776978
    ]
  ],
  "target": [
    [
      0.47832363843917847,
      0.7822123765945435
    ],
    [
      0.48010385036468506,
      0.7828273773193359
    ],
    [
      0.48216959834098816,
      0.7836116552352905
    ],
    [
      0.48452574014663696,
      0.784568190574646
    ],
    [
      0.4890103042125702,
      0.7852312922477722
    ],
    [
      0.4955112338066101,
      0.7856164574623108
    ],
    [
      0.501697838306427,
      0.7857682108879089
    ],
    [
      0.5076072812080383,
      0.7857141494750977
    ],
    [
      0.5164005756378174,
      0.7854487895965576
    ],
    [
      0.5275617241859436,
      0.7850098609924316
    ],
    [
      0.5366161465644836,
      0.785059928894043
    ],
    [
      0.5440612435340881,
      0.7854835391044617
    ],
    [
      0.5514689087867737,
      0.7854997515678406
    ],
    [
      0.5588499903678894,
      0.785226583480835
    ],
    [
      0.5670503973960876,
      0.7849183678627014
    ]
  ],
  "meta": {
    "video_name": "test2.mp4",
    "video_stem": "test2",
    "video_path": "E:\\desktop\\open\\lstm-akf\\data\\video\\test2.mp4",
    "fps": 40.0,
    "segment_index": 116,
    "sample_index": 160,
    "start_frame_index": 150,
    "history_end_frame_index": 164,
    "target_end_frame_index": 179,
    "history_frame_indices": [
      150,
      151,
      152,
      153,
      154,
      155,
      156,
      157,
      158,
      159,
      160,
      161,
      162,
      163,
      164
    ],
    "target_frame_indices": [
      165,
      166,
      167,
      168,
      169,
      170,
      171,
      172,
      173,
      174,
      175,
      176,
      177,
      178,
      179
    ],
    "history_timestamps": [
      276.6485566929409,
      276.67355669294085,
      276.6985566929408,
      276.7235566929408,
      276.7485566929408,
      276.77355669294076,
      276.79855669294074,
      276.8235566929407,
      276.8485566929407,
      276.87355669294067,
      276.89855669294064,
      276.9235566929406,
      276.9485566929406,
      276.9735566929406,
      276.99855669294055
    ],
    "target_timestamps": [
      277.02355669294053,
      277.0485566929405,
      277.0735566929405,
      277.09855669294046,
      277.12355669294044,
      277.1485566929404,
      277.1735566929404,
      277.1985566929404,
      277.22355669294035,
      277.2485566929403,
      277.2735566929403,
      277.2985566929403,
      277.32355669294026,
      277.34855669294024,
      277.3735566929402
    ]
  }
}