{
  "input": [
    [
      0.4711745083332062,
      0.5758180022239685
    ],
    [
      0.46901774406433105,
      0.575851321220398
    ],
    [
      0.4668695628643036,
      0.5758845210075378
    ],
    [
      0.46519216895103455,
      0.5759104490280151
    ],
    [
      0.46339163184165955,
      0.5759376883506775
    ],
    [
      0.45825648307800293,
      0.5760000348091125
    ],
    [
      0.4531536400318146,
      0.576054036617279
    ],
    [
      0.4486236572265625,
      0.5759608149528503
    ],
    [
      0.44426900148391724,
      0.5758735537528992
    ],
    [
      0.4422001838684082,
      0.575863778591156
    ],
    [
      0.44005030393600464,
      0.5758058428764343
    ],
    [
      0.43707075715065,
      0.5752549171447754
    ]
  ],
  "target": [
    [
      0.43423524498939514,
      0.574741542339325
    ],
    [
      0.4326036274433136,
      0.5745426416397095
    ],
    [
      0.43098825216293335,
      0.574318528175354
    ],
    [
      0.4294869899749756,
      0.5739173889160156
    ],
    [
      0.4280519187450409,
      0.5735059976577759
    ],
    [
      0.42701542377471924,
      0.5730335712432861
    ],
    [
      0.4287509620189667,
      0.5740649104118347
    ],
    [
      0.4450123906135559,
      0.5829765796661377
    ],
    [
      0.45992013812065125,
      0.591068685054779
    ],
    [
      0.4685790538787842,
      0.5953775644302368
    ],
    [
      0.4722166061401367,
      0.5979487299919128
    ],
    [
      0.45523887872695923,
      0.5933858752250671
    ],
    [
      0.44047215580940247,
      0.5896314382553101
    ],
    [
      0.43384218215942383,
      0.5888519883155823
    ],
    [
      0.42660635709762573,
      0.5878927707672119
    ]
  ],
  "meta": {
    "video_name": "test2.mp4",
    "video_stem": "test2",
    "video_path": "E:\\desktop\\open\\lstm-akf\\data\\video\\test2.mp4",
    "fps": 40.0,
    "segment_index": 173,
    "sample_index": 7,
    "start_frame_index": 0,
    "history_end_frame_index": 11,
    "target_end_frame_index": 26,
    "history_frame_indices": [
      0,
      1,
      2,
      3,
      4,
      5,
      6,
      7,
      8,
      9,
      10,
      11
    ],
    "target_frame_indices": [
      12,
      13,
      14,
      15,
      16,
      17,
      18,
      19,
      20,
      21,
      22,
      23,
      24,
      25,
      26
    ],
    "history_timestamps": [
      418.9862532847002,
      419.01125328470016,
      419.03625328470014,
      419.0612532847001,
      419.0862532847001,
      419.11125328470007,
      419.13625328470005,
      419.1612532847,
      419.1862532847,
      419.2112532847,
      419.23625328469996,
      419.26125328469993
    ],
    "target_timestamps": [
      419.2862532846999,
      419.3112532846999,
      419.33625328469986,
      419.36125328469984,
      419.3862532846998,
      419.4112532846998,
      419.4362532846998,
      419.46125328469975,
      419.4862532846997,
      419.5112532846997,
      419.5362532846997,
      419.56125328469966,
      419.58625328469964,
      419.6112532846996,
      419.6362532846996
    ]
  }
}