{
  "input": [
    [
      0.6075051426887512,
      0.5615451335906982
    ],
    [
      0.6070114374160767,
      0.5614565014839172
    ],
    [
      0.606512725353241,
      0.5613791346549988
    ],
    [
      0.60597825050354,
      0.561383068561554
    ],
    [
      0.605424165725708,
      0.5614250898361206
    ],
    [
      0.6047491431236267,
      0.5617019534111023
    ],
    [
      0.6041070818901062,
      0.5619717240333557
    ],
    [
      0.603641152381897,
      0.5622037649154663
    ],
    [
      0.6032536029815674,
      0.5624143481254578
    ],
    [
      0.6032347679138184,
      0.5625236630439758
    ],
    [
      0.6032917499542236,
      0.5625816583633423
    ],
    [
      0.6036659479141235,
      0.5624249577522278
    ],
    [
      0.604043185710907,
      0.5622512102127075
    ],
    [
      0.6044321060180664,
      0.5620134472846985
    ],
    [
      0.6039971113204956,
      0.5616472959518433
    ]
  ],
  "target": [
    [
      0.6007819771766663,
      0.5608481764793396
    ],
    [
      0.5981306433677673,
      0.5601759552955627
    ],
    [
      0.597203254699707,
      0.559891939163208
    ],
    [
      0.597891092300415,
      0.5598642826080322
    ],
    [
      0.6030766367912292,
      0.5605504512786865
    ],
    [
      0.6073200106620789,
      0.5611047148704529
    ],
    [
      0.6091648936271667,
      0.5613229870796204
    ],
    [
      0.6105477213859558,
      0.5614891648292542
    ],
    [
      0.6108518242835999,
      0.5615336298942566
    ],
    [
      0.6109917759895325,
      0.5615769624710083
    ],
    [
      0.6107792854309082,
      0.5616178512573242
    ],
    [
      0.6101121306419373,
      0.5616194009780884
    ],
    [
      0.6085441708564758,
      0.561542809009552
    ],
    [
      0.6069090366363525,
      0.5614767670631409
    ],
    [
      0.6051508188247681,
      0.5614299178123474
    ]
  ]
}