{
  "input": [
    [
      0.6441627740859985,
      0.5598218441009521
    ],
    [
      0.6448103785514832,
      0.5595692992210388
    ],
    [
      0.6456488966941833,
      0.5596232414245605
    ],
    [
      0.6464157104492188,
      0.5596662163734436
    ],
    [
      0.6466208696365356,
      0.5596234798431396
    ],
    [
      0.6467886567115784,
      0.5596184134483337
    ],
    [
      0.6467090249061584,
      0.5598634481430054
    ],
    [
      0.6466288566589355,
      0.5601116418838501
    ],
    [
      0.6465460062026978,
      0.5603779554367065
    ],
    [
      0.646497368812561,
      0.5606061816215515
    ],
    [
      0.6466196775436401,
      0.5606436729431152
    ],
    [
      0.6467371582984924,
      0.5606496334075928
    ],
    [
      0.6468332409858704,
      0.5605161786079407
    ],
    [
      0.6470168828964233,
      0.5604066252708435
    ],
    [
      0.6475459337234497,
      0.5603914856910706
    ]
  ],
  "target": [
    [
      0.648102879524231,
      0.5604106783866882
    ],
    [
      0.6487586498260498,
      0.5605517029762268
    ],
    [
      0.6495240926742554,
      0.5607054233551025
    ],
    [
      0.6506407856941223,
      0.5608999133110046
    ],
    [
      0.6515709161758423,
      0.5610271692276001
    ],
    [
      0.6519580483436584,
      0.5609586834907532
    ],
    [
      0.6516391634941101,
      0.5606451630592346
    ],
    [
      0.6494446396827698,
      0.5596806406974792
    ],
    [
      0.647854745388031,
      0.5587925910949707
    ],
    [
      0.6477360725402832,
      0.5580905079841614
    ],
    [
      0.6484061479568481,
      0.5577622056007385
    ],
    [
      0.6508394479751587,
      0.558269739151001
    ],
    [
      0.6521257162094116,
      0.5589377880096436
    ],
    [
      0.6510497331619263,
      0.5599364042282104
    ],
    [
      0.6472165584564209,
      0.5612311959266663
    ]
  ]
}