{
  "input": [
    [
      0.5338961482048035,
      0.5573290586471558
    ],
    [
      0.5331279039382935,
      0.5571768283843994
    ],
    [
      0.5321404337882996,
      0.557039737701416
    ],
    [
      0.5306757092475891,
      0.5569356083869934
    ],
    [
      0.5294104218482971,
      0.5567684769630432
    ],
    [
      0.5285451412200928,
      0.5564748644828796
    ],
    [
      0.5274185538291931,
      0.5564390420913696
    ],
    [
      0.5258074998855591,
      0.5568810105323792
    ],
    [
      0.5244438052177429,
      0.5572447776794434
    ],
    [
      0.5235045552253723,
      0.5574743747711182
    ],
    [
      0.5220388174057007,
      0.5575287938117981
    ],
    [
      0.5197357535362244,
      0.5573046803474426
    ],
    [
      0.5179280042648315,
      0.5571079254150391
    ],
    [
      0.516851544380188,
      0.5569515228271484
    ],
    [
      0.5160119533538818,
      0.5567554235458374
    ]
  ],
  "target": [
    [
      0.5154972672462463,
      0.5565047264099121
    ],
    [
      0.5150173306465149,
      0.5562493205070496
    ],
    [
      0.5145816206932068,
      0.5559878945350647
    ],
    [
      0.5142562389373779,
      0.5556840896606445
    ],
    [
      0.5140617489814758,
      0.5553300380706787
    ],
    [
      0.5137239098548889,
      0.5549960732460022
    ],
    [
      0.5132278203964233,
      0.5546844601631165
    ],
    [
      0.5128819346427917,
      0.5545272827148438
    ],
    [
      0.5126907825469971,
      0.5545290112495422
    ],
    [
      0.512563169002533,
      0.5545482635498047
    ],
    [
      0.5124963521957397,
      0.554584264755249
    ],
    [
      0.5124732851982117,
      0.5546973943710327
    ],
    [
      0.5124891996383667,
      0.554879367351532
    ],
    [
      0.5125395059585571,
      0.5550140142440796
    ],
    [
      0.5126184225082397,
      0.5551093816757202
    ]
  ]
}