{
  "input": [
    [
      0.5502055287361145,
      0.5603597164154053
    ],
    [
      0.5507391095161438,
      0.5603762865066528
    ],
    [
      0.551286518573761,
      0.5603538751602173
    ],
    [
      0.5519141554832458,
      0.5601040124893188
    ],
    [
      0.5524906516075134,
      0.5598607063293457
    ],
    [
      0.5528070330619812,
      0.5596503615379333
    ],
    [
      0.5531598925590515,
      0.5595149993896484
    ],
    [
      0.5536766648292542,
      0.5597159266471863
    ],
    [
      0.5541733503341675,
      0.5599200129508972
    ],
    [
      0.5545896887779236,
      0.560136616230011
    ],
    [
      0.5550543069839478,
      0.5603161454200745
    ],
    [
      0.5556925535202026,
      0.5603628158569336
    ],
    [
      0.5562573075294495,
      0.5603733062744141
    ],
    [
      0.5565836429595947,
      0.560266375541687
    ],
    [
      0.5568632483482361,
      0.5601198673248291
    ]
  ],
  "target": [
    [
      0.5570050477981567,
      0.5598565936088562
    ],
    [
      0.5570932626724243,
      0.5596330761909485
    ],
    [
      0.5570375323295593,
      0.559516191482544
    ],
    [
      0.5568804144859314,
      0.5593996644020081
    ],
    [
      0.5564738512039185,
      0.5592839121818542
    ],
    [
      0.556090772151947,
      0.5591921210289001
    ],
    [
      0.5557605624198914,
      0.5591544508934021
    ],
    [
      0.5554009079933167,
      0.5591772198677063
    ],
    [
      0.5549800395965576,
      0.5593256950378418
    ],
    [
      0.5546193718910217,
      0.5594534873962402
    ],
    [
      0.5543745160102844,
      0.5595417022705078
    ],
    [
      0.5539778470993042,
      0.5594699382781982
    ],
    [
      0.5533117651939392,
      0.5591140389442444
    ],
    [
      0.5527313947677612,
      0.5588324666023254
    ],
    [
      0.5522922873497009,
      0.5586731433868408
    ]
  ]
}