{
  "input": [
    [
      0.549684464931488,
      0.5644546747207642
    ],
    [
      0.5520479679107666,
      0.5639627575874329
    ],
    [
      0.567996084690094,
      0.5617243051528931
    ],
    [
      0.5803977847099304,
      0.5599033832550049
    ],
    [
      0.581025242805481,
      0.5594686269760132
    ],
    [
      0.5811306238174438,
      0.5591491460800171
    ],
    [
      0.5796639919281006,
      0.5591768622398376
    ],
    [
      0.5784881114959717,
      0.5591517686843872
    ],
    [
      0.5781099796295166,
      0.558981716632843
    ],
    [
      0.5772397518157959,
      0.5590393543243408
    ],
    [
      0.5751343965530396,
      0.5596684813499451
    ],
    [
      0.5735025405883789,
      0.5601553320884705
    ],
    [
      0.5729613304138184,
      0.5603145360946655
    ],
    [
      0.5726338624954224,
      0.560438334941864
    ],
    [
      0.5727595686912537,
      0.5604868531227112
    ]
  ],
  "target": [
    [
      0.5730591416358948,
      0.5605010986328125
    ],
    [
      0.5736989378929138,
      0.560448169708252
    ],
    [
      0.5743147730827332,
      0.5604094862937927
    ],
    [
      0.5748873353004456,
      0.5603965520858765
    ],
    [
      0.5755639672279358,
      0.5603756308555603
    ],
    [
      0.576414942741394,
      0.5603413581848145
    ],
    [
      0.5773941874504089,
      0.560292661190033
    ],
    [
      0.5785725116729736,
      0.5602213740348816
    ],
    [
      0.579884946346283,
      0.5601349472999573
    ],
    [
      0.5813907384872437,
      0.5600267052650452
    ],
    [
      0.5830363631248474,
      0.5599026083946228
    ],
    [
      0.5848695039749146,
      0.5597573518753052
    ],
    [
      0.5868483781814575,
      0.5595955848693848
    ],
    [
      0.5890089273452759,
      0.5594132542610168
    ],
    [
      0.5901692509651184,
      0.5593153834342957
    ]
  ],
  "meta": {
    "video_name": "test2.mp4",
    "video_stem": "test2",
    "video_path": "E:\\desktop\\open\\lstm-akf\\data\\video\\test2.mp4",
    "fps": 40.0,
    "segment_index": 121,
    "sample_index": 33,
    "start_frame_index": 23,
    "history_end_frame_index": 37,
    "target_end_frame_index": 52,
    "history_frame_indices": [
      23,
      24,
      25,
      26,
      27,
      28,
      29,
      30,
      31,
      32,
      33,
      34,
      35,
      36,
      37
    ],
    "target_frame_indices": [
      38,
      39,
      40,
      41,
      42,
      43,
      44,
      45,
      46,
      47,
      48,
      49,
      50,
      51,
      52
    ],
    "history_timestamps": [
      310.0450356904729,
      310.0700356904729,
      310.09503569047286,
      310.12003569047283,
      310.1450356904728,
      310.1700356904728,
      310.19503569047276,
      310.22003569047274,
      310.2450356904727,
      310.2700356904727,
      310.2950356904727,
      310.32003569047265,
      310.3450356904726,
      310.3700356904726,
      310.3950356904726
    ],
    "target_timestamps": [
      310.42003569047256,
      310.44503569047254,
      310.4700356904725,
      310.4950356904725,
      310.52003569047247,
      310.54503569047245,
      310.5700356904724,
      310.5950356904724,
      310.6200356904724,
      310.64503569047235,
      310.67003569047233,
      310.6950356904723,
      310.7200356904723,
      310.74503569047226,
      310.77003569047224
    ]
  }
}