{
  "input": [
    [
      0.5953643321990967,
      0.5667447447776794
    ],
    [
      0.5929451584815979,
      0.5666673183441162
    ],
    [
      0.5905299186706543,
      0.5665693879127502
    ],
    [
      0.5877749919891357,
      0.5663036108016968
    ],
    [
      0.5849871635437012,
      0.5660216212272644
    ],
    [
      0.5832490921020508,
      0.5658199191093445
    ],
    [
      0.5815907120704651,
      0.5656242966651917
    ],
    [
      0.5800713300704956,
      0.5660620331764221
    ],
    [
      0.5785597562789917,
      0.5665351152420044
    ],
    [
      0.5776887536048889,
      0.5666400790214539
    ],
    [
      0.5768409371376038,
      0.5667317509651184
    ],
    [
      0.575727641582489,
      0.5667553544044495
    ],
    [
      0.5746098756790161,
      0.5667777061462402
    ],
    [
      0.5737504959106445,
      0.5667006969451904
    ],
    [
      0.5728826522827148,
      0.5666267275810242
    ]
  ],
  "target": [
    [
      0.5715664029121399,
      0.5667145848274231
    ],
    [
      0.5702590942382812,
      0.5668051242828369
    ],
    [
      0.569189190864563,
      0.566968560218811
    ],
    [
      0.5680934190750122,
      0.5671265125274658
    ],
    [
      0.5665460228919983,
      0.5671879649162292
    ],
    [
      0.5650354027748108,
      0.5672469735145569
    ],
    [
      0.5640000700950623,
      0.567273736000061
    ],
    [
      0.5629065632820129,
      0.5673016905784607
    ],
    [
      0.5612223744392395,
      0.5673413872718811
    ],
    [
      0.5595837235450745,
      0.5673599243164062
    ],
    [
      0.5583239197731018,
      0.5672023892402649
    ],
    [
      0.5570400357246399,
      0.5671208500862122
    ],
    [
      0.5555883049964905,
      0.5675700306892395
    ],
    [
      0.5541330575942993,
      0.5680007338523865
    ],
    [
      0.5526567101478577,
      0.5683208703994751
    ]
  ]
}