{
  "input": [
    [
      0.5305248498916626,
      0.5755613446235657
    ],
    [
      0.5316289663314819,
      0.5754439234733582
    ],
    [
      0.5326943397521973,
      0.5753108859062195
    ],
    [
      0.5336001515388489,
      0.5751135945320129
    ],
    [
      0.5286675095558167,
      0.5759401321411133
    ],
    [
      0.5022490620613098,
      0.5805344581604004
    ],
    [
      0.4848063886165619,
      0.5835835933685303
    ],
    [
      0.4971640408039093,
      0.5815028548240662
    ],
    [
      0.5089656710624695,
      0.5794788002967834
    ],
    [
      0.519092857837677,
      0.5776256322860718
    ],
    [
      0.5274735689163208,
      0.5760456323623657
    ],
    [
      0.5310620665550232,
      0.5752151608467102
    ],
    [
      0.5336864590644836,
      0.5745943784713745
    ],
    [
      0.5338910222053528,
      0.5744999051094055
    ],
    [
      0.5332493185997009,
      0.5745925307273865
    ]
  ],
  "target": [
    [
      0.5306582450866699,
      0.575115978717804
    ],
    [
      0.5279361605644226,
      0.5755375027656555
    ],
    [
      0.5249363780021667,
      0.5757430195808411
    ],
    [
      0.5219150185585022,
      0.5759817361831665
    ],
    [
      0.5188512802124023,
      0.5762854814529419
    ],
    [
      0.5153526067733765,
      0.5766494274139404
    ],
    [
      0.5110674500465393,
      0.577122151851654
    ],
    [
      0.5063256025314331,
      0.5776581168174744
    ],
    [
      0.5008189678192139,
      0.5782999396324158
    ],
    [
      0.4966738522052765,
      0.577921450138092
    ],
    [
      0.4946427047252655,
      0.5759588479995728
    ],
    [
      0.491178423166275,
      0.5746849775314331
    ],
    [
      0.48564785718917847,
      0.5744040012359619
    ],
    [
      0.48124000430107117,
      0.574344277381897
    ],
    [
      0.4783366620540619,
      0.5745810866355896
    ]
  ],
  "meta": {
    "video_name": "test2.mp4",
    "video_stem": "test2",
    "video_path": "E:\\desktop\\open\\lstm-akf\\data\\video\\test2.mp4",
    "fps": 40.0,
    "segment_index": 172,
    "sample_index": 30,
    "start_frame_index": 20,
    "history_end_frame_index": 34,
    "target_end_frame_index": 49,
    "history_frame_indices": [
      20,
      21,
      22,
      23,
      24,
      25,
      26,
      27,
      28,
      29,
      30,
      31,
      32,
      33,
      34
    ],
    "target_frame_indices": [
      35,
      36,
      37,
      38,
      39,
      40,
      41,
      42,
      43,
      44,
      45,
      46,
      47,
      48,
      49
    ],
    "history_timestamps": [
      416.90940110601207,
      416.93440110601205,
      416.959401106012,
      416.984401106012,
      417.009401106012,
      417.03440110601196,
      417.05940110601193,
      417.0844011060119,
      417.1094011060119,
      417.13440110601186,
      417.15940110601184,
      417.1844011060118,
      417.2094011060118,
      417.2344011060118,
      417.25940110601175
    ],
    "target_timestamps": [
      417.2844011060117,
      417.3094011060117,
      417.3344011060117,
      417.35940110601166,
      417.38440110601164,
      417.4094011060116,
      417.4344011060116,
      417.45940110601157,
      417.48440110601155,
      417.5094011060115,
      417.5344011060115,
      417.5594011060115,
      417.58440110601146,
      417.60940110601143,
      417.6344011060114
    ]
  }
}