{
  "input": [
    [
      0.529718816280365,
      0.5763233304023743
    ],
    [
      0.5301430225372314,
      0.575789213180542
    ],
    [
      0.5305819511413574,
      0.5753146409988403
    ],
    [
      0.5311105251312256,
      0.5752050280570984
    ],
    [
      0.5317705869674683,
      0.5750402212142944
    ],
    [
      0.5331310033798218,
      0.5745814442634583
    ],
    [
      0.5344580411911011,
      0.5741804242134094
    ],
    [
      0.5356288552284241,
      0.5740501284599304
    ],
    [
      0.5369917750358582,
      0.5739368796348572
    ],
    [
      0.5391547083854675,
      0.5738946795463562
    ],
    [
      0.5411979556083679,
      0.5738782286643982
    ],
    [
      0.5427950024604797,
      0.5739576816558838
    ],
    [
      0.5445525646209717,
      0.5740029215812683
    ],
    [
      0.5468500852584839,
      0.5739331245422363
    ],
    [
      0.5490646958351135,
      0.5739614963531494
    ]
  ],
  "target": [
    [
      0.551026463508606,
      0.5742890238761902
    ],
    [
      0.5532165765762329,
      0.5745750069618225
    ],
    [
      0.5560404658317566,
      0.5747456550598145
    ],
    [
      0.5584516525268555,
      0.5748911499977112
    ],
    [
      0.5598154067993164,
      0.5749729871749878
    ],
    [
      0.5560319423675537,
      0.5738581418991089
    ],
    [
      0.5402648448944092,
      0.5699571371078491
    ],
    [
      0.5274714231491089,
      0.5666061639785767
    ],
    [
      0.5210475325584412,
      0.5644334554672241
    ],
    [
      0.5168527960777283,
      0.562759280204773
    ],
    [
      0.5170616507530212,
      0.5620699524879456
    ],
    [
      0.5180347561836243,
      0.5618513226509094
    ],
    [
      0.520403265953064,
      0.5624918937683105
    ],
    [
      0.5226951837539673,
      0.5630757808685303
    ],
    [
      0.5248575806617737,
      0.5635636448860168
    ]
  ]
}