{
  "input": [
    [
      0.5267983078956604,
      0.5576802492141724
    ],
    [
      0.5306835770606995,
      0.5576419830322266
    ],
    [
      0.5331912040710449,
      0.5576598048210144
    ],
    [
      0.5352498292922974,
      0.5576958060264587
    ],
    [
      0.5372771620750427,
      0.5580461621284485
    ],
    [
      0.5392952561378479,
      0.5584894418716431
    ],
    [
      0.5413870215415955,
      0.5582969188690186
    ],
    [
      0.5434983968734741,
      0.5579352974891663
    ],
    [
      0.5457836389541626,
      0.55812007188797
    ],
    [
      0.54811030626297,
      0.5584350824356079
    ],
    [
      0.5498339533805847,
      0.5589023232460022
    ],
    [
      0.5514300465583801,
      0.5594017505645752
    ],
    [
      0.5533125400543213,
      0.5594848990440369
    ],
    [
      0.5552483201026917,
      0.5594906210899353
    ],
    [
      0.5565845966339111,
      0.5596436262130737
    ]
  ],
  "target": [
    [
      0.5578240752220154,
      0.5598204731941223
    ],
    [
      0.5589649677276611,
      0.5599797964096069
    ],
    [
      0.5600922703742981,
      0.5601367354393005
    ],
    [
      0.5609862804412842,
      0.5602796673774719
    ],
    [
      0.5618533492088318,
      0.5604209303855896
    ],
    [
      0.5624824166297913,
      0.560547947883606
    ],
    [
      0.5630893111228943,
      0.5606735944747925
    ],
    [
      0.5648038983345032,
      0.5605790019035339
    ],
    [
      0.5665990710258484,
      0.5604683756828308
    ],
    [
      0.5681347846984863,
      0.5601478815078735
    ],
    [
      0.5696569681167603,
      0.5598163604736328
    ],
    [
      0.570885956287384,
      0.5596752762794495
    ],
    [
      0.5721052885055542,
      0.5595404505729675
    ],
    [
      0.5734420418739319,
      0.5592693090438843
    ],
    [
      0.5747817158699036,
      0.5589982271194458
    ]
  ]
}