{
  "input": [
    [
      0.49481987953186035,
      0.5639641284942627
    ],
    [
      0.4953831136226654,
      0.5639309883117676
    ],
    [
      0.4959905743598938,
      0.5639495849609375
    ],
    [
      0.49669817090034485,
      0.5640830397605896
    ],
    [
      0.49758681654930115,
      0.5644242167472839
    ],
    [
      0.4984742999076843,
      0.5647092461585999
    ],
    [
      0.49935975670814514,
      0.5649003386497498
    ],
    [
      0.5003556609153748,
      0.5650648474693298
    ],
    [
      0.5015231370925903,
      0.5651882290840149
    ],
    [
      0.5026317238807678,
      0.5652266144752502
    ],
    [
      0.5036553740501404,
      0.5651425123214722
    ],
    [
      0.5051453709602356,
      0.5650767683982849
    ],
    [
      0.5072603821754456,
      0.5650357604026794
    ],
    [
      0.5090214014053345,
      0.5649716258049011
    ],
    [
      0.5103411674499512,
      0.5648787617683411
    ]
  ],
  "target": [
    [
      0.5116191506385803,
      0.5650632977485657
    ],
    [
      0.5128487348556519,
      0.5655695796012878
    ],
    [
      0.5138705968856812,
      0.5659409761428833
    ],
    [
      0.5146682858467102,
      0.5661666393280029
    ],
    [
      0.515588641166687,
      0.5663099884986877
    ],
    [
      0.5166324377059937,
      0.5663704872131348
    ],
    [
      0.5175580382347107,
      0.56643146276474
    ],
    [
      0.5183730125427246,
      0.5664928555488586
    ],
    [
      0.5195822715759277,
      0.5665540099143982
    ],
    [
      0.5211352705955505,
      0.5666149854660034
    ],
    [
      0.5225701928138733,
      0.5666596293449402
    ],
    [
      0.5239092111587524,
      0.5666911005973816
    ],
    [
      0.5253018736839294,
      0.5667042136192322
    ],
    [
      0.5267350077629089,
      0.5667033791542053
    ],
    [
      0.5271439552307129,
      0.5666983127593994
    ]
  ]
}