{
  "input": [
    [
      0.5251504778862,
      0.668287992477417
    ],
    [
      0.5341355204582214,
      0.6662720441818237
    ],
    [
      0.5424945950508118,
      0.6642855405807495
    ],
    [
      0.5506066083908081,
      0.6622704863548279
    ],
    [
      0.5588504672050476,
      0.660169243812561
    ],
    [
      0.4908949136734009,
      0.674716591835022
    ],
    [
      0.440997451543808,
      0.6886759996414185
    ],
    [
      0.4118623733520508,
      0.700044572353363
    ],
    [
      0.4061940610408783,
      0.7068192958831787
    ],
    [
      0.4200303852558136,
      0.7088268399238586
    ],
    [
      0.4381745159626007,
      0.709111750125885
    ],
    [
      0.45776596665382385,
      0.7083587050437927
    ],
    [
      0.4759442210197449,
      0.7072526216506958
    ],
    [
      0.4897904098033905,
      0.7063490748405457
    ],
    [
      0.501868486404419,
      0.7056398987770081
    ]
  ],
  "target": [
    [
      0.5124062895774841,
      0.7047650218009949
    ],
    [
      0.52163165807724,
      0.7033644914627075
    ],
    [
      0.5305300951004028,
      0.701202929019928
    ],
    [
      0.5393713712692261,
      0.6984714269638062
    ],
    [
      0.5478830337524414,
      0.6952976584434509
    ],
    [
      0.5557929277420044,
      0.6918092966079712
    ],
    [
      0.5637733936309814,
      0.6887528896331787
    ],
    [
      0.5708946585655212,
      0.6855422854423523
    ],
    [
      0.552364706993103,
      0.6757465600967407
    ],
    [
      0.48339149355888367,
      0.6529344916343689
    ],
    [
      0.4404899775981903,
      0.6408443450927734
    ],
    [
      0.4186578094959259,
      0.6346213221549988
    ],
    [
      0.41362878680229187,
      0.6329130530357361
    ],
    [
      0.4211367964744568,
      0.6343673467636108
    ],
    [
      0.4357125759124756,
      0.637788712978363
    ]
  ]
}