{
  "input": [
    [
      0.5636956691741943,
      0.5772484540939331
    ],
    [
      0.5660459399223328,
      0.5770550966262817
    ],
    [
      0.5681362152099609,
      0.5768676400184631
    ],
    [
      0.5697504878044128,
      0.5766907930374146
    ],
    [
      0.5713781714439392,
      0.5765827298164368
    ],
    [
      0.573028564453125,
      0.5765910744667053
    ],
    [
      0.5742771625518799,
      0.5766172409057617
    ],
    [
      0.5748943090438843,
      0.5766714811325073
    ],
    [
      0.5752801895141602,
      0.5766632556915283
    ],
    [
      0.5753287076950073,
      0.576563835144043
    ],
    [
      0.5752683281898499,
      0.5765030384063721
    ],
    [
      0.5750603079795837,
      0.576494574546814
    ],
    [
      0.5749070048332214,
      0.5764537453651428
    ],
    [
      0.574822723865509,
      0.5763721466064453
    ],
    [
      0.5747973918914795,
      0.5763022303581238
    ]
  ],
  "target": [
    [
      0.5748412013053894,
      0.5762460827827454
    ],
    [
      0.5749017000198364,
      0.5762330293655396
    ],
    [
      0.5749804377555847,
      0.5762670636177063
    ],
    [
      0.575055718421936,
      0.5762909650802612
    ],
    [
      0.5751276016235352,
      0.5763046145439148
    ],
    [
      0.5751495957374573,
      0.5763088464736938
    ],
    [
      0.5751243829727173,
      0.576304018497467
    ],
    [
      0.5751087069511414,
      0.5763073563575745
    ],
    [
      0.5751014351844788,
      0.5763178467750549
    ],
    [
      0.5750525593757629,
      0.5763680934906006
    ],
    [
      0.5749695301055908,
      0.5764509439468384
    ],
    [
      0.5749120712280273,
      0.5765274167060852
    ],
    [
      0.574874222278595,
      0.5765989422798157
    ],
    [
      0.5748557448387146,
      0.576637327671051
    ],
    [
      0.5748511552810669,
      0.5766521096229553
    ]
  ],
  "meta": {
    "video_name": "test2.mp4",
    "video_stem": "test2",
    "video_path": "E:\\desktop\\open\\lstm-akf\\data\\video\\test2.mp4",
    "fps": 40.0,
    "segment_index": 34,
    "sample_index": 159,
    "start_frame_index": 149,
    "history_end_frame_index": 163,
    "target_end_frame_index": 178,
    "history_frame_indices": [
      149,
      150,
      151,
      152,
      153,
      154,
      155,
      156,
      157,
      158,
      159,
      160,
      161,
      162,
      163
    ],
    "target_frame_indices": [
      164,
      165,
      166,
      167,
      168,
      169,
      170,
      171,
      172,
      173,
      174,
      175,
      176,
      177,
      178
    ],
    "history_timestamps": [
      80.98101051104136,
      81.00601051104137,
      81.03101051104137,
      81.05601051104138,
      81.08101051104138,
      81.10601051104139,
      81.1310105110414,
      81.1560105110414,
      81.1810105110414,
      81.20601051104141,
      81.23101051104142,
      81.25601051104142,
      81.28101051104143,
      81.30601051104144,
      81.33101051104144
    ],
    "target_timestamps": [
      81.35601051104145,
      81.38101051104145,
      81.40601051104146,
      81.43101051104146,
      81.45601051104147,
      81.48101051104148,
      81.50601051104148,
      81.53101051104149,
      81.55601051104149,
      81.5810105110415,
      81.6060105110415,
      81.63101051104151,
      81.65601051104152,
      81.68101051104152,
      81.70601051104153
    ]
  }
}