{
  "input": [
    [
      0.5632983446121216,
      0.570468008518219
    ],
    [
      0.5646767020225525,
      0.570516049861908
    ],
    [
      0.5670046210289001,
      0.5706201195716858
    ],
    [
      0.5693998336791992,
      0.5707180500030518
    ],
    [
      0.5720426440238953,
      0.5707934498786926
    ],
    [
      0.5748107433319092,
      0.5708714723587036
    ],
    [
      0.5779946446418762,
      0.5709582567214966
    ],
    [
      0.5806065797805786,
      0.5709723830223083
    ],
    [
      0.5814962983131409,
      0.5707675218582153
    ],
    [
      0.5828903913497925,
      0.5706042051315308
    ],
    [
      0.5856684446334839,
      0.570554792881012
    ],
    [
      0.5885129570960999,
      0.5704993009567261
    ],
    [
      0.5915245413780212,
      0.5704284310340881
    ],
    [
      0.5946068167686462,
      0.5703511238098145
    ],
    [
      0.5978519320487976,
      0.5702587962150574
    ]
  ],
  "target": [
    [
      0.5944079160690308,
      0.569190263748169
    ],
    [
      0.5767828226089478,
      0.5660519599914551
    ],
    [
      0.5657617449760437,
      0.5638756155967712
    ],
    [
      0.5676570534706116,
      0.5635805130004883
    ],
    [
      0.5703253149986267,
      0.5634289979934692
    ],
    [
      0.5743908286094666,
      0.5635370016098022
    ],
    [
      0.5784082412719727,
      0.5636959075927734
    ],
    [
      0.5823450088500977,
      0.5639401078224182
    ],
    [
      0.587020754814148,
      0.564292848110199
    ],
    [
      0.5928438305854797,
      0.5648142099380493
    ],
    [
      0.5967080593109131,
      0.5649415850639343
    ],
    [
      0.5977481007575989,
      0.5645008683204651
    ],
    [
      0.6008588075637817,
      0.5643815398216248
    ],
    [
      0.6067444086074829,
      0.5646927952766418
    ],
    [
      0.6127917170524597,
      0.5650360584259033
    ]
  ],
  "meta": {
    "video_name": "test2.mp4",
    "video_stem": "test2",
    "video_path": "E:\\desktop\\open\\lstm-akf\\data\\video\\test2.mp4",
    "fps": 40.0,
    "segment_index": 13,
    "sample_index": 31,
    "start_frame_index": 21,
    "history_end_frame_index": 35,
    "target_end_frame_index": 50,
    "history_frame_indices": [
      21,
      22,
      23,
      24,
      25,
      26,
      27,
      28,
      29,
      30,
      31,
      32,
      33,
      34,
      35
    ],
    "target_frame_indices": [
      36,
      37,
      38,
      39,
      40,
      41,
      42,
      43,
      44,
      45,
      46,
      47,
      48,
      49,
      50
    ],
    "history_timestamps": [
      32.14099403851431,
      32.165994038514306,
      32.190994038514305,
      32.2159940385143,
      32.2409940385143,
      32.2659940385143,
      32.2909940385143,
      32.3159940385143,
      32.340994038514296,
      32.365994038514295,
      32.39099403851429,
      32.41599403851429,
      32.44099403851429,
      32.46599403851429,
      32.49099403851429
    ],
    "target_timestamps": [
      32.515994038514286,
      32.540994038514285,
      32.56599403851428,
      32.59099403851428,
      32.61599403851428,
      32.64099403851428,
      32.66599403851428,
      32.690994038514276,
      32.715994038514275,
      32.74099403851427,
      32.76599403851427,
      32.79099403851427,
      32.81599403851427,
      32.84099403851427,
      32.865994038514266
    ]
  }
}