{
  "input": [
    [
      0.5538603663444519,
      0.5772920846939087
    ],
    [
      0.5456821322441101,
      0.5785527229309082
    ],
    [
      0.5413697957992554,
      0.579200804233551
    ],
    [
      0.5380336046218872,
      0.5796942710876465
    ],
    [
      0.5369662642478943,
      0.5798479914665222
    ],
    [
      0.5364097356796265,
      0.5799252986907959
    ],
    [
      0.5368090867996216,
      0.579865038394928
    ],
    [
      0.5373985767364502,
      0.5797774791717529
    ],
    [
      0.538040280342102,
      0.5796452164649963
    ],
    [
      0.538690984249115,
      0.5795051455497742
    ],
    [
      0.5391073226928711,
      0.5794269442558289
    ],
    [
      0.5394884943962097,
      0.5793579816818237
    ],
    [
      0.5582655668258667,
      0.5764527916908264
    ],
    [
      0.5793759822845459,
      0.5731878876686096
    ],
    [
      0.5892077088356018,
      0.5716279149055481
    ]
  ],
  "target": [
    [
      0.5978588461875916,
      0.5702463984489441
    ],
    [
      0.5999619364738464,
      0.5697964429855347
    ],
    [
      0.6015191078186035,
      0.5694241523742676
    ],
    [
      0.6000570058822632,
      0.5695343017578125
    ],
    [
      0.598405122756958,
      0.5696747899055481
    ],
    [
      0.59647136926651,
      0.5699769258499146
    ],
    [
      0.5945255160331726,
      0.5702860355377197
    ],
    [
      0.5934659242630005,
      0.5704823732376099
    ],
    [
      0.592427670955658,
      0.5706760287284851
    ],
    [
      0.5921949148178101,
      0.5706698894500732
    ],
    [
      0.5919714570045471,
      0.5706622004508972
    ],
    [
      0.5921295881271362,
      0.5706156492233276
    ],
    [
      0.592288076877594,
      0.570569634437561
    ],
    [
      0.5924590229988098,
      0.5705417990684509
    ],
    [
      0.5926308035850525,
      0.5705137848854065
    ]
  ]
}