{
  "input": [
    [
      0.5303178429603577,
      0.5692148208618164
    ],
    [
      0.5326412320137024,
      0.569124162197113
    ],
    [
      0.5346366763114929,
      0.5690811276435852
    ],
    [
      0.5358089208602905,
      0.5691576600074768
    ],
    [
      0.5371535420417786,
      0.5691453814506531
    ],
    [
      0.5388953685760498,
      0.5689284205436707
    ],
    [
      0.5404449105262756,
      0.5687463879585266
    ],
    [
      0.5415869355201721,
      0.5686385035514832
    ],
    [
      0.542984127998352,
      0.5685856938362122
    ],
    [
      0.5448803305625916,
      0.5686407089233398
    ],
    [
      0.5465089678764343,
      0.5687134265899658
    ],
    [
      0.5476537346839905,
      0.568818211555481
    ],
    [
      0.5428817272186279,
      0.5679153203964233
    ],
    [
      0.5282031893730164,
      0.5653253197669983
    ],
    [
      0.5168720483779907,
      0.5633366107940674
    ]
  ],
  "target": [
    [
      0.5107386708259583,
      0.5622814297676086
    ],
    [
      0.5074667930603027,
      0.5615773797035217
    ],
    [
      0.5083205699920654,
      0.561379611492157
    ],
    [
      0.5100465416908264,
      0.5613467693328857
    ],
    [
      0.5129411816596985,
      0.5615351796150208
    ],
    [
      0.5153144001960754,
      0.5616366267204285
    ],
    [
      0.5170378088951111,
      0.5616297721862793
    ],
    [
      0.5198467373847961,
      0.5619320273399353
    ],
    [
      0.5239150524139404,
      0.5625928640365601
    ],
    [
      0.5269871354103088,
      0.5628976225852966
    ],
    [
      0.5289832353591919,
      0.5628178119659424
    ],
    [
      0.5304058194160461,
      0.5625931024551392
    ],
    [
      0.5312516093254089,
      0.5622226595878601
    ],
    [
      0.5324535965919495,
      0.562014102935791
    ],
    [
      0.5339890718460083,
      0.561957061290741
    ]
  ],
  "meta": {
    "video_name": "test2.mp4",
    "video_stem": "test2",
    "video_path": "E:\\desktop\\open\\lstm-akf\\data\\video\\test2.mp4",
    "fps": 40.0,
    "segment_index": 36,
    "sample_index": 40,
    "start_frame_index": 30,
    "history_end_frame_index": 44,
    "target_end_frame_index": 59,
    "history_frame_indices": [
      30,
      31,
      32,
      33,
      34,
      35,
      36,
      37,
      38,
      39,
      40,
      41,
      42,
      43,
      44
    ],
    "target_frame_indices": [
      45,
      46,
      47,
      48,
      49,
      50,
      51,
      52,
      53,
      54,
      55,
      56,
      57,
      58,
      59
    ],
    "history_timestamps": [
      92.97157508726535,
      92.99657508726536,
      93.02157508726536,
      93.04657508726537,
      93.07157508726537,
      93.09657508726538,
      93.12157508726538,
      93.14657508726539,
      93.1715750872654,
      93.1965750872654,
      93.2215750872654,
      93.24657508726541,
      93.27157508726542,
      93.29657508726542,
      93.32157508726543
    ],
    "target_timestamps": [
      93.34657508726544,
      93.37157508726544,
      93.39657508726545,
      93.42157508726545,
      93.44657508726546,
      93.47157508726546,
      93.49657508726547,
      93.52157508726548,
      93.54657508726548,
      93.57157508726549,
      93.59657508726549,
      93.6215750872655,
      93.6465750872655,
      93.67157508726551,
      93.69657508726551
    ]
  }
}