{
  "input": [
    [
      0.5987498164176941,
      0.5672558546066284
    ],
    [
      0.5957010984420776,
      0.5673414468765259
    ],
    [
      0.592208981513977,
      0.5674979090690613
    ],
    [
      0.5897110104560852,
      0.5675427317619324
    ],
    [
      0.5941953063011169,
      0.5668032765388489
    ],
    [
      0.5980446934700012,
      0.5661401152610779
    ],
    [
      0.5980719327926636,
      0.5659359693527222
    ],
    [
      0.5981841683387756,
      0.5657503604888916
    ],
    [
      0.5987415909767151,
      0.5656620264053345
    ],
    [
      0.599358320236206,
      0.5655333995819092
    ],
    [
      0.6002489924430847,
      0.5652186274528503
    ],
    [
      0.6011074185371399,
      0.564941942691803
    ],
    [
      0.601833701133728,
      0.5648215413093567
    ],
    [
      0.6024835109710693,
      0.5646519064903259
    ],
    [
      0.6028522253036499,
      0.564301073551178
    ]
  ],
  "target": [
    [
      0.6031599640846252,
      0.5640137791633606
    ],
    [
      0.6032653450965881,
      0.563937246799469
    ],
    [
      0.603440523147583,
      0.5637559294700623
    ],
    [
      0.6038259863853455,
      0.5632590651512146
    ],
    [
      0.6042243242263794,
      0.5628381371498108
    ],
    [
      0.6046580672264099,
      0.5626252889633179
    ],
    [
      0.6051657795906067,
      0.5624136924743652
    ],
    [
      0.6058593988418579,
      0.5622053146362305
    ],
    [
      0.6065699458122253,
      0.5621078014373779
    ],
    [
      0.6073194742202759,
      0.5622658133506775
    ],
    [
      0.6080843806266785,
      0.5624119639396667
    ],
    [
      0.6088817715644836,
      0.5625330805778503
    ],
    [
      0.6097107529640198,
      0.562691330909729
    ],
    [
      0.6106016039848328,
      0.5629221796989441
    ],
    [
      0.6115257143974304,
      0.5631920695304871
    ]
  ],
  "meta": {
    "video_name": "test2.mp4",
    "video_stem": "test2",
    "video_path": "E:\\desktop\\open\\lstm-akf\\data\\video\\test2.mp4",
    "fps": 40.0,
    "segment_index": 49,
    "sample_index": 21,
    "start_frame_index": 11,
    "history_end_frame_index": 25,
    "target_end_frame_index": 40,
    "history_frame_indices": [
      11,
      12,
      13,
      14,
      15,
      16,
      17,
      18,
      19,
      20,
      21,
      22,
      23,
      24,
      25
    ],
    "target_frame_indices": [
      26,
      27,
      28,
      29,
      30,
      31,
      32,
      33,
      34,
      35,
      36,
      37,
      38,
      39,
      40
    ],
    "history_timestamps": [
      116.72889653684754,
      116.75389653684755,
      116.77889653684755,
      116.80389653684756,
      116.82889653684757,
      116.85389653684757,
      116.87889653684758,
      116.90389653684758,
      116.92889653684759,
      116.9538965368476,
      116.9788965368476,
      117.0038965368476,
      117.02889653684761,
      117.05389653684762,
      117.07889653684762
    ],
    "target_timestamps": [
      117.10389653684763,
      117.12889653684763,
      117.15389653684764,
      117.17889653684765,
      117.20389653684765,
      117.22889653684766,
      117.25389653684766,
      117.27889653684767,
      117.30389653684767,
      117.32889653684768,
      117.35389653684769,
      117.37889653684769,
      117.4038965368477,
      117.4288965368477,
      117.45389653684771
    ]
  }
}