{
  "input": [
    [
      0.5962701439857483,
      0.5655426979064941
    ],
    [
      0.5957651734352112,
      0.5655375123023987
    ],
    [
      0.595131516456604,
      0.5655750632286072
    ],
    [
      0.5942463278770447,
      0.5656961798667908
    ],
    [
      0.59341961145401,
      0.565869152545929
    ],
    [
      0.5926984548568726,
      0.5661357045173645
    ],
    [
      0.5918856263160706,
      0.5663846731185913
    ],
    [
      0.5909191966056824,
      0.5666041970252991
    ],
    [
      0.5900087356567383,
      0.5667810440063477
    ],
    [
      0.5891850590705872,
      0.5668916702270508
    ],
    [
      0.5880581736564636,
      0.5668835043907166
    ],
    [
      0.5864940285682678,
      0.5667040944099426
    ],
    [
      0.5851413011550903,
      0.5665168166160583
    ],
    [
      0.5840717554092407,
      0.5663188695907593
    ],
    [
      0.5831350684165955,
      0.5662041306495667
    ]
  ],
  "target": [
    [
      0.5823640823364258,
      0.5661930441856384
    ],
    [
      0.581853985786438,
      0.5661542415618896
    ],
    [
      0.5816465020179749,
      0.5660834312438965
    ],
    [
      0.5816515684127808,
      0.5660209059715271
    ],
    [
      0.5818861722946167,
      0.5659675002098083
    ],
    [
      0.5821453332901001,
      0.565905749797821
    ],
    [
      0.5824291110038757,
      0.56583571434021
    ],
    [
      0.5829082131385803,
      0.5657650232315063
    ],
    [
      0.583570122718811,
      0.5656936168670654
    ],
    [
      0.584405243396759,
      0.5656225085258484
    ],
    [
      0.5853914022445679,
      0.5655516982078552
    ],
    [
      0.5865565538406372,
      0.5654812455177307
    ],
    [
      0.5878669023513794,
      0.5654110312461853
    ],
    [
      0.5883916616439819,
      0.5655983090400696
    ],
    [
      0.588323175907135,
      0.5659800171852112
    ]
  ],
  "meta": {
    "video_name": "test2.mp4",
    "video_stem": "test2",
    "video_path": "E:\\desktop\\open\\lstm-akf\\data\\video\\test2.mp4",
    "fps": 40.0,
    "segment_index": 15,
    "sample_index": 46,
    "start_frame_index": 36,
    "history_end_frame_index": 50,
    "target_end_frame_index": 65,
    "history_frame_indices": [
      36,
      37,
      38,
      39,
      40,
      41,
      42,
      43,
      44,
      45,
      46,
      47,
      48,
      49,
      50
    ],
    "target_frame_indices": [
      51,
      52,
      53,
      54,
      55,
      56,
      57,
      58,
      59,
      60,
      61,
      62,
      63,
      64,
      65
    ],
    "history_timestamps": [
      36.975930501627595,
      37.00093050162759,
      37.02593050162759,
      37.05093050162759,
      37.07593050162759,
      37.10093050162759,
      37.125930501627586,
      37.150930501627585,
      37.17593050162758,
      37.20093050162758,
      37.22593050162758,
      37.25093050162758,
      37.27593050162758,
      37.300930501627576,
      37.325930501627575
    ],
    "target_timestamps": [
      37.35093050162757,
      37.37593050162757,
      37.40093050162757,
      37.42593050162757,
      37.45093050162757,
      37.475930501627566,
      37.500930501627565,
      37.52593050162756,
      37.55093050162756,
      37.57593050162756,
      37.60093050162756,
      37.62593050162756,
      37.650930501627556,
      37.675930501627555,
      37.70093050162755
    ]
  }
}