{
  "input": [
    [
      0.5469366908073425,
      0.5586150884628296
    ],
    [
      0.5453683733940125,
      0.5581775903701782
    ],
    [
      0.5438752770423889,
      0.557827889919281
    ],
    [
      0.5426592826843262,
      0.5578011870384216
    ],
    [
      0.5411176085472107,
      0.5578305125236511
    ],
    [
      0.5384945273399353,
      0.5580457448959351
    ],
    [
      0.5361359119415283,
      0.5581523776054382
    ],
    [
      0.5345737934112549,
      0.5579318404197693
    ],
    [
      0.5330208539962769,
      0.5575572848320007
    ],
    [
      0.5314933061599731,
      0.5567600131034851
    ],
    [
      0.5299230217933655,
      0.5559900999069214
    ],
    [
      0.5282455682754517,
      0.5552889704704285
    ],
    [
      0.5265757441520691,
      0.554534912109375
    ],
    [
      0.5249234437942505,
      0.5536589622497559
    ],
    [
      0.5270196795463562,
      0.5546678900718689
    ]
  ],
  "target": [
    [
      0.5370630621910095,
      0.5596728324890137
    ],
    [
      0.544527530670166,
      0.5633392333984375
    ],
    [
      0.5469481945037842,
      0.564387857913971
    ],
    [
      0.5481457710266113,
      0.5651326775550842
    ],
    [
      0.5471320152282715,
      0.5653282999992371
    ],
    [
      0.5451504588127136,
      0.565183162689209
    ],
    [
      0.5415485501289368,
      0.5644673705101013
    ],
    [
      0.5383478999137878,
      0.5640813112258911
    ],
    [
      0.5357701778411865,
      0.5642071962356567
    ],
    [
      0.5335360169410706,
      0.5640823841094971
    ],
    [
      0.5317971110343933,
      0.5635960698127747
    ],
    [
      0.5294172763824463,
      0.5630072951316833
    ],
    [
      0.5261785387992859,
      0.5622813105583191
    ],
    [
      0.5318241715431213,
      0.561614453792572
    ],
    [
      0.5485435128211975,
      0.5610213875770569
    ]
  ]
}