{
  "input": [
    [
      0.6021814346313477,
      0.5669416189193726
    ],
    [
      0.6019874811172485,
      0.5670401453971863
    ],
    [
      0.6017444133758545,
      0.5673549175262451
    ],
    [
      0.6014981865882874,
      0.5676077008247375
    ],
    [
      0.6012445688247681,
      0.5677139759063721
    ],
    [
      0.6009328365325928,
      0.5677921175956726
    ],
    [
      0.6004945635795593,
      0.567808985710144
    ],
    [
      0.6001210808753967,
      0.5678368210792542
    ],
    [
      0.5998775959014893,
      0.5678867697715759
    ],
    [
      0.5996344089508057,
      0.5679682493209839
    ],
    [
      0.5993918776512146,
      0.5681082010269165
    ],
    [
      0.5991823673248291,
      0.5682264566421509
    ],
    [
      0.5990296602249146,
      0.5683075189590454
    ],
    [
      0.5989349484443665,
      0.568284273147583
    ],
    [
      0.598932683467865,
      0.5680950284004211
    ]
  ],
  "target": [
    [
      0.5988860130310059,
      0.5679663419723511
    ],
    [
      0.5987737774848938,
      0.5679270625114441
    ],
    [
      0.5984715223312378,
      0.5679237246513367
    ],
    [
      0.597908616065979,
      0.5679696202278137
    ],
    [
      0.597392737865448,
      0.5679880976676941
    ],
    [
      0.5969370007514954,
      0.5679715871810913
    ],
    [
      0.5877081155776978,
      0.5666030645370483
    ],
    [
      0.56806480884552,
      0.5636295676231384
    ],
    [
      0.5623521208763123,
      0.562566876411438
    ],
    [
      0.5720341801643372,
      0.5636157989501953
    ],
    [
      0.5787950754165649,
      0.5642510056495667
    ],
    [
      0.582550048828125,
      0.5644603967666626
    ],
    [
      0.5876478552818298,
      0.5648166537284851
    ],
    [
      0.5940325260162354,
      0.5653135180473328
    ],
    [
      0.5950531363487244,
      0.56622713804245
    ]
  ]
}