{
  "input": [
    [
      0.6312762498855591,
      0.5685890316963196
    ],
    [
      0.6339565515518188,
      0.5689740180969238
    ],
    [
      0.6364138126373291,
      0.5695388913154602
    ],
    [
      0.6402907371520996,
      0.5695093870162964
    ],
    [
      0.6444606781005859,
      0.56935715675354
    ],
    [
      0.6336112022399902,
      0.5674891471862793
    ],
    [
      0.6200429797172546,
      0.565310537815094
    ],
    [
      0.6136934161186218,
      0.5643594264984131
    ],
    [
      0.6084749698638916,
      0.5636005997657776
    ],
    [
      0.6084893941879272,
      0.5633042454719543
    ],
    [
      0.6092016100883484,
      0.5630695819854736
    ],
    [
      0.6140559911727905,
      0.5632120966911316
    ],
    [
      0.6193698644638062,
      0.5633963942527771
    ],
    [
      0.6240246891975403,
      0.5637642741203308
    ],
    [
      0.6286206245422363,
      0.5641485452651978
    ]
  ],
  "target": [
    [
      0.6340936422348022,
      0.5642572641372681
    ],
    [
      0.6396268606185913,
      0.5643470883369446
    ],
    [
      0.6410943865776062,
      0.5641632080078125
    ],
    [
      0.642363965511322,
      0.5639660358428955
    ],
    [
      0.6420373320579529,
      0.5640002489089966
    ],
    [
      0.641663670539856,
      0.564041256904602
    ],
    [
      0.6410870552062988,
      0.5640223622322083
    ],
    [
      0.6405091881752014,
      0.5640035271644592
    ],
    [
      0.6400620341300964,
      0.5640803575515747
    ],
    [
      0.6396138668060303,
      0.5641599893569946
    ],
    [
      0.6391262412071228,
      0.5643509030342102
    ],
    [
      0.6386125683784485,
      0.5645297765731812
    ],
    [
      0.6375126242637634,
      0.5644386410713196
    ],
    [
      0.6364282369613647,
      0.5643451809883118
    ],
    [
      0.6355850100517273,
      0.5642165541648865
    ]
  ]
}