{
  "input": [
    [
      0.5053460001945496,
      0.5757514834403992
    ],
    [
      0.5035388469696045,
      0.5762069821357727
    ],
    [
      0.5015599131584167,
      0.5767005681991577
    ],
    [
      0.5039209127426147,
      0.576420247554779
    ],
    [
      0.5130208134651184,
      0.574938178062439
    ],
    [
      0.5193729996681213,
      0.5742347836494446
    ],
    [
      0.5217635631561279,
      0.5746539235115051
    ],
    [
      0.5243775248527527,
      0.5750943422317505
    ],
    [
      0.527290940284729,
      0.5755633115768433
    ],
    [
      0.5288705229759216,
      0.575961172580719
    ],
    [
      0.5287874937057495,
      0.5762702822685242
    ],
    [
      0.5288379192352295,
      0.5764672160148621
    ],
    [
      0.5290430784225464,
      0.5765340924263
    ],
    [
      0.529129683971405,
      0.5765618681907654
    ],
    [
      0.5290882587432861,
      0.5765474438667297
    ]
  ],
  "target": [
    [
      0.5290873050689697,
      0.5765290856361389
    ],
    [
      0.5291271805763245,
      0.5765067934989929
    ],
    [
      0.529445469379425,
      0.5765228271484375
    ],
    [
      0.5300246477127075,
      0.5765748620033264
    ],
    [
      0.530639111995697,
      0.5766230821609497
    ],
    [
      0.5312842726707458,
      0.5766680240631104
    ],
    [
      0.5328565835952759,
      0.5769497156143188
    ],
    [
      0.5351814031600952,
      0.5774235129356384
    ],
    [
      0.5374170541763306,
      0.577855110168457
    ],
    [
      0.5395854115486145,
      0.5782548785209656
    ],
    [
      0.54205721616745,
      0.5787160992622375
    ],
    [
      0.5447419881820679,
      0.5792204141616821
    ],
    [
      0.5477393269538879,
      0.5797880291938782
    ],
    [
      0.5509405136108398,
      0.5803968906402588
    ],
    [
      0.5544634461402893,
      0.5810708999633789
    ]
  ],
  "meta": {
    "video_name": "test2.mp4",
    "video_stem": "test2",
    "video_path": "E:\\desktop\\open\\lstm-akf\\data\\video\\test2.mp4",
    "fps": 40.0,
    "segment_index": 33,
    "sample_index": 51,
    "start_frame_index": 41,
    "history_end_frame_index": 55,
    "target_end_frame_index": 70,
    "history_frame_indices": [
      41,
      42,
      43,
      44,
      45,
      46,
      47,
      48,
      49,
      50,
      51,
      52,
      53,
      54,
      55
    ],
    "target_frame_indices": [
      56,
      57,
      58,
      59,
      60,
      61,
      62,
      63,
      64,
      65,
      66,
      67,
      68,
      69,
      70
    ],
    "history_timestamps": [
      75.1095001372713,
      75.1345001372713,
      75.15950013727131,
      75.18450013727131,
      75.20950013727132,
      75.23450013727133,
      75.25950013727133,
      75.28450013727134,
      75.30950013727134,
      75.33450013727135,
      75.35950013727135,
      75.38450013727136,
      75.40950013727137,
      75.43450013727137,
      75.45950013727138
    ],
    "target_timestamps": [
      75.48450013727138,
      75.50950013727139,
      75.5345001372714,
      75.5595001372714,
      75.5845001372714,
      75.60950013727141,
      75.63450013727142,
      75.65950013727142,
      75.68450013727143,
      75.70950013727143,
      75.73450013727144,
      75.75950013727144,
      75.78450013727145,
      75.80950013727146,
      75.83450013727146
    ]
  }
}