{
  "input": [
    [
      0.5844451189041138,
      0.5586835741996765
    ],
    [
      0.586552083492279,
      0.5589476227760315
    ],
    [
      0.588050901889801,
      0.5591245889663696
    ],
    [
      0.5892590880393982,
      0.5592600107192993
    ],
    [
      0.591080367565155,
      0.5591095089912415
    ],
    [
      0.5931714773178101,
      0.5588331818580627
    ],
    [
      0.5946426391601562,
      0.558803379535675
    ],
    [
      0.5958633422851562,
      0.558873176574707
    ],
    [
      0.5974186658859253,
      0.5590964555740356
    ],
    [
      0.5990977883338928,
      0.5593764781951904
    ],
    [
      0.6001645922660828,
      0.5595442652702332
    ],
    [
      0.6010249257087708,
      0.5596742630004883
    ],
    [
      0.6014814972877502,
      0.5596117973327637
    ],
    [
      0.6018145680427551,
      0.559490442276001
    ],
    [
      0.6022201180458069,
      0.5593951940536499
    ]
  ],
  "target": [
    [
      0.602645754814148,
      0.5593071579933167
    ],
    [
      0.6034415364265442,
      0.5590234398841858
    ],
    [
      0.6043291091918945,
      0.558691143989563
    ],
    [
      0.6050139665603638,
      0.5585314631462097
    ],
    [
      0.6056540012359619,
      0.5584098696708679
    ],
    [
      0.595921516418457,
      0.5597548484802246
    ],
    [
      0.5841673016548157,
      0.5613856911659241
    ],
    [
      0.5785267949104309,
      0.5623464584350586
    ],
    [
      0.5739257335662842,
      0.5631933808326721
    ],
    [
      0.5741555094718933,
      0.5636634230613708
    ],
    [
      0.5750912427902222,
      0.5640784502029419
    ],
    [
      0.577503502368927,
      0.5641646981239319
    ],
    [
      0.5800976157188416,
      0.5642104148864746
    ],
    [
      0.5837335586547852,
      0.5640897750854492
    ],
    [
      0.5874748826026917,
      0.5639523267745972
    ]
  ]
}