{
  "input": [
    [
      0.5858667492866516,
      0.5597944259643555
    ],
    [
      0.5886501669883728,
      0.5601944327354431
    ],
    [
      0.5916002988815308,
      0.5607059597969055
    ],
    [
      0.5937079191207886,
      0.5608131885528564
    ],
    [
      0.5955193638801575,
      0.5607783794403076
    ],
    [
      0.5974512696266174,
      0.5607969760894775
    ],
    [
      0.5994216799736023,
      0.5608325600624084
    ],
    [
      0.6006388068199158,
      0.560838520526886
    ],
    [
      0.6016378402709961,
      0.5608358979225159
    ],
    [
      0.603056788444519,
      0.560562789440155
    ],
    [
      0.6045850515365601,
      0.5602192282676697
    ],
    [
      0.6056506633758545,
      0.5600219368934631
    ],
    [
      0.6066084504127502,
      0.5598587393760681
    ],
    [
      0.5965086817741394,
      0.5615452527999878
    ],
    [
      0.5841267704963684,
      0.5636135339736938
    ]
  ],
  "target": [
    [
      0.5783458352088928,
      0.5649006366729736
    ],
    [
      0.5737597942352295,
      0.5660463571548462
    ],
    [
      0.5743657946586609,
      0.5665701031684875
    ],
    [
      0.5757853388786316,
      0.5669963359832764
    ],
    [
      0.5786378383636475,
      0.5670291185379028
    ],
    [
      0.5816814303398132,
      0.567009449005127
    ],
    [
      0.5855132937431335,
      0.5669839978218079
    ],
    [
      0.5894326567649841,
      0.566957950592041
    ],
    [
      0.5921370983123779,
      0.566840648651123
    ],
    [
      0.5947328805923462,
      0.5667151212692261
    ],
    [
      0.598147988319397,
      0.5667899250984192
    ],
    [
      0.6016193628311157,
      0.5668784976005554
    ],
    [
      0.603810727596283,
      0.5666466355323792
    ],
    [
      0.6059398055076599,
      0.5663992166519165
    ],
    [
      0.6091989874839783,
      0.5664218068122864
    ]
  ]
}