{
  "input": [
    [
      0.5240492820739746,
      0.5642641186714172
    ],
    [
      0.5136533379554749,
      0.5621609687805176
    ],
    [
      0.5093176364898682,
      0.5606949329376221
    ],
    [
      0.5072469115257263,
      0.5597617030143738
    ],
    [
      0.5095937848091125,
      0.5598676204681396
    ],
    [
      0.5124499797821045,
      0.5600100755691528
    ],
    [
      0.5162245631217957,
      0.5602184534072876
    ],
    [
      0.5204763412475586,
      0.560361921787262
    ],
    [
      0.5255248546600342,
      0.5603969097137451
    ],
    [
      0.5298172831535339,
      0.5604241490364075
    ],
    [
      0.5329385995864868,
      0.5604394674301147
    ],
    [
      0.5358282923698425,
      0.5608885884284973
    ],
    [
      0.5383847951889038,
      0.5619615912437439
    ],
    [
      0.5403472185134888,
      0.5627716779708862
    ],
    [
      0.5415156483650208,
      0.5632302761077881
    ]
  ],
  "target": [
    [
      0.5424264669418335,
      0.5633569955825806
    ],
    [
      0.5430171489715576,
      0.5630709528923035
    ],
    [
      0.5434280633926392,
      0.5628564953804016
    ],
    [
      0.5436310172080994,
      0.5627248287200928
    ],
    [
      0.536532998085022,
      0.5636282563209534
    ],
    [
      0.5215694308280945,
      0.565646767616272
    ],
    [
      0.510893702507019,
      0.567143976688385
    ],
    [
      0.5045196413993835,
      0.5681182146072388
    ],
    [
      0.5077714920043945,
      0.567787230014801
    ],
    [
      0.5200161933898926,
      0.5662369728088379
    ],
    [
      0.5301445126533508,
      0.5648438930511475
    ],
    [
      0.5384318828582764,
      0.5635876059532166
    ],
    [
      0.5433731079101562,
      0.5628498196601868
    ],
    [
      0.5456052422523499,
      0.5625319480895996
    ],
    [
      0.5461750626564026,
      0.5625202655792236
    ]
  ]
}