{
  "input": [
    [
      0.5679459571838379,
      0.561555027961731
    ],
    [
      0.5667427182197571,
      0.5610573291778564
    ],
    [
      0.56520676612854,
      0.5604442358016968
    ],
    [
      0.5635959506034851,
      0.5598052144050598
    ],
    [
      0.5634841918945312,
      0.5607922673225403
    ],
    [
      0.563670814037323,
      0.5621029734611511
    ],
    [
      0.5626553297042847,
      0.5621201395988464
    ],
    [
      0.5614307522773743,
      0.5619123578071594
    ],
    [
      0.5595523118972778,
      0.5616124868392944
    ],
    [
      0.5575758814811707,
      0.5612988471984863
    ],
    [
      0.5559437870979309,
      0.5613545775413513
    ],
    [
      0.554355263710022,
      0.5614571571350098
    ],
    [
      0.5531101226806641,
      0.5611312985420227
    ],
    [
      0.5519008636474609,
      0.5607605576515198
    ],
    [
      0.5505831837654114,
      0.5605238676071167
    ]
  ],
  "target": [
    [
      0.5492565035820007,
      0.5602983832359314
    ],
    [
      0.5465512275695801,
      0.5600110292434692
    ],
    [
      0.543759286403656,
      0.5597197413444519
    ],
    [
      0.541825532913208,
      0.5595503449440002
    ],
    [
      0.5399288535118103,
      0.5593861937522888
    ],
    [
      0.5376450419425964,
      0.5591723322868347
    ],
    [
      0.5353518724441528,
      0.5589572787284851
    ],
    [
      0.5329102277755737,
      0.5587483644485474
    ],
    [
      0.5306408405303955,
      0.558595597743988
    ],
    [
      0.5425286889076233,
      0.5630301237106323
    ],
    [
      0.5540174841880798,
      0.5673434734344482
    ],
    [
      0.5525519251823425,
      0.5677252411842346
    ],
    [
      0.5509986281394958,
      0.5680966377258301
    ],
    [
      0.5476942658424377,
      0.5682619214057922
    ],
    [
      0.5442371368408203,
      0.568394124507904
    ]
  ]
}