{
  "input": [
    [
      0.5447419881820679,
      0.5792204141616821
    ],
    [
      0.5477393269538879,
      0.5797880291938782
    ],
    [
      0.5509405136108398,
      0.5803968906402588
    ],
    [
      0.5544634461402893,
      0.5810708999633789
    ],
    [
      0.5581810474395752,
      0.5817843675613403
    ],
    [
      0.562229573726654,
      0.5825647711753845
    ],
    [
      0.5664635300636292,
      0.583382785320282
    ],
    [
      0.5669468641281128,
      0.5814194679260254
    ],
    [
      0.5654879212379456,
      0.5780158042907715
    ],
    [
      0.5667470693588257,
      0.576945424079895
    ],
    [
      0.5693052411079407,
      0.5769901275634766
    ],
    [
      0.5570223331451416,
      0.5742820501327515
    ],
    [
      0.538209080696106,
      0.5703626871109009
    ],
    [
      0.5436651706695557,
      0.5701262950897217
    ],
    [
      0.558926522731781,
      0.5713778138160706
    ]
  ],
  "target": [
    [
      0.5576058030128479,
      0.5711013078689575
    ],
    [
      0.550153374671936,
      0.5702598094940186
    ],
    [
      0.5479636192321777,
      0.57016921043396
    ],
    [
      0.5475482940673828,
      0.5703318119049072
    ],
    [
      0.5513314008712769,
      0.5705122947692871
    ],
    [
      0.5563994646072388,
      0.5706982612609863
    ],
    [
      0.5614983439445496,
      0.5705900192260742
    ],
    [
      0.5666056871414185,
      0.5704004168510437
    ],
    [
      0.5727934241294861,
      0.5705528259277344
    ],
    [
      0.5792490243911743,
      0.5707899928092957
    ],
    [
      0.5871263742446899,
      0.571147620677948
    ],
    [
      0.5953177213668823,
      0.5715318918228149
    ],
    [
      0.6049617528915405,
      0.5720392465591431
    ],
    [
      0.6148888468742371,
      0.5725705623626709
    ],
    [
      0.6262995004653931,
      0.57322758436203
    ]
  ],
  "meta": {
    "video_name": "test2.mp4",
    "video_stem": "test2",
    "video_path": "E:\\desktop\\open\\lstm-akf\\data\\video\\test2.mp4",
    "fps": 40.0,
    "segment_index": 33,
    "sample_index": 77,
    "start_frame_index": 67,
    "history_end_frame_index": 81,
    "target_end_frame_index": 96,
    "history_frame_indices": [
      67,
      68,
      69,
      70,
      71,
      72,
      73,
      74,
      75,
      76,
      77,
      78,
      79,
      80,
      81
    ],
    "target_frame_indices": [
      82,
      83,
      84,
      85,
      86,
      87,
      88,
      89,
      90,
      91,
      92,
      93,
      94,
      95,
      96
    ],
    "history_timestamps": [
      75.75950013727144,
      75.78450013727145,
      75.80950013727146,
      75.83450013727146,
      75.85950013727147,
      75.88450013727147,
      75.90950013727148,
      75.93450013727148,
      75.95950013727149,
      75.9845001372715,
      76.0095001372715,
      76.03450013727151,
      76.05950013727151,
      76.08450013727152,
      76.10950013727152
    ],
    "target_timestamps": [
      76.13450013727153,
      76.15950013727154,
      76.18450013727154,
      76.20950013727155,
      76.23450013727155,
      76.25950013727156,
      76.28450013727156,
      76.30950013727157,
      76.33450013727158,
      76.35950013727158,
      76.38450013727159,
      76.40950013727159,
      76.4345001372716,
      76.4595001372716,
      76.48450013727161
    ]
  }
}