{
  "input": [
    [
      0.5708720088005066,
      0.5576393604278564
    ],
    [
      0.5716584920883179,
      0.5573788285255432
    ],
    [
      0.573575496673584,
      0.556898832321167
    ],
    [
      0.5753422975540161,
      0.5564503073692322
    ],
    [
      0.5760539174079895,
      0.5562224984169006
    ],
    [
      0.577179491519928,
      0.5560210347175598
    ],
    [
      0.5807970762252808,
      0.5559782385826111
    ],
    [
      0.5844151973724365,
      0.5559378862380981
    ],
    [
      0.5880361199378967,
      0.5559101104736328
    ],
    [
      0.5917947888374329,
      0.5558986067771912
    ],
    [
      0.5961889624595642,
      0.555962085723877
    ],
    [
      0.6007346510887146,
      0.5560434460639954
    ],
    [
      0.6059020757675171,
      0.556198239326477
    ],
    [
      0.611234724521637,
      0.5563724637031555
    ],
    [
      0.6171754598617554,
      0.5566185116767883
    ]
  ],
  "target": [
    [
      0.6232951283454895,
      0.5568856596946716
    ],
    [
      0.6300090551376343,
      0.5572229623794556
    ],
    [
      0.6314000487327576,
      0.5574713945388794
    ],
    [
      0.6167610287666321,
      0.5574519634246826
    ],
    [
      0.6062669157981873,
      0.5574634075164795
    ],
    [
      0.6071465015411377,
      0.5575594902038574
    ],
    [
      0.6081581115722656,
      0.5575177073478699
    ],
    [
      0.6095011234283447,
      0.5571301579475403
    ],
    [
      0.6107812523841858,
      0.5567899346351624
    ],
    [
      0.6119164228439331,
      0.5565587878227234
    ],
    [
      0.6132623553276062,
      0.5565342903137207
    ],
    [
      0.6150549650192261,
      0.5569480061531067
    ],
    [
      0.6165629625320435,
      0.557137668132782
    ],
    [
      0.6175141930580139,
      0.5568892359733582
    ],
    [
      0.6185424327850342,
      0.5566990375518799
    ]
  ],
  "meta": {
    "video_name": "test2.mp4",
    "video_stem": "test2",
    "video_path": "E:\\desktop\\open\\lstm-akf\\data\\video\\test2.mp4",
    "fps": 40.0,
    "segment_index": 2,
    "sample_index": 21,
    "start_frame_index": 11,
    "history_end_frame_index": 25,
    "target_end_frame_index": 40,
    "history_frame_indices": [
      11,
      12,
      13,
      14,
      15,
      16,
      17,
      18,
      19,
      20,
      21,
      22,
      23,
      24,
      25
    ],
    "target_frame_indices": [
      26,
      27,
      28,
      29,
      30,
      31,
      32,
      33,
      34,
      35,
      36,
      37,
      38,
      39,
      40
    ],
    "history_timestamps": [
      13.853028787700518,
      13.878028787700519,
      13.903028787700519,
      13.92802878770052,
      13.95302878770052,
      13.97802878770052,
      14.00302878770052,
      14.02802878770052,
      14.053028787700521,
      14.078028787700521,
      14.103028787700522,
      14.128028787700522,
      14.153028787700523,
      14.178028787700523,
      14.203028787700523
    ],
    "target_timestamps": [
      14.228028787700524,
      14.253028787700524,
      14.278028787700524,
      14.303028787700525,
      14.328028787700525,
      14.353028787700525,
      14.378028787700526,
      14.403028787700526,
      14.428028787700526,
      14.453028787700527,
      14.478028787700527,
      14.503028787700528,
      14.528028787700528,
      14.553028787700528,
      14.578028787700529
    ]
  }
}