{
  "input": [
    [
      0.5222060084342957,
      0.5604782104492188
    ],
    [
      0.520592212677002,
      0.560095489025116
    ],
    [
      0.5190203785896301,
      0.5598790645599365
    ],
    [
      0.5174646973609924,
      0.5597268342971802
    ],
    [
      0.5157663822174072,
      0.5595269799232483
    ],
    [
      0.5140177011489868,
      0.5593103766441345
    ],
    [
      0.5244457125663757,
      0.5582976937294006
    ],
    [
      0.538780927658081,
      0.5570295453071594
    ],
    [
      0.5419391393661499,
      0.5567852854728699
    ],
    [
      0.541850209236145,
      0.5568383932113647
    ],
    [
      0.5407120585441589,
      0.5565590858459473
    ],
    [
      0.5392996072769165,
      0.5561927556991577
    ],
    [
      0.5380014181137085,
      0.5562817454338074
    ],
    [
      0.5367299914360046,
      0.5564771294593811
    ],
    [
      0.5362814664840698,
      0.5563998222351074
    ]
  ],
  "target": [
    [
      0.5360035300254822,
      0.5562658905982971
    ],
    [
      0.5360265374183655,
      0.5560791492462158
    ],
    [
      0.5361043214797974,
      0.5558828115463257
    ],
    [
      0.5362311005592346,
      0.5559421181678772
    ],
    [
      0.5363656282424927,
      0.5560417771339417
    ],
    [
      0.5369195938110352,
      0.5558597445487976
    ],
    [
      0.5375297665596008,
      0.5556398630142212
    ],
    [
      0.538183867931366,
      0.5556246042251587
    ],
    [
      0.5388428568840027,
      0.5556321740150452
    ],
    [
      0.5400114059448242,
      0.5556716918945312
    ],
    [
      0.5412258505821228,
      0.5557140707969666
    ],
    [
      0.5420270562171936,
      0.5555424094200134
    ],
    [
      0.5427996516227722,
      0.5553558468818665
    ],
    [
      0.5435174703598022,
      0.555566132068634
    ],
    [
      0.5442326068878174,
      0.5557959675788879
    ]
  ]
}