{
  "input": [
    [
      0.5779186487197876,
      0.5597512722015381
    ],
    [
      0.5779029726982117,
      0.5597214102745056
    ],
    [
      0.5778803825378418,
      0.5596872568130493
    ],
    [
      0.5777909159660339,
      0.5597016215324402
    ],
    [
      0.5776673555374146,
      0.5597406625747681
    ],
    [
      0.5773316621780396,
      0.5599262714385986
    ],
    [
      0.5768963098526001,
      0.5601807236671448
    ],
    [
      0.5762163996696472,
      0.5605307817459106
    ],
    [
      0.575430691242218,
      0.5609222650527954
    ],
    [
      0.5748298764228821,
      0.5611904263496399
    ],
    [
      0.5743024945259094,
      0.5614095330238342
    ],
    [
      0.5738394856452942,
      0.5616186857223511
    ],
    [
      0.5733999013900757,
      0.5618242025375366
    ],
    [
      0.573021411895752,
      0.5620359778404236
    ],
    [
      0.5726630687713623,
      0.5622497797012329
    ]
  ],
  "target": [
    [
      0.5716403722763062,
      0.5622677803039551
    ],
    [
      0.5704182982444763,
      0.5622270703315735
    ],
    [
      0.569412112236023,
      0.5622169971466064
    ],
    [
      0.5684643387794495,
      0.5622152090072632
    ],
    [
      0.5672955513000488,
      0.5616148710250854
    ],
    [
      0.5660731196403503,
      0.5608693361282349
    ],
    [
      0.564742922782898,
      0.5601250529289246
    ],
    [
      0.5633894801139832,
      0.5593810677528381
    ],
    [
      0.5773225426673889,
      0.5619249939918518
    ],
    [
      0.5941591858863831,
      0.5650935173034668
    ],
    [
      0.5980263948440552,
      0.5659857392311096
    ],
    [
      0.599750280380249,
      0.5665018558502197
    ],
    [
      0.5978162288665771,
      0.5666493773460388
    ],
    [
      0.5953643321990967,
      0.5667447447776794
    ],
    [
      0.5929451584815979,
      0.5666673183441162
    ]
  ]
}