{
  "input": [
    [
      0.8097633719444275,
      0.6106662154197693
    ],
    [
      0.8056564927101135,
      0.611003577709198
    ],
    [
      0.8018164038658142,
      0.6113476753234863
    ],
    [
      0.7998502254486084,
      0.6117384433746338
    ],
    [
      0.7976747155189514,
      0.6120758056640625
    ],
    [
      0.7942384481430054,
      0.6120912432670593
    ],
    [
      0.7910444140434265,
      0.6120079755783081
    ],
    [
      0.7891200184822083,
      0.6114073991775513
    ],
    [
      0.7871971726417542,
      0.6107837557792664
    ],
    [
      0.7852813601493835,
      0.6100533604621887
    ],
    [
      0.7831330895423889,
      0.6095977425575256
    ],
    [
      0.7800302505493164,
      0.6102700233459473
    ],
    [
      0.7769288420677185,
      0.6107990145683289
    ],
    [
      0.7738326787948608,
      0.6108004450798035
    ],
    [
      0.7707933783531189,
      0.6107843518257141
    ]
  ],
  "target": [
    [
      0.7679429650306702,
      0.6107100248336792
    ],
    [
      0.7650705575942993,
      0.6105548739433289
    ],
    [
      0.7621318697929382,
      0.6101562976837158
    ],
    [
      0.7591685652732849,
      0.6097896099090576
    ],
    [
      0.7561379075050354,
      0.6095104813575745
    ],
    [
      0.7528356909751892,
      0.6095219254493713
    ],
    [
      0.7488517165184021,
      0.6102626323699951
    ],
    [
      0.7451435327529907,
      0.6109676957130432
    ],
    [
      0.7420707941055298,
      0.611590564250946
    ],
    [
      0.739209771156311,
      0.6119471192359924
    ],
    [
      0.7367976307868958,
      0.6117390394210815
    ],
    [
      0.7342604398727417,
      0.6116057634353638
    ],
    [
      0.7314785122871399,
      0.6116189956665039
    ],
    [
      0.7287808656692505,
      0.6116169095039368
    ],
    [
      0.726235568523407,
      0.6115872263908386
    ]
  ],
  "meta": {
    "video_name": "test2.mp4",
    "video_stem": "test2",
    "video_path": "E:\\desktop\\open\\lstm-akf\\data\\video\\test2.mp4",
    "fps": 40.0,
    "segment_index": 108,
    "sample_index": 22,
    "start_frame_index": 12,
    "history_end_frame_index": 26,
    "target_end_frame_index": 41,
    "history_frame_indices": [
      12,
      13,
      14,
      15,
      16,
      17,
      18,
      19,
      20,
      21,
      22,
      23,
      24,
      25,
      26
    ],
    "target_frame_indices": [
      27,
      28,
      29,
      30,
      31,
      32,
      33,
      34,
      35,
      36,
      37,
      38,
      39,
      40,
      41
    ],
    "history_timestamps": [
      245.24962152410097,
      245.27462152410098,
      245.29962152410098,
      245.324621524101,
      245.349621524101,
      245.374621524101,
      245.399621524101,
      245.424621524101,
      245.44962152410102,
      245.47462152410102,
      245.49962152410103,
      245.52462152410104,
      245.54962152410104,
      245.57462152410105,
      245.59962152410105
    ],
    "target_timestamps": [
      245.62462152410106,
      245.64962152410106,
      245.67462152410107,
      245.69962152410108,
      245.72462152410108,
      245.7496215241011,
      245.7746215241011,
      245.7996215241011,
      245.8246215241011,
      245.8496215241011,
      245.87462152410112,
      245.89962152410112,
      245.92462152410113,
      245.94962152410113,
      245.97462152410114
    ]
  }
}