{
  "input": [
    [
      0.4603439271450043,
      0.5603876113891602
    ],
    [
      0.4645291566848755,
      0.5604782104492188
    ],
    [
      0.46817681193351746,
      0.560468852519989
    ],
    [
      0.47301948070526123,
      0.5603124499320984
    ],
    [
      0.47834497690200806,
      0.5600966215133667
    ],
    [
      0.48231667280197144,
      0.5602569580078125
    ],
    [
      0.4857877790927887,
      0.5605564117431641
    ],
    [
      0.4797208309173584,
      0.5623401403427124
    ],
    [
      0.47043800354003906,
      0.5646242499351501
    ],
    [
      0.4664459228515625,
      0.565772533416748
    ],
    [
      0.464073121547699,
      0.5665732026100159
    ],
    [
      0.46844223141670227,
      0.566730260848999
    ],
    [
      0.47467467188835144,
      0.5667095184326172
    ],
    [
      0.47984579205513,
      0.5665556788444519
    ],
    [
      0.48475366830825806,
      0.566368818283081
    ]
  ],
  "target": [
    [
      0.48908454179763794,
      0.5661843419075012
    ],
    [
      0.49328792095184326,
      0.5660004615783691
    ],
    [
      0.4957174062728882,
      0.5656542778015137
    ],
    [
      0.49780112504959106,
      0.5652764439582825
    ],
    [
      0.499467134475708,
      0.5653864145278931
    ],
    [
      0.5010621547698975,
      0.565579354763031
    ],
    [
      0.5021612644195557,
      0.5657950043678284
    ],
    [
      0.503187894821167,
      0.5660139918327332
    ],
    [
      0.504176139831543,
      0.5661423206329346
    ],
    [
      0.5051596164703369,
      0.5662594437599182
    ],
    [
      0.4905603229999542,
      0.5640678405761719
    ],
    [
      0.47438421845436096,
      0.561642587184906
    ],
    [
      0.47124961018562317,
      0.5609233975410461
    ],
    [
      0.46915850043296814,
      0.5603407621383667
    ],
    [
      0.47022321820259094,
      0.5598548650741577
    ]
  ]
}