{
  "input": [
    [
      0.509259045124054,
      0.6627954244613647
    ],
    [
      0.4394691586494446,
      0.6807851791381836
    ],
    [
      0.3947495222091675,
      0.6971333026885986
    ],
    [
      0.3736709952354431,
      0.7086611986160278
    ],
    [
      0.3710722029209137,
      0.7162747979164124
    ],
    [
      0.3817918002605438,
      0.720879852771759
    ],
    [
      0.40107643604278564,
      0.7221633195877075
    ],
    [
      0.419840931892395,
      0.7228306531906128
    ],
    [
      0.4368428885936737,
      0.7232627868652344
    ],
    [
      0.45083990693092346,
      0.7238407731056213
    ],
    [
      0.4624284505844116,
      0.7244073152542114
    ],
    [
      0.47318676114082336,
      0.7249192595481873
    ],
    [
      0.48333731293678284,
      0.7253629565238953
    ],
    [
      0.49310263991355896,
      0.7257249355316162
    ],
    [
      0.5048030018806458,
      0.7263892292976379
    ]
  ],
  "target": [
    [
      0.5161714553833008,
      0.7262975573539734
    ],
    [
      0.5274953246116638,
      0.7259212732315063
    ],
    [
      0.5390620231628418,
      0.7257316708564758
    ],
    [
      0.5499062538146973,
      0.7259696125984192
    ],
    [
      0.5087072253227234,
      0.7090704441070557
    ],
    [
      0.4492255747318268,
      0.6873651742935181
    ],
    [
      0.40522193908691406,
      0.6731846928596497
    ],
    [
      0.3959455192089081,
      0.6699772477149963
    ],
    [
      0.39896729588508606,
      0.6705853343009949
    ],
    [
      0.4110741913318634,
      0.6739237904548645
    ],
    [
      0.4290531575679779,
      0.6789073348045349
    ],
    [
      0.44705265760421753,
      0.6834724545478821
    ],
    [
      0.46327337622642517,
      0.6866486668586731
    ],
    [
      0.4776996374130249,
      0.6885112524032593
    ],
    [
      0.49031585454940796,
      0.6891356110572815
    ]
  ]
}