{
  "input": [
    [
      0.49694231152534485,
      0.7463212609291077
    ],
    [
      0.5085176825523376,
      0.7470598816871643
    ],
    [
      0.5189440250396729,
      0.7481200098991394
    ],
    [
      0.5297682285308838,
      0.749155580997467
    ],
    [
      0.5406519174575806,
      0.7497624158859253
    ],
    [
      0.5512566566467285,
      0.7495362162590027
    ],
    [
      0.5619984865188599,
      0.7471468448638916
    ],
    [
      0.5725098848342896,
      0.7434001564979553
    ],
    [
      0.5825265645980835,
      0.7389436364173889
    ],
    [
      0.5917840003967285,
      0.7344245314598083
    ],
    [
      0.5267177224159241,
      0.7135886549949646
    ],
    [
      0.4731389880180359,
      0.699924111366272
    ],
    [
      0.4374535083770752,
      0.6927143335342407
    ],
    [
      0.42606714367866516,
      0.6912428736686707
    ],
    [
      0.436327189207077,
      0.6950585842132568
    ]
  ],
  "target": [
    [
      0.45341143012046814,
      0.6995283365249634
    ],
    [
      0.47384464740753174,
      0.7039607763290405
    ],
    [
      0.4941515326499939,
      0.7076647281646729
    ],
    [
      0.510006308555603,
      0.7080584764480591
    ],
    [
      0.5230293869972229,
      0.7087633013725281
    ],
    [
      0.533946692943573,
      0.7090940475463867
    ],
    [
      0.5434840321540833,
      0.7083654999732971
    ],
    [
      0.551753580570221,
      0.7062245011329651
    ],
    [
      0.5603585839271545,
      0.7033097147941589
    ],
    [
      0.568838357925415,
      0.7001368403434753
    ],
    [
      0.5767321586608887,
      0.6972216963768005
    ],
    [
      0.584233820438385,
      0.6943742632865906
    ],
    [
      0.5914814472198486,
      0.6910129189491272
    ],
    [
      0.5725021362304688,
      0.6943501234054565
    ],
    [
      0.5013227462768555,
      0.7115979790687561
    ]
  ],
  "meta": {
    "video_name": "test1.mp4",
    "video_stem": "test1",
    "video_path": "E:\\desktop\\open\\lstm-akf\\data\\video\\test1.mp4",
    "fps": 40.0,
    "segment_index": 0,
    "sample_index": 137,
    "start_frame_index": 127,
    "history_end_frame_index": 141,
    "target_end_frame_index": 156,
    "history_frame_indices": [
      127,
      128,
      129,
      130,
      131,
      132,
      133,
      134,
      135,
      136,
      137,
      138,
      139,
      140,
      141
    ],
    "target_frame_indices": [
      142,
      143,
      144,
      145,
      146,
      147,
      148,
      149,
      150,
      151,
      152,
      153,
      154,
      155,
      156
    ],
    "history_timestamps": [
      3.8750000000000027,
      3.900000000000003,
      3.9250000000000025,
      3.950000000000003,
      3.975000000000003,
      4.000000000000003,
      4.025000000000003,
      4.050000000000003,
      4.075000000000003,
      4.100000000000003,
      4.125000000000003,
      4.150000000000003,
      4.175000000000003,
      4.200000000000003,
      4.225000000000003
    ],
    "target_timestamps": [
      4.2500000000000036,
      4.275000000000003,
      4.300000000000003,
      4.325000000000003,
      4.350000000000003,
      4.3750000000000036,
      4.400000000000003,
      4.425000000000003,
      4.450000000000004,
      4.475000000000003,
      4.5000000000000036,
      4.525000000000003,
      4.550000000000003,
      4.575000000000004,
      4.600000000000003
    ]
  }
}