{
  "input": [
    [
      0.6176339983940125,
      0.5552093386650085
    ],
    [
      0.6197735071182251,
      0.5546199083328247
    ],
    [
      0.6215418577194214,
      0.5543500185012817
    ],
    [
      0.6229984164237976,
      0.5543486475944519
    ],
    [
      0.6241335868835449,
      0.5546963214874268
    ],
    [
      0.625017523765564,
      0.5553169250488281
    ],
    [
      0.6253420114517212,
      0.5557414293289185
    ],
    [
      0.6252596378326416,
      0.5560234785079956
    ],
    [
      0.625059962272644,
      0.5561699867248535
    ],
    [
      0.6247810125350952,
      0.556225061416626
    ],
    [
      0.6246252655982971,
      0.5562069416046143
    ],
    [
      0.6245468258857727,
      0.556143045425415
    ],
    [
      0.6248005032539368,
      0.5560811758041382
    ],
    [
      0.6252472996711731,
      0.5560204982757568
    ],
    [
      0.6246248483657837,
      0.5558059215545654
    ]
  ],
  "target": [
    [
      0.6234273314476013,
      0.555508553981781
    ],
    [
      0.6224743127822876,
      0.5551010966300964
    ],
    [
      0.6216428875923157,
      0.5546388626098633
    ],
    [
      0.6208956837654114,
      0.5544790029525757
    ],
    [
      0.620186984539032,
      0.5544576048851013
    ],
    [
      0.6228188872337341,
      0.5546793341636658
    ],
    [
      0.6268576383590698,
      0.5550034642219543
    ],
    [
      0.6292887926101685,
      0.5551009774208069
    ],
    [
      0.6310993432998657,
      0.5551110506057739
    ],
    [
      0.6240170001983643,
      0.5561556816101074
    ],
    [
      0.6137981414794922,
      0.5575651526451111
    ],
    [
      0.6081363558769226,
      0.5586357712745667
    ],
    [
      0.6039367914199829,
      0.5595976114273071
    ],
    [
      0.6041519641876221,
      0.5604246258735657
    ],
    [
      0.6056497693061829,
      0.561212420463562
    ]
  ]
}