{
  "input": [
    [
      0.6264418959617615,
      0.5636298656463623
    ],
    [
      0.6271506547927856,
      0.5636974573135376
    ],
    [
      0.627849817276001,
      0.5637852549552917
    ],
    [
      0.6284547448158264,
      0.5640711188316345
    ],
    [
      0.6290205121040344,
      0.5643443465232849
    ],
    [
      0.6292711496353149,
      0.5645159482955933
    ],
    [
      0.6294730305671692,
      0.5646726489067078
    ],
    [
      0.6293437480926514,
      0.5647279024124146
    ],
    [
      0.6292040944099426,
      0.5647796988487244
    ],
    [
      0.6290042996406555,
      0.564811110496521
    ],
    [
      0.6287485957145691,
      0.5648149251937866
    ],
    [
      0.6282073855400085,
      0.5646780729293823
    ],
    [
      0.6277309060096741,
      0.5645501613616943
    ],
    [
      0.6275460720062256,
      0.5644621849060059
    ],
    [
      0.6273230314254761,
      0.5643290281295776
    ]
  ],
  "target": [
    [
      0.6269463896751404,
      0.5640144348144531
    ],
    [
      0.6265829801559448,
      0.5637800097465515
    ],
    [
      0.6262673735618591,
      0.5638347268104553
    ],
    [
      0.6258370280265808,
      0.5638868808746338
    ],
    [
      0.6250331997871399,
      0.5639309883117676
    ],
    [
      0.6243303418159485,
      0.5639755129814148
    ],
    [
      0.6239261031150818,
      0.5640215873718262
    ],
    [
      0.6234206557273865,
      0.5640215873718262
    ],
    [
      0.622642457485199,
      0.563897430896759
    ],
    [
      0.6220643520355225,
      0.5638149976730347
    ],
    [
      0.6219801306724548,
      0.5638352036476135
    ],
    [
      0.6217187643051147,
      0.5638771653175354
    ],
    [
      0.621056079864502,
      0.563968300819397
    ],
    [
      0.6204091906547546,
      0.5640100240707397
    ],
    [
      0.6197952628135681,
      0.5639486312866211
    ]
  ]
}