{
  "input": [
    [
      0.6413589119911194,
      0.5644603371620178
    ],
    [
      0.6411909461021423,
      0.5644322037696838
    ],
    [
      0.6410953402519226,
      0.5644211769104004
    ],
    [
      0.6411088109016418,
      0.5644357800483704
    ],
    [
      0.6411468386650085,
      0.5644503831863403
    ],
    [
      0.6412191987037659,
      0.5644649863243103
    ],
    [
      0.6412695050239563,
      0.5644700527191162
    ],
    [
      0.641291081905365,
      0.5644627809524536
    ],
    [
      0.6413112282752991,
      0.5644561052322388
    ],
    [
      0.6413297653198242,
      0.5644500255584717
    ],
    [
      0.641339898109436,
      0.564441978931427
    ],
    [
      0.6413405537605286,
      0.5644316673278809
    ],
    [
      0.6413322687149048,
      0.5644362568855286
    ],
    [
      0.6413145661354065,
      0.564456582069397
    ],
    [
      0.6410384178161621,
      0.5645287036895752
    ]
  ],
  "target": [
    [
      0.6405094265937805,
      0.564651370048523
    ],
    [
      0.6399247050285339,
      0.5647132992744446
    ],
    [
      0.639289140701294,
      0.5647199153900146
    ],
    [
      0.6384862661361694,
      0.5646645426750183
    ],
    [
      0.6375415921211243,
      0.5645566582679749
    ],
    [
      0.6369394063949585,
      0.5644745230674744
    ],
    [
      0.6366074681282043,
      0.5644127130508423
    ],
    [
      0.6364194750785828,
      0.5644498467445374
    ],
    [
      0.636337161064148,
      0.5645596385002136
    ],
    [
      0.6363174319267273,
      0.5646381974220276
    ],
    [
      0.6363404393196106,
      0.564695417881012
    ],
    [
      0.6363972425460815,
      0.5647276043891907
    ],
    [
      0.6364754438400269,
      0.5647439360618591
    ],
    [
      0.6366671323776245,
      0.5647062659263611
    ],
    [
      0.6369253993034363,
      0.5646370053291321
    ]
  ]
}