{
  "input": [
    [
      0.6141330599784851,
      0.5577499270439148
    ],
    [
      0.6192299723625183,
      0.5575941801071167
    ],
    [
      0.6244755387306213,
      0.5574105381965637
    ],
    [
      0.6283498406410217,
      0.5575253963470459
    ],
    [
      0.6321828365325928,
      0.5576492547988892
    ],
    [
      0.6372397541999817,
      0.5577199459075928
    ],
    [
      0.6422971487045288,
      0.5577890872955322
    ],
    [
      0.6452195048332214,
      0.5577185153961182
    ],
    [
      0.6478816866874695,
      0.5576850175857544
    ],
    [
      0.6400368213653564,
      0.5591467022895813
    ],
    [
      0.6324121952056885,
      0.560568630695343
    ],
    [
      0.6298157572746277,
      0.5610823631286621
    ],
    [
      0.6274905204772949,
      0.5616118907928467
    ],
    [
      0.6294302940368652,
      0.5623893141746521
    ],
    [
      0.6314566731452942,
      0.5630894303321838
    ]
  ],
  "target": [
    [
      0.6345126628875732,
      0.5628705024719238
    ],
    [
      0.637601912021637,
      0.5626652836799622
    ],
    [
      0.6410068869590759,
      0.5625906586647034
    ],
    [
      0.6441861391067505,
      0.5625343918800354
    ],
    [
      0.6455965042114258,
      0.5626221299171448
    ],
    [
      0.6469466686248779,
      0.5627185702323914
    ],
    [
      0.6478971242904663,
      0.5628731846809387
    ],
    [
      0.6487167477607727,
      0.563024640083313
    ],
    [
      0.6487879157066345,
      0.5631580948829651
    ],
    [
      0.649016261100769,
      0.5632534027099609
    ],
    [
      0.6500307321548462,
      0.5631583333015442
    ],
    [
      0.6505975723266602,
      0.5630975365638733
    ],
    [
      0.6491847038269043,
      0.5631886124610901
    ],
    [
      0.6477904915809631,
      0.5632274746894836
    ],
    [
      0.6464700102806091,
      0.5630603432655334
    ]
  ]
}