{
  "input": [
    [
      0.6749768853187561,
      0.5874976515769958
    ],
    [
      0.6682847738265991,
      0.5883499383926392
    ],
    [
      0.6615889072418213,
      0.589192807674408
    ],
    [
      0.6546884775161743,
      0.5895181894302368
    ],
    [
      0.6478444337844849,
      0.5898433923721313
    ],
    [
      0.6425261497497559,
      0.5901644825935364
    ],
    [
      0.637297511100769,
      0.590478241443634
    ]
  ],
  "target": [
    [
      0.6336575150489807,
      0.5906628370285034
    ],
    [
      0.6298657655715942,
      0.5908104777336121
    ],
    [
      0.6240956783294678,
      0.5904765725135803
    ],
    [
      0.6183382868766785,
      0.5901028513908386
    ],
    [
      0.6127112507820129,
      0.5893217921257019
    ],
    [
      0.6071276068687439,
      0.5885180830955505
    ],
    [
      0.6019067168235779,
      0.5875257849693298
    ],
    [
      0.5966874957084656,
      0.5864929556846619
    ],
    [
      0.5914797186851501,
      0.5851760506629944
    ],
    [
      0.5917606353759766,
      0.5833705067634583
    ],
    [
      0.6250844597816467,
      0.5786236524581909
    ],
    [
      0.6533795595169067,
      0.5745208263397217
    ],
    [
      0.6553236246109009,
      0.5737925171852112
    ],
    [
      0.6581368446350098,
      0.5729154348373413
    ],
    [
      0.6649618148803711,
      0.5713518261909485
    ]
  ],
  "meta": {
    "video_name": "test2.mp4",
    "video_stem": "test2",
    "video_path": "E:\\desktop\\open\\lstm-akf\\data\\video\\test2.mp4",
    "fps": 40.0,
    "segment_index": 170,
    "sample_index": 2,
    "start_frame_index": 0,
    "history_end_frame_index": 6,
    "target_end_frame_index": 21,
    "history_frame_indices": [
      0,
      1,
      2,
      3,
      4,
      5,
      6
    ],
    "target_frame_indices": [
      7,
      8,
      9,
      10,
      11,
      12,
      13,
      14,
      15,
      16,
      17,
      18,
      19,
      20,
      21
    ],
    "history_timestamps": [
      411.89990979330906,
      411.92490979330904,
      411.949909793309,
      411.974909793309,
      411.999909793309,
      412.02490979330895,
      412.0499097933089
    ],
    "target_timestamps": [
      412.0749097933089,
      412.0999097933089,
      412.12490979330886,
      412.14990979330884,
      412.1749097933088,
      412.1999097933088,
      412.22490979330877,
      412.24990979330875,
      412.2749097933087,
      412.2999097933087,
      412.3249097933087,
      412.34990979330865,
      412.37490979330863,
      412.3999097933086,
      412.4249097933086
    ]
  }
}