{
  "input": [
    [
      0.5118712782859802,
      0.6514883637428284
    ],
    [
      0.5159568786621094,
      0.6495043039321899
    ],
    [
      0.5206486582756042,
      0.648695170879364
    ],
    [
      0.5253709554672241,
      0.6485599875450134
    ],
    [
      0.529547929763794,
      0.6485979557037354
    ],
    [
      0.45607641339302063,
      0.6676770448684692
    ],
    [
      0.40601426362991333,
      0.6837487816810608
    ],
    [
      0.378609836101532,
      0.6959294676780701
    ],
    [
      0.3731114864349365,
      0.7033352851867676
    ],
    [
      0.38630810379981995,
      0.7067514061927795
    ],
    [
      0.40462446212768555,
      0.7090877294540405
    ],
    [
      0.42461585998535156,
      0.710846483707428
    ],
    [
      0.44283756613731384,
      0.7125300168991089
    ],
    [
      0.4564613103866577,
      0.7134309411048889
    ],
    [
      0.46855035424232483,
      0.7143945693969727
    ]
  ],
  "target": [
    [
      0.4793912172317505,
      0.7153159976005554
    ],
    [
      0.4892704486846924,
      0.7160904407501221
    ],
    [
      0.4986177086830139,
      0.7166967391967773
    ],
    [
      0.5085950493812561,
      0.7166050672531128
    ],
    [
      0.518835723400116,
      0.7157208323478699
    ],
    [
      0.5289731621742249,
      0.7139493227005005
    ],
    [
      0.539771318435669,
      0.7097880840301514
    ],
    [
      0.5497437119483948,
      0.7059082388877869
    ],
    [
      0.5338298082351685,
      0.696538507938385
    ],
    [
      0.46696895360946655,
      0.6759078502655029
    ],
    [
      0.4248030185699463,
      0.6662720441818237
    ],
    [
      0.4046022295951843,
      0.6626135110855103
    ],
    [
      0.40203893184661865,
      0.6633116006851196
    ],
    [
      0.41278544068336487,
      0.6667457222938538
    ],
    [
      0.43197885155677795,
      0.672075629234314
    ]
  ],
  "meta": {
    "video_name": "test1.mp4",
    "video_stem": "test1",
    "video_path": "E:\\desktop\\open\\lstm-akf\\data\\video\\test1.mp4",
    "fps": 40.0,
    "segment_index": 0,
    "sample_index": 654,
    "start_frame_index": 644,
    "history_end_frame_index": 658,
    "target_end_frame_index": 673,
    "history_frame_indices": [
      644,
      645,
      646,
      647,
      648,
      649,
      650,
      651,
      652,
      653,
      654,
      655,
      656,
      657,
      658
    ],
    "target_frame_indices": [
      659,
      660,
      661,
      662,
      663,
      664,
      665,
      666,
      667,
      668,
      669,
      670,
      671,
      672,
      673
    ],
    "history_timestamps": [
      16.800000000000015,
      16.825000000000014,
      16.850000000000012,
      16.875000000000014,
      16.900000000000013,
      16.925000000000015,
      16.950000000000014,
      16.975000000000012,
      17.000000000000014,
      17.025000000000013,
      17.050000000000015,
      17.075000000000014,
      17.100000000000012,
      17.125000000000014,
      17.150000000000013
    ],
    "target_timestamps": [
      17.175000000000015,
      17.200000000000014,
      17.225000000000016,
      17.250000000000014,
      17.275000000000013,
      17.300000000000015,
      17.325000000000014,
      17.350000000000016,
      17.375000000000014,
      17.400000000000013,
      17.425000000000015,
      17.450000000000014,
      17.475000000000016,
      17.500000000000014,
      17.525000000000013
    ]
  }
}