{
  "input": [
    [
      0.7238609790802002,
      0.6088351607322693
    ],
    [
      0.7192822694778442,
      0.6086707711219788
    ],
    [
      0.7175841331481934,
      0.6084223985671997
    ],
    [
      0.7165142297744751,
      0.6081671714782715
    ],
    [
      0.7188078165054321,
      0.607875406742096
    ],
    [
      0.7212607264518738,
      0.6076793074607849
    ],
    [
      0.7244638204574585,
      0.6079336404800415
    ],
    [
      0.7280972003936768,
      0.6081523895263672
    ],
    [
      0.7335293292999268,
      0.6082226037979126
    ],
    [
      0.7387323975563049,
      0.6083561182022095
    ],
    [
      0.7430777549743652,
      0.6087267994880676
    ],
    [
      0.74826979637146,
      0.6089970469474792
    ],
    [
      0.7563189268112183,
      0.6089282631874084
    ],
    [
      0.7638265490531921,
      0.6089828610420227
    ],
    [
      0.7696784734725952,
      0.6094148755073547
    ]
  ],
  "target": [
    [
      0.7765067219734192,
      0.609862208366394
    ],
    [
      0.7860537171363831,
      0.6103521585464478
    ],
    [
      0.7949337363243103,
      0.610682487487793
    ],
    [
      0.8021156191825867,
      0.6106063723564148
    ],
    [
      0.810932457447052,
      0.6106955409049988
    ],
    [
      0.8235668540000916,
      0.6111708283424377
    ],
    [
      0.8349524736404419,
      0.6116029024124146
    ],
    [
      0.8436554670333862,
      0.6119422912597656
    ],
    [
      0.8534547090530396,
      0.6119765639305115
    ],
    [
      0.8654255867004395,
      0.6114063858985901
    ],
    [
      0.8756281733512878,
      0.6108464598655701
    ],
    [
      0.8825933933258057,
      0.6103054285049438
    ],
    [
      0.8744587302207947,
      0.6122038960456848
    ],
    [
      0.8407304883003235,
      0.6182372570037842
    ],
    [
      0.812812089920044,
      0.6236871480941772
    ]
  ],
  "meta": {
    "video_name": "test2.mp4",
    "video_stem": "test2",
    "video_path": "E:\\desktop\\open\\lstm-akf\\data\\video\\test2.mp4",
    "fps": 40.0,
    "segment_index": 166,
    "sample_index": 136,
    "start_frame_index": 126,
    "history_end_frame_index": 140,
    "target_end_frame_index": 155,
    "history_frame_indices": [
      126,
      127,
      128,
      129,
      130,
      131,
      132,
      133,
      134,
      135,
      136,
      137,
      138,
      139,
      140
    ],
    "target_frame_indices": [
      141,
      142,
      143,
      144,
      145,
      146,
      147,
      148,
      149,
      150,
      151,
      152,
      153,
      154,
      155
    ],
    "history_timestamps": [
      392.10601443306774,
      392.1310144330677,
      392.1560144330677,
      392.1810144330677,
      392.20601443306765,
      392.2310144330676,
      392.2560144330676,
      392.2810144330676,
      392.30601443306756,
      392.33101443306754,
      392.3560144330675,
      392.3810144330675,
      392.40601443306747,
      392.43101443306745,
      392.4560144330674
    ],
    "target_timestamps": [
      392.4810144330674,
      392.5060144330674,
      392.53101443306736,
      392.55601443306733,
      392.5810144330673,
      392.6060144330673,
      392.63101443306726,
      392.65601443306724,
      392.6810144330672,
      392.7060144330672,
      392.7310144330672,
      392.75601443306715,
      392.7810144330671,
      392.8060144330671,
      392.8310144330671
    ]
  }
}