{
  "input": [
    [
      0.5261030197143555,
      0.5654088854789734
    ],
    [
      0.5295737981796265,
      0.5656182765960693
    ],
    [
      0.5330014228820801,
      0.5659350752830505
    ],
    [
      0.5363567471504211,
      0.5664318799972534
    ],
    [
      0.5392192006111145,
      0.5667031407356262
    ],
    [
      0.5413163304328918,
      0.5666242241859436
    ],
    [
      0.5432446599006653,
      0.5662679672241211
    ],
    [
      0.5449295043945312,
      0.5655118227005005
    ],
    [
      0.5473297238349915,
      0.5647222399711609
    ],
    [
      0.5506885051727295,
      0.5638878345489502
    ],
    [
      0.5458847880363464,
      0.5622754693031311
    ],
    [
      0.5309069752693176,
      0.5596933960914612
    ],
    [
      0.523078203201294,
      0.5580430626869202
    ],
    [
      0.5235424637794495,
      0.5574734807014465
    ],
    [
      0.5252660512924194,
      0.5575828552246094
    ]
  ],
  "target": [
    [
      0.5283498764038086,
      0.5584254860877991
    ],
    [
      0.5335948467254639,
      0.5592002272605896
    ],
    [
      0.5410133004188538,
      0.5599066615104675
    ],
    [
      0.5464277267456055,
      0.5602855682373047
    ],
    [
      0.5499651432037354,
      0.5603576302528381
    ],
    [
      0.5551913976669312,
      0.5607820153236389
    ],
    [
      0.5618904829025269,
      0.5615136027336121
    ],
    [
      0.5693936944007874,
      0.5623828768730164
    ],
    [
      0.5775495171546936,
      0.563363790512085
    ],
    [
      0.568681001663208,
      0.5643051862716675
    ],
    [
      0.5469586253166199,
      0.5652167201042175
    ],
    [
      0.5383180379867554,
      0.5659220218658447
    ],
    [
      0.5388587713241577,
      0.5664826035499573
    ],
    [
      0.541395902633667,
      0.5665896534919739
    ],
    [
      0.5452343225479126,
      0.5664010047912598
    ]
  ]
}