{
  "input": [
    [
      0.5590866208076477,
      0.5798684358596802
    ],
    [
      0.5579461455345154,
      0.5796675682067871
    ],
    [
      0.5564144849777222,
      0.5796889066696167
    ],
    [
      0.554718017578125,
      0.5798038244247437
    ],
    [
      0.5535596013069153,
      0.5800356864929199
    ],
    [
      0.5526089668273926,
      0.5803126692771912
    ],
    [
      0.5516579151153564,
      0.5804928541183472
    ],
    [
      0.5507067441940308,
      0.5806388854980469
    ],
    [
      0.5503047108650208,
      0.5806768536567688
    ],
    [
      0.5500789284706116,
      0.5806801915168762
    ],
    [
      0.5500428676605225,
      0.5806685090065002
    ],
    [
      0.5500619411468506,
      0.5806525349617004
    ],
    [
      0.550134003162384,
      0.5805234909057617
    ],
    [
      0.5502199530601501,
      0.5803649425506592
    ],
    [
      0.5502723455429077,
      0.5801641345024109
    ]
  ],
  "target": [
    [
      0.5503169298171997,
      0.5799533724784851
    ],
    [
      0.5503270030021667,
      0.5797737836837769
    ],
    [
      0.5503299236297607,
      0.5796005725860596
    ],
    [
      0.5505405068397522,
      0.5795471668243408
    ],
    [
      0.5507888197898865,
      0.5795155167579651
    ],
    [
      0.5510286688804626,
      0.5795158743858337
    ],
    [
      0.5512672066688538,
      0.5795212388038635
    ],
    [
      0.551560640335083,
      0.5794245600700378
    ],
    [
      0.5518614053726196,
      0.5793142318725586
    ],
    [
      0.5522571206092834,
      0.5793575644493103
    ],
    [
      0.5526634454727173,
      0.5794180631637573
    ],
    [
      0.5533384680747986,
      0.5793414115905762
    ],
    [
      0.5540377497673035,
      0.5792524218559265
    ],
    [
      0.5545525550842285,
      0.5792356729507446
    ],
    [
      0.5550545454025269,
      0.5792239308357239
    ]
  ]
}