{
  "input": [
    [
      0.4959813058376312,
      0.5806260704994202
    ],
    [
      0.5056211948394775,
      0.5761563777923584
    ],
    [
      0.5100246071815491,
      0.5737640261650085
    ],
    [
      0.5111452341079712,
      0.5726637840270996
    ],
    [
      0.5097872018814087,
      0.572539210319519
    ],
    [
      0.5045608282089233,
      0.5730064511299133
    ],
    [
      0.4966195225715637,
      0.5738891959190369
    ],
    [
      0.489348828792572,
      0.5750131011009216
    ],
    [
      0.48251521587371826,
      0.5762943029403687
    ],
    [
      0.4746893048286438,
      0.5767501592636108
    ],
    [
      0.46626347303390503,
      0.5767070651054382
    ],
    [
      0.4601753056049347,
      0.5766904354095459
    ],
    [
      0.45539629459381104,
      0.5766885876655579
    ],
    [
      0.4507777988910675,
      0.5762622952461243
    ],
    [
      0.44624248147010803,
      0.575616180896759
    ]
  ],
  "target": [
    [
      0.4435924291610718,
      0.5751232504844666
    ],
    [
      0.4418433904647827,
      0.5747034549713135
    ],
    [
      0.4535031318664551,
      0.5776954293251038
    ],
    [
      0.4710629880428314,
      0.5821886658668518
    ],
    [
      0.4870048463344574,
      0.5860532522201538
    ],
    [
      0.5022929906845093,
      0.5896638631820679
    ],
    [
      0.5216682553291321,
      0.5940340757369995
    ],
    [
      0.5425547957420349,
      0.5986851453781128
    ],
    [
      0.5177605152130127,
      0.5956565737724304
    ],
    [
      0.47756439447402954,
      0.5900387167930603
    ],
    [
      0.4634974002838135,
      0.5885815024375916
    ],
    [
      0.45742762088775635,
      0.5883978009223938
    ],
    [
      0.4530177414417267,
      0.5878591537475586
    ],
    [
      0.4490666687488556,
      0.5872223377227783
    ],
    [
      0.4430493414402008,
      0.5862963199615479
    ]
  ],
  "meta": {
    "video_name": "test2.mp4",
    "video_stem": "test2",
    "video_path": "E:\\desktop\\open\\lstm-akf\\data\\video\\test2.mp4",
    "fps": 40.0,
    "segment_index": 172,
    "sample_index": 71,
    "start_frame_index": 61,
    "history_end_frame_index": 75,
    "target_end_frame_index": 90,
    "history_frame_indices": [
      61,
      62,
      63,
      64,
      65,
      66,
      67,
      68,
      69,
      70,
      71,
      72,
      73,
      74,
      75
    ],
    "target_frame_indices": [
      76,
      77,
      78,
      79,
      80,
      81,
      82,
      83,
      84,
      85,
      86,
      87,
      88,
      89,
      90
    ],
    "history_timestamps": [
      417.93440110601114,
      417.9594011060111,
      417.9844011060111,
      418.00940110601107,
      418.03440110601105,
      418.059401106011,
      418.084401106011,
      418.109401106011,
      418.13440110601096,
      418.15940110601093,
      418.1844011060109,
      418.2094011060109,
      418.23440110601086,
      418.25940110601084,
      418.2844011060108
    ],
    "target_timestamps": [
      418.3094011060108,
      418.3344011060108,
      418.35940110601075,
      418.3844011060107,
      418.4094011060107,
      418.4344011060107,
      418.45940110601066,
      418.48440110601064,
      418.5094011060106,
      418.5344011060106,
      418.55940110601057,
      418.58440110601055,
      418.6094011060105,
      418.6344011060105,
      418.6594011060105
    ]
  }
}