{
  "input": [
    [
      0.5296157002449036,
      0.5549240112304688
    ],
    [
      0.5310274958610535,
      0.5551808476448059
    ],
    [
      0.5323920845985413,
      0.5554449558258057
    ],
    [
      0.5335043668746948,
      0.5557482242584229
    ],
    [
      0.5322808027267456,
      0.5564672946929932
    ],
    [
      0.5200602412223816,
      0.559144139289856
    ],
    [
      0.5100390315055847,
      0.5614025592803955
    ],
    [
      0.5092138648033142,
      0.5619113445281982
    ],
    [
      0.5090898871421814,
      0.5623135566711426
    ],
    [
      0.5115904808044434,
      0.5623167753219604
    ],
    [
      0.514011561870575,
      0.5623180866241455
    ],
    [
      0.5161645412445068,
      0.56231290102005
    ],
    [
      0.5184915065765381,
      0.5622954964637756
    ],
    [
      0.521350622177124,
      0.5622407793998718
    ],
    [
      0.5239344835281372,
      0.5621384382247925
    ]
  ],
  "target": [
    [
      0.5257519483566284,
      0.5619036555290222
    ],
    [
      0.5279179215431213,
      0.5618467330932617
    ],
    [
      0.530971348285675,
      0.5622424483299255
    ],
    [
      0.5337296724319458,
      0.5624243021011353
    ],
    [
      0.5357989072799683,
      0.562106728553772
    ],
    [
      0.5338503122329712,
      0.5608848333358765
    ],
    [
      0.5232707262039185,
      0.5577201843261719
    ],
    [
      0.5149472951889038,
      0.5552219748497009
    ],
    [
      0.511093258857727,
      0.5540441274642944
    ],
    [
      0.509011447429657,
      0.5535019636154175
    ],
    [
      0.5101740956306458,
      0.5541238784790039
    ],
    [
      0.5118331909179688,
      0.5546717047691345
    ],
    [
      0.5143337845802307,
      0.5550940036773682
    ],
    [
      0.5171809196472168,
      0.555338978767395
    ],
    [
      0.5205725431442261,
      0.5553050637245178
    ]
  ]
}