{
  "input": [
    [
      0.6437532305717468,
      0.5696050524711609
    ],
    [
      0.6435929536819458,
      0.569633424282074
    ],
    [
      0.6434392333030701,
      0.5696602463722229
    ],
    [
      0.6433575749397278,
      0.5697683691978455
    ],
    [
      0.6432811617851257,
      0.5698823928833008
    ],
    [
      0.6431872844696045,
      0.5697614550590515
    ],
    [
      0.6430924534797668,
      0.569628119468689
    ],
    [
      0.6430596113204956,
      0.5696040391921997
    ],
    [
      0.6430287957191467,
      0.5695835947990417
    ],
    [
      0.6429943442344666,
      0.5695478320121765
    ],
    [
      0.6429599523544312,
      0.569511890411377
    ],
    [
      0.6429690718650818,
      0.5694774985313416
    ],
    [
      0.6429784297943115,
      0.5694435834884644
    ],
    [
      0.6429995894432068,
      0.5694302916526794
    ],
    [
      0.6430197954177856,
      0.5694168210029602
    ]
  ],
  "target": [
    [
      0.6430162787437439,
      0.569398820400238
    ],
    [
      0.6430115699768066,
      0.5693767070770264
    ],
    [
      0.6429873108863831,
      0.5692872405052185
    ],
    [
      0.6429638266563416,
      0.5692030787467957
    ],
    [
      0.6429500579833984,
      0.5691839456558228
    ],
    [
      0.6429369449615479,
      0.5691727995872498
    ],
    [
      0.6429300904273987,
      0.569239616394043
    ],
    [
      0.6429282426834106,
      0.5693069100379944
    ],
    [
      0.6429669857025146,
      0.5693784356117249
    ],
    [
      0.6429988145828247,
      0.5694434642791748
    ],
    [
      0.6429838538169861,
      0.5694644451141357
    ],
    [
      0.6429743766784668,
      0.5694828033447266
    ],
    [
      0.6429973244667053,
      0.5694855451583862
    ],
    [
      0.6430216431617737,
      0.5694926977157593
    ],
    [
      0.6430530548095703,
      0.5695223212242126
    ]
  ]
}