{
  "input": [
    [
      0.5080269575119019,
      0.5631513595581055
    ],
    [
      0.506894588470459,
      0.563360333442688
    ],
    [
      0.5059439539909363,
      0.5635749697685242
    ],
    [
      0.5053139328956604,
      0.5637757182121277
    ],
    [
      0.5051340460777283,
      0.5639570951461792
    ],
    [
      0.5051236748695374,
      0.5641279816627502
    ],
    [
      0.5053344368934631,
      0.5642853379249573
    ],
    [
      0.5056987404823303,
      0.5643843412399292
    ],
    [
      0.5062495470046997,
      0.5644124150276184
    ],
    [
      0.5067247748374939,
      0.5644228458404541
    ],
    [
      0.5071146488189697,
      0.5644132494926453
    ],
    [
      0.5077312588691711,
      0.5644439458847046
    ],
    [
      0.5085865259170532,
      0.5645171403884888
    ],
    [
      0.5093256235122681,
      0.564577579498291
    ],
    [
      0.5099508762359619,
      0.5646254420280457
    ]
  ],
  "target": [
    [
      0.5108914971351624,
      0.5648109316825867
    ],
    [
      0.5121200680732727,
      0.5651221871376038
    ],
    [
      0.513312041759491,
      0.565239429473877
    ],
    [
      0.5144728422164917,
      0.5651918053627014
    ],
    [
      0.5154693722724915,
      0.5652621388435364
    ],
    [
      0.5163359045982361,
      0.5654257535934448
    ],
    [
      0.5173091292381287,
      0.5654962062835693
    ],
    [
      0.5183608531951904,
      0.5654981136322021
    ],
    [
      0.5201735496520996,
      0.5655003190040588
    ],
    [
      0.5225065350532532,
      0.5655027627944946
    ],
    [
      0.5245321989059448,
      0.5652355551719666
    ],
    [
      0.5263628959655762,
      0.5647971034049988
    ],
    [
      0.5292736887931824,
      0.5647566318511963
    ],
    [
      0.5328201055526733,
      0.5649502873420715
    ],
    [
      0.5364381670951843,
      0.5650131106376648
    ]
  ]
}