{
  "input": [
    [
      0.7861614227294922,
      0.6013229489326477
    ],
    [
      0.7870309352874756,
      0.6009572744369507
    ],
    [
      0.7877817749977112,
      0.6007034182548523
    ],
    [
      0.7881585955619812,
      0.6008023619651794
    ],
    [
      0.7885439395904541,
      0.6008623242378235
    ],
    [
      0.7889540791511536,
      0.6008103489875793
    ],
    [
      0.7892209887504578,
      0.6008388996124268
    ],
    [
      0.7891128063201904,
      0.6010783314704895
    ],
    [
      0.7892661690711975,
      0.6012566089630127
    ],
    [
      0.790047287940979,
      0.6012880802154541
    ],
    [
      0.7909239530563354,
      0.60127192735672
    ],
    [
      0.7920116782188416,
      0.6011508107185364
    ],
    [
      0.7939243912696838,
      0.6010754704475403
    ],
    [
      0.7975140810012817,
      0.6010929942131042
    ],
    [
      0.800778329372406,
      0.601205587387085
    ]
  ],
  "target": [
    [
      0.8034314513206482,
      0.6014967560768127
    ],
    [
      0.8068456649780273,
      0.6014693975448608
    ],
    [
      0.8115819692611694,
      0.6008887887001038
    ],
    [
      0.8165220618247986,
      0.6003736257553101
    ],
    [
      0.8217901587486267,
      0.5999637842178345
    ],
    [
      0.8043853640556335,
      0.6023396253585815
    ],
    [
      0.7531052827835083,
      0.6088773608207703
    ],
    [
      0.7195333242416382,
      0.6131784319877625
    ],
    [
      0.7105408906936646,
      0.6143748760223389
    ],
    [
      0.7077257633209229,
      0.6151190400123596
    ],
    [
      0.7128833532333374,
      0.615279495716095
    ],
    [
      0.7201486229896545,
      0.6151153445243835
    ],
    [
      0.7299448847770691,
      0.6145614981651306
    ],
    [
      0.7409716248512268,
      0.6142225861549377
    ],
    [
      0.753373920917511,
      0.6141240000724792
    ]
  ],
  "meta": {
    "video_name": "test2.mp4",
    "video_stem": "test2",
    "video_path": "E:\\desktop\\open\\lstm-akf\\data\\video\\test2.mp4",
    "fps": 40.0,
    "segment_index": 166,
    "sample_index": 369,
    "start_frame_index": 359,
    "history_end_frame_index": 373,
    "target_end_frame_index": 388,
    "history_frame_indices": [
      359,
      360,
      361,
      362,
      363,
      364,
      365,
      366,
      367,
      368,
      369,
      370,
      371,
      372,
      373
    ],
    "target_frame_indices": [
      374,
      375,
      376,
      377,
      378,
      379,
      380,
      381,
      382,
      383,
      384,
      385,
      386,
      387,
      388
    ],
    "history_timestamps": [
      397.93101443306244,
      397.9560144330624,
      397.9810144330624,
      398.0060144330624,
      398.03101443306235,
      398.05601443306233,
      398.0810144330623,
      398.1060144330623,
      398.13101443306226,
      398.15601443306224,
      398.1810144330622,
      398.2060144330622,
      398.23101443306217,
      398.25601443306215,
      398.2810144330621
    ],
    "target_timestamps": [
      398.3060144330621,
      398.3310144330621,
      398.35601443306206,
      398.38101443306203,
      398.406014433062,
      398.431014433062,
      398.45601443306197,
      398.48101443306194,
      398.5060144330619,
      398.5310144330619,
      398.5560144330619,
      398.58101443306185,
      398.60601443306183,
      398.6310144330618,
      398.6560144330618
    ]
  }
}