{
  "input": [
    [
      0.5995274782180786,
      0.565991997718811
    ],
    [
      0.5994328856468201,
      0.5660759806632996
    ],
    [
      0.5992928743362427,
      0.5661690831184387
    ],
    [
      0.5990159511566162,
      0.5662895441055298
    ],
    [
      0.5986500978469849,
      0.5663840770721436
    ],
    [
      0.5980402231216431,
      0.5664075613021851
    ],
    [
      0.5975579619407654,
      0.56634920835495
    ],
    [
      0.5973961353302002,
      0.5660852193832397
    ],
    [
      0.5971532464027405,
      0.5658466815948486
    ],
    [
      0.5967237949371338,
      0.565666675567627
    ],
    [
      0.5962701439857483,
      0.5655426979064941
    ],
    [
      0.5957651734352112,
      0.5655375123023987
    ],
    [
      0.595131516456604,
      0.5655750632286072
    ],
    [
      0.5942463278770447,
      0.5656961798667908
    ],
    [
      0.59341961145401,
      0.565869152545929
    ]
  ],
  "target": [
    [
      0.5926984548568726,
      0.5661357045173645
    ],
    [
      0.5918856263160706,
      0.5663846731185913
    ],
    [
      0.5909191966056824,
      0.5666041970252991
    ],
    [
      0.5900087356567383,
      0.5667810440063477
    ],
    [
      0.5891850590705872,
      0.5668916702270508
    ],
    [
      0.5880581736564636,
      0.5668835043907166
    ],
    [
      0.5864940285682678,
      0.5667040944099426
    ],
    [
      0.5851413011550903,
      0.5665168166160583
    ],
    [
      0.5840717554092407,
      0.5663188695907593
    ],
    [
      0.5831350684165955,
      0.5662041306495667
    ],
    [
      0.5823640823364258,
      0.5661930441856384
    ],
    [
      0.581853985786438,
      0.5661542415618896
    ],
    [
      0.5816465020179749,
      0.5660834312438965
    ],
    [
      0.5816515684127808,
      0.5660209059715271
    ],
    [
      0.5818861722946167,
      0.5659675002098083
    ]
  ],
  "meta": {
    "video_name": "test2.mp4",
    "video_stem": "test2",
    "video_path": "E:\\desktop\\open\\lstm-akf\\data\\video\\test2.mp4",
    "fps": 40.0,
    "segment_index": 15,
    "sample_index": 36,
    "start_frame_index": 26,
    "history_end_frame_index": 40,
    "target_end_frame_index": 55,
    "history_frame_indices": [
      26,
      27,
      28,
      29,
      30,
      31,
      32,
      33,
      34,
      35,
      36,
      37,
      38,
      39,
      40
    ],
    "target_frame_indices": [
      41,
      42,
      43,
      44,
      45,
      46,
      47,
      48,
      49,
      50,
      51,
      52,
      53,
      54,
      55
    ],
    "history_timestamps": [
      36.72593050162761,
      36.75093050162761,
      36.775930501627606,
      36.800930501627604,
      36.8259305016276,
      36.8509305016276,
      36.8759305016276,
      36.9009305016276,
      36.9259305016276,
      36.950930501627596,
      36.975930501627595,
      37.00093050162759,
      37.02593050162759,
      37.05093050162759,
      37.07593050162759
    ],
    "target_timestamps": [
      37.10093050162759,
      37.125930501627586,
      37.150930501627585,
      37.17593050162758,
      37.20093050162758,
      37.22593050162758,
      37.25093050162758,
      37.27593050162758,
      37.300930501627576,
      37.325930501627575,
      37.35093050162757,
      37.37593050162757,
      37.40093050162757,
      37.42593050162757,
      37.45093050162757
    ]
  }
}