{
  "input": [
    [
      0.47684651613235474,
      0.5634574294090271
    ],
    [
      0.47786760330200195,
      0.5634016990661621
    ],
    [
      0.4788723587989807,
      0.5633496046066284
    ],
    [
      0.4789762794971466,
      0.563499927520752
    ],
    [
      0.47908490896224976,
      0.5636510252952576
    ]
  ],
  "target": [
    [
      0.47932106256484985,
      0.5638216137886047
    ],
    [
      0.4795415699481964,
      0.5639822483062744
    ],
    [
      0.4794846773147583,
      0.5639654397964478
    ],
    [
      0.47941675782203674,
      0.5639389157295227
    ],
    [
      0.479204922914505,
      0.5637863874435425
    ],
    [
      0.4789758026599884,
      0.5636483430862427
    ],
    [
      0.47856974601745605,
      0.5636576414108276
    ],
    [
      0.4781494736671448,
      0.5636523962020874
    ],
    [
      0.4776102900505066,
      0.5635250210762024
    ],
    [
      0.47705090045928955,
      0.5633916258811951
    ],
    [
      0.476349413394928,
      0.5632157325744629
    ],
    [
      0.4756823778152466,
      0.5631688237190247
    ],
    [
      0.47522270679473877,
      0.5638986825942993
    ],
    [
      0.474683940410614,
      0.5645232200622559
    ],
    [
      0.47373077273368835,
      0.5645955204963684
    ]
  ]
}