{
  "input": [
    [
      0.5239439010620117,
      0.559022068977356
    ],
    [
      0.5275735259056091,
      0.5598363876342773
    ],
    [
      0.5329670906066895,
      0.5603861212730408
    ],
    [
      0.5401758551597595,
      0.5606635212898254
    ],
    [
      0.5455356240272522,
      0.561151385307312
    ],
    [
      0.5491236448287964,
      0.561840832233429
    ],
    [
      0.5519573092460632,
      0.5624228715896606
    ],
    [
      0.5541178584098816,
      0.5629090666770935
    ],
    [
      0.5561140179634094,
      0.5630130767822266
    ],
    [
      0.5579735040664673,
      0.5627996921539307
    ],
    [
      0.5608471632003784,
      0.5630506277084351
    ],
    [
      0.5645046234130859,
      0.5636604428291321
    ],
    [
      0.5589325428009033,
      0.5642654299736023
    ],
    [
      0.5467281341552734,
      0.564866840839386
    ],
    [
      0.5403825044631958,
      0.5654523372650146
    ]
  ],
  "target": [
    [
      0.5379478335380554,
      0.5660272240638733
    ],
    [
      0.5380976796150208,
      0.5663551092147827
    ],
    [
      0.5398485660552979,
      0.5665299892425537
    ],
    [
      0.5436490178108215,
      0.5666829943656921
    ],
    [
      0.548626184463501,
      0.5668234825134277
    ],
    [
      0.5528695583343506,
      0.5668947100639343
    ],
    [
      0.5567231774330139,
      0.566929042339325
    ],
    [
      0.5608317852020264,
      0.5668900609016418
    ],
    [
      0.5650655031204224,
      0.5668150782585144
    ],
    [
      0.5679304599761963,
      0.5666390657424927
    ],
    [
      0.5701767802238464,
      0.566417396068573
    ],
    [
      0.5729995369911194,
      0.5662218928337097
    ],
    [
      0.5760617852210999,
      0.5660372972488403
    ],
    [
      0.5778437852859497,
      0.5659633874893188
    ],
    [
      0.5791385173797607,
      0.5659315586090088
    ]
  ]
}