{
  "input": [
    [
      0.7158650159835815,
      0.596014678478241
    ],
    [
      0.674383819103241,
      0.6028154492378235
    ],
    [
      0.656144380569458,
      0.6064112186431885
    ],
    [
      0.6409376859664917,
      0.6095888614654541
    ],
    [
      0.6394686698913574,
      0.6113285422325134
    ],
    [
      0.639485776424408,
      0.6129127144813538
    ],
    [
      0.6456606388092041,
      0.6137312054634094
    ],
    [
      0.6523695588111877,
      0.6144832968711853
    ],
    [
      0.6625351309776306,
      0.6160812377929688
    ],
    [
      0.6729292273521423,
      0.6177350282669067
    ],
    [
      0.6856120824813843,
      0.6192330121994019
    ],
    [
      0.6984007954597473,
      0.6207238435745239
    ],
    [
      0.7169396281242371,
      0.6219759583473206
    ],
    [
      0.735634446144104,
      0.6232215762138367
    ],
    [
      0.7251318693161011,
      0.6214271783828735
    ]
  ],
  "target": [
    [
      0.7145769000053406,
      0.6196208596229553
    ],
    [
      0.7255839705467224,
      0.6193640828132629
    ],
    [
      0.7364736199378967,
      0.6191157698631287
    ],
    [
      0.7431353330612183,
      0.6191718578338623
    ],
    [
      0.7478995323181152,
      0.6188624501228333
    ],
    [
      0.7122336626052856,
      0.6107673645019531
    ],
    [
      0.6779037117958069,
      0.6029893159866333
    ],
    [
      0.6635662317276001,
      0.5999569296836853
    ],
    [
      0.6506863236427307,
      0.5971879959106445
    ],
    [
      0.6544679403305054,
      0.5974302291870117
    ],
    [
      0.6588173508644104,
      0.5977893471717834
    ],
    [
      0.6683787107467651,
      0.5992212891578674
    ],
    [
      0.6785954236984253,
      0.6007112264633179
    ],
    [
      0.6938033103942871,
      0.6026428937911987
    ],
    [
      0.7089372277259827,
      0.6044479608535767
    ]
  ],
  "meta": {
    "video_name": "test2.mp4",
    "video_stem": "test2",
    "video_path": "E:\\desktop\\open\\lstm-akf\\data\\video\\test2.mp4",
    "fps": 40.0,
    "segment_index": 166,
    "sample_index": 330,
    "start_frame_index": 320,
    "history_end_frame_index": 334,
    "target_end_frame_index": 349,
    "history_frame_indices": [
      320,
      321,
      322,
      323,
      324,
      325,
      326,
      327,
      328,
      329,
      330,
      331,
      332,
      333,
      334
    ],
    "target_frame_indices": [
      335,
      336,
      337,
      338,
      339,
      340,
      341,
      342,
      343,
      344,
      345,
      346,
      347,
      348,
      349
    ],
    "history_timestamps": [
      396.95601443306333,
      396.9810144330633,
      397.0060144330633,
      397.03101443306326,
      397.05601443306324,
      397.0810144330632,
      397.1060144330632,
      397.13101443306317,
      397.15601443306315,
      397.1810144330631,
      397.2060144330631,
      397.2310144330631,
      397.25601443306306,
      397.28101443306304,
      397.306014433063
    ],
    "target_timestamps": [
      397.331014433063,
      397.35601443306297,
      397.38101443306294,
      397.4060144330629,
      397.4310144330629,
      397.4560144330629,
      397.48101443306285,
      397.50601443306283,
      397.5310144330628,
      397.5560144330628,
      397.58101443306276,
      397.60601443306274,
      397.6310144330627,
      397.6560144330627,
      397.68101443306267
    ]
  }
}