{
  "input": [
    [
      0.5622428059577942,
      0.578912615776062
    ],
    [
      0.5605084300041199,
      0.5787731409072876
    ],
    [
      0.5592880249023438,
      0.5786288976669312
    ],
    [
      0.5579593777656555,
      0.5784834623336792
    ],
    [
      0.5565111637115479,
      0.578336775302887
    ],
    [
      0.5554770827293396,
      0.5782902240753174
    ],
    [
      0.5548691749572754,
      0.5783466100692749
    ],
    [
      0.5539504885673523,
      0.5784009695053101
    ],
    [
      0.5527338981628418,
      0.5784533023834229
    ],
    [
      0.5519337058067322,
      0.5785176753997803
    ],
    [
      0.5515050292015076,
      0.5785927772521973
    ],
    [
      0.5512533783912659,
      0.578671395778656
    ],
    [
      0.5511488318443298,
      0.5787530541419983
    ],
    [
      0.5511322617530823,
      0.578768253326416
    ],
    [
      0.5511837601661682,
      0.5787320733070374
    ]
  ],
  "target": [
    [
      0.5512309074401855,
      0.578591525554657
    ],
    [
      0.5512748956680298,
      0.578376054763794
    ],
    [
      0.5512884855270386,
      0.5782164335250854
    ],
    [
      0.5512819290161133,
      0.5780941247940063
    ],
    [
      0.5514222383499146,
      0.5779889225959778
    ],
    [
      0.5516535639762878,
      0.5778943300247192
    ],
    [
      0.5519199967384338,
      0.5778578519821167
    ],
    [
      0.5522065162658691,
      0.5778546929359436
    ],
    [
      0.5525414347648621,
      0.5778920650482178
    ],
    [
      0.5529019832611084,
      0.5779509544372559
    ],
    [
      0.5533252358436584,
      0.5780091285705566
    ],
    [
      0.5537792444229126,
      0.5780670046806335
    ],
    [
      0.5543026328086853,
      0.5783933401107788
    ],
    [
      0.5548573732376099,
      0.5788410902023315
    ],
    [
      0.555243730545044,
      0.5791385173797607
    ]
  ],
  "meta": {
    "video_name": "test2.mp4",
    "video_stem": "test2",
    "video_path": "E:\\desktop\\open\\lstm-akf\\data\\video\\test2.mp4",
    "fps": 40.0,
    "segment_index": 34,
    "sample_index": 283,
    "start_frame_index": 273,
    "history_end_frame_index": 287,
    "target_end_frame_index": 302,
    "history_frame_indices": [
      273,
      274,
      275,
      276,
      277,
      278,
      279,
      280,
      281,
      282,
      283,
      284,
      285,
      286,
      287
    ],
    "target_frame_indices": [
      288,
      289,
      290,
      291,
      292,
      293,
      294,
      295,
      296,
      297,
      298,
      299,
      300,
      301,
      302
    ],
    "history_timestamps": [
      84.08101051104207,
      84.10601051104207,
      84.13101051104208,
      84.15601051104208,
      84.18101051104209,
      84.2060105110421,
      84.2310105110421,
      84.2560105110421,
      84.28101051104211,
      84.30601051104212,
      84.33101051104212,
      84.35601051104213,
      84.38101051104213,
      84.40601051104214,
      84.43101051104215
    ],
    "target_timestamps": [
      84.45601051104215,
      84.48101051104216,
      84.50601051104216,
      84.53101051104217,
      84.55601051104217,
      84.58101051104218,
      84.60601051104219,
      84.63101051104219,
      84.6560105110422,
      84.6810105110422,
      84.70601051104221,
      84.73101051104221,
      84.75601051104222,
      84.78101051104223,
      84.80601051104223
    ]
  }
}