{
  "input": [
    [
      0.694247841835022,
      0.6175975799560547
    ],
    [
      0.7029837965965271,
      0.6187548041343689
    ],
    [
      0.7132906913757324,
      0.6204074621200562
    ],
    [
      0.7240861654281616,
      0.6222141981124878
    ],
    [
      0.7321269512176514,
      0.6229344606399536
    ],
    [
      0.7393934726715088,
      0.6233493089675903
    ],
    [
      0.7450542449951172,
      0.6235561370849609
    ],
    [
      0.7503095865249634,
      0.6237103939056396
    ],
    [
      0.755307674407959,
      0.623123049736023
    ],
    [
      0.7602478861808777,
      0.6223688125610352
    ],
    [
      0.7345315217971802,
      0.614324688911438
    ],
    [
      0.702714204788208,
      0.6048297882080078
    ],
    [
      0.6845666170120239,
      0.599482536315918
    ],
    [
      0.6687968969345093,
      0.5948567986488342
    ],
    [
      0.668425977230072,
      0.5946303009986877
    ]
  ],
  "target": [
    [
      0.6703635454177856,
      0.595063328742981
    ],
    [
      0.6787325739860535,
      0.5970337390899658
    ],
    [
      0.6879172921180725,
      0.5991992354393005
    ],
    [
      0.7043110728263855,
      0.6011805534362793
    ],
    [
      0.7214595079421997,
      0.6031426787376404
    ],
    [
      0.7347755432128906,
      0.6043469309806824
    ],
    [
      0.7477721571922302,
      0.6054880023002625
    ],
    [
      0.72806316614151,
      0.6111699938774109
    ],
    [
      0.706298291683197,
      0.6171373724937439
    ],
    [
      0.6953580975532532,
      0.6202355623245239
    ],
    [
      0.6848846673965454,
      0.623210072517395
    ],
    [
      0.6933557391166687,
      0.6249433755874634
    ],
    [
      0.7022833228111267,
      0.6266467571258545
    ],
    [
      0.7151761651039124,
      0.6275759339332581
    ],
    [
      0.728198766708374,
      0.6285062432289124
    ]
  ],
  "meta": {
    "video_name": "test2.mp4",
    "video_stem": "test2",
    "video_path": "E:\\desktop\\open\\lstm-akf\\data\\video\\test2.mp4",
    "fps": 40.0,
    "segment_index": 166,
    "sample_index": 205,
    "start_frame_index": 195,
    "history_end_frame_index": 209,
    "target_end_frame_index": 224,
    "history_frame_indices": [
      195,
      196,
      197,
      198,
      199,
      200,
      201,
      202,
      203,
      204,
      205,
      206,
      207,
      208,
      209
    ],
    "target_frame_indices": [
      210,
      211,
      212,
      213,
      214,
      215,
      216,
      217,
      218,
      219,
      220,
      221,
      222,
      223,
      224
    ],
    "history_timestamps": [
      393.8310144330662,
      393.85601443306615,
      393.8810144330661,
      393.9060144330661,
      393.9310144330661,
      393.95601443306606,
      393.98101443306604,
      394.006014433066,
      394.031014433066,
      394.05601443306597,
      394.08101443306595,
      394.1060144330659,
      394.1310144330659,
      394.1560144330659,
      394.18101443306585
    ],
    "target_timestamps": [
      394.20601443306583,
      394.2310144330658,
      394.2560144330658,
      394.28101443306576,
      394.30601443306574,
      394.3310144330657,
      394.3560144330657,
      394.3810144330657,
      394.40601443306565,
      394.4310144330656,
      394.4560144330656,
      394.4810144330656,
      394.50601443306556,
      394.53101443306554,
      394.5560144330655
    ]
  }
}