{
  "input": [
    [
      0.49228179454803467,
      0.5614171028137207
    ],
    [
      0.49407970905303955,
      0.5615439414978027
    ],
    [
      0.4949090778827667,
      0.5616205334663391
    ],
    [
      0.49585697054862976,
      0.5616949200630188
    ],
    [
      0.4971153438091278,
      0.5617636442184448
    ],
    [
      0.49841251969337463,
      0.5617297291755676
    ],
    [
      0.4998028874397278,
      0.5614492893218994
    ],
    [
      0.5014085173606873,
      0.5611166954040527
    ],
    [
      0.5034890174865723,
      0.5606689453125
    ],
    [
      0.5053005218505859,
      0.5604304671287537
    ],
    [
      0.5065650939941406,
      0.5606172680854797
    ],
    [
      0.5081329345703125,
      0.5606514811515808
    ],
    [
      0.5102701783180237,
      0.5603993535041809
    ],
    [
      0.5120838284492493,
      0.5602550506591797
    ],
    [
      0.5133353471755981,
      0.5602981448173523
    ]
  ],
  "target": [
    [
      0.5149471759796143,
      0.5603876709938049
    ],
    [
      0.5171391367912292,
      0.5605521202087402
    ],
    [
      0.5190718173980713,
      0.5607271194458008
    ],
    [
      0.5206171274185181,
      0.5609179139137268
    ],
    [
      0.5224217176437378,
      0.5608946084976196
    ],
    [
      0.5245862007141113,
      0.5605741143226624
    ],
    [
      0.5263022780418396,
      0.5602064728736877
    ],
    [
      0.5274395942687988,
      0.5597779154777527
    ],
    [
      0.5286872386932373,
      0.5595465898513794
    ],
    [
      0.5300672650337219,
      0.5595520734786987
    ],
    [
      0.5310603976249695,
      0.5596802830696106
    ],
    [
      0.5316209197044373,
      0.5599458813667297
    ],
    [
      0.5320063233375549,
      0.5601476430892944
    ],
    [
      0.5322093963623047,
      0.5602831244468689
    ],
    [
      0.5323837995529175,
      0.5604528188705444
    ]
  ]
}