{
  "input": [
    [
      0.4648214280605316,
      0.5723741054534912
    ],
    [
      0.46838223934173584,
      0.5718884468078613
    ],
    [
      0.4728689193725586,
      0.5712716579437256
    ],
    [
      0.4777298867702484,
      0.5705773234367371
    ],
    [
      0.48353031277656555,
      0.5696884989738464
    ],
    [
      0.4897284209728241,
      0.568717360496521
    ],
    [
      0.496842622756958,
      0.5675565600395203
    ],
    [
      0.5004914402961731,
      0.5675194263458252
    ],
    [
      0.49679362773895264,
      0.5698645710945129
    ],
    [
      0.4958652853965759,
      0.5713933110237122
    ],
    [
      0.5003536343574524,
      0.5713252425193787
    ],
    [
      0.5049706101417542,
      0.5712659955024719
    ],
    [
      0.5098201036453247,
      0.5712227821350098
    ],
    [
      0.5148046016693115,
      0.5711888074874878
    ],
    [
      0.5200152397155762,
      0.5711703300476074
    ]
  ],
  "target": [
    [
      0.5217714309692383,
      0.5707971453666687
    ],
    [
      0.5181637406349182,
      0.569873034954071
    ],
    [
      0.5165908932685852,
      0.5693328976631165
    ],
    [
      0.5179517269134521,
      0.5693464279174805
    ],
    [
      0.5191399455070496,
      0.5693539977073669
    ],
    [
      0.5200969576835632,
      0.569353461265564
    ],
    [
      0.5215508341789246,
      0.5692898631095886
    ],
    [
      0.523624062538147,
      0.569147527217865
    ],
    [
      0.5254876613616943,
      0.5690633058547974
    ],
    [
      0.5271080732345581,
      0.5690464973449707
    ],
    [
      0.5284201502799988,
      0.569050669670105
    ],
    [
      0.5293991565704346,
      0.5690775513648987
    ],
    [
      0.5305197834968567,
      0.5689836144447327
    ],
    [
      0.5317829251289368,
      0.568768322467804
    ],
    [
      0.532927930355072,
      0.5685867667198181
    ]
  ],
  "meta": {
    "video_name": "test2.mp4",
    "video_stem": "test2",
    "video_path": "E:\\desktop\\open\\lstm-akf\\data\\video\\test2.mp4",
    "fps": 40.0,
    "segment_index": 140,
    "sample_index": 39,
    "start_frame_index": 29,
    "history_end_frame_index": 43,
    "target_end_frame_index": 58,
    "history_frame_indices": [
      29,
      30,
      31,
      32,
      33,
      34,
      35,
      36,
      37,
      38,
      39,
      40,
      41,
      42,
      43
    ],
    "target_frame_indices": [
      44,
      45,
      46,
      47,
      48,
      49,
      50,
      51,
      52,
      53,
      54,
      55,
      56,
      57,
      58
    ],
    "history_timestamps": [
      330.7602982703841,
      330.7852982703841,
      330.81029827038407,
      330.83529827038404,
      330.860298270384,
      330.885298270384,
      330.910298270384,
      330.93529827038395,
      330.96029827038393,
      330.9852982703839,
      331.0102982703839,
      331.03529827038386,
      331.06029827038384,
      331.0852982703838,
      331.1102982703838
    ],
    "target_timestamps": [
      331.13529827038377,
      331.16029827038375,
      331.1852982703837,
      331.2102982703837,
      331.2352982703837,
      331.26029827038366,
      331.28529827038363,
      331.3102982703836,
      331.3352982703836,
      331.36029827038357,
      331.38529827038354,
      331.4102982703835,
      331.4352982703835,
      331.4602982703835,
      331.48529827038345
    ]
  }
}