{
  "input": [
    [
      0.6364194750785828,
      0.5644498467445374
    ],
    [
      0.636337161064148,
      0.5645596385002136
    ],
    [
      0.6363174319267273,
      0.5646381974220276
    ],
    [
      0.6363404393196106,
      0.564695417881012
    ],
    [
      0.6363972425460815,
      0.5647276043891907
    ],
    [
      0.6364754438400269,
      0.5647439360618591
    ],
    [
      0.6366671323776245,
      0.5647062659263611
    ],
    [
      0.6369253993034363,
      0.5646370053291321
    ],
    [
      0.6375384330749512,
      0.5646846294403076
    ],
    [
      0.6383441090583801,
      0.5647957921028137
    ],
    [
      0.6391603350639343,
      0.5648021101951599
    ],
    [
      0.639981746673584,
      0.5647557973861694
    ],
    [
      0.6410070657730103,
      0.5647794008255005
    ],
    [
      0.6421267986297607,
      0.5648353695869446
    ],
    [
      0.6426006555557251,
      0.5648465752601624
    ]
  ],
  "target": [
    [
      0.6427996754646301,
      0.564838707447052
    ],
    [
      0.6427403092384338,
      0.5648102760314941
    ],
    [
      0.6425800323486328,
      0.5647739171981812
    ],
    [
      0.6424144506454468,
      0.5647382140159607
    ],
    [
      0.6422470211982727,
      0.5647028088569641
    ],
    [
      0.6420042514801025,
      0.5646879076957703
    ],
    [
      0.6417370438575745,
      0.5646796226501465
    ],
    [
      0.6415258646011353,
      0.5646735429763794
    ],
    [
      0.6413311958312988,
      0.5646681189537048
    ],
    [
      0.6409957408905029,
      0.5646852850914001
    ],
    [
      0.6406229734420776,
      0.5647085309028625
    ],
    [
      0.6403493285179138,
      0.56474769115448
    ],
    [
      0.6400991678237915,
      0.5647906064987183
    ],
    [
      0.6395375728607178,
      0.5648593902587891
    ],
    [
      0.6389104723930359,
      0.5649336576461792
    ]
  ]
}