{
  "input": [
    [
      0.6422474384307861,
      0.5847617983818054
    ],
    [
      0.6498768925666809,
      0.5847913026809692
    ],
    [
      0.6577692031860352,
      0.5848057270050049
    ],
    [
      0.6629518866539001,
      0.5843433141708374
    ],
    [
      0.667972981929779,
      0.5838524699211121
    ],
    [
      0.675480842590332,
      0.5837469696998596
    ],
    [
      0.6830883026123047,
      0.5836568474769592
    ],
    [
      0.6870273947715759,
      0.583402693271637
    ],
    [
      0.6908890604972839,
      0.583145022392273
    ],
    [
      0.6693041920661926,
      0.5862321853637695
    ],
    [
      0.6478132605552673,
      0.5893095135688782
    ],
    [
      0.6373327970504761,
      0.5911092162132263
    ],
    [
      0.627199649810791,
      0.592869758605957
    ],
    [
      0.6273250579833984,
      0.5934725403785706
    ],
    [
      0.6276311278343201,
      0.594028115272522
    ]
  ],
  "target": [
    [
      0.6313291192054749,
      0.5936965942382812
    ],
    [
      0.6350127458572388,
      0.5933533906936646
    ],
    [
      0.6385000944137573,
      0.5928521156311035
    ],
    [
      0.6418237090110779,
      0.5923742651939392
    ],
    [
      0.6434106826782227,
      0.5921443104743958
    ],
    [
      0.6448433995246887,
      0.5919229388237
    ],
    [
      0.644946813583374,
      0.5917749404907227
    ],
    [
      0.6449627876281738,
      0.5916110873222351
    ],
    [
      0.64434814453125,
      0.5913327932357788
    ],
    [
      0.6436867117881775,
      0.5911078453063965
    ],
    [
      0.6427367329597473,
      0.5912119150161743
    ],
    [
      0.6418973207473755,
      0.591304361820221
    ],
    [
      0.641649603843689,
      0.5913345217704773
    ],
    [
      0.6415603160858154,
      0.5913233757019043
    ],
    [
      0.642216682434082,
      0.5911180377006531
    ]
  ]
}