{
  "input": [
    [
      0.478941410779953,
      0.5591900944709778
    ],
    [
      0.48020628094673157,
      0.5584818720817566
    ],
    [
      0.4815109670162201,
      0.5576225519180298
    ],
    [
      0.48283469676971436,
      0.5566909909248352
    ],
    [
      0.48222729563713074,
      0.5575118064880371
    ],
    [
      0.4807701110839844,
      0.5591036677360535
    ],
    [
      0.4804973900318146,
      0.5597561001777649
    ],
    [
      0.480703204870224,
      0.5600289106369019
    ],
    [
      0.49149957299232483,
      0.5620929002761841
    ],
    [
      0.5062121152877808,
      0.5648191571235657
    ],
    [
      0.5138595104217529,
      0.5662716031074524
    ],
    [
      0.5191248059272766,
      0.5672946572303772
    ],
    [
      0.5217341780662537,
      0.5676193833351135
    ],
    [
      0.5235306024551392,
      0.5677304267883301
    ],
    [
      0.527794599533081,
      0.568365752696991
    ]
  ],
  "target": [
    [
      0.532740592956543,
      0.5691459774971008
    ],
    [
      0.5375180840492249,
      0.5698537826538086
    ],
    [
      0.5422537922859192,
      0.570543646812439
    ],
    [
      0.5468173027038574,
      0.5711594223976135
    ],
    [
      0.5513427257537842,
      0.5717588663101196
    ],
    [
      0.555692195892334,
      0.572282612323761
    ],
    [
      0.5600073933601379,
      0.5727916955947876
    ],
    [
      0.5322807431221008,
      0.567363977432251
    ],
    [
      0.49910637736320496,
      0.5609269142150879
    ],
    [
      0.4951171576976776,
      0.5600529313087463
    ],
    [
      0.49539297819137573,
      0.5599918365478516
    ],
    [
      0.49709510803222656,
      0.5596733093261719
    ],
    [
      0.49897295236587524,
      0.5593231320381165
    ],
    [
      0.5015683174133301,
      0.5592215061187744
    ],
    [
      0.5042363405227661,
      0.5591450929641724
    ]
  ]
}