{
  "input": [
    [
      0.5358827710151672,
      0.5680716633796692
    ],
    [
      0.53480064868927,
      0.567884624004364
    ],
    [
      0.533644437789917,
      0.56770259141922
    ],
    [
      0.5311896204948425,
      0.5676093101501465
    ],
    [
      0.528818666934967,
      0.5674936175346375
    ],
    [
      0.5275301933288574,
      0.5670876502990723
    ],
    [
      0.5262797474861145,
      0.5667321085929871
    ],
    [
      0.5254154801368713,
      0.5668880939483643
    ],
    [
      0.524575412273407,
      0.5670635104179382
    ],
    [
      0.5239364504814148,
      0.567400336265564
    ],
    [
      0.5232875347137451,
      0.567690908908844
    ],
    [
      0.5225697159767151,
      0.5676590800285339
    ],
    [
      0.5219168663024902,
      0.5676207542419434
    ],
    [
      0.5216531157493591,
      0.5675439238548279
    ],
    [
      0.521430492401123,
      0.5674552321434021
    ]
  ],
  "target": [
    [
      0.5214221477508545,
      0.5673050880432129
    ],
    [
      0.5214695930480957,
      0.5671975612640381
    ],
    [
      0.5217733383178711,
      0.56728595495224
    ],
    [
      0.522188127040863,
      0.5673753619194031
    ],
    [
      0.5230572819709778,
      0.5674692392349243
    ],
    [
      0.5238490700721741,
      0.5675178170204163
    ],
    [
      0.5243574380874634,
      0.5674003958702087
    ],
    [
      0.5252594947814941,
      0.5673245191574097
    ],
    [
      0.5274640321731567,
      0.5673862099647522
    ],
    [
      0.5296388268470764,
      0.5674729347229004
    ],
    [
      0.5317241549491882,
      0.567634642124176
    ],
    [
      0.5338961482048035,
      0.5677763819694519
    ],
    [
      0.5363050699234009,
      0.567863404750824
    ],
    [
      0.5385028123855591,
      0.5678496360778809
    ],
    [
      0.5401721000671387,
      0.567583441734314
    ]
  ]
}