{
  "input": [
    [
      0.541028618812561,
      0.5667868256568909
    ],
    [
      0.5412349104881287,
      0.5672428607940674
    ],
    [
      0.5451002717018127,
      0.5673590898513794
    ],
    [
      0.549107551574707,
      0.567471444606781
    ],
    [
      0.5534031987190247,
      0.5675759315490723
    ],
    [
      0.5578779578208923,
      0.5675909519195557
    ],
    [
      0.5626890063285828,
      0.5674380660057068
    ],
    [
      0.5667738318443298,
      0.5672513246536255
    ],
    [
      0.569597065448761,
      0.5670059323310852
    ],
    [
      0.572542667388916,
      0.5667639374732971
    ],
    [
      0.5756853222846985,
      0.5665273070335388
    ],
    [
      0.5781800746917725,
      0.5663188695907593
    ],
    [
      0.5797066688537598,
      0.5661525726318359
    ],
    [
      0.5815011858940125,
      0.565976619720459
    ],
    [
      0.5836676359176636,
      0.5657871961593628
    ]
  ],
  "target": [
    [
      0.585732638835907,
      0.5655611753463745
    ],
    [
      0.5876665711402893,
      0.5652879476547241
    ],
    [
      0.5894676446914673,
      0.5650011301040649
    ],
    [
      0.5911090970039368,
      0.5646980404853821
    ],
    [
      0.5828188061714172,
      0.5634971261024475
    ],
    [
      0.56342613697052,
      0.5612927675247192
    ],
    [
      0.5527885556221008,
      0.5601239800453186
    ],
    [
      0.5512641668319702,
      0.5600332617759705
    ],
    [
      0.5508583784103394,
      0.5600758790969849
    ],
    [
      0.5515368580818176,
      0.5602477788925171
    ],
    [
      0.5523022413253784,
      0.5604861378669739
    ],
    [
      0.5531458854675293,
      0.5607844591140747
    ],
    [
      0.5538309216499329,
      0.5609633922576904
    ],
    [
      0.5543825626373291,
      0.5610420107841492
    ],
    [
      0.5557881593704224,
      0.5613074898719788
    ]
  ]
}