{
  "input": [
    [
      0.5700847506523132,
      0.5792926549911499
    ],
    [
      0.5691542029380798,
      0.5794524550437927
    ],
    [
      0.5679949522018433,
      0.5794810652732849
    ],
    [
      0.5669071674346924,
      0.5794146656990051
    ],
    [
      0.565917432308197,
      0.5792179703712463
    ],
    [
      0.5644102096557617,
      0.5790481567382812
    ],
    [
      0.5622428059577942,
      0.578912615776062
    ],
    [
      0.5605084300041199,
      0.5787731409072876
    ],
    [
      0.5592880249023438,
      0.5786288976669312
    ],
    [
      0.5579593777656555,
      0.5784834623336792
    ],
    [
      0.5565111637115479,
      0.578336775302887
    ],
    [
      0.5554770827293396,
      0.5782902240753174
    ],
    [
      0.5548691749572754,
      0.5783466100692749
    ],
    [
      0.5539504885673523,
      0.5784009695053101
    ],
    [
      0.5527338981628418,
      0.5784533023834229
    ]
  ],
  "target": [
    [
      0.5519337058067322,
      0.5785176753997803
    ],
    [
      0.5515050292015076,
      0.5785927772521973
    ],
    [
      0.5512533783912659,
      0.578671395778656
    ],
    [
      0.5511488318443298,
      0.5787530541419983
    ],
    [
      0.5511322617530823,
      0.578768253326416
    ],
    [
      0.5511837601661682,
      0.5787320733070374
    ],
    [
      0.5512309074401855,
      0.578591525554657
    ],
    [
      0.5512748956680298,
      0.578376054763794
    ],
    [
      0.5512884855270386,
      0.5782164335250854
    ],
    [
      0.5512819290161133,
      0.5780941247940063
    ],
    [
      0.5514222383499146,
      0.5779889225959778
    ],
    [
      0.5516535639762878,
      0.5778943300247192
    ],
    [
      0.5519199967384338,
      0.5778578519821167
    ],
    [
      0.5522065162658691,
      0.5778546929359436
    ],
    [
      0.5525414347648621,
      0.5778920650482178
    ]
  ],
  "meta": {
    "video_name": "test2.mp4",
    "video_stem": "test2",
    "video_path": "E:\\desktop\\open\\lstm-akf\\data\\video\\test2.mp4",
    "fps": 40.0,
    "segment_index": 34,
    "sample_index": 277,
    "start_frame_index": 267,
    "history_end_frame_index": 281,
    "target_end_frame_index": 296,
    "history_frame_indices": [
      267,
      268,
      269,
      270,
      271,
      272,
      273,
      274,
      275,
      276,
      277,
      278,
      279,
      280,
      281
    ],
    "target_frame_indices": [
      282,
      283,
      284,
      285,
      286,
      287,
      288,
      289,
      290,
      291,
      292,
      293,
      294,
      295,
      296
    ],
    "history_timestamps": [
      83.93101051104203,
      83.95601051104204,
      83.98101051104204,
      84.00601051104205,
      84.03101051104206,
      84.05601051104206,
      84.08101051104207,
      84.10601051104207,
      84.13101051104208,
      84.15601051104208,
      84.18101051104209,
      84.2060105110421,
      84.2310105110421,
      84.2560105110421,
      84.28101051104211
    ],
    "target_timestamps": [
      84.30601051104212,
      84.33101051104212,
      84.35601051104213,
      84.38101051104213,
      84.40601051104214,
      84.43101051104215,
      84.45601051104215,
      84.48101051104216,
      84.50601051104216,
      84.53101051104217,
      84.55601051104217,
      84.58101051104218,
      84.60601051104219,
      84.63101051104219,
      84.6560105110422
    ]
  }
}