{
  "input": [
    [
      0.5698409676551819,
      0.5688730478286743
    ],
    [
      0.5560593008995056,
      0.5660597681999207
    ],
    [
      0.5506575703620911,
      0.5650429725646973
    ],
    [
      0.5468892455101013,
      0.5643764138221741
    ],
    [
      0.549075722694397,
      0.5645396709442139
    ],
    [
      0.5522745847702026,
      0.564844012260437
    ],
    [
      0.5569630861282349,
      0.5654634237289429
    ],
    [
      0.561869204044342,
      0.5661289095878601
    ],
    [
      0.566575288772583,
      0.5666354298591614
    ],
    [
      0.571256697177887,
      0.5671223402023315
    ],
    [
      0.5749577879905701,
      0.566993236541748
    ],
    [
      0.5785596370697021,
      0.5668018460273743
    ],
    [
      0.5816428065299988,
      0.5668857097625732
    ],
    [
      0.5846844911575317,
      0.5669916272163391
    ],
    [
      0.5876592397689819,
      0.5671303868293762
    ]
  ],
  "target": [
    [
      0.5906299948692322,
      0.5672711133956909
    ],
    [
      0.593689501285553,
      0.5673181414604187
    ],
    [
      0.5967525243759155,
      0.5673613548278809
    ],
    [
      0.6027980446815491,
      0.5674276351928711
    ],
    [
      0.6089065670967102,
      0.5674943327903748
    ],
    [
      0.5949327349662781,
      0.5699724555015564
    ],
    [
      0.5810633301734924,
      0.5724380612373352
    ],
    [
      0.5778717398643494,
      0.5736197233200073
    ],
    [
      0.574839174747467,
      0.574769914150238
    ],
    [
      0.5765029788017273,
      0.5749889612197876
    ],
    [
      0.5783054828643799,
      0.5751856565475464
    ],
    [
      0.5827118158340454,
      0.5749620199203491
    ],
    [
      0.5870398283004761,
      0.5747506618499756
    ],
    [
      0.5903000235557556,
      0.5747068524360657
    ],
    [
      0.5934295058250427,
      0.5746617913246155
    ]
  ]
}