{
  "input": [
    [
      0.7812308073043823,
      0.5921428203582764
    ],
    [
      0.7869057655334473,
      0.5935325622558594
    ],
    [
      0.7919006943702698,
      0.5949780941009521
    ],
    [
      0.7964470982551575,
      0.5964603424072266
    ],
    [
      0.7997652888298035,
      0.5970693230628967
    ],
    [
      0.8023316860198975,
      0.5971438884735107
    ],
    [
      0.8037282824516296,
      0.5970093011856079
    ],
    [
      0.8044615983963013,
      0.5967560410499573
    ],
    [
      0.8044965267181396,
      0.5960144400596619
    ],
    [
      0.804165244102478,
      0.5950167775154114
    ],
    [
      0.7778046131134033,
      0.5981054306030273
    ],
    [
      0.738840639591217,
      0.6031727194786072
    ],
    [
      0.7124724388122559,
      0.6069003939628601
    ],
    [
      0.6917216181755066,
      0.6100306510925293
    ],
    [
      0.68221515417099,
      0.6120932102203369
    ]
  ],
  "target": [
    [
      0.6773152947425842,
      0.6137183904647827
    ],
    [
      0.6802932024002075,
      0.615105926990509
    ],
    [
      0.6862265467643738,
      0.6164043545722961
    ],
    [
      0.694247841835022,
      0.6175975799560547
    ],
    [
      0.7029837965965271,
      0.6187548041343689
    ],
    [
      0.7132906913757324,
      0.6204074621200562
    ],
    [
      0.7240861654281616,
      0.6222141981124878
    ],
    [
      0.7321269512176514,
      0.6229344606399536
    ],
    [
      0.7393934726715088,
      0.6233493089675903
    ],
    [
      0.7450542449951172,
      0.6235561370849609
    ],
    [
      0.7503095865249634,
      0.6237103939056396
    ],
    [
      0.755307674407959,
      0.623123049736023
    ],
    [
      0.7602478861808777,
      0.6223688125610352
    ],
    [
      0.7345315217971802,
      0.614324688911438
    ],
    [
      0.702714204788208,
      0.6048297882080078
    ]
  ],
  "meta": {
    "video_name": "test2.mp4",
    "video_stem": "test2",
    "video_path": "E:\\desktop\\open\\lstm-akf\\data\\video\\test2.mp4",
    "fps": 40.0,
    "segment_index": 166,
    "sample_index": 187,
    "start_frame_index": 177,
    "history_end_frame_index": 191,
    "target_end_frame_index": 206,
    "history_frame_indices": [
      177,
      178,
      179,
      180,
      181,
      182,
      183,
      184,
      185,
      186,
      187,
      188,
      189,
      190,
      191
    ],
    "target_frame_indices": [
      192,
      193,
      194,
      195,
      196,
      197,
      198,
      199,
      200,
      201,
      202,
      203,
      204,
      205,
      206
    ],
    "history_timestamps": [
      393.3810144330666,
      393.40601443306656,
      393.43101443306654,
      393.4560144330665,
      393.4810144330665,
      393.50601443306647,
      393.53101443306645,
      393.5560144330664,
      393.5810144330664,
      393.6060144330664,
      393.63101443306635,
      393.65601443306633,
      393.6810144330663,
      393.7060144330663,
      393.73101443306626
    ],
    "target_timestamps": [
      393.75601443306624,
      393.7810144330662,
      393.8060144330662,
      393.8310144330662,
      393.85601443306615,
      393.8810144330661,
      393.9060144330661,
      393.9310144330661,
      393.95601443306606,
      393.98101443306604,
      394.006014433066,
      394.031014433066,
      394.05601443306597,
      394.08101443306595,
      394.1060144330659
    ]
  }
}