{
  "input": [
    [
      0.48667171597480774,
      0.5550508499145508
    ],
    [
      0.4859604835510254,
      0.555484414100647
    ],
    [
      0.48521700501441956,
      0.5559105277061462
    ],
    [
      0.4826929569244385,
      0.5559239387512207
    ],
    [
      0.48021700978279114,
      0.5559431910514832
    ],
    [
      0.47904372215270996,
      0.5561205744743347
    ],
    [
      0.47793784737586975,
      0.5563063025474548
    ],
    [
      0.4780268371105194,
      0.5566390156745911
    ],
    [
      0.47777143120765686,
      0.556925356388092
    ],
    [
      0.47302451729774475,
      0.556606650352478
    ],
    [
      0.4684872329235077,
      0.5563145279884338
    ],
    [
      0.4660950303077698,
      0.5562947392463684
    ],
    [
      0.4636874794960022,
      0.5562716126441956
    ],
    [
      0.46115177869796753,
      0.556220531463623
    ],
    [
      0.45859816670417786,
      0.5561655759811401
    ]
  ],
  "target": [
    [
      0.45591896772384644,
      0.5560832023620605
    ],
    [
      0.4554956257343292,
      0.5562857389450073
    ],
    [
      0.468652606010437,
      0.5582033395767212
    ],
    [
      0.48032325506210327,
      0.5599299073219299
    ],
    [
      0.4842052161693573,
      0.5606554746627808
    ],
    [
      0.4860132038593292,
      0.5610865354537964
    ],
    [
      0.478247731924057,
      0.5601580142974854
    ],
    [
      0.471603661775589,
      0.5593663454055786
    ],
    [
      0.46956363320350647,
      0.5591367483139038
    ],
    [
      0.467788964509964,
      0.5590044856071472
    ],
    [
      0.4669908285140991,
      0.5592303276062012
    ],
    [
      0.46633726358413696,
      0.5594140887260437
    ],
    [
      0.46616366505622864,
      0.5594578385353088
    ],
    [
      0.4660736322402954,
      0.5594923496246338
    ],
    [
      0.46623530983924866,
      0.5594987869262695
    ]
  ]
}