{
  "input": [
    [
      0.7638265490531921,
      0.6089828610420227
    ],
    [
      0.7696784734725952,
      0.6094148755073547
    ],
    [
      0.7765067219734192,
      0.609862208366394
    ],
    [
      0.7860537171363831,
      0.6103521585464478
    ],
    [
      0.7949337363243103,
      0.610682487487793
    ],
    [
      0.8021156191825867,
      0.6106063723564148
    ],
    [
      0.810932457447052,
      0.6106955409049988
    ],
    [
      0.8235668540000916,
      0.6111708283424377
    ],
    [
      0.8349524736404419,
      0.6116029024124146
    ],
    [
      0.8436554670333862,
      0.6119422912597656
    ],
    [
      0.8534547090530396,
      0.6119765639305115
    ],
    [
      0.8654255867004395,
      0.6114063858985901
    ],
    [
      0.8756281733512878,
      0.6108464598655701
    ],
    [
      0.8825933933258057,
      0.6103054285049438
    ],
    [
      0.8744587302207947,
      0.6122038960456848
    ]
  ],
  "target": [
    [
      0.8407304883003235,
      0.6182372570037842
    ],
    [
      0.812812089920044,
      0.6236871480941772
    ],
    [
      0.7940241694450378,
      0.6282200813293457
    ],
    [
      0.7848668694496155,
      0.6319930553436279
    ],
    [
      0.7897600531578064,
      0.6346573829650879
    ],
    [
      0.7980076670646667,
      0.6363820433616638
    ],
    [
      0.810803234577179,
      0.6368326544761658
    ],
    [
      0.8240954279899597,
      0.636747419834137
    ],
    [
      0.8380140066146851,
      0.6359865069389343
    ],
    [
      0.8504816889762878,
      0.6351595520973206
    ],
    [
      0.8612467646598816,
      0.6342551112174988
    ],
    [
      0.8728349804878235,
      0.6332170963287354
    ],
    [
      0.8853224515914917,
      0.6320332288742065
    ],
    [
      0.8950176239013672,
      0.6311175227165222
    ],
    [
      0.9018720984458923,
      0.6304745674133301
    ]
  ],
  "meta": {
    "video_name": "test2.mp4",
    "video_stem": "test2",
    "video_path": "E:\\desktop\\open\\lstm-akf\\data\\video\\test2.mp4",
    "fps": 40.0,
    "segment_index": 166,
    "sample_index": 149,
    "start_frame_index": 139,
    "history_end_frame_index": 153,
    "target_end_frame_index": 168,
    "history_frame_indices": [
      139,
      140,
      141,
      142,
      143,
      144,
      145,
      146,
      147,
      148,
      149,
      150,
      151,
      152,
      153
    ],
    "target_frame_indices": [
      154,
      155,
      156,
      157,
      158,
      159,
      160,
      161,
      162,
      163,
      164,
      165,
      166,
      167,
      168
    ],
    "history_timestamps": [
      392.43101443306745,
      392.4560144330674,
      392.4810144330674,
      392.5060144330674,
      392.53101443306736,
      392.55601443306733,
      392.5810144330673,
      392.6060144330673,
      392.63101443306726,
      392.65601443306724,
      392.6810144330672,
      392.7060144330672,
      392.7310144330672,
      392.75601443306715,
      392.7810144330671
    ],
    "target_timestamps": [
      392.8060144330671,
      392.8310144330671,
      392.85601443306706,
      392.88101443306704,
      392.906014433067,
      392.931014433067,
      392.95601443306697,
      392.98101443306695,
      393.0060144330669,
      393.0310144330669,
      393.0560144330669,
      393.08101443306685,
      393.10601443306683,
      393.1310144330668,
      393.1560144330668
    ]
  }
}