{
  "input": [
    [
      0.6337180137634277,
      0.6078617572784424
    ],
    [
      0.6265851259231567,
      0.6072335839271545
    ],
    [
      0.6187229752540588,
      0.6063322424888611
    ],
    [
      0.6129143834114075,
      0.6057451963424683
    ],
    [
      0.6084091663360596,
      0.6053576469421387
    ],
    [
      0.6038237810134888,
      0.6051629781723022
    ],
    [
      0.5991912484169006,
      0.6050817370414734
    ],
    [
      0.5963073968887329,
      0.6048983931541443
    ],
    [
      0.5943761467933655,
      0.6046593189239502
    ],
    [
      0.5917226672172546,
      0.6042116284370422
    ],
    [
      0.5887056589126587,
      0.60365891456604
    ],
    [
      0.587012767791748,
      0.6032519936561584
    ],
    [
      0.5859344601631165,
      0.6029127836227417
    ],
    [
      0.5846773386001587,
      0.6028489470481873
    ],
    [
      0.5833439230918884,
      0.6029027700424194
    ]
  ],
  "target": [
    [
      0.5834699869155884,
      0.6029430627822876
    ],
    [
      0.5841675996780396,
      0.6029780507087708
    ],
    [
      0.5820767879486084,
      0.602965235710144
    ],
    [
      0.5789877772331238,
      0.6029353141784668
    ],
    [
      0.5758985280990601,
      0.602753758430481
    ],
    [
      0.5728092193603516,
      0.6025227904319763
    ],
    [
      0.5695107579231262,
      0.6026378870010376
    ],
    [
      0.5661504864692688,
      0.6028552055358887
    ],
    [
      0.563306450843811,
      0.6031026840209961
    ],
    [
      0.5605998039245605,
      0.6033581495285034
    ],
    [
      0.5568525791168213,
      0.6027862429618835
    ],
    [
      0.552857518196106,
      0.602017343044281
    ],
    [
      0.5504006743431091,
      0.6012522578239441
    ],
    [
      0.5482692122459412,
      0.6004879474639893
    ],
    [
      0.5442597270011902,
      0.6002616286277771
    ]
  ]
}