{
  "input": [
    [
      0.39334771037101746,
      0.567928671836853
    ],
    [
      0.39334771037101746,
      0.567928671836853
    ],
    [
      0.39352890849113464,
      0.5679306387901306
    ],
    [
      0.3969212472438812,
      0.5679678320884705
    ],
    [
      0.4001155495643616,
      0.5680012702941895
    ],
    [
      0.4007277190685272,
      0.567986011505127
    ],
    [
      0.40133506059646606,
      0.5679699778556824
    ],
    [
      0.4018934369087219,
      0.5679460763931274
    ],
    [
      0.4024459421634674,
      0.5679212212562561
    ],
    [
      0.4029495120048523,
      0.5678886771202087
    ],
    [
      0.403446227312088,
      0.5678550601005554
    ],
    [
      0.40389499068260193,
      0.5678138732910156
    ],
    [
      0.40433597564697266,
      0.5677714347839355
    ],
    [
      0.4047299325466156,
      0.5677215456962585
    ],
    [
      0.4057105481624603,
      0.5676551461219788
    ]
  ],
  "target": [
    [
      0.4097650647163391,
      0.5675017833709717
    ],
    [
      0.4175916612148285,
      0.5679636001586914
    ],
    [
      0.4428304433822632,
      0.5712651014328003
    ],
    [
      0.4606611132621765,
      0.5735216736793518
    ],
    [
      0.4480774998664856,
      0.5714881420135498
    ],
    [
      0.4374553859233856,
      0.569728434085846
    ],
    [
      0.4340517520904541,
      0.5689763426780701
    ],
    [
      0.4369816780090332,
      0.5692973136901855
    ],
    [
      0.46093955636024475,
      0.5731809735298157
    ],
    [
      0.4799746870994568,
      0.5762523412704468
    ],
    [
      0.484185129404068,
      0.5768773555755615
    ],
    [
      0.48765164613723755,
      0.5774002075195312
    ],
    [
      0.48907676339149475,
      0.5776427984237671
    ],
    [
      0.4904211759567261,
      0.5777701139450073
    ],
    [
      0.4915631115436554,
      0.5776078701019287
    ]
  ],
  "meta": {
    "video_name": "test2.mp4",
    "video_stem": "test2",
    "video_path": "E:\\desktop\\open\\lstm-akf\\data\\video\\test2.mp4",
    "fps": 40.0,
    "segment_index": 54,
    "sample_index": 14,
    "start_frame_index": 4,
    "history_end_frame_index": 18,
    "target_end_frame_index": 33,
    "history_frame_indices": [
      4,
      5,
      6,
      7,
      8,
      9,
      10,
      11,
      12,
      13,
      14,
      15,
      16,
      17,
      18
    ],
    "target_frame_indices": [
      19,
      20,
      21,
      22,
      23,
      24,
      25,
      26,
      27,
      28,
      29,
      30,
      31,
      32,
      33
    ],
    "history_timestamps": [
      142.1241989253638,
      142.1491989253638,
      142.1741989253638,
      142.19919892536382,
      142.22419892536382,
      142.24919892536383,
      142.27419892536383,
      142.29919892536384,
      142.32419892536385,
      142.34919892536385,
      142.37419892536386,
      142.39919892536386,
      142.42419892536387,
      142.44919892536387,
      142.47419892536388
    ],
    "target_timestamps": [
      142.49919892536388,
      142.5241989253639,
      142.5491989253639,
      142.5741989253639,
      142.5991989253639,
      142.6241989253639,
      142.64919892536392,
      142.67419892536392,
      142.69919892536393,
      142.72419892536394,
      142.74919892536394,
      142.77419892536395,
      142.79919892536395,
      142.82419892536396,
      142.84919892536396
    ]
  }
}