{
  "input": [
    [
      0.6271676421165466,
      0.5630978941917419
    ],
    [
      0.630795955657959,
      0.5632675886154175
    ],
    [
      0.6349948644638062,
      0.563485324382782
    ],
    [
      0.6382588148117065,
      0.5635804533958435
    ],
    [
      0.6406370401382446,
      0.5635594725608826
    ],
    [
      0.6431964635848999,
      0.5634427666664124
    ],
    [
      0.6459158062934875,
      0.563241720199585
    ],
    [
      0.6478297114372253,
      0.5631375908851624
    ],
    [
      0.6490822434425354,
      0.5631129741668701
    ],
    [
      0.6501498818397522,
      0.5631619095802307
    ],
    [
      0.6510763168334961,
      0.5632670521736145
    ],
    [
      0.651624858379364,
      0.5633347034454346
    ],
    [
      0.6519050002098083,
      0.56337571144104
    ],
    [
      0.6520302891731262,
      0.5633972883224487
    ],
    [
      0.6520534753799438,
      0.5634059906005859
    ]
  ],
  "target": [
    [
      0.6521008014678955,
      0.5634016394615173
    ],
    [
      0.6521628499031067,
      0.563389241695404
    ],
    [
      0.6521612405776978,
      0.5634632706642151
    ],
    [
      0.6521234512329102,
      0.5635862946510315
    ],
    [
      0.652102530002594,
      0.5636804699897766
    ],
    [
      0.6520904302597046,
      0.5637596249580383
    ],
    [
      0.6520970463752747,
      0.5638132095336914
    ],
    [
      0.6521127223968506,
      0.563854455947876
    ],
    [
      0.6521369814872742,
      0.5638638734817505
    ],
    [
      0.6521650552749634,
      0.5638590455055237
    ],
    [
      0.652188241481781,
      0.5638711452484131
    ],
    [
      0.6522093415260315,
      0.5638901591300964
    ],
    [
      0.6523125171661377,
      0.5638546943664551
    ],
    [
      0.6524463891983032,
      0.5637987852096558
    ],
    [
      0.6528838872909546,
      0.5637460350990295
    ]
  ]
}