{
  "input": [
    [
      0.567984938621521,
      0.5602022409439087
    ],
    [
      0.5685332417488098,
      0.5601294040679932
    ],
    [
      0.569079577922821,
      0.560066282749176
    ],
    [
      0.5695199966430664,
      0.5605363249778748
    ],
    [
      0.5699983835220337,
      0.5609873533248901
    ],
    [
      0.5715041756629944,
      0.5609222054481506
    ],
    [
      0.5729613304138184,
      0.5608524680137634
    ]
  ],
  "target": [
    [
      0.5735570192337036,
      0.5607010126113892
    ],
    [
      0.5742624402046204,
      0.5605828166007996
    ],
    [
      0.5763984322547913,
      0.5608989596366882
    ],
    [
      0.5786017775535583,
      0.5612072348594666
    ],
    [
      0.5814937949180603,
      0.5614351630210876
    ],
    [
      0.5843241214752197,
      0.5616415739059448
    ],
    [
      0.5866385698318481,
      0.5616680383682251
    ],
    [
      0.5887885689735413,
      0.5616317987442017
    ],
    [
      0.5897835493087769,
      0.5611552596092224
    ],
    [
      0.5907945036888123,
      0.5606712102890015
    ],
    [
      0.5919017195701599,
      0.5601418018341064
    ],
    [
      0.5929073095321655,
      0.5596964955329895
    ],
    [
      0.5933797955513,
      0.5596920251846313
    ],
    [
      0.5938827395439148,
      0.5596797466278076
    ],
    [
      0.594525933265686,
      0.5596312284469604
    ]
  ]
}