{
  "input": [
    [
      0.49208253622055054,
      0.5607264041900635
    ],
    [
      0.4923619329929352,
      0.5605950355529785
    ],
    [
      0.5042468309402466,
      0.5584307909011841
    ],
    [
      0.519740641117096,
      0.5556343793869019
    ],
    [
      0.5246500968933105,
      0.5547632575035095
    ],
    [
      0.5265846252441406,
      0.554433286190033
    ],
    [
      0.5271482467651367,
      0.554456353187561
    ],
    [
      0.5273657441139221,
      0.5545684695243835
    ],
    [
      0.5277339220046997,
      0.5547934174537659
    ],
    [
      0.5281360745429993,
      0.5550437569618225
    ],
    [
      0.5283780694007874,
      0.5550354719161987
    ],
    [
      0.5285882353782654,
      0.5549756288528442
    ],
    [
      0.5290889143943787,
      0.5548112392425537
    ],
    [
      0.5296401381492615,
      0.5546286702156067
    ],
    [
      0.5301414728164673,
      0.5545815229415894
    ]
  ],
  "target": [
    [
      0.5306353569030762,
      0.5545546412467957
    ],
    [
      0.5311700105667114,
      0.5546497106552124
    ],
    [
      0.5317097902297974,
      0.5547602772712708
    ],
    [
      0.5320852398872375,
      0.5548433661460876
    ],
    [
      0.5324435234069824,
      0.5549235939979553
    ],
    [
      0.5329815745353699,
      0.5547749996185303
    ],
    [
      0.5335347056388855,
      0.5546073317527771
    ],
    [
      0.5340547561645508,
      0.5544952750205994
    ],
    [
      0.5345727801322937,
      0.5543867349624634
    ],
    [
      0.5351284146308899,
      0.5542362928390503
    ],
    [
      0.5356857180595398,
      0.5540840029716492
    ],
    [
      0.5362812876701355,
      0.5538890957832336
    ],
    [
      0.5368778109550476,
      0.5536931157112122
    ],
    [
      0.5375133156776428,
      0.5534536838531494
    ],
    [
      0.5381495356559753,
      0.5532134771347046
    ]
  ]
}