{
  "input": [
    [
      0.4050477147102356,
      0.5714788436889648
    ],
    [
      0.40503787994384766,
      0.5714358687400818
    ],
    [
      0.4050283432006836,
      0.5713922381401062
    ],
    [
      0.4050208032131195,
      0.5713449120521545
    ],
    [
      0.4050080180168152,
      0.5713117122650146
    ],
    [
      0.4049670994281769,
      0.57135409116745
    ],
    [
      0.4049386978149414,
      0.5713852643966675
    ],
    [
      0.40496930480003357,
      0.5713638663291931
    ],
    [
      0.40500107407569885,
      0.5713415741920471
    ],
    [
      0.4050377905368805,
      0.5713157653808594
    ],
    [
      0.4051254391670227,
      0.5713016390800476
    ],
    [
      0.4054037034511566,
      0.5713313221931458
    ],
    [
      0.4056759476661682,
      0.571366548538208
    ],
    [
      0.4059279263019562,
      0.5714201927185059
    ],
    [
      0.40617886185646057,
      0.5714759230613708
    ]
  ],
  "target": [
    [
      0.4064265787601471,
      0.5715378522872925
    ],
    [
      0.4067097008228302,
      0.5715840458869934
    ],
    [
      0.4070913791656494,
      0.5715862512588501
    ],
    [
      0.4076768159866333,
      0.571546196937561
    ],
    [
      0.40878093242645264,
      0.5713984370231628
    ],
    [
      0.40985238552093506,
      0.5712447762489319
    ],
    [
      0.41084742546081543,
      0.5710772275924683
    ],
    [
      0.4123060405254364,
      0.5709714293479919
    ],
    [
      0.41476044058799744,
      0.5709984302520752
    ],
    [
      0.41680458188056946,
      0.5712077617645264
    ],
    [
      0.4180360436439514,
      0.571778416633606
    ],
    [
      0.41941845417022705,
      0.5721659660339355
    ],
    [
      0.42107725143432617,
      0.5722182989120483
    ],
    [
      0.4225943088531494,
      0.5723655819892883
    ],
    [
      0.4238711893558502,
      0.5726737976074219
    ]
  ]
}