{
  "input": [
    [
      0.617974579334259,
      0.5624237060546875
    ],
    [
      0.6182295083999634,
      0.5636416673660278
    ],
    [
      0.6184834241867065,
      0.5648548603057861
    ],
    [
      0.6186816692352295,
      0.5658021569252014
    ],
    [
      0.6188452839851379,
      0.5667134523391724
    ],
    [
      0.6180703639984131,
      0.5666513442993164
    ],
    [
      0.6173190474510193,
      0.5665949583053589
    ]
  ],
  "target": [
    [
      0.6169865727424622,
      0.5666394233703613
    ],
    [
      0.6166015267372131,
      0.5667044520378113
    ],
    [
      0.6155316829681396,
      0.5670379400253296
    ],
    [
      0.6144502758979797,
      0.5673549175262451
    ],
    [
      0.6132504343986511,
      0.5675023794174194
    ],
    [
      0.6118727326393127,
      0.5676448345184326
    ],
    [
      0.6090083718299866,
      0.5677456259727478
    ],
    [
      0.6063357591629028,
      0.5678226351737976
    ],
    [
      0.6050096750259399,
      0.5677320957183838
    ],
    [
      0.6035820841789246,
      0.567635715007782
    ],
    [
      0.6015433073043823,
      0.5675039291381836
    ],
    [
      0.599492609500885,
      0.5674579739570618
    ],
    [
      0.5973794460296631,
      0.5678622722625732
    ],
    [
      0.5951546430587769,
      0.5682380795478821
    ],
    [
      0.5924142599105835,
      0.5684828162193298
    ]
  ],
  "meta": {
    "video_name": "test2.mp4",
    "video_stem": "test2",
    "video_path": "E:\\desktop\\open\\lstm-akf\\data\\video\\test2.mp4",
    "fps": 40.0,
    "segment_index": 94,
    "sample_index": 2,
    "start_frame_index": 0,
    "history_end_frame_index": 6,
    "target_end_frame_index": 21,
    "history_frame_indices": [
      0,
      1,
      2,
      3,
      4,
      5,
      6
    ],
    "target_frame_indices": [
      7,
      8,
      9,
      10,
      11,
      12,
      13,
      14,
      15,
      16,
      17,
      18,
      19,
      20,
      21
    ],
    "history_timestamps": [
      210.26122681099739,
      210.2862268109974,
      210.3112268109974,
      210.3362268109974,
      210.3612268109974,
      210.3862268109974,
      210.41122681099742
    ],
    "target_timestamps": [
      210.43622681099743,
      210.46122681099743,
      210.48622681099744,
      210.51122681099744,
      210.53622681099745,
      210.56122681099745,
      210.58622681099746,
      210.61122681099747,
      210.63622681099747,
      210.66122681099748,
      210.68622681099748,
      210.7112268109975,
      210.7362268109975,
      210.7612268109975,
      210.7862268109975
    ]
  }
}