{
  "input": [
    [
      0.5435884594917297,
      0.56251460313797
    ],
    [
      0.5437946915626526,
      0.5627655982971191
    ],
    [
      0.5439423322677612,
      0.5630085468292236
    ],
    [
      0.5448179244995117,
      0.5629202127456665
    ],
    [
      0.5457369089126587,
      0.562812089920044
    ],
    [
      0.5463703274726868,
      0.5624707937240601
    ],
    [
      0.5469923615455627,
      0.5621201992034912
    ],
    [
      0.5500025749206543,
      0.5626834630966187
    ],
    [
      0.5530632138252258,
      0.5632659792900085
    ],
    [
      0.5543918609619141,
      0.5633051991462708
    ],
    [
      0.555727481842041,
      0.5633453130722046
    ],
    [
      0.5578541159629822,
      0.5635421276092529
    ],
    [
      0.5599889755249023,
      0.5637401938438416
    ],
    [
      0.5623694658279419,
      0.5639731287956238
    ],
    [
      0.5646176934242249,
      0.5641935467720032
    ]
  ],
  "target": [
    [
      0.5643814206123352,
      0.5641794800758362
    ],
    [
      0.5642022490501404,
      0.5641817450523376
    ],
    [
      0.5648009777069092,
      0.5644066333770752
    ],
    [
      0.5654415488243103,
      0.5646206736564636
    ],
    [
      0.5665259957313538,
      0.564719557762146
    ],
    [
      0.5675671696662903,
      0.5648272633552551
    ],
    [
      0.5682352781295776,
      0.5650116205215454
    ],
    [
      0.5689945220947266,
      0.5651532411575317
    ],
    [
      0.5704111456871033,
      0.5649867653846741
    ],
    [
      0.5717535614967346,
      0.5647946000099182
    ],
    [
      0.5726386904716492,
      0.5644441843032837
    ],
    [
      0.5736439824104309,
      0.5641541481018066
    ],
    [
      0.5752924680709839,
      0.5641874670982361
    ],
    [
      0.5768669843673706,
      0.5642067193984985
    ],
    [
      0.5780929923057556,
      0.5641602277755737
    ]
  ]
}