{
  "input": [
    [
      0.5905827283859253,
      0.5679345726966858
    ],
    [
      0.5896136164665222,
      0.5679153203964233
    ],
    [
      0.5886483192443848,
      0.5678961277008057
    ],
    [
      0.5878945589065552,
      0.5678811073303223
    ],
    [
      0.5871331691741943,
      0.5678659677505493
    ],
    [
      0.5861640572547913,
      0.5678467154502869
    ],
    [
      0.585157573223114,
      0.5678231716156006
    ],
    [
      0.5834880471229553,
      0.5677240490913391
    ],
    [
      0.5818413496017456,
      0.5676433444023132
    ],
    [
      0.5804929137229919,
      0.5678021907806396
    ],
    [
      0.5791378617286682,
      0.5679327249526978
    ],
    [
      0.5777144432067871,
      0.567773699760437
    ],
    [
      0.5763499736785889,
      0.5676244497299194
    ],
    [
      0.5754786729812622,
      0.5675575137138367
    ],
    [
      0.5745847821235657,
      0.5674879550933838
    ]
  ],
  "target": [
    [
      0.5735328197479248,
      0.5674002766609192
    ],
    [
      0.5723199248313904,
      0.5673733353614807
    ],
    [
      0.570138156414032,
      0.5677119493484497
    ],
    [
      0.5680416822433472,
      0.5679908394813538
    ],
    [
      0.5663924217224121,
      0.5679565072059631
    ],
    [
      0.5648804306983948,
      0.5679041743278503
    ],
    [
      0.5640021562576294,
      0.5677692294120789
    ],
    [
      0.562973141670227,
      0.5676594972610474
    ],
    [
      0.5613254904747009,
      0.5676535964012146
    ],
    [
      0.5598441958427429,
      0.5676667094230652
    ],
    [
      0.5589748024940491,
      0.5677500367164612
    ],
    [
      0.558082640171051,
      0.5678249597549438
    ],
    [
      0.557114839553833,
      0.567872166633606
    ],
    [
      0.5560573935508728,
      0.5677934288978577
    ],
    [
      0.5547299981117249,
      0.5673350691795349
    ]
  ],
  "meta": {
    "video_name": "test2.mp4",
    "video_stem": "test2",
    "video_path": "E:\\desktop\\open\\lstm-akf\\data\\video\\test2.mp4",
    "fps": 40.0,
    "segment_index": 78,
    "sample_index": 10,
    "start_frame_index": 0,
    "history_end_frame_index": 14,
    "target_end_frame_index": 29,
    "history_frame_indices": [
      0,
      1,
      2,
      3,
      4,
      5,
      6,
      7,
      8,
      9,
      10,
      11,
      12,
      13,
      14
    ],
    "target_frame_indices": [
      15,
      16,
      17,
      18,
      19,
      20,
      21,
      22,
      23,
      24,
      25,
      26,
      27,
      28,
      29
    ],
    "history_timestamps": [
      182.26273679256386,
      182.28773679256386,
      182.31273679256387,
      182.33773679256387,
      182.36273679256388,
      182.38773679256389,
      182.4127367925639,
      182.4377367925639,
      182.4627367925639,
      182.4877367925639,
      182.5127367925639,
      182.53773679256392,
      182.56273679256392,
      182.58773679256393,
      182.61273679256394
    ],
    "target_timestamps": [
      182.63773679256394,
      182.66273679256395,
      182.68773679256395,
      182.71273679256396,
      182.73773679256396,
      182.76273679256397,
      182.78773679256398,
      182.81273679256398,
      182.837736792564,
      182.862736792564,
      182.887736792564,
      182.912736792564,
      182.937736792564,
      182.96273679256402,
      182.98773679256402
    ]
  }
}