{
  "input": [
    [
      0.6012664437294006,
      0.5571736097335815
    ],
    [
      0.6017797589302063,
      0.5572142004966736
    ],
    [
      0.602556586265564,
      0.5574116110801697
    ],
    [
      0.6033251285552979,
      0.5576074123382568
    ],
    [
      0.6037560105323792,
      0.5577406287193298
    ],
    [
      0.6041767597198486,
      0.5578722953796387
    ],
    [
      0.6043642163276672,
      0.5579678416252136
    ],
    [
      0.6045453548431396,
      0.5580567121505737
    ],
    [
      0.6046263575553894,
      0.5580399632453918
    ],
    [
      0.6047036647796631,
      0.5580227971076965
    ],
    [
      0.6047360897064209,
      0.5579999685287476
    ],
    [
      0.6047623753547668,
      0.5579741597175598
    ],
    [
      0.604730486869812,
      0.5579199194908142
    ],
    [
      0.6046624779701233,
      0.5578914880752563
    ],
    [
      0.6043111681938171,
      0.5580654740333557
    ]
  ],
  "target": [
    [
      0.6039636731147766,
      0.558232843875885
    ],
    [
      0.6036415696144104,
      0.5583561658859253
    ],
    [
      0.6032252311706543,
      0.5584798455238342
    ],
    [
      0.6022700071334839,
      0.558605432510376
    ],
    [
      0.6013658046722412,
      0.5587133765220642
    ],
    [
      0.6007166504859924,
      0.5587331652641296
    ],
    [
      0.6000345945358276,
      0.5587427020072937
    ],
    [
      0.5992069244384766,
      0.5587069988250732
    ],
    [
      0.5984191298484802,
      0.5586497783660889
    ],
    [
      0.5977886319160461,
      0.5585076808929443
    ],
    [
      0.5970380902290344,
      0.5583543181419373
    ],
    [
      0.5958619117736816,
      0.5581609010696411
    ],
    [
      0.5947513580322266,
      0.5580065250396729
    ],
    [
      0.5938510894775391,
      0.5579774379730225
    ],
    [
      0.5927161574363708,
      0.558037281036377
    ]
  ]
}