{
  "input": [
    [
      0.5181637406349182,
      0.569873034954071
    ],
    [
      0.5165908932685852,
      0.5693328976631165
    ],
    [
      0.5179517269134521,
      0.5693464279174805
    ],
    [
      0.5191399455070496,
      0.5693539977073669
    ],
    [
      0.5200969576835632,
      0.569353461265564
    ],
    [
      0.5215508341789246,
      0.5692898631095886
    ],
    [
      0.523624062538147,
      0.569147527217865
    ],
    [
      0.5254876613616943,
      0.5690633058547974
    ],
    [
      0.5271080732345581,
      0.5690464973449707
    ],
    [
      0.5284201502799988,
      0.569050669670105
    ],
    [
      0.5293991565704346,
      0.5690775513648987
    ],
    [
      0.5305197834968567,
      0.5689836144447327
    ],
    [
      0.5317829251289368,
      0.568768322467804
    ],
    [
      0.532927930355072,
      0.5685867667198181
    ],
    [
      0.5339623689651489,
      0.5684369206428528
    ]
  ],
  "target": [
    [
      0.5344040393829346,
      0.5683081746101379
    ],
    [
      0.534328818321228,
      0.5681978464126587
    ],
    [
      0.5346550345420837,
      0.5680951476097107
    ],
    [
      0.5353071093559265,
      0.5679985880851746
    ],
    [
      0.5359805822372437,
      0.5679811239242554
    ],
    [
      0.5366702675819397,
      0.5680233240127563
    ],
    [
      0.5372654795646667,
      0.5680562257766724
    ],
    [
      0.5377944707870483,
      0.5680826306343079
    ],
    [
      0.5382985472679138,
      0.5681344270706177
    ],
    [
      0.5387862920761108,
      0.5682026743888855
    ],
    [
      0.5392483472824097,
      0.5682971477508545
    ],
    [
      0.5396949052810669,
      0.5684073567390442
    ],
    [
      0.5401149988174438,
      0.5685444474220276
    ],
    [
      0.5405202507972717,
      0.5686965584754944
    ],
    [
      0.5408983826637268,
      0.5688762664794922
    ]
  ],
  "meta": {
    "video_name": "test2.mp4",
    "video_stem": "test2",
    "video_path": "E:\\desktop\\open\\lstm-akf\\data\\video\\test2.mp4",
    "fps": 40.0,
    "segment_index": 140,
    "sample_index": 55,
    "start_frame_index": 45,
    "history_end_frame_index": 59,
    "target_end_frame_index": 74,
    "history_frame_indices": [
      45,
      46,
      47,
      48,
      49,
      50,
      51,
      52,
      53,
      54,
      55,
      56,
      57,
      58,
      59
    ],
    "target_frame_indices": [
      60,
      61,
      62,
      63,
      64,
      65,
      66,
      67,
      68,
      69,
      70,
      71,
      72,
      73,
      74
    ],
    "history_timestamps": [
      331.16029827038375,
      331.1852982703837,
      331.2102982703837,
      331.2352982703837,
      331.26029827038366,
      331.28529827038363,
      331.3102982703836,
      331.3352982703836,
      331.36029827038357,
      331.38529827038354,
      331.4102982703835,
      331.4352982703835,
      331.4602982703835,
      331.48529827038345,
      331.51029827038343
    ],
    "target_timestamps": [
      331.5352982703834,
      331.5602982703834,
      331.58529827038336,
      331.61029827038334,
      331.6352982703833,
      331.6602982703833,
      331.68529827038327,
      331.71029827038325,
      331.7352982703832,
      331.7602982703832,
      331.7852982703832,
      331.81029827038316,
      331.83529827038313,
      331.8602982703831,
      331.8852982703831
    ]
  }
}