{
  "input": [
    [
      0.5706720948219299,
      0.5575560927391052
    ],
    [
      0.571587324142456,
      0.5578152537345886
    ],
    [
      0.5744196176528931,
      0.5579333305358887
    ],
    [
      0.5771836638450623,
      0.5580534934997559
    ],
    [
      0.5781009793281555,
      0.5582305192947388
    ],
    [
      0.5791216492652893,
      0.558419942855835
    ],
    [
      0.5819736123085022,
      0.5588293671607971
    ],
    [
      0.584732711315155,
      0.5592237114906311
    ],
    [
      0.5862802863121033,
      0.5594214200973511
    ],
    [
      0.587836742401123,
      0.5596302151679993
    ],
    [
      0.589484691619873,
      0.5599517226219177
    ],
    [
      0.5911170840263367,
      0.560276985168457
    ],
    [
      0.592619776725769,
      0.5606329441070557
    ],
    [
      0.5926740169525146,
      0.5610440969467163
    ],
    [
      0.5825564861297607,
      0.5618425011634827
    ]
  ],
  "target": [
    [
      0.573928952217102,
      0.5625223517417908
    ],
    [
      0.5742719173431396,
      0.5624884963035583
    ],
    [
      0.5750846266746521,
      0.5625029802322388
    ],
    [
      0.57835853099823,
      0.5627705454826355
    ],
    [
      0.5814455151557922,
      0.5629705190658569
    ],
    [
      0.5836694240570068,
      0.5628584623336792
    ],
    [
      0.5861607789993286,
      0.5627412796020508
    ],
    [
      0.5897500514984131,
      0.5626031756401062
    ],
    [
      0.5935662388801575,
      0.5624392032623291
    ],
    [
      0.5982174873352051,
      0.5621800422668457
    ],
    [
      0.6031146049499512,
      0.5618928074836731
    ],
    [
      0.6088278889656067,
      0.5615124702453613
    ],
    [
      0.6104897260665894,
      0.5614233613014221
    ],
    [
      0.5999503135681152,
      0.5622110962867737
    ],
    [
      0.5922873020172119,
      0.5627734065055847
    ]
  ],
  "meta": {
    "video_name": "test2.mp4",
    "video_stem": "test2",
    "video_path": "E:\\desktop\\open\\lstm-akf\\data\\video\\test2.mp4",
    "fps": 40.0,
    "segment_index": 47,
    "sample_index": 11,
    "start_frame_index": 1,
    "history_end_frame_index": 15,
    "target_end_frame_index": 30,
    "history_frame_indices": [
      1,
      2,
      3,
      4,
      5,
      6,
      7,
      8,
      9,
      10,
      11,
      12,
      13,
      14,
      15
    ],
    "target_frame_indices": [
      16,
      17,
      18,
      19,
      20,
      21,
      22,
      23,
      24,
      25,
      26,
      27,
      28,
      29,
      30
    ],
    "history_timestamps": [
      111.87029552496374,
      111.89529552496374,
      111.92029552496375,
      111.94529552496375,
      111.97029552496376,
      111.99529552496377,
      112.02029552496377,
      112.04529552496378,
      112.07029552496378,
      112.09529552496379,
      112.1202955249638,
      112.1452955249638,
      112.1702955249638,
      112.19529552496381,
      112.22029552496382
    ],
    "target_timestamps": [
      112.24529552496382,
      112.27029552496383,
      112.29529552496383,
      112.32029552496384,
      112.34529552496384,
      112.37029552496385,
      112.39529552496386,
      112.42029552496386,
      112.44529552496387,
      112.47029552496387,
      112.49529552496388,
      112.52029552496388,
      112.54529552496389,
      112.5702955249639,
      112.5952955249639
    ]
  }
}