{
  "input": [
    [
      0.7747695446014404,
      0.6506844758987427
    ],
    [
      0.7817941904067993,
      0.6507762670516968
    ],
    [
      0.7931298613548279,
      0.6515666842460632
    ],
    [
      0.8052496910095215,
      0.652484118938446
    ],
    [
      0.813633918762207,
      0.6527040004730225
    ],
    [
      0.8214297294616699,
      0.6528139710426331
    ],
    [
      0.8310899138450623,
      0.6523848176002502
    ],
    [
      0.8410001993179321,
      0.6518834233283997
    ],
    [
      0.8466967344284058,
      0.6512212157249451
    ],
    [
      0.8519225716590881,
      0.6505410671234131
    ],
    [
      0.8136463165283203,
      0.6398236155509949
    ],
    [
      0.7714493870735168,
      0.6282014846801758
    ],
    [
      0.7459404468536377,
      0.6213474273681641
    ],
    [
      0.7215891480445862,
      0.6148240566253662
    ],
    [
      0.7212101221084595,
      0.6132594347000122
    ]
  ],
  "target": [
    [
      0.7220150232315063,
      0.6119397282600403
    ],
    [
      0.7325471639633179,
      0.6133078336715698
    ],
    [
      0.7433724999427795,
      0.6147569417953491
    ],
    [
      0.7615159749984741,
      0.6164942979812622
    ],
    [
      0.7797122597694397,
      0.6182299852371216
    ],
    [
      0.7929022908210754,
      0.6191942095756531
    ],
    [
      0.8060719966888428,
      0.6201382875442505
    ],
    [
      0.8184221982955933,
      0.6202688813209534
    ],
    [
      0.8305173516273499,
      0.6203950047492981
    ],
    [
      0.8367906808853149,
      0.6204196214675903
    ],
    [
      0.8400430083274841,
      0.6209037899971008
    ],
    [
      0.7957750558853149,
      0.6286171078681946
    ],
    [
      0.7532391548156738,
      0.6360726952552795
    ],
    [
      0.7312970161437988,
      0.6404646039009094
    ],
    [
      0.7121137976646423,
      0.6446996927261353
    ]
  ]
}