{
  "input": [
    [
      0.5717365145683289,
      0.703659176826477
    ],
    [
      0.5807567238807678,
      0.6998647451400757
    ],
    [
      0.5616495609283447,
      0.7031393647193909
    ],
    [
      0.48648887872695923,
      0.7208661437034607
    ],
    [
      0.44906744360923767,
      0.7347109317779541
    ],
    [
      0.43445873260498047,
      0.7435974478721619
    ],
    [
      0.43763238191604614,
      0.7483688592910767
    ],
    [
      0.4535580277442932,
      0.7498683929443359
    ],
    [
      0.47651997208595276,
      0.7489010095596313
    ],
    [
      0.49774542450904846,
      0.7477153539657593
    ],
    [
      0.5165439248085022,
      0.7466893792152405
    ],
    [
      0.5322248935699463,
      0.7462009191513062
    ],
    [
      0.5449971556663513,
      0.7451111674308777
    ],
    [
      0.5562951564788818,
      0.7438926100730896
    ],
    [
      0.5664063096046448,
      0.7423174381256104
    ]
  ],
  "target": [
    [
      0.5756180286407471,
      0.7401578426361084
    ],
    [
      0.5842239260673523,
      0.7377937436103821
    ],
    [
      0.5924530029296875,
      0.7342120409011841
    ],
    [
      0.6001673340797424,
      0.7293458580970764
    ],
    [
      0.6072288751602173,
      0.7231283187866211
    ],
    [
      0.540040910243988,
      0.6957024931907654
    ],
    [
      0.4856657385826111,
      0.6757741570472717
    ],
    [
      0.44888588786125183,
      0.6638144850730896
    ],
    [
      0.43448391556739807,
      0.6602946519851685
    ],
    [
      0.4393763840198517,
      0.6631046533584595
    ],
    [
      0.4291893541812897,
      0.6622114777565002
    ],
    [
      0.43207263946533203,
      0.6642338037490845
    ],
    [
      0.47617608308792114,
      0.6757903099060059
    ],
    [
      0.49114692211151123,
      0.6789661645889282
    ],
    [
      0.5020558834075928,
      0.680839478969574
    ]
  ],
  "meta": {
    "video_name": "test1.mp4",
    "video_stem": "test1",
    "video_path": "E:\\desktop\\open\\lstm-akf\\data\\video\\test1.mp4",
    "fps": 40.0,
    "segment_index": 0,
    "sample_index": 87,
    "start_frame_index": 77,
    "history_end_frame_index": 91,
    "target_end_frame_index": 106,
    "history_frame_indices": [
      77,
      78,
      79,
      80,
      81,
      82,
      83,
      84,
      85,
      86,
      87,
      88,
      89,
      90,
      91
    ],
    "target_frame_indices": [
      92,
      93,
      94,
      95,
      96,
      97,
      98,
      99,
      100,
      101,
      102,
      103,
      104,
      105,
      106
    ],
    "history_timestamps": [
      2.6250000000000018,
      2.6500000000000017,
      2.6750000000000016,
      2.700000000000002,
      2.7250000000000014,
      2.7500000000000018,
      2.775000000000002,
      2.8000000000000016,
      2.825000000000002,
      2.8500000000000023,
      2.8750000000000018,
      2.900000000000002,
      2.9250000000000016,
      2.950000000000002,
      2.9750000000000023
    ],
    "target_timestamps": [
      3.0000000000000018,
      3.025000000000002,
      3.0500000000000025,
      3.075000000000002,
      3.1000000000000023,
      3.1250000000000018,
      3.150000000000002,
      3.1750000000000025,
      3.200000000000002,
      3.2250000000000023,
      3.2500000000000027,
      3.275000000000002,
      3.3000000000000025,
      3.325000000000002,
      3.3500000000000023
    ]
  }
}