{
  "input": [
    [
      0.5271217823028564,
      0.5580506324768066
    ],
    [
      0.5309200882911682,
      0.5582295060157776
    ],
    [
      0.5350353121757507,
      0.558493435382843
    ],
    [
      0.5402025580406189,
      0.5590395927429199
    ],
    [
      0.5457689762115479,
      0.5596563220024109
    ],
    [
      0.5525373816490173,
      0.5604854226112366
    ],
    [
      0.5535009503364563,
      0.5614784955978394
    ],
    [
      0.5385355353355408,
      0.5629215836524963
    ],
    [
      0.5281582474708557,
      0.5642200112342834
    ],
    [
      0.5292973518371582,
      0.5651552081108093
    ],
    [
      0.5312768816947937,
      0.5659355521202087
    ],
    [
      0.5351923108100891,
      0.5663592219352722
    ],
    [
      0.5390434861183167,
      0.5664093494415283
    ],
    [
      0.542758584022522,
      0.5656675100326538
    ],
    [
      0.5467544794082642,
      0.5649504065513611
    ]
  ],
  "target": [
    [
      0.5512995719909668,
      0.5642815828323364
    ],
    [
      0.5504536032676697,
      0.5625314712524414
    ],
    [
      0.5398604273796082,
      0.5588263273239136
    ],
    [
      0.5340810418128967,
      0.5564298033714294
    ],
    [
      0.5363614559173584,
      0.5562242269515991
    ],
    [
      0.5388948321342468,
      0.5564355254173279
    ],
    [
      0.5418210029602051,
      0.5572940707206726
    ],
    [
      0.5451807379722595,
      0.5581957101821899
    ],
    [
      0.549165666103363,
      0.5591596364974976
    ],
    [
      0.552345871925354,
      0.5599340200424194
    ],
    [
      0.5544478297233582,
      0.5604543089866638
    ],
    [
      0.557208240032196,
      0.561298131942749
    ],
    [
      0.5607895255088806,
      0.5625452399253845
    ],
    [
      0.5646048784255981,
      0.5639702081680298
    ],
    [
      0.5686918497085571,
      0.5656014084815979
    ]
  ]
}