{
  "input": [
    [
      0.5379937291145325,
      0.5543462038040161
    ],
    [
      0.5383508205413818,
      0.5543997287750244
    ],
    [
      0.5387271046638489,
      0.554462730884552
    ],
    [
      0.5392046570777893,
      0.5544646382331848
    ],
    [
      0.539824366569519,
      0.5543805956840515
    ],
    [
      0.5404482483863831,
      0.554309606552124
    ],
    [
      0.5410776138305664,
      0.5542556643486023
    ],
    [
      0.5416226983070374,
      0.5541877150535583
    ],
    [
      0.5420653820037842,
      0.5541027784347534
    ],
    [
      0.5424619913101196,
      0.5540183186531067
    ],
    [
      0.5428064465522766,
      0.5539345145225525
    ],
    [
      0.5433015823364258,
      0.5539184212684631
    ],
    [
      0.543955385684967,
      0.5539736747741699
    ],
    [
      0.5445841550827026,
      0.5539916753768921
    ],
    [
      0.545188307762146,
      0.5539731979370117
    ]
  ],
  "target": [
    [
      0.5462623238563538,
      0.5540639162063599
    ],
    [
      0.5477653741836548,
      0.5542543530464172
    ],
    [
      0.5490482449531555,
      0.554334819316864
    ],
    [
      0.5501438975334167,
      0.554321825504303
    ],
    [
      0.5515364408493042,
      0.5548588633537292
    ],
    [
      0.5531638860702515,
      0.5558310151100159
    ],
    [
      0.5542675852775574,
      0.5563499927520752
    ],
    [
      0.5549860596656799,
      0.5565356016159058
    ],
    [
      0.5555590987205505,
      0.5566476583480835
    ],
    [
      0.5560327172279358,
      0.5567094683647156
    ],
    [
      0.5563597083091736,
      0.5566989779472351
    ],
    [
      0.556593656539917,
      0.5566427111625671
    ],
    [
      0.5567165613174438,
      0.5565649271011353
    ],
    [
      0.5567741990089417,
      0.5564745664596558
    ],
    [
      0.5566602349281311,
      0.5563108325004578
    ]
  ]
}