{
  "input": [
    [
      0.5204103589057922,
      0.5584388971328735
    ],
    [
      0.5205044746398926,
      0.5582844614982605
    ],
    [
      0.5218393206596375,
      0.5583240389823914
    ],
    [
      0.5232856273651123,
      0.5584588646888733
    ],
    [
      0.5248523950576782,
      0.5586966276168823
    ],
    [
      0.5259864330291748,
      0.558868408203125
    ],
    [
      0.5266852974891663,
      0.5589737892150879
    ],
    [
      0.527172863483429,
      0.5591148138046265
    ],
    [
      0.5274625420570374,
      0.5592892169952393
    ],
    [
      0.527583122253418,
      0.5593764185905457
    ],
    [
      0.5275562405586243,
      0.559387743473053
    ],
    [
      0.5274299383163452,
      0.5593763589859009
    ],
    [
      0.5272230505943298,
      0.5593464970588684
    ],
    [
      0.5269467234611511,
      0.5594145655632019
    ],
    [
      0.5266178846359253,
      0.5595566630363464
    ]
  ],
  "target": [
    [
      0.526206374168396,
      0.5596857070922852
    ],
    [
      0.5257367491722107,
      0.5598056316375732
    ],
    [
      0.5364077687263489,
      0.5629988312721252
    ],
    [
      0.5543400049209595,
      0.5681952238082886
    ],
    [
      0.5618776679039001,
      0.5706282258033752
    ],
    [
      0.5631308555603027,
      0.5713905096054077
    ],
    [
      0.5625900030136108,
      0.571499764919281
    ],
    [
      0.561044454574585,
      0.5712432861328125
    ],
    [
      0.5594754815101624,
      0.5711091756820679
    ],
    [
      0.5578943490982056,
      0.5710383653640747
    ],
    [
      0.5570461750030518,
      0.5708953142166138
    ],
    [
      0.5565482974052429,
      0.5707176923751831
    ],
    [
      0.5566684603691101,
      0.5706419348716736
    ],
    [
      0.5570606589317322,
      0.5706109404563904
    ],
    [
      0.5578625202178955,
      0.5704855918884277
    ]
  ]
}