{
  "input": [
    [
      0.4980684220790863,
      0.5670040845870972
    ],
    [
      0.4948080778121948,
      0.5664944052696228
    ],
    [
      0.4946027994155884,
      0.5665813088417053
    ],
    [
      0.4945387542247772,
      0.5666958689689636
    ],
    [
      0.49476301670074463,
      0.5666903257369995
    ],
    [
      0.4949950873851776,
      0.5666815042495728
    ],
    [
      0.49519282579421997,
      0.5666849613189697
    ],
    [
      0.49538472294807434,
      0.5666887164115906
    ],
    [
      0.4949839115142822,
      0.5667180418968201
    ],
    [
      0.4945704936981201,
      0.5667417645454407
    ],
    [
      0.4937034547328949,
      0.5665655136108398
    ],
    [
      0.49279579520225525,
      0.5663873553276062
    ],
    [
      0.49102333188056946,
      0.5661675930023193
    ],
    [
      0.48929816484451294,
      0.5659545063972473
    ],
    [
      0.4882805049419403,
      0.5658418536186218
    ]
  ],
  "target": [
    [
      0.4871073365211487,
      0.5657540559768677
    ],
    [
      0.48415637016296387,
      0.5659512877464294
    ],
    [
      0.48133528232574463,
      0.5661200284957886
    ],
    [
      0.4797065258026123,
      0.5660265684127808
    ],
    [
      0.4780234694480896,
      0.565948486328125
    ],
    [
      0.47592708468437195,
      0.5659876465797424
    ],
    [
      0.47381848096847534,
      0.5660871267318726
    ],
    [
      0.47163093090057373,
      0.5665775537490845
    ],
    [
      0.46931543946266174,
      0.5669372081756592
    ],
    [
      0.46628427505493164,
      0.5665656924247742
    ],
    [
      0.4634563624858856,
      0.5661965012550354
    ],
    [
      0.46162453293800354,
      0.5658387541770935
    ],
    [
      0.46312645077705383,
      0.5659326314926147
    ],
    [
      0.47909584641456604,
      0.567986786365509
    ],
    [
      0.48958247900009155,
      0.5693267583847046
    ]
  ],
  "meta": {
    "video_name": "test2.mp4",
    "video_stem": "test2",
    "video_path": "E:\\desktop\\open\\lstm-akf\\data\\video\\test2.mp4",
    "fps": 40.0,
    "segment_index": 34,
    "sample_index": 338,
    "start_frame_index": 328,
    "history_end_frame_index": 342,
    "target_end_frame_index": 357,
    "history_frame_indices": [
      328,
      329,
      330,
      331,
      332,
      333,
      334,
      335,
      336,
      337,
      338,
      339,
      340,
      341,
      342
    ],
    "target_frame_indices": [
      343,
      344,
      345,
      346,
      347,
      348,
      349,
      350,
      351,
      352,
      353,
      354,
      355,
      356,
      357
    ],
    "history_timestamps": [
      85.45601051104238,
      85.48101051104238,
      85.50601051104239,
      85.5310105110424,
      85.5560105110424,
      85.58101051104241,
      85.60601051104241,
      85.63101051104242,
      85.65601051104242,
      85.68101051104243,
      85.70601051104244,
      85.73101051104244,
      85.75601051104245,
      85.78101051104245,
      85.80601051104246
    ],
    "target_timestamps": [
      85.83101051104246,
      85.85601051104247,
      85.88101051104248,
      85.90601051104248,
      85.93101051104249,
      85.95601051104249,
      85.9810105110425,
      86.0060105110425,
      86.03101051104251,
      86.05601051104252,
      86.08101051104252,
      86.10601051104253,
      86.13101051104253,
      86.15601051104254,
      86.18101051104254
    ]
  }
}