{
  "input": [
    [
      0.8681567311286926,
      0.6132841110229492
    ],
    [
      0.869753360748291,
      0.6132900714874268
    ],
    [
      0.8714739680290222,
      0.6132963299751282
    ],
    [
      0.8734304904937744,
      0.6133058667182922
    ],
    [
      0.8755190968513489,
      0.6133173108100891
    ],
    [
      0.8736655116081238,
      0.6132493615150452
    ],
    [
      0.8697704672813416,
      0.6131404042243958
    ],
    [
      0.8679494261741638,
      0.6129671931266785
    ],
    [
      0.8671196699142456,
      0.6127633452415466
    ],
    [
      0.8661242723464966,
      0.6127572655677795
    ],
    [
      0.865056037902832,
      0.6128382086753845
    ],
    [
      0.8642708659172058,
      0.6129404306411743
    ],
    [
      0.8636000156402588,
      0.6130512356758118
    ],
    [
      0.8625870943069458,
      0.6131750345230103
    ],
    [
      0.8614476919174194,
      0.6133036017417908
    ]
  ],
  "target": [
    [
      0.8601725697517395,
      0.6134706735610962
    ],
    [
      0.8588516712188721,
      0.6136506795883179
    ],
    [
      0.8565468788146973,
      0.6130569577217102
    ],
    [
      0.8539409041404724,
      0.6122264862060547
    ],
    [
      0.8522055745124817,
      0.612051248550415
    ],
    [
      0.8507108688354492,
      0.6120571494102478
    ],
    [
      0.8500165343284607,
      0.6115440130233765
    ],
    [
      0.8495206832885742,
      0.6109021902084351
    ],
    [
      0.8489307761192322,
      0.6102882623672485
    ],
    [
      0.8483201861381531,
      0.6096804738044739
    ],
    [
      0.8479567170143127,
      0.6089491248130798
    ],
    [
      0.8476414084434509,
      0.6081936955451965
    ],
    [
      0.8475785255432129,
      0.6073120832443237
    ],
    [
      0.8475585579872131,
      0.6064090132713318
    ],
    [
      0.8477962613105774,
      0.6053771376609802
    ]
  ],
  "meta": {
    "video_name": "test2.mp4",
    "video_stem": "test2",
    "video_path": "E:\\desktop\\open\\lstm-akf\\data\\video\\test2.mp4",
    "fps": 40.0,
    "segment_index": 107,
    "sample_index": 79,
    "start_frame_index": 69,
    "history_end_frame_index": 83,
    "target_end_frame_index": 98,
    "history_frame_indices": [
      69,
      70,
      71,
      72,
      73,
      74,
      75,
      76,
      77,
      78,
      79,
      80,
      81,
      82,
      83
    ],
    "target_frame_indices": [
      84,
      85,
      86,
      87,
      88,
      89,
      90,
      91,
      92,
      93,
      94,
      95,
      96,
      97,
      98
    ],
    "history_timestamps": [
      244.04821449582346,
      244.07321449582346,
      244.09821449582347,
      244.12321449582348,
      244.14821449582348,
      244.1732144958235,
      244.1982144958235,
      244.2232144958235,
      244.2482144958235,
      244.2732144958235,
      244.29821449582352,
      244.32321449582352,
      244.34821449582353,
      244.37321449582353,
      244.39821449582354
    ],
    "target_timestamps": [
      244.42321449582354,
      244.44821449582355,
      244.47321449582356,
      244.49821449582356,
      244.52321449582357,
      244.54821449582357,
      244.57321449582358,
      244.59821449582358,
      244.6232144958236,
      244.6482144958236,
      244.6732144958236,
      244.6982144958236,
      244.7232144958236,
      244.74821449582362,
      244.77321449582362
    ]
  }
}