{
  "input": [
    [
      0.5136581659317017,
      0.568856418132782
    ],
    [
      0.5109871029853821,
      0.5688620805740356
    ],
    [
      0.5085837244987488,
      0.5687859654426575
    ],
    [
      0.5065948963165283,
      0.5685831308364868
    ],
    [
      0.5043228268623352,
      0.568530797958374
    ],
    [
      0.5016433596611023,
      0.5686947703361511
    ],
    [
      0.49949872493743896,
      0.5689559578895569
    ],
    [
      0.4980689585208893,
      0.569347083568573
    ],
    [
      0.49665743112564087,
      0.569425106048584
    ],
    [
      0.4952686131000519,
      0.5691139698028564
    ],
    [
      0.49390408396720886,
      0.5689235329627991
    ],
    [
      0.4925677180290222,
      0.5688727498054504
    ],
    [
      0.49011173844337463,
      0.5689923167228699
    ],
    [
      0.48644959926605225,
      0.569295346736908
    ],
    [
      0.4836515784263611,
      0.5695752501487732
    ]
  ],
  "target": [
    [
      0.481720507144928,
      0.569831907749176
    ],
    [
      0.4793547987937927,
      0.5700686573982239
    ],
    [
      0.4765830934047699,
      0.5702868700027466
    ],
    [
      0.4745912253856659,
      0.5705389976501465
    ],
    [
      0.4732776880264282,
      0.5708208084106445
    ],
    [
      0.47164827585220337,
      0.5708754658699036
    ],
    [
      0.4697631001472473,
      0.5707462430000305
    ],
    [
      0.46803557872772217,
      0.5706592798233032
    ],
    [
      0.466426819562912,
      0.5706040263175964
    ],
    [
      0.4646367132663727,
      0.5706642866134644
    ],
    [
      0.4627196490764618,
      0.5708053708076477
    ],
    [
      0.4609695076942444,
      0.5711395144462585
    ],
    [
      0.4593278467655182,
      0.5715991854667664
    ],
    [
      0.4568181335926056,
      0.5718852281570435
    ],
    [
      0.4537850022315979,
      0.5720665454864502
    ]
  ]
}