{
  "input": [
    [
      0.5000352263450623,
      0.5636857748031616
    ],
    [
      0.5020073056221008,
      0.5639014840126038
    ],
    [
      0.5039793252944946,
      0.564094603061676
    ],
    [
      0.5059514045715332,
      0.563843309879303
    ],
    [
      0.5078484416007996,
      0.5635742545127869
    ],
    [
      0.5086860656738281,
      0.5630530118942261
    ],
    [
      0.5095133185386658,
      0.5625651478767395
    ],
    [
      0.5102276802062988,
      0.5624420046806335
    ],
    [
      0.5109663605690002,
      0.5623920559883118
    ],
    [
      0.5119190812110901,
      0.5629881620407104
    ],
    [
      0.5109639763832092,
      0.5639275908470154
    ],
    [
      0.4959571957588196,
      0.5673956871032715
    ],
    [
      0.48222386837005615,
      0.5705792903900146
    ],
    [
      0.47648870944976807,
      0.5719757676124573
    ],
    [
      0.47158026695251465,
      0.5732263922691345
    ]
  ],
  "target": [
    [
      0.4711734652519226,
      0.5736829042434692
    ],
    [
      0.4710773527622223,
      0.5740252733230591
    ],
    [
      0.47246694564819336,
      0.573821485042572
    ],
    [
      0.473728746175766,
      0.5735960006713867
    ],
    [
      0.47444838285446167,
      0.5732783079147339
    ],
    [
      0.47501128911972046,
      0.5730258226394653
    ],
    [
      0.47497954964637756,
      0.573020875453949
    ],
    [
      0.4747217297554016,
      0.5730273723602295
    ],
    [
      0.4736913740634918,
      0.5730729103088379
    ],
    [
      0.4725967049598694,
      0.573090136051178
    ],
    [
      0.4713030159473419,
      0.5730196833610535
    ],
    [
      0.46981510519981384,
      0.5729382634162903
    ],
    [
      0.4677799940109253,
      0.5728259086608887
    ],
    [
      0.4658608138561249,
      0.5726895928382874
    ],
    [
      0.46424007415771484,
      0.5724916458129883
    ]
  ]
}