{
  "input": [
    [
      0.5931901931762695,
      0.5696420669555664
    ],
    [
      0.5894630551338196,
      0.5702841877937317
    ],
    [
      0.5702468156814575,
      0.5740806460380554
    ],
    [
      0.5535569787025452,
      0.5773663520812988
    ],
    [
      0.5455318093299866,
      0.5788999795913696
    ],
    [
      0.539401113986969,
      0.5800897479057312
    ],
    [
      0.5391543507575989,
      0.5802115201950073
    ],
    [
      0.5396419167518616,
      0.5802271366119385
    ],
    [
      0.5422046184539795,
      0.5799429416656494
    ],
    [
      0.5448408126831055,
      0.5795537233352661
    ],
    [
      0.5476669073104858,
      0.5788933634757996
    ],
    [
      0.5500059127807617,
      0.5783234238624573
    ],
    [
      0.5511919856071472,
      0.5779674649238586
    ],
    [
      0.5520225763320923,
      0.5777143836021423
    ],
    [
      0.5520793199539185,
      0.5776852369308472
    ]
  ],
  "target": [
    [
      0.5519812703132629,
      0.5777111053466797
    ],
    [
      0.5515727400779724,
      0.5778472423553467
    ],
    [
      0.5511816143989563,
      0.57790207862854
    ],
    [
      0.5508230328559875,
      0.5778061747550964
    ],
    [
      0.5505139827728271,
      0.5777600407600403
    ],
    [
      0.5502901673316956,
      0.5777992606163025
    ],
    [
      0.550123393535614,
      0.5778765082359314
    ],
    [
      0.5500475168228149,
      0.5780143737792969
    ],
    [
      0.5499894618988037,
      0.5781404376029968
    ],
    [
      0.549957811832428,
      0.5782490372657776
    ],
    [
      0.5499727129936218,
      0.5783240795135498
    ],
    [
      0.5500515699386597,
      0.5783529877662659
    ],
    [
      0.5502155423164368,
      0.5783889889717102
    ],
    [
      0.5504882335662842,
      0.5784338712692261
    ],
    [
      0.5507394075393677,
      0.5785775780677795
    ]
  ]
}