{
  "input": [
    [
      0.4619640111923218,
      0.5657463669776917
    ],
    [
      0.46691879630088806,
      0.5654065608978271
    ],
    [
      0.47258609533309937,
      0.5650326013565063
    ],
    [
      0.47885116934776306,
      0.5645604133605957
    ],
    [
      0.4867565631866455,
      0.5638186931610107
    ],
    [
      0.4952996075153351,
      0.5629721879959106
    ],
    [
      0.5054430961608887,
      0.5618626475334167
    ],
    [
      0.502728283405304,
      0.5610854029655457
    ],
    [
      0.4703933298587799,
      0.5610736012458801
    ],
    [
      0.4485654830932617,
      0.5610694289207458
    ],
    [
      0.44901323318481445,
      0.5610814094543457
    ],
    [
      0.4507639408111572,
      0.5609924793243408
    ],
    [
      0.45506298542022705,
      0.5607060194015503
    ],
    [
      0.4590640068054199,
      0.5604108572006226
    ],
    [
      0.4625260829925537,
      0.5600999593734741
    ]
  ],
  "target": [
    [
      0.46552935242652893,
      0.5597540140151978
    ],
    [
      0.4677644371986389,
      0.5593492388725281
    ],
    [
      0.47001078724861145,
      0.5590638518333435
    ],
    [
      0.4722746014595032,
      0.5589636564254761
    ],
    [
      0.4748912453651428,
      0.5588522553443909
    ],
    [
      0.4780166745185852,
      0.558724582195282
    ],
    [
      0.4812363386154175,
      0.5586221814155579
    ],
    [
      0.48458224534988403,
      0.5585535764694214
    ],
    [
      0.48802632093429565,
      0.5585112571716309
    ],
    [
      0.4915927052497864,
      0.5585017204284668
    ],
    [
      0.49526116251945496,
      0.5585194826126099
    ],
    [
      0.49904802441596985,
      0.5585690140724182
    ],
    [
      0.5029408931732178,
      0.5586469173431396
    ],
    [
      0.5069482326507568,
      0.5587554574012756
    ],
    [
      0.5089576840400696,
      0.5588098764419556
    ]
  ],
  "meta": {
    "video_name": "test2.mp4",
    "video_stem": "test2",
    "video_path": "E:\\desktop\\open\\lstm-akf\\data\\video\\test2.mp4",
    "fps": 40.0,
    "segment_index": 91,
    "sample_index": 37,
    "start_frame_index": 27,
    "history_end_frame_index": 41,
    "target_end_frame_index": 56,
    "history_frame_indices": [
      27,
      28,
      29,
      30,
      31,
      32,
      33,
      34,
      35,
      36,
      37,
      38,
      39,
      40,
      41
    ],
    "target_frame_indices": [
      42,
      43,
      44,
      45,
      46,
      47,
      48,
      49,
      50,
      51,
      52,
      53,
      54,
      55,
      56
    ],
    "history_timestamps": [
      203.8498833196064,
      203.8748833196064,
      203.8998833196064,
      203.9248833196064,
      203.9498833196064,
      203.97488331960642,
      203.99988331960643,
      204.02488331960643,
      204.04988331960644,
      204.07488331960644,
      204.09988331960645,
      204.12488331960645,
      204.14988331960646,
      204.17488331960647,
      204.19988331960647
    ],
    "target_timestamps": [
      204.22488331960648,
      204.24988331960648,
      204.2748833196065,
      204.2998833196065,
      204.3248833196065,
      204.3498833196065,
      204.3748833196065,
      204.39988331960652,
      204.42488331960652,
      204.44988331960653,
      204.47488331960653,
      204.49988331960654,
      204.52488331960654,
      204.54988331960655,
      204.57488331960656
    ]
  }
}