{
  "input": [
    [
      0.5730308890342712,
      0.560470700263977
    ],
    [
      0.5740650296211243,
      0.5598763227462769
    ],
    [
      0.5745593905448914,
      0.5591581463813782
    ],
    [
      0.5748439431190491,
      0.5583918690681458
    ],
    [
      0.5746018290519714,
      0.5575049519538879
    ],
    [
      0.5741367936134338,
      0.5565668344497681
    ],
    [
      0.5731582641601562,
      0.5555110573768616
    ],
    [
      0.571684718132019,
      0.5564560890197754
    ],
    [
      0.5691617727279663,
      0.5616429448127747
    ],
    [
      0.5665603876113892,
      0.5654177069664001
    ],
    [
      0.5638056993484497,
      0.5664306282997131
    ],
    [
      0.5644622445106506,
      0.5667054057121277
    ],
    [
      0.5712865591049194,
      0.5656457543373108
    ],
    [
      0.5765199065208435,
      0.5648488998413086
    ],
    [
      0.579089343547821,
      0.5644919276237488
    ]
  ],
  "target": [
    [
      0.5811132192611694,
      0.5642220973968506
    ],
    [
      0.5822899341583252,
      0.5640875101089478
    ],
    [
      0.5833642482757568,
      0.5639822483062744
    ],
    [
      0.5842908024787903,
      0.563919186592102
    ],
    [
      0.5849330425262451,
      0.5638424754142761
    ],
    [
      0.5851942896842957,
      0.5637475848197937
    ],
    [
      0.5858505964279175,
      0.5635865926742554
    ],
    [
      0.5869994759559631,
      0.5633432865142822
    ],
    [
      0.5880914926528931,
      0.5632010698318481
    ],
    [
      0.5891175270080566,
      0.5631760954856873
    ],
    [
      0.590066134929657,
      0.5632073879241943
    ],
    [
      0.5909310579299927,
      0.5632995963096619
    ],
    [
      0.591761589050293,
      0.5633935928344727
    ],
    [
      0.5925575494766235,
      0.5634894371032715
    ],
    [
      0.5933276414871216,
      0.5636196136474609
    ]
  ],
  "meta": {
    "video_name": "test2.mp4",
    "video_stem": "test2",
    "video_path": "E:\\desktop\\open\\lstm-akf\\data\\video\\test2.mp4",
    "fps": 40.0,
    "segment_index": 134,
    "sample_index": 39,
    "start_frame_index": 29,
    "history_end_frame_index": 43,
    "target_end_frame_index": 58,
    "history_frame_indices": [
      29,
      30,
      31,
      32,
      33,
      34,
      35,
      36,
      37,
      38,
      39,
      40,
      41,
      42,
      43
    ],
    "target_frame_indices": [
      44,
      45,
      46,
      47,
      48,
      49,
      50,
      51,
      52,
      53,
      54,
      55,
      56,
      57,
      58
    ],
    "history_timestamps": [
      321.69176079538704,
      321.716760795387,
      321.741760795387,
      321.766760795387,
      321.79176079538695,
      321.8167607953869,
      321.8417607953869,
      321.8667607953869,
      321.89176079538686,
      321.91676079538684,
      321.9417607953868,
      321.9667607953868,
      321.99176079538677,
      322.01676079538674,
      322.0417607953867
    ],
    "target_timestamps": [
      322.0667607953867,
      322.0917607953867,
      322.11676079538665,
      322.14176079538663,
      322.1667607953866,
      322.1917607953866,
      322.21676079538656,
      322.24176079538654,
      322.2667607953865,
      322.2917607953865,
      322.3167607953865,
      322.34176079538645,
      322.3667607953864,
      322.3917607953864,
      322.4167607953864
    ]
  }
}