{
  "input": [
    [
      0.5191848278045654,
      0.5652937889099121
    ],
    [
      0.5348588824272156,
      0.5679168105125427
    ],
    [
      0.5462278723716736,
      0.5700495839118958
    ],
    [
      0.5480157136917114,
      0.5709114670753479
    ],
    [
      0.530876100063324,
      0.5692625641822815
    ],
    [
      0.5183468461036682,
      0.5680302977561951
    ],
    [
      0.5142351388931274,
      0.5675585269927979
    ],
    [
      0.5100101232528687,
      0.5673505067825317
    ],
    [
      0.5055937767028809,
      0.5675884485244751
    ],
    [
      0.5020535588264465,
      0.5676530003547668
    ],
    [
      0.4998866021633148,
      0.5674459934234619
    ],
    [
      0.49775493144989014,
      0.5672100186347961
    ],
    [
      0.4956745207309723,
      0.5669320225715637
    ],
    [
      0.49415847659111023,
      0.5667936205863953
    ],
    [
      0.49340561032295227,
      0.5668439865112305
    ]
  ],
  "target": [
    [
      0.49282050132751465,
      0.5668755173683167
    ],
    [
      0.4924463927745819,
      0.566883385181427
    ],
    [
      0.4923085570335388,
      0.5668849945068359
    ],
    [
      0.4924473166465759,
      0.5668792724609375
    ],
    [
      0.4928230345249176,
      0.5667900443077087
    ],
    [
      0.49345695972442627,
      0.5666097402572632
    ],
    [
      0.4941190779209137,
      0.5665385723114014
    ],
    [
      0.4948098361492157,
      0.5665780901908875
    ],
    [
      0.4960887134075165,
      0.5665693879127502
    ],
    [
      0.4979234039783478,
      0.5665150880813599
    ],
    [
      0.4992760717868805,
      0.566264271736145
    ],
    [
      0.5002046227455139,
      0.565840482711792
    ],
    [
      0.5019459128379822,
      0.5655451416969299
    ],
    [
      0.5043529868125916,
      0.5653549432754517
    ],
    [
      0.5062442421913147,
      0.5653142333030701
    ]
  ]
}