{
  "input": [
    [
      0.9074260592460632,
      0.7893522381782532
    ],
    [
      0.9012629389762878,
      0.7910820841789246
    ],
    [
      0.8946701884269714,
      0.7927478551864624
    ],
    [
      0.8860940933227539,
      0.7941175103187561
    ],
    [
      0.8781609535217285,
      0.7951640486717224
    ],
    [
      0.8728671669960022,
      0.7948838472366333
    ],
    [
      0.8683305382728577,
      0.7943095564842224
    ],
    [
      0.8665802478790283,
      0.7926527261734009
    ],
    [
      0.8653929233551025,
      0.7910069823265076
    ],
    [
      0.8660744428634644,
      0.7893980145454407
    ],
    [
      0.8672114610671997,
      0.7876816391944885
    ],
    [
      0.8697200417518616,
      0.7856420278549194
    ],
    [
      0.8721968531608582,
      0.7836063504219055
    ],
    [
      0.8745865821838379,
      0.7815812230110168
    ],
    [
      0.8770780563354492,
      0.7790423631668091
    ]
  ],
  "target": [
    [
      0.8798249959945679,
      0.775213897228241
    ],
    [
      0.8821943402290344,
      0.7714784741401672
    ],
    [
      0.8836938142776489,
      0.7679572105407715
    ],
    [
      0.8852158784866333,
      0.763735830783844
    ],
    [
      0.8867856860160828,
      0.7580299377441406
    ],
    [
      0.8881627917289734,
      0.7530706524848938
    ],
    [
      0.8891628384590149,
      0.7495714426040649
    ],
    [
      0.8896430730819702,
      0.745213508605957
    ],
    [
      0.8891834020614624,
      0.7393028736114502
    ],
    [
      0.888476550579071,
      0.7342084050178528
    ],
    [
      0.8873558640480042,
      0.7304806113243103
    ],
    [
      0.885235071182251,
      0.7259235382080078
    ],
    [
      0.8815611600875854,
      0.7200787663459778
    ],
    [
      0.8780006170272827,
      0.715224027633667
    ],
    [
      0.8746035695075989,
      0.7117965817451477
    ]
  ]
}