{
  "input": [
    [
      0.5501569509506226,
      0.5621699690818787
    ],
    [
      0.5516040921211243,
      0.5620254278182983
    ],
    [
      0.552774965763092,
      0.5618981719017029
    ],
    [
      0.5533523559570312,
      0.5618079900741577
    ],
    [
      0.5539571642875671,
      0.5617866516113281
    ],
    [
      0.5546162128448486,
      0.5619016289710999
    ],
    [
      0.5551190972328186,
      0.561949610710144
    ],
    [
      0.5553362369537354,
      0.5618751049041748
    ],
    [
      0.5554994940757751,
      0.5618142485618591
    ],
    [
      0.5555714964866638,
      0.5617763996124268
    ],
    [
      0.5556046366691589,
      0.5617536902427673
    ],
    [
      0.5555768013000488,
      0.5617548823356628
    ],
    [
      0.5552918314933777,
      0.5617197155952454
    ],
    [
      0.5546318292617798,
      0.561631441116333
    ],
    [
      0.5540001392364502,
      0.5614758729934692
    ]
  ],
  "target": [
    [
      0.5534068942070007,
      0.5612290501594543
    ],
    [
      0.5525085926055908,
      0.5610946416854858
    ],
    [
      0.551225483417511,
      0.5611019730567932
    ],
    [
      0.5500479936599731,
      0.5610296726226807
    ],
    [
      0.548994243144989,
      0.5608638525009155
    ],
    [
      0.5477844476699829,
      0.560703694820404
    ],
    [
      0.5464041233062744,
      0.5605497360229492
    ],
    [
      0.5453945994377136,
      0.5605028867721558
    ],
    [
      0.5447621941566467,
      0.5605650544166565
    ],
    [
      0.5444055795669556,
      0.5606188178062439
    ],
    [
      0.5443102121353149,
      0.560664713382721
    ],
    [
      0.5444052219390869,
      0.5606452226638794
    ],
    [
      0.5446681976318359,
      0.56056809425354
    ],
    [
      0.5450687408447266,
      0.5605020523071289
    ],
    [
      0.5455822944641113,
      0.5604450106620789
    ]
  ]
}