{
  "input": [
    [
      0.48694318532943726,
      0.5634530186653137
    ],
    [
      0.4860808551311493,
      0.5634567737579346
    ],
    [
      0.4868662655353546,
      0.5631774067878723
    ],
    [
      0.487514466047287,
      0.562900722026825
    ],
    [
      0.4870157241821289,
      0.5626465678215027
    ],
    [
      0.48656365275382996,
      0.5624166131019592
    ],
    [
      0.4864394962787628,
      0.5623558163642883
    ],
    [
      0.4863485097885132,
      0.5623190402984619
    ],
    [
      0.4864570200443268,
      0.5624266862869263
    ],
    [
      0.4865591526031494,
      0.5625113248825073
    ],
    [
      0.4866277575492859,
      0.5624754428863525
    ],
    [
      0.4867805242538452,
      0.5623992681503296
    ],
    [
      0.4873218536376953,
      0.5621368885040283
    ],
    [
      0.4878217279911041,
      0.5619339346885681
    ],
    [
      0.48815158009529114,
      0.5619750022888184
    ]
  ],
  "target": [
    [
      0.4885315001010895,
      0.5619999170303345
    ],
    [
      0.4890955686569214,
      0.5619653463363647
    ],
    [
      0.48968902230262756,
      0.5619339346885681
    ],
    [
      0.4903798997402191,
      0.5619131922721863
    ],
    [
      0.490873783826828,
      0.5618533492088318
    ],
    [
      0.4907745122909546,
      0.5616757869720459
    ],
    [
      0.4907209873199463,
      0.5615504384040833
    ],
    [
      0.49079304933547974,
      0.5615680813789368
    ],
    [
      0.49070796370506287,
      0.5615835189819336
    ],
    [
      0.49022841453552246,
      0.5615933537483215
    ],
    [
      0.4897601008415222,
      0.5615971684455872
    ],
    [
      0.4893176555633545,
      0.5615871548652649
    ],
    [
      0.4888879060745239,
      0.5615828633308411
    ],
    [
      0.48848503828048706,
      0.5615906715393066
    ],
    [
      0.4881030023097992,
      0.561607301235199
    ]
  ]
}