{
  "input": [
    [
      0.730128288269043,
      0.6047917008399963
    ],
    [
      0.7072668075561523,
      0.6075870394706726
    ],
    [
      0.686040997505188,
      0.6101939678192139
    ],
    [
      0.7131243944168091,
      0.6072385907173157
    ],
    [
      0.7392193675041199,
      0.6044306755065918
    ],
    [
      0.7467498779296875,
      0.6043925285339355
    ],
    [
      0.7536632418632507,
      0.6044196486473083
    ],
    [
      0.7521660327911377,
      0.6053351759910583
    ],
    [
      0.7503488659858704,
      0.6062581539154053
    ],
    [
      0.74513840675354,
      0.6072601675987244
    ],
    [
      0.7398954629898071,
      0.6082023978233337
    ],
    [
      0.7343721389770508,
      0.6086293458938599
    ],
    [
      0.7289069890975952,
      0.6089859008789062
    ],
    [
      0.7238609790802002,
      0.6088351607322693
    ],
    [
      0.7192822694778442,
      0.6086707711219788
    ]
  ],
  "target": [
    [
      0.7175841331481934,
      0.6084223985671997
    ],
    [
      0.7165142297744751,
      0.6081671714782715
    ],
    [
      0.7188078165054321,
      0.607875406742096
    ],
    [
      0.7212607264518738,
      0.6076793074607849
    ],
    [
      0.7244638204574585,
      0.6079336404800415
    ],
    [
      0.7280972003936768,
      0.6081523895263672
    ],
    [
      0.7335293292999268,
      0.6082226037979126
    ],
    [
      0.7387323975563049,
      0.6083561182022095
    ],
    [
      0.7430777549743652,
      0.6087267994880676
    ],
    [
      0.74826979637146,
      0.6089970469474792
    ],
    [
      0.7563189268112183,
      0.6089282631874084
    ],
    [
      0.7638265490531921,
      0.6089828610420227
    ],
    [
      0.7696784734725952,
      0.6094148755073547
    ],
    [
      0.7765067219734192,
      0.609862208366394
    ],
    [
      0.7860537171363831,
      0.6103521585464478
    ]
  ],
  "meta": {
    "video_name": "test2.mp4",
    "video_stem": "test2",
    "video_path": "E:\\desktop\\open\\lstm-akf\\data\\video\\test2.mp4",
    "fps": 40.0,
    "segment_index": 166,
    "sample_index": 123,
    "start_frame_index": 113,
    "history_end_frame_index": 127,
    "target_end_frame_index": 142,
    "history_frame_indices": [
      113,
      114,
      115,
      116,
      117,
      118,
      119,
      120,
      121,
      122,
      123,
      124,
      125,
      126,
      127
    ],
    "target_frame_indices": [
      128,
      129,
      130,
      131,
      132,
      133,
      134,
      135,
      136,
      137,
      138,
      139,
      140,
      141,
      142
    ],
    "history_timestamps": [
      391.78101443306804,
      391.806014433068,
      391.831014433068,
      391.85601443306797,
      391.88101443306795,
      391.9060144330679,
      391.9310144330679,
      391.9560144330679,
      391.98101443306786,
      392.00601443306783,
      392.0310144330678,
      392.0560144330678,
      392.08101443306776,
      392.10601443306774,
      392.1310144330677
    ],
    "target_timestamps": [
      392.1560144330677,
      392.1810144330677,
      392.20601443306765,
      392.2310144330676,
      392.2560144330676,
      392.2810144330676,
      392.30601443306756,
      392.33101443306754,
      392.3560144330675,
      392.3810144330675,
      392.40601443306747,
      392.43101443306745,
      392.4560144330674,
      392.4810144330674,
      392.5060144330674
    ]
  }
}