{
  "input": [
    [
      0.5243950486183167,
      0.5603005290031433
    ],
    [
      0.5219475030899048,
      0.5592642426490784
    ],
    [
      0.5193601846694946,
      0.5580940842628479
    ],
    [
      0.5166747570037842,
      0.5568299293518066
    ],
    [
      0.5248551368713379,
      0.556659996509552
    ],
    [
      0.5401177406311035,
      0.5572033524513245
    ],
    [
      0.547186553478241,
      0.5578641295433044
    ],
    [
      0.5493015050888062,
      0.5585958957672119
    ],
    [
      0.5495592355728149,
      0.5589293241500854
    ],
    [
      0.5487769842147827,
      0.5590397119522095
    ],
    [
      0.5473209023475647,
      0.559060275554657
    ],
    [
      0.5455159544944763,
      0.5590343475341797
    ],
    [
      0.5440500974655151,
      0.5589045882225037
    ],
    [
      0.5427462458610535,
      0.558725118637085
    ],
    [
      0.541580855846405,
      0.5587457418441772
    ]
  ],
  "target": [
    [
      0.5404764413833618,
      0.5588544011116028
    ],
    [
      0.539759635925293,
      0.5587663650512695
    ],
    [
      0.5391994714736938,
      0.5585988759994507
    ],
    [
      0.538658857345581,
      0.5583083629608154
    ],
    [
      0.5381254553794861,
      0.5579723715782166
    ],
    [
      0.5377816557884216,
      0.5577376484870911
    ],
    [
      0.5375017523765564,
      0.5575371384620667
    ],
    [
      0.5373138189315796,
      0.5574584007263184
    ],
    [
      0.5371540784835815,
      0.5574169754981995
    ],
    [
      0.5370845794677734,
      0.5574572086334229
    ],
    [
      0.5370400547981262,
      0.5575200915336609
    ],
    [
      0.53691565990448,
      0.557405412197113
    ],
    [
      0.5367714762687683,
      0.5572466254234314
    ],
    [
      0.5366204380989075,
      0.5571690797805786
    ],
    [
      0.5364679098129272,
      0.5571094155311584
    ]
  ]
}