{
  "input": [
    [
      0.5288363099098206,
      0.5693594217300415
    ],
    [
      0.5308076739311218,
      0.5692475438117981
    ],
    [
      0.5329568982124329,
      0.569105863571167
    ],
    [
      0.5344473719596863,
      0.5692330002784729
    ],
    [
      0.5358572602272034,
      0.56939297914505
    ],
    [
      0.537442147731781,
      0.5692707896232605
    ],
    [
      0.5390446186065674,
      0.5691201686859131
    ],
    [
      0.5259948372840881,
      0.5666440725326538
    ],
    [
      0.5117833614349365,
      0.5639835596084595
    ],
    [
      0.5062477588653564,
      0.5624167919158936
    ],
    [
      0.5012235045433044,
      0.5609145164489746
    ],
    [
      0.5011883974075317,
      0.5603452324867249
    ],
    [
      0.5013495683670044,
      0.5598126649856567
    ],
    [
      0.504188597202301,
      0.5601173639297485
    ],
    [
      0.5070824027061462,
      0.5604392290115356
    ]
  ],
  "target": [
    [
      0.5095899105072021,
      0.560651957988739
    ],
    [
      0.5120978355407715,
      0.5608630180358887
    ],
    [
      0.5146844387054443,
      0.5609849095344543
    ],
    [
      0.5172293782234192,
      0.561105489730835
    ],
    [
      0.5185661911964417,
      0.561187207698822
    ],
    [
      0.5199309587478638,
      0.5612435936927795
    ],
    [
      0.5218141078948975,
      0.5608302354812622
    ],
    [
      0.5236421823501587,
      0.560451090335846
    ],
    [
      0.5247271656990051,
      0.5605338215827942
    ],
    [
      0.5258049964904785,
      0.5606043338775635
    ],
    [
      0.526807963848114,
      0.5605470538139343
    ],
    [
      0.527817964553833,
      0.5605156421661377
    ],
    [
      0.5288875699043274,
      0.5607062578201294
    ],
    [
      0.5300871729850769,
      0.5608615875244141
    ],
    [
      0.5322182178497314,
      0.5607636570930481
    ]
  ]
}