{
  "input": [
    [
      0.6310697197914124,
      0.5650593042373657
    ],
    [
      0.6452161073684692,
      0.5672580003738403
    ],
    [
      0.6523907780647278,
      0.5683943629264832
    ],
    [
      0.6581446528434753,
      0.5693265199661255
    ],
    [
      0.6595009565353394,
      0.5696264505386353
    ],
    [
      0.6600808501243591,
      0.5698651075363159
    ],
    [
      0.658473789691925,
      0.569930911064148
    ],
    [
      0.6567455530166626,
      0.569928765296936
    ],
    [
      0.6547053456306458,
      0.5697516202926636
    ],
    [
      0.6526584625244141,
      0.5696174502372742
    ],
    [
      0.6505957841873169,
      0.5695845484733582
    ],
    [
      0.6489037871360779,
      0.5695568919181824
    ],
    [
      0.6480165719985962,
      0.5695406198501587
    ],
    [
      0.6469495892524719,
      0.5693700313568115
    ],
    [
      0.6455230116844177,
      0.5688905715942383
    ]
  ],
  "target": [
    [
      0.6442282795906067,
      0.5683730244636536
    ],
    [
      0.6431774497032166,
      0.5677851438522339
    ],
    [
      0.6419224739074707,
      0.5674822330474854
    ],
    [
      0.6403180360794067,
      0.5676670670509338
    ],
    [
      0.638866126537323,
      0.567818820476532
    ],
    [
      0.6376561522483826,
      0.567918062210083
    ],
    [
      0.6362448334693909,
      0.567794680595398
    ],
    [
      0.6345371007919312,
      0.5673434734344482
    ],
    [
      0.6331803202629089,
      0.5670286417007446
    ],
    [
      0.6323038935661316,
      0.5669004321098328
    ],
    [
      0.631133496761322,
      0.566860556602478
    ],
    [
      0.6295890808105469,
      0.5669332146644592
    ],
    [
      0.6283904314041138,
      0.5669375061988831
    ],
    [
      0.6276010870933533,
      0.5668609142303467
    ],
    [
      0.6268490552902222,
      0.5667670369148254
    ]
  ]
}