{
  "input": [
    [
      0.5677040219306946,
      0.575539231300354
    ],
    [
      0.5651438236236572,
      0.5763261914253235
    ],
    [
      0.5417053699493408,
      0.5802308320999146
    ],
    [
      0.5233972668647766,
      0.5834824442863464
    ],
    [
      0.5232756733894348,
      0.5844190716743469
    ],
    [
      0.5242424607276917,
      0.5852286219596863
    ],
    [
      0.5286969542503357,
      0.5856307148933411
    ],
    [
      0.5339353680610657,
      0.5859251618385315
    ],
    [
      0.5414562821388245,
      0.5859060883522034
    ],
    [
      0.5480485558509827,
      0.5858268737792969
    ],
    [
      0.552173376083374,
      0.5855875611305237
    ],
    [
      0.5562415719032288,
      0.5852824449539185
    ],
    [
      0.5601717829704285,
      0.5848169326782227
    ],
    [
      0.5633244514465332,
      0.5843398571014404
    ],
    [
      0.5647389888763428,
      0.5838368535041809
    ]
  ],
  "target": [
    [
      0.5652855038642883,
      0.5833176970481873
    ],
    [
      0.5640445947647095,
      0.5827652812004089
    ],
    [
      0.5636513233184814,
      0.5823865532875061
    ],
    [
      0.5648695230484009,
      0.5823381543159485
    ],
    [
      0.565565288066864,
      0.5821777582168579
    ],
    [
      0.565342128276825,
      0.5818206667900085
    ],
    [
      0.5654122829437256,
      0.5815324783325195
    ],
    [
      0.5659604072570801,
      0.5813566446304321
    ],
    [
      0.5662772059440613,
      0.5811576843261719
    ],
    [
      0.5662440657615662,
      0.5809237957000732
    ],
    [
      0.5662648677825928,
      0.5807769298553467
    ],
    [
      0.5663613080978394,
      0.580752432346344
    ],
    [
      0.5667805075645447,
      0.5806085467338562
    ],
    [
      0.5676212906837463,
      0.5803088545799255
    ],
    [
      0.5688619613647461,
      0.5801317691802979
    ]
  ],
  "meta": {
    "video_name": "test2.mp4",
    "video_stem": "test2",
    "video_path": "E:\\desktop\\open\\lstm-akf\\data\\video\\test2.mp4",
    "fps": 40.0,
    "segment_index": 101,
    "sample_index": 477,
    "start_frame_index": 467,
    "history_end_frame_index": 481,
    "target_end_frame_index": 496,
    "history_frame_indices": [
      467,
      468,
      469,
      470,
      471,
      472,
      473,
      474,
      475,
      476,
      477,
      478,
      479,
      480,
      481
    ],
    "target_frame_indices": [
      482,
      483,
      484,
      485,
      486,
      487,
      488,
      489,
      490,
      491,
      492,
      493,
      494,
      495,
      496
    ],
    "history_timestamps": [
      231.59942248107888,
      231.62442248107888,
      231.6494224810789,
      231.6744224810789,
      231.6994224810789,
      231.7244224810789,
      231.7494224810789,
      231.77442248107891,
      231.79942248107892,
      231.82442248107893,
      231.84942248107893,
      231.87442248107894,
      231.89942248107894,
      231.92442248107895,
      231.94942248107895
    ],
    "target_timestamps": [
      231.97442248107896,
      231.99942248107897,
      232.02442248107897,
      232.04942248107898,
      232.07442248107898,
      232.099422481079,
      232.124422481079,
      232.149422481079,
      232.174422481079,
      232.199422481079,
      232.22442248107902,
      232.24942248107902,
      232.27442248107903,
      232.29942248107903,
      232.32442248107904
    ]
  }
}