{
  "input": [
    [
      0.5537602305412292,
      0.57487952709198
    ],
    [
      0.5565177798271179,
      0.5759161710739136
    ],
    [
      0.5600425004959106,
      0.5768175721168518
    ],
    [
      0.5640881061553955,
      0.577668309211731
    ],
    [
      0.5705380439758301,
      0.5782850384712219
    ],
    [
      0.5767073631286621,
      0.5788087248802185
    ],
    [
      0.5817248225212097,
      0.5789501070976257
    ],
    [
      0.5815048813819885,
      0.5798159837722778
    ],
    [
      0.5620111227035522,
      0.5833480954170227
    ],
    [
      0.5512375831604004,
      0.585538923740387
    ],
    [
      0.5694157481193542,
      0.5832767486572266
    ],
    [
      0.5803152918815613,
      0.5823954343795776
    ],
    [
      0.5692951679229736,
      0.5856727361679077
    ],
    [
      0.5601345300674438,
      0.5884984135627747
    ],
    [
      0.5560762882232666,
      0.5900847911834717
    ]
  ],
  "target": [
    [
      0.5515567064285278,
      0.5917962789535522
    ],
    [
      0.5458791851997375,
      0.5938218235969543
    ],
    [
      0.5453329682350159,
      0.5948383808135986
    ],
    [
      0.5566068291664124,
      0.5935306549072266
    ],
    [
      0.5651398301124573,
      0.5927487015724182
    ],
    [
      0.567861795425415,
      0.5930815935134888
    ],
    [
      0.5716286301612854,
      0.5930648446083069
    ],
    [
      0.57743901014328,
      0.5923642516136169
    ],
    [
      0.5828081965446472,
      0.5916298031806946
    ],
    [
      0.5873796939849854,
      0.5908341407775879
    ],
    [
      0.5926007032394409,
      0.5899093747138977
    ],
    [
      0.5989090800285339,
      0.5887684226036072
    ],
    [
      0.5892511010169983,
      0.5854562520980835
    ],
    [
      0.5548011660575867,
      0.5787728428840637
    ],
    [
      0.5320625901222229,
      0.5743510723114014
    ]
  ],
  "meta": {
    "video_name": "test2.mp4",
    "video_stem": "test2",
    "video_path": "E:\\desktop\\open\\lstm-akf\\data\\video\\test2.mp4",
    "fps": 40.0,
    "segment_index": 167,
    "sample_index": 27,
    "start_frame_index": 17,
    "history_end_frame_index": 31,
    "target_end_frame_index": 46,
    "history_frame_indices": [
      17,
      18,
      19,
      20,
      21,
      22,
      23,
      24,
      25,
      26,
      27,
      28,
      29,
      30,
      31
    ],
    "target_frame_indices": [
      32,
      33,
      34,
      35,
      36,
      37,
      38,
      39,
      40,
      41,
      42,
      43,
      44,
      45,
      46
    ],
    "history_timestamps": [
      401.9183913793776,
      401.9433913793776,
      401.9683913793776,
      401.99339137937756,
      402.01839137937753,
      402.0433913793775,
      402.0683913793775,
      402.09339137937747,
      402.11839137937744,
      402.1433913793774,
      402.1683913793774,
      402.1933913793774,
      402.21839137937735,
      402.24339137937733,
      402.2683913793773
    ],
    "target_timestamps": [
      402.2933913793773,
      402.31839137937726,
      402.34339137937724,
      402.3683913793772,
      402.3933913793772,
      402.41839137937717,
      402.44339137937715,
      402.4683913793771,
      402.4933913793771,
      402.5183913793771,
      402.54339137937706,
      402.56839137937703,
      402.593391379377,
      402.618391379377,
      402.64339137937696
    ]
  }
}