{
  "input": [
    [
      0.5717316269874573,
      0.5650561451911926
    ],
    [
      0.5740421414375305,
      0.5646390914916992
    ],
    [
      0.5763550996780396,
      0.5642030239105225
    ],
    [
      0.5786809325218201,
      0.5636669993400574
    ],
    [
      0.5773746967315674,
      0.562771201133728
    ],
    [
      0.5593023896217346,
      0.5602148175239563
    ],
    [
      0.5445300936698914,
      0.5580663681030273
    ],
    [
      0.5433061718940735,
      0.5575924515724182
    ],
    [
      0.5427889227867126,
      0.5573875308036804
    ],
    [
      0.5448724627494812,
      0.5581724047660828
    ],
    [
      0.5468161702156067,
      0.5588855147361755
    ],
    [
      0.5482956767082214,
      0.5593606233596802
    ],
    [
      0.5498104095458984,
      0.5597839951515198
    ],
    [
      0.5514311790466309,
      0.5600517392158508
    ],
    [
      0.552820086479187,
      0.5603591799736023
    ]
  ],
  "target": [
    [
      0.553572952747345,
      0.5607754588127136
    ],
    [
      0.5544816851615906,
      0.5609726905822754
    ],
    [
      0.5557817816734314,
      0.5606200098991394
    ],
    [
      0.5572410225868225,
      0.5603498816490173
    ],
    [
      0.5590669512748718,
      0.5602697730064392
    ],
    [
      0.5551327466964722,
      0.5609018206596375
    ],
    [
      0.53898686170578,
      0.5630435943603516
    ],
    [
      0.527716875076294,
      0.5646098256111145
    ],
    [
      0.5259832143783569,
      0.5650506019592285
    ],
    [
      0.5261030197143555,
      0.5654088854789734
    ],
    [
      0.5295737981796265,
      0.5656182765960693
    ],
    [
      0.5330014228820801,
      0.5659350752830505
    ],
    [
      0.5363567471504211,
      0.5664318799972534
    ],
    [
      0.5392192006111145,
      0.5667031407356262
    ],
    [
      0.5413163304328918,
      0.5666242241859436
    ]
  ]
}