{
  "input": [
    [
      0.6785954236984253,
      0.6007112264633179
    ],
    [
      0.6938033103942871,
      0.6026428937911987
    ],
    [
      0.7089372277259827,
      0.6044479608535767
    ],
    [
      0.7235923409461975,
      0.6054338812828064
    ],
    [
      0.7378455996513367,
      0.6061785817146301
    ],
    [
      0.7498511672019958,
      0.6055741906166077
    ],
    [
      0.7608734965324402,
      0.6050444841384888
    ],
    [
      0.7670775055885315,
      0.6048809885978699
    ],
    [
      0.7730914354324341,
      0.6045727729797363
    ],
    [
      0.7782805562019348,
      0.6036365032196045
    ],
    [
      0.782774031162262,
      0.6027383208274841
    ],
    [
      0.78457111120224,
      0.6019877195358276
    ],
    [
      0.7861614227294922,
      0.6013229489326477
    ],
    [
      0.7870309352874756,
      0.6009572744369507
    ],
    [
      0.7877817749977112,
      0.6007034182548523
    ]
  ],
  "target": [
    [
      0.7881585955619812,
      0.6008023619651794
    ],
    [
      0.7885439395904541,
      0.6008623242378235
    ],
    [
      0.7889540791511536,
      0.6008103489875793
    ],
    [
      0.7892209887504578,
      0.6008388996124268
    ],
    [
      0.7891128063201904,
      0.6010783314704895
    ],
    [
      0.7892661690711975,
      0.6012566089630127
    ],
    [
      0.790047287940979,
      0.6012880802154541
    ],
    [
      0.7909239530563354,
      0.60127192735672
    ],
    [
      0.7920116782188416,
      0.6011508107185364
    ],
    [
      0.7939243912696838,
      0.6010754704475403
    ],
    [
      0.7975140810012817,
      0.6010929942131042
    ],
    [
      0.800778329372406,
      0.601205587387085
    ],
    [
      0.8034314513206482,
      0.6014967560768127
    ],
    [
      0.8068456649780273,
      0.6014693975448608
    ],
    [
      0.8115819692611694,
      0.6008887887001038
    ]
  ],
  "meta": {
    "video_name": "test2.mp4",
    "video_stem": "test2",
    "video_path": "E:\\desktop\\open\\lstm-akf\\data\\video\\test2.mp4",
    "fps": 40.0,
    "segment_index": 166,
    "sample_index": 357,
    "start_frame_index": 347,
    "history_end_frame_index": 361,
    "target_end_frame_index": 376,
    "history_frame_indices": [
      347,
      348,
      349,
      350,
      351,
      352,
      353,
      354,
      355,
      356,
      357,
      358,
      359,
      360,
      361
    ],
    "target_frame_indices": [
      362,
      363,
      364,
      365,
      366,
      367,
      368,
      369,
      370,
      371,
      372,
      373,
      374,
      375,
      376
    ],
    "history_timestamps": [
      397.6310144330627,
      397.6560144330627,
      397.68101443306267,
      397.70601443306265,
      397.7310144330626,
      397.7560144330626,
      397.7810144330626,
      397.80601443306256,
      397.83101443306253,
      397.8560144330625,
      397.8810144330625,
      397.90601443306247,
      397.93101443306244,
      397.9560144330624,
      397.9810144330624
    ],
    "target_timestamps": [
      398.0060144330624,
      398.03101443306235,
      398.05601443306233,
      398.0810144330623,
      398.1060144330623,
      398.13101443306226,
      398.15601443306224,
      398.1810144330622,
      398.2060144330622,
      398.23101443306217,
      398.25601443306215,
      398.2810144330621,
      398.3060144330621,
      398.3310144330621,
      398.35601443306206
    ]
  }
}