{
  "input": [
    [
      0.5484060049057007,
      0.5608978867530823
    ],
    [
      0.5490608811378479,
      0.5609210133552551
    ],
    [
      0.5497388243675232,
      0.5608693361282349
    ],
    [
      0.5505149960517883,
      0.5608500838279724
    ],
    [
      0.5513714551925659,
      0.5608574151992798
    ],
    [
      0.5521126389503479,
      0.5608222484588623
    ],
    [
      0.552765965461731,
      0.5607547163963318
    ],
    [
      0.5535789132118225,
      0.5609403848648071
    ],
    [
      0.5545048713684082,
      0.5613054633140564
    ],
    [
      0.5552939176559448,
      0.5614721775054932
    ],
    [
      0.5559929013252258,
      0.5615084171295166
    ],
    [
      0.5569256544113159,
      0.5612941980361938
    ],
    [
      0.5580009818077087,
      0.5609272122383118
    ],
    [
      0.5588928461074829,
      0.5607621073722839
    ],
    [
      0.5596808791160583,
      0.5607112050056458
    ]
  ],
  "target": [
    [
      0.560600996017456,
      0.5607279539108276
    ],
    [
      0.5615901350975037,
      0.5607801079750061
    ],
    [
      0.5625932812690735,
      0.5607865452766418
    ],
    [
      0.5636031627655029,
      0.5607708692550659
    ],
    [
      0.5646584630012512,
      0.5608662366867065
    ],
    [
      0.5657339692115784,
      0.5610110759735107
    ],
    [
      0.5664350986480713,
      0.5611321926116943
    ],
    [
      0.5669832229614258,
      0.5612436532974243
    ],
    [
      0.567680835723877,
      0.5612266063690186
    ],
    [
      0.5684342384338379,
      0.561161458492279
    ],
    [
      0.5691127181053162,
      0.561061680316925
    ],
    [
      0.5697655081748962,
      0.5609500408172607
    ],
    [
      0.5706613659858704,
      0.5607944130897522
    ],
    [
      0.571632444858551,
      0.5606251955032349
    ],
    [
      0.5722483396530151,
      0.560532808303833
    ]
  ]
}