{
  "input": [
    [
      0.555388867855072,
      0.5590901374816895
    ],
    [
      0.5555433034896851,
      0.55882728099823
    ],
    [
      0.5556541085243225,
      0.5585429668426514
    ],
    [
      0.5555328130722046,
      0.5584812164306641
    ],
    [
      0.5547128319740295,
      0.5590899586677551
    ],
    [
      0.5539876818656921,
      0.5595752000808716
    ],
    [
      0.553523063659668,
      0.5597215890884399
    ],
    [
      0.5530148148536682,
      0.5598889589309692
    ],
    [
      0.5523970127105713,
      0.5601090788841248
    ],
    [
      0.5517328381538391,
      0.5603514313697815
    ],
    [
      0.5509617924690247,
      0.5606451034545898
    ],
    [
      0.5501416921615601,
      0.560962438583374
    ],
    [
      0.5492174029350281,
      0.5613298416137695
    ],
    [
      0.548241376876831,
      0.5617220997810364
    ],
    [
      0.5471639037132263,
      0.5621631741523743
    ]
  ],
  "target": [
    [
      0.5462926626205444,
      0.5615715980529785
    ],
    [
      0.5457943081855774,
      0.5591132044792175
    ],
    [
      0.5453760623931885,
      0.5576434135437012
    ],
    [
      0.5450919270515442,
      0.5578290224075317
    ],
    [
      0.5445300340652466,
      0.5578656196594238
    ],
    [
      0.5435367822647095,
      0.5576706528663635
    ],
    [
      0.5427440404891968,
      0.5574554800987244
    ],
    [
      0.542240560054779,
      0.5572110414505005
    ],
    [
      0.5415360331535339,
      0.5571476221084595
    ],
    [
      0.5405621528625488,
      0.5573266744613647
    ],
    [
      0.5396125316619873,
      0.5574681758880615
    ],
    [
      0.5386931896209717,
      0.5575628876686096
    ],
    [
      0.538000762462616,
      0.5575858950614929
    ],
    [
      0.5375716090202332,
      0.5575256943702698
    ],
    [
      0.5368756055831909,
      0.5574103593826294
    ]
  ]
}