{
  "input": [
    [
      0.5933194756507874,
      0.6549209952354431
    ],
    [
      0.624358057975769,
      0.6620429158210754
    ],
    [
      0.6057676672935486,
      0.6579974293708801
    ],
    [
      0.5688257217407227,
      0.6498225331306458
    ],
    [
      0.5774427652359009,
      0.6517102122306824
    ],
    [
      0.6014205813407898,
      0.6569905877113342
    ],
    [
      0.6157441735267639,
      0.6603606343269348
    ],
    [
      0.6271130442619324,
      0.6631460189819336
    ],
    [
      0.6319695711135864,
      0.664381206035614
    ],
    [
      0.6350262761116028,
      0.6651880145072937
    ],
    [
      0.63496333360672,
      0.6652679443359375
    ],
    [
      0.6341265439987183,
      0.6651675701141357
    ],
    [
      0.6322681307792664,
      0.665117621421814
    ],
    [
      0.63018399477005,
      0.6650788187980652
    ],
    [
      0.6254318952560425,
      0.6652517914772034
    ]
  ],
  "target": [
    [
      0.6201597452163696,
      0.6654661297798157
    ],
    [
      0.6158731579780579,
      0.6652562022209167
    ],
    [
      0.6117541193962097,
      0.6649740934371948
    ],
    [
      0.6051315665245056,
      0.6659985780715942
    ],
    [
      0.5981432199478149,
      0.6672140955924988
    ],
    [
      0.5925557613372803,
      0.6680454015731812
    ],
    [
      0.5871409773826599,
      0.6688294410705566
    ],
    [
      0.5779908895492554,
      0.6701762676239014
    ],
    [
      0.5684627890586853,
      0.6715800762176514
    ],
    [
      0.5623747706413269,
      0.6724730730056763
    ],
    [
      0.5565620064735413,
      0.67332524061203
    ],
    [
      0.5502245426177979,
      0.6736131906509399
    ],
    [
      0.5438557863235474,
      0.6738675236701965
    ],
    [
      0.5405011177062988,
      0.6742111444473267
    ],
    [
      0.5372670292854309,
      0.6745582818984985
    ]
  ],
  "meta": {
    "video_name": "test2.mp4",
    "video_stem": "test2",
    "video_path": "E:\\desktop\\open\\lstm-akf\\data\\video\\test2.mp4",
    "fps": 40.0,
    "segment_index": 116,
    "sample_index": 90,
    "start_frame_index": 80,
    "history_end_frame_index": 94,
    "target_end_frame_index": 109,
    "history_frame_indices": [
      80,
      81,
      82,
      83,
      84,
      85,
      86,
      87,
      88,
      89,
      90,
      91,
      92,
      93,
      94
    ],
    "target_frame_indices": [
      95,
      96,
      97,
      98,
      99,
      100,
      101,
      102,
      103,
      104,
      105,
      106,
      107,
      108,
      109
    ],
    "history_timestamps": [
      274.89855669294246,
      274.92355669294244,
      274.9485566929424,
      274.9735566929424,
      274.9985566929424,
      275.02355669294235,
      275.0485566929423,
      275.0735566929423,
      275.0985566929423,
      275.12355669294226,
      275.14855669294224,
      275.1735566929422,
      275.1985566929422,
      275.22355669294217,
      275.24855669294215
    ],
    "target_timestamps": [
      275.2735566929421,
      275.2985566929421,
      275.3235566929421,
      275.34855669294205,
      275.37355669294203,
      275.398556692942,
      275.423556692942,
      275.44855669294196,
      275.47355669294194,
      275.4985566929419,
      275.5235566929419,
      275.5485566929419,
      275.57355669294185,
      275.5985566929418,
      275.6235566929418
    ]
  }
}