{
  "input": [
    [
      0.6180440187454224,
      0.562294065952301
    ],
    [
      0.6123688220977783,
      0.5616137981414795
    ],
    [
      0.597731351852417,
      0.560274600982666
    ],
    [
      0.5865288972854614,
      0.5591993927955627
    ],
    [
      0.5805827379226685,
      0.5585282444953918
    ],
    [
      0.5764487981796265,
      0.5581001043319702
    ],
    [
      0.5748903155326843,
      0.5580172538757324
    ],
    [
      0.5742639303207397,
      0.5580300688743591
    ],
    [
      0.5748687982559204,
      0.5581693053245544
    ],
    [
      0.5755022168159485,
      0.5583093166351318
    ],
    [
      0.576170802116394,
      0.5584501624107361
    ],
    [
      0.5767448544502258,
      0.5585839152336121
    ],
    [
      0.5772107839584351,
      0.5587095022201538
    ],
    [
      0.5774692296981812,
      0.5587875247001648
    ],
    [
      0.5775067806243896,
      0.5588150024414062
    ]
  ],
  "target": [
    [
      0.5774796009063721,
      0.558864176273346
    ],
    [
      0.5773884057998657,
      0.5589348673820496
    ],
    [
      0.5773119330406189,
      0.5590484142303467
    ],
    [
      0.5772491693496704,
      0.5592014193534851
    ],
    [
      0.5771872997283936,
      0.5593159794807434
    ],
    [
      0.5771262645721436,
      0.5593975186347961
    ],
    [
      0.5771209001541138,
      0.559580385684967
    ],
    [
      0.5771600008010864,
      0.5598443150520325
    ],
    [
      0.5771822929382324,
      0.5599877238273621
    ],
    [
      0.5771920084953308,
      0.5600414872169495
    ],
    [
      0.5772752165794373,
      0.5600171685218811
    ],
    [
      0.5774093270301819,
      0.559938907623291
    ],
    [
      0.5776036381721497,
      0.5598710775375366
    ],
    [
      0.5778366327285767,
      0.5598100423812866
    ],
    [
      0.5779216885566711,
      0.5597733855247498
    ]
  ]
}