{
  "input": [
    [
      0.6209350228309631,
      0.5621462464332581
    ],
    [
      0.621184229850769,
      0.562078595161438
    ],
    [
      0.6213936805725098,
      0.5620217323303223
    ],
    [
      0.6214279532432556,
      0.5620126128196716
    ],
    [
      0.6214468479156494,
      0.5620008111000061
    ],
    [
      0.621405303478241,
      0.5619786977767944
    ],
    [
      0.6213740110397339,
      0.5619649887084961
    ],
    [
      0.6213793158531189,
      0.5619810819625854
    ],
    [
      0.6213924884796143,
      0.5619969964027405
    ],
    [
      0.6214309334754944,
      0.5620123744010925
    ],
    [
      0.6214680075645447,
      0.5620246529579163
    ],
    [
      0.6215011477470398,
      0.5620280504226685
    ],
    [
      0.6215288043022156,
      0.5620142817497253
    ],
    [
      0.6215420365333557,
      0.5619552731513977
    ],
    [
      0.6215363144874573,
      0.5619120001792908
    ]
  ],
  "target": [
    [
      0.6214845776557922,
      0.5619068145751953
    ],
    [
      0.6214320063591003,
      0.5619049668312073
    ],
    [
      0.62137770652771,
      0.5619103312492371
    ],
    [
      0.621277928352356,
      0.5619039535522461
    ],
    [
      0.6210848689079285,
      0.5618736147880554
    ],
    [
      0.6208885908126831,
      0.5618367791175842
    ],
    [
      0.6206861734390259,
      0.5617876648902893
    ],
    [
      0.6204662919044495,
      0.561745822429657
    ],
    [
      0.6202157735824585,
      0.5617169141769409
    ],
    [
      0.6200041770935059,
      0.5616899132728577
    ],
    [
      0.6198557615280151,
      0.5616660118103027
    ],
    [
      0.6198821663856506,
      0.5615869164466858
    ],
    [
      0.6201721429824829,
      0.5614245533943176
    ],
    [
      0.6205120086669922,
      0.561313271522522
    ],
    [
      0.6209217309951782,
      0.5612735748291016
    ]
  ]
}