{
  "input": [
    [
      0.597035825252533,
      0.5597392916679382
    ],
    [
      0.5939382910728455,
      0.5595479011535645
    ],
    [
      0.5900222063064575,
      0.5593635439872742
    ],
    [
      0.5867789387702942,
      0.5592375993728638
    ],
    [
      0.5846160650253296,
      0.5592055916786194
    ],
    [
      0.5821905136108398,
      0.5591570734977722
    ],
    [
      0.5793735384941101,
      0.5590839385986328
    ],
    [
      0.5772250294685364,
      0.5590506196022034
    ],
    [
      0.5760019421577454,
      0.5590722560882568
    ],
    [
      0.5747972130775452,
      0.5590835213661194
    ],
    [
      0.573616087436676,
      0.5590812563896179
    ],
    [
      0.5725777745246887,
      0.5593584179878235
    ],
    [
      0.571710467338562,
      0.5599702596664429
    ],
    [
      0.5711115598678589,
      0.5605040788650513
    ],
    [
      0.5708119869232178,
      0.5609508752822876
    ]
  ],
  "target": [
    [
      0.5707449913024902,
      0.5614578723907471
    ],
    [
      0.5709193348884583,
      0.5620273947715759
    ],
    [
      0.5701571106910706,
      0.5616649985313416
    ],
    [
      0.5684893131256104,
      0.5604014992713928
    ],
    [
      0.567603588104248,
      0.5598628520965576
    ],
    [
      0.5674220323562622,
      0.5599766969680786
    ],
    [
      0.5674002766609192,
      0.5600445866584778
    ],
    [
      0.567512571811676,
      0.560073971748352
    ],
    [
      0.5677322745323181,
      0.5599637627601624
    ],
    [
      0.5680357813835144,
      0.5597447156906128
    ],
    [
      0.5684493184089661,
      0.5596001148223877
    ],
    [
      0.5689425468444824,
      0.5595095753669739
    ],
    [
      0.562075138092041,
      0.5604046583175659
    ],
    [
      0.5502480864524841,
      0.5619639754295349
    ],
    [
      0.5427751541137695,
      0.5629580020904541
    ]
  ]
}