{
  "input": [
    [
      0.5065650939941406,
      0.5606172680854797
    ],
    [
      0.5081329345703125,
      0.5606514811515808
    ],
    [
      0.5102701783180237,
      0.5603993535041809
    ],
    [
      0.5120838284492493,
      0.5602550506591797
    ],
    [
      0.5133353471755981,
      0.5602981448173523
    ],
    [
      0.5149471759796143,
      0.5603876709938049
    ],
    [
      0.5171391367912292,
      0.5605521202087402
    ],
    [
      0.5190718173980713,
      0.5607271194458008
    ],
    [
      0.5206171274185181,
      0.5609179139137268
    ],
    [
      0.5224217176437378,
      0.5608946084976196
    ],
    [
      0.5245862007141113,
      0.5605741143226624
    ],
    [
      0.5263022780418396,
      0.5602064728736877
    ],
    [
      0.5274395942687988,
      0.5597779154777527
    ],
    [
      0.5286872386932373,
      0.5595465898513794
    ],
    [
      0.5300672650337219,
      0.5595520734786987
    ]
  ],
  "target": [
    [
      0.5310603976249695,
      0.5596802830696106
    ],
    [
      0.5316209197044373,
      0.5599458813667297
    ],
    [
      0.5320063233375549,
      0.5601476430892944
    ],
    [
      0.5322093963623047,
      0.5602831244468689
    ],
    [
      0.5323837995529175,
      0.5604528188705444
    ],
    [
      0.5325304269790649,
      0.5606556534767151
    ],
    [
      0.5327807664871216,
      0.5608125329017639
    ],
    [
      0.5331246256828308,
      0.5609279274940491
    ],
    [
      0.5333437919616699,
      0.5609508156776428
    ],
    [
      0.5334581732749939,
      0.5608959794044495
    ],
    [
      0.5335092544555664,
      0.5608620643615723
    ],
    [
      0.5335108637809753,
      0.5608446002006531
    ],
    [
      0.5333775877952576,
      0.5607701539993286
    ],
    [
      0.5331461429595947,
      0.5606542825698853
    ],
    [
      0.5325638651847839,
      0.560501217842102
    ]
  ]
}