{
  "input": [
    [
      0.5514112114906311,
      0.5604017376899719
    ],
    [
      0.5322951674461365,
      0.5563366413116455
    ],
    [
      0.5136855244636536,
      0.5523954033851624
    ],
    [
      0.5133126974105835,
      0.552911639213562
    ],
    [
      0.5130187273025513,
      0.5534244775772095
    ],
    [
      0.5144068598747253,
      0.5538658499717712
    ],
    [
      0.5157996416091919,
      0.554291844367981
    ],
    [
      0.5172626972198486,
      0.5544885993003845
    ],
    [
      0.5186678767204285,
      0.5546694993972778
    ],
    [
      0.5194112062454224,
      0.5546694397926331
    ],
    [
      0.520111083984375,
      0.5546661019325256
    ],
    [
      0.520412027835846,
      0.5546327829360962
    ],
    [
      0.5206669569015503,
      0.5545985102653503
    ],
    [
      0.5205714106559753,
      0.5545571446418762
    ],
    [
      0.5204668045043945,
      0.5545068979263306
    ]
  ],
  "target": [
    [
      0.52030348777771,
      0.5543987154960632
    ],
    [
      0.5201115608215332,
      0.5542854070663452
    ],
    [
      0.5197592973709106,
      0.5541433095932007
    ],
    [
      0.5193639397621155,
      0.5540211200714111
    ],
    [
      0.5187575817108154,
      0.5539966821670532
    ],
    [
      0.518179714679718,
      0.554006814956665
    ],
    [
      0.51772540807724,
      0.5541669130325317
    ],
    [
      0.517238974571228,
      0.554297149181366
    ],
    [
      0.5166280269622803,
      0.5543113350868225
    ],
    [
      0.5160924792289734,
      0.554304838180542
    ],
    [
      0.5158196687698364,
      0.5542261004447937
    ],
    [
      0.51558518409729,
      0.5541818141937256
    ],
    [
      0.5154717564582825,
      0.5542459487915039
    ],
    [
      0.5153949856758118,
      0.5542940497398376
    ],
    [
      0.5154232382774353,
      0.5542961955070496
    ]
  ]
}