{
  "input": [
    [
      0.568681001663208,
      0.5643051862716675
    ],
    [
      0.5469586253166199,
      0.5652167201042175
    ],
    [
      0.5383180379867554,
      0.5659220218658447
    ],
    [
      0.5388587713241577,
      0.5664826035499573
    ],
    [
      0.541395902633667,
      0.5665896534919739
    ],
    [
      0.5452343225479126,
      0.5664010047912598
    ],
    [
      0.5484034419059753,
      0.5663697719573975
    ],
    [
      0.551167905330658,
      0.5664337277412415
    ],
    [
      0.5538666844367981,
      0.5663544535636902
    ],
    [
      0.556528627872467,
      0.566195011138916
    ],
    [
      0.5581581592559814,
      0.5659862160682678
    ],
    [
      0.5592530369758606,
      0.5657517910003662
    ],
    [
      0.5610535740852356,
      0.5653706192970276
    ],
    [
      0.5631913542747498,
      0.5649192333221436
    ],
    [
      0.5653384327888489,
      0.5643559098243713
    ]
  ],
  "target": [
    [
      0.567489504814148,
      0.5637433528900146
    ],
    [
      0.5558496713638306,
      0.5614943504333496
    ],
    [
      0.5386379957199097,
      0.5585841536521912
    ],
    [
      0.5331226587295532,
      0.5577937364578247
    ],
    [
      0.5319324135780334,
      0.5577871203422546
    ],
    [
      0.532443106174469,
      0.5580317974090576
    ],
    [
      0.5335273742675781,
      0.5583611130714417
    ],
    [
      0.5347318053245544,
      0.558780312538147
    ],
    [
      0.5359729528427124,
      0.5592269897460938
    ],
    [
      0.5371649265289307,
      0.5595166087150574
    ],
    [
      0.5383433699607849,
      0.5597628355026245
    ],
    [
      0.5391798615455627,
      0.5595844388008118
    ],
    [
      0.5399314761161804,
      0.5593008399009705
    ],
    [
      0.5406736135482788,
      0.5591363906860352
    ],
    [
      0.5414136648178101,
      0.5589982867240906
    ]
  ]
}