{
  "input": [
    [
      0.5405972599983215,
      0.5635287165641785
    ],
    [
      0.540518045425415,
      0.5636988282203674
    ],
    [
      0.5405557751655579,
      0.5640276670455933
    ],
    [
      0.5405780076980591,
      0.5643152594566345
    ],
    [
      0.540543258190155,
      0.5644510984420776
    ],
    [
      0.5405142307281494,
      0.5645761489868164
    ],
    [
      0.5405040979385376,
      0.5646653175354004
    ],
    [
      0.5405006408691406,
      0.5647656917572021
    ],
    [
      0.5405170321464539,
      0.5648996829986572
    ],
    [
      0.5405589938163757,
      0.5650249123573303
    ],
    [
      0.540671169757843,
      0.5651260018348694
    ],
    [
      0.5407785177230835,
      0.565205454826355
    ],
    [
      0.5408738255500793,
      0.5652303099632263
    ],
    [
      0.5409570336341858,
      0.5652775168418884
    ],
    [
      0.5410126447677612,
      0.565376341342926
    ]
  ],
  "target": [
    [
      0.5411237478256226,
      0.5654498934745789
    ],
    [
      0.5413525700569153,
      0.5654698014259338
    ],
    [
      0.5416824221611023,
      0.5654565095901489
    ],
    [
      0.5422099828720093,
      0.5653783082962036
    ],
    [
      0.5427323579788208,
      0.5652863383293152
    ],
    [
      0.5432453155517578,
      0.5651693344116211
    ],
    [
      0.5440673828125,
      0.5651964545249939
    ],
    [
      0.5454069972038269,
      0.5654648542404175
    ],
    [
      0.5464886426925659,
      0.5655747652053833
    ],
    [
      0.5471697449684143,
      0.5654383897781372
    ],
    [
      0.548003613948822,
      0.5653397440910339
    ],
    [
      0.5490576028823853,
      0.5652953386306763
    ],
    [
      0.5436588525772095,
      0.5638974905014038
    ],
    [
      0.5296132564544678,
      0.5606858730316162
    ],
    [
      0.5213858485221863,
      0.5587607026100159
    ]
  ]
}