{
  "input": [
    [
      0.614786684513092,
      0.6647275686264038
    ],
    [
      0.6065245866775513,
      0.6679060459136963
    ],
    [
      0.5983129143714905,
      0.6710290908813477
    ],
    [
      0.5928813219070435,
      0.6710955500602722
    ],
    [
      0.5872774124145508,
      0.6711265444755554
    ],
    [
      0.5770049095153809,
      0.6701979041099548
    ],
    [
      0.5670204758644104,
      0.6693625450134277
    ],
    [
      0.5621399879455566,
      0.6701804995536804
    ],
    [
      0.5571696758270264,
      0.6710353493690491
    ],
    [
      0.5510270595550537,
      0.6723713278770447
    ],
    [
      0.5451258420944214,
      0.6737325191497803
    ]
  ],
  "target": [
    [
      0.5416939854621887,
      0.6753508448600769
    ],
    [
      0.5383120775222778,
      0.676866888999939
    ],
    [
      0.5353479981422424,
      0.6775275468826294
    ],
    [
      0.5325864553451538,
      0.6782007217407227
    ],
    [
      0.5312471389770508,
      0.6789622902870178
    ],
    [
      0.5298166275024414,
      0.6798783540725708
    ],
    [
      0.5278366804122925,
      0.6817247271537781
    ],
    [
      0.5260127186775208,
      0.6834860444068909
    ],
    [
      0.5250064134597778,
      0.684801459312439
    ],
    [
      0.5241495966911316,
      0.6862972378730774
    ],
    [
      0.52398282289505,
      0.6886257529258728
    ],
    [
      0.5238686203956604,
      0.6908157467842102
    ],
    [
      0.5239706635475159,
      0.6924372315406799
    ],
    [
      0.524399995803833,
      0.6942570209503174
    ],
    [
      0.5260336399078369,
      0.696806788444519
    ]
  ]
}