{
  "input": [
    [
      0.481987863779068,
      0.5667190551757812
    ],
    [
      0.48788556456565857,
      0.5678052306175232
    ],
    [
      0.4804173707962036,
      0.5668497085571289
    ],
    [
      0.4742942452430725,
      0.5661137104034424
    ],
    [
      0.47263672947883606,
      0.5661065578460693
    ],
    [
      0.47125187516212463,
      0.5661122798919678
    ],
    [
      0.4706881642341614,
      0.5661568641662598
    ],
    [
      0.4689324200153351,
      0.5659869909286499
    ],
    [
      0.46390584111213684,
      0.5652284622192383
    ],
    [
      0.45939818024635315,
      0.564799964427948
    ],
    [
      0.45619314908981323,
      0.5651997923851013
    ],
    [
      0.45339712500572205,
      0.5655040144920349
    ],
    [
      0.45154333114624023,
      0.5655880570411682
    ],
    [
      0.4497961699962616,
      0.5658044815063477
    ],
    [
      0.44827499985694885,
      0.5663014650344849
    ]
  ],
  "target": [
    [
      0.4467746615409851,
      0.5666601657867432
    ],
    [
      0.44531503319740295,
      0.5667482614517212
    ],
    [
      0.44386377930641174,
      0.5669016242027283
    ],
    [
      0.44242772459983826,
      0.5671729445457458
    ],
    [
      0.4471876621246338,
      0.5660929679870605
    ],
    [
      0.4623217284679413,
      0.5627503395080566
    ],
    [
      0.4716711640357971,
      0.5602962374687195
    ],
    [
      0.4720384180545807,
      0.5592219233512878
    ],
    [
      0.47406044602394104,
      0.5578734278678894
    ],
    [
      0.4784682095050812,
      0.5561297535896301
    ],
    [
      0.47656163573265076,
      0.5556543469429016
    ],
    [
      0.46619361639022827,
      0.5568783283233643
    ],
    [
      0.45956096053123474,
      0.5576601028442383
    ],
    [
      0.45758411288261414,
      0.5578904747962952
    ],
    [
      0.4556525945663452,
      0.5582408905029297
    ]
  ]
}