{
  "input": [
    [
      0.5172267556190491,
      0.556439995765686
    ],
    [
      0.5173318386077881,
      0.5561968684196472
    ],
    [
      0.5170628428459167,
      0.5566978454589844
    ],
    [
      0.5166638493537903,
      0.557457447052002
    ],
    [
      0.5074074864387512,
      0.5600118041038513
    ],
    [
      0.49535295367240906,
      0.5631332397460938
    ],
    [
      0.4886363744735718,
      0.564721941947937
    ],
    [
      0.48344528675079346,
      0.5658725500106812
    ],
    [
      0.4815801978111267,
      0.5661066174507141
    ],
    [
      0.48056986927986145,
      0.56610506772995
    ],
    [
      0.480124831199646,
      0.565706729888916
    ],
    [
      0.4798094928264618,
      0.5652172565460205
    ],
    [
      0.47994130849838257,
      0.564813494682312
    ],
    [
      0.48016396164894104,
      0.5644271969795227
    ],
    [
      0.48113372921943665,
      0.5636602640151978
    ]
  ],
  "target": [
    [
      0.482236385345459,
      0.562825620174408
    ],
    [
      0.48445266485214233,
      0.5616187453269958
    ],
    [
      0.48684006929397583,
      0.5603546500205994
    ],
    [
      0.49453917145729065,
      0.5589638352394104
    ],
    [
      0.5029313564300537,
      0.5575564503669739
    ],
    [
      0.5043349266052246,
      0.5574807524681091
    ],
    [
      0.5049824118614197,
      0.5575491786003113
    ],
    [
      0.5026118755340576,
      0.5574169158935547
    ],
    [
      0.49997958540916443,
      0.5572671890258789
    ],
    [
      0.4983518123626709,
      0.5572593808174133
    ],
    [
      0.49679040908813477,
      0.557261049747467
    ],
    [
      0.4945606291294098,
      0.5575587153434753
    ],
    [
      0.492299884557724,
      0.557870090007782
    ],
    [
      0.49091193079948425,
      0.5578823685646057
    ],
    [
      0.48954761028289795,
      0.55788654088974
    ]
  ]
}