{
  "input": [
    [
      0.5736218690872192,
      0.5570923686027527
    ],
    [
      0.5749199390411377,
      0.5569911003112793
    ],
    [
      0.5760676264762878,
      0.5570573806762695
    ],
    [
      0.5771364569664001,
      0.5572115778923035
    ],
    [
      0.5787087678909302,
      0.5573693513870239
    ],
    [
      0.5805248618125916,
      0.5575288534164429
    ],
    [
      0.5820411443710327,
      0.5576008558273315
    ],
    [
      0.5834237337112427,
      0.5576338171958923
    ],
    [
      0.5850317478179932,
      0.5578245520591736
    ],
    [
      0.5867321491241455,
      0.5580799579620361
    ],
    [
      0.5882675051689148,
      0.5582458972930908
    ],
    [
      0.5897408723831177,
      0.5583783388137817
    ],
    [
      0.5910321474075317,
      0.5582190752029419
    ],
    [
      0.592261016368866,
      0.5579599142074585
    ],
    [
      0.5933358669281006,
      0.5578872561454773
    ]
  ],
  "target": [
    [
      0.5943627953529358,
      0.5578725934028625
    ],
    [
      0.5958435535430908,
      0.5580954551696777
    ],
    [
      0.5974518656730652,
      0.5583851337432861
    ],
    [
      0.5983730554580688,
      0.5586556196212769
    ],
    [
      0.5991207361221313,
      0.5589212775230408
    ],
    [
      0.5998976230621338,
      0.5591976046562195
    ],
    [
      0.6006811261177063,
      0.5594764351844788
    ],
    [
      0.6011412739753723,
      0.5595405697822571
    ],
    [
      0.6015370488166809,
      0.559562087059021
    ],
    [
      0.6020172238349915,
      0.5593900680541992
    ],
    [
      0.6025121212005615,
      0.5591844320297241
    ],
    [
      0.602674126625061,
      0.5591199398040771
    ],
    [
      0.6027862429618835,
      0.5590766072273254
    ],
    [
      0.6030692458152771,
      0.5591018199920654
    ],
    [
      0.6033738851547241,
      0.5591357350349426
    ]
  ]
}