{
  "input": [
    [
      0.6208925247192383,
      0.5566748976707458
    ],
    [
      0.6206637620925903,
      0.5562342405319214
    ],
    [
      0.6204182505607605,
      0.5558024048805237
    ],
    [
      0.6192483305931091,
      0.5558549165725708
    ],
    [
      0.6180558800697327,
      0.5559121370315552
    ],
    [
      0.6162531971931458,
      0.5560985803604126
    ],
    [
      0.6144166588783264,
      0.5562921166419983
    ],
    [
      0.6119803190231323,
      0.5566127896308899
    ],
    [
      0.6094988584518433,
      0.5569429993629456
    ],
    [
      0.6064289212226868,
      0.5573979020118713
    ]
  ],
  "target": [
    [
      0.6033024787902832,
      0.557864785194397
    ],
    [
      0.5995988845825195,
      0.5584539771080017
    ],
    [
      0.595827579498291,
      0.5590574741363525
    ],
    [
      0.5914903283119202,
      0.5597808957099915
    ],
    [
      0.5885640382766724,
      0.5602670907974243
    ],
    [
      0.5955471396446228,
      0.559086799621582
    ],
    [
      0.601381778717041,
      0.5580921173095703
    ],
    [
      0.6003026366233826,
      0.5582143068313599
    ],
    [
      0.5990610718727112,
      0.5583414435386658
    ],
    [
      0.5969681739807129,
      0.558493971824646
    ],
    [
      0.5949282050132751,
      0.558599054813385
    ],
    [
      0.5931322574615479,
      0.5584851503372192
    ],
    [
      0.5911440253257751,
      0.5584536790847778
    ],
    [
      0.5883663296699524,
      0.5587607026100159
    ],
    [
      0.585837721824646,
      0.5590587854385376
    ]
  ],
  "meta": {
    "video_name": "test2.mp4",
    "video_stem": "test2",
    "video_path": "E:\\desktop\\open\\lstm-akf\\data\\video\\test2.mp4",
    "fps": 40.0,
    "segment_index": 158,
    "sample_index": 5,
    "start_frame_index": 0,
    "history_end_frame_index": 9,
    "target_end_frame_index": 24,
    "history_frame_indices": [
      0,
      1,
      2,
      3,
      4,
      5,
      6,
      7,
      8,
      9
    ],
    "target_frame_indices": [
      10,
      11,
      12,
      13,
      14,
      15,
      16,
      17,
      18,
      19,
      20,
      21,
      22,
      23,
      24
    ],
    "history_timestamps": [
      380.72990940110606,
      380.75490940110603,
      380.779909401106,
      380.804909401106,
      380.82990940110597,
      380.85490940110594,
      380.8799094011059,
      380.9049094011059,
      380.9299094011059,
      380.95490940110585
    ],
    "target_timestamps": [
      380.97990940110583,
      381.0049094011058,
      381.0299094011058,
      381.05490940110576,
      381.07990940110574,
      381.1049094011057,
      381.1299094011057,
      381.15490940110567,
      381.17990940110565,
      381.2049094011056,
      381.2299094011056,
      381.2549094011056,
      381.27990940110556,
      381.30490940110553,
      381.3299094011055
    ]
  }
}