{
  "input": [
    [
      0.5899943113327026,
      0.5616430044174194
    ],
    [
      0.5899965763092041,
      0.5616335272789001
    ],
    [
      0.589995801448822,
      0.5616217255592346
    ],
    [
      0.5899969339370728,
      0.5616130828857422
    ],
    [
      0.5899993777275085,
      0.5616064667701721
    ],
    [
      0.5899983048439026,
      0.56160569190979
    ],
    [
      0.5899951457977295,
      0.5616084933280945
    ],
    [
      0.5899951457977295,
      0.5615939497947693
    ],
    [
      0.5899969339370728,
      0.5615697503089905
    ],
    [
      0.5899880528450012,
      0.5615314245223999
    ],
    [
      0.5899736285209656,
      0.5614857077598572
    ],
    [
      0.5899701118469238,
      0.5614681243896484
    ],
    [
      0.5899718403816223,
      0.5614639520645142
    ],
    [
      0.5899732708930969,
      0.5614714026451111
    ],
    [
      0.5899745225906372,
      0.5614839196205139
    ]
  ],
  "target": [
    [
      0.5899728536605835,
      0.5614616870880127
    ],
    [
      0.5899699330329895,
      0.5614253878593445
    ],
    [
      0.5899703502655029,
      0.5614073276519775
    ],
    [
      0.5899719595909119,
      0.5613960027694702
    ],
    [
      0.5899738669395447,
      0.5613887310028076
    ],
    [
      0.589975893497467,
      0.5613828897476196
    ],
    [
      0.5899851322174072,
      0.5613777041435242
    ],
    [
      0.5899965763092041,
      0.5613727569580078
    ],
    [
      0.5899998545646667,
      0.5613763928413391
    ],
    [
      0.5900008082389832,
      0.5613824129104614
    ],
    [
      0.5900024175643921,
      0.5613887310028076
    ],
    [
      0.5900041460990906,
      0.5613951683044434
    ],
    [
      0.5900090336799622,
      0.5613825917243958
    ],
    [
      0.5900145173072815,
      0.5613659024238586
    ],
    [
      0.5900078415870667,
      0.5613791942596436
    ]
  ]
}