{
  "input": [
    [
      0.5436635613441467,
      0.5625953078269958
    ],
    [
      0.5418638586997986,
      0.5633240342140198
    ],
    [
      0.5295382738113403,
      0.5618788003921509
    ],
    [
      0.5203837156295776,
      0.5606814026832581
    ],
    [
      0.5221049189567566,
      0.5603339076042175
    ],
    [
      0.5242247581481934,
      0.5600645542144775
    ],
    [
      0.5275826454162598,
      0.5600378513336182
    ],
    [
      0.5305514335632324,
      0.5600717663764954
    ],
    [
      0.5324207544326782,
      0.560276985168457
    ],
    [
      0.5347909927368164,
      0.560435950756073
    ],
    [
      0.5384547710418701,
      0.5604754090309143
    ],
    [
      0.5423974990844727,
      0.5605148673057556
    ],
    [
      0.5470004677772522,
      0.5605543851852417
    ],
    [
      0.5442619323730469,
      0.5591093301773071
    ],
    [
      0.5255424380302429,
      0.5544326901435852
    ]
  ],
  "target": [
    [
      0.5127913355827332,
      0.5514126420021057
    ],
    [
      0.5120172500610352,
      0.5517168641090393
    ],
    [
      0.5119874477386475,
      0.5522606372833252
    ],
    [
      0.5133374333381653,
      0.5532486438751221
    ],
    [
      0.5146661400794983,
      0.5540292859077454
    ],
    [
      0.5159581303596497,
      0.5544540882110596
    ],
    [
      0.5173152089118958,
      0.554661750793457
    ],
    [
      0.5187758207321167,
      0.5545240640640259
    ],
    [
      0.5200286507606506,
      0.5544725060462952
    ],
    [
      0.5209746956825256,
      0.5545482635498047
    ],
    [
      0.5220751166343689,
      0.5546284914016724
    ],
    [
      0.5233872532844543,
      0.5547149777412415
    ],
    [
      0.5244203209877014,
      0.5547600388526917
    ],
    [
      0.5250974893569946,
      0.5547522306442261
    ],
    [
      0.5259355306625366,
      0.5547369718551636
    ]
  ]
}