{
  "input": [
    [
      0.5034949779510498,
      0.7636411190032959
    ],
    [
      0.49346408247947693,
      0.7677642107009888
    ],
    [
      0.4845982789993286,
      0.7714104056358337
    ],
    [
      0.47754159569740295,
      0.7743159532546997
    ],
    [
      0.4725992679595947,
      0.7762686610221863
    ],
    [
      0.4707053005695343,
      0.7768476009368896
    ],
    [
      0.46992409229278564,
      0.7775591611862183
    ],
    [
      0.4706340432167053,
      0.7784485816955566
    ],
    [
      0.4714626371860504,
      0.779116690158844
    ],
    [
      0.47243908047676086,
      0.7795089483261108
    ],
    [
      0.4733477234840393,
      0.7798322439193726
    ],
    [
      0.4741777181625366,
      0.7800755500793457
    ],
    [
      0.47474226355552673,
      0.780299961566925
    ],
    [
      0.47502008080482483,
      0.780504047870636
    ],
    [
      0.4750642478466034,
      0.7806649208068848
    ]
  ],
  "target": [
    [
      0.47487345337867737,
      0.7807822823524475
    ],
    [
      0.4745821952819824,
      0.7807210087776184
    ],
    [
      0.47419682145118713,
      0.78049236536026
    ],
    [
      0.47402265667915344,
      0.7802741527557373
    ],
    [
      0.4740326404571533,
      0.7800650000572205
    ],
    [
      0.47418883442878723,
      0.7802367806434631
    ],
    [
      0.47446370124816895,
      0.7807177305221558
    ],
    [
      0.4751565158367157,
      0.7820473313331604
    ],
    [
      0.47616493701934814,
      0.7840175628662109
    ],
    [
      0.4774194359779358,
      0.7853671908378601
    ],
    [
      0.47884663939476013,
      0.7862812876701355
    ],
    [
      0.4807884693145752,
      0.786736786365509
    ],
    [
      0.48306575417518616,
      0.7868934273719788
    ],
    [
      0.4853854477405548,
      0.7875335216522217
    ],
    [
      0.4877307713031769,
      0.7884659171104431
    ]
  ]
}