{
  "input": [
    [
      0.5426192879676819,
      0.5659288763999939
    ],
    [
      0.5426192879676819,
      0.5659288763999939
    ],
    [
      0.5426192879676819,
      0.5659288763999939
    ],
    [
      0.5426192879676819,
      0.5659288763999939
    ],
    [
      0.5426192879676819,
      0.5659288763999939
    ],
    [
      0.5428575277328491,
      0.5656816959381104
    ],
    [
      0.5455337762832642,
      0.5629054307937622
    ],
    [
      0.5481921434402466,
      0.5604400038719177
    ],
    [
      0.5507010221481323,
      0.5605732202529907
    ],
    [
      0.5532808303833008,
      0.5607259273529053
    ],
    [
      0.5563589334487915,
      0.561015248298645
    ],
    [
      0.5595183968544006,
      0.5613269209861755
    ],
    [
      0.5631673336029053,
      0.5617733597755432
    ],
    [
      0.5669077634811401,
      0.5622450113296509
    ],
    [
      0.5711275339126587,
      0.5628485083580017
    ]
  ],
  "target": [
    [
      0.5754489302635193,
      0.5634800791740417
    ],
    [
      0.580239474773407,
      0.5642406940460205
    ],
    [
      0.580763041973114,
      0.5647167563438416
    ],
    [
      0.5637682676315308,
      0.5640242695808411
    ],
    [
      0.5505933165550232,
      0.5635384321212769
    ],
    [
      0.5514755249023438,
      0.563813328742981
    ],
    [
      0.5527735948562622,
      0.5639850497245789
    ],
    [
      0.5554520487785339,
      0.5638144612312317
    ],
    [
      0.5581941604614258,
      0.5636457800865173
    ],
    [
      0.5611280202865601,
      0.563482940196991
    ],
    [
      0.5637879967689514,
      0.5633512139320374
    ],
    [
      0.5656962990760803,
      0.5633049607276917
    ],
    [
      0.567405104637146,
      0.563232958316803
    ],
    [
      0.5686132311820984,
      0.5630964040756226
    ],
    [
      0.5651769042015076,
      0.5621533989906311
    ]
  ],
  "meta": {
    "video_name": "test2.mp4",
    "video_stem": "test2",
    "video_path": "E:\\desktop\\open\\lstm-akf\\data\\video\\test2.mp4",
    "fps": 40.0,
    "segment_index": 124,
    "sample_index": 15,
    "start_frame_index": 5,
    "history_end_frame_index": 19,
    "target_end_frame_index": 34,
    "history_frame_indices": [
      5,
      6,
      7,
      8,
      9,
      10,
      11,
      12,
      13,
      14,
      15,
      16,
      17,
      18,
      19
    ],
    "target_frame_indices": [
      20,
      21,
      22,
      23,
      24,
      25,
      26,
      27,
      28,
      29,
      30,
      31,
      32,
      33,
      34
    ],
    "history_timestamps": [
      311.8745587716201,
      311.8995587716201,
      311.92455877162007,
      311.94955877162005,
      311.97455877162,
      311.99955877162,
      312.02455877162,
      312.04955877161996,
      312.07455877161993,
      312.0995587716199,
      312.1245587716199,
      312.14955877161987,
      312.17455877161984,
      312.1995587716198,
      312.2245587716198
    ],
    "target_timestamps": [
      312.2495587716198,
      312.27455877161975,
      312.29955877161973,
      312.3245587716197,
      312.3495587716197,
      312.37455877161966,
      312.39955877161964,
      312.4245587716196,
      312.4495587716196,
      312.47455877161957,
      312.49955877161955,
      312.5245587716195,
      312.5495587716195,
      312.5745587716195,
      312.59955877161946
    ]
  }
}