{
  "input": [
    [
      0.5468173027038574,
      0.5711594223976135
    ],
    [
      0.5513427257537842,
      0.5717588663101196
    ],
    [
      0.555692195892334,
      0.572282612323761
    ],
    [
      0.5600073933601379,
      0.5727916955947876
    ],
    [
      0.5322807431221008,
      0.567363977432251
    ],
    [
      0.49910637736320496,
      0.5609269142150879
    ],
    [
      0.4951171576976776,
      0.5600529313087463
    ],
    [
      0.49539297819137573,
      0.5599918365478516
    ],
    [
      0.49709510803222656,
      0.5596733093261719
    ],
    [
      0.49897295236587524,
      0.5593231320381165
    ],
    [
      0.5015683174133301,
      0.5592215061187744
    ],
    [
      0.5042363405227661,
      0.5591450929641724
    ],
    [
      0.5061407685279846,
      0.5593696236610413
    ],
    [
      0.5079841017723083,
      0.5596182346343994
    ],
    [
      0.5101695656776428,
      0.5595269799232483
    ]
  ],
  "target": [
    [
      0.5123754143714905,
      0.5594155192375183
    ],
    [
      0.5134856104850769,
      0.5592169761657715
    ],
    [
      0.5145519375801086,
      0.5590149760246277
    ],
    [
      0.5156891942024231,
      0.5590294599533081
    ],
    [
      0.5168279409408569,
      0.5590485334396362
    ],
    [
      0.5172479748725891,
      0.5593621730804443
    ],
    [
      0.5176689028739929,
      0.5596751570701599
    ],
    [
      0.5182881951332092,
      0.5598885416984558
    ],
    [
      0.5189040303230286,
      0.560094952583313
    ],
    [
      0.5194175243377686,
      0.5600954294204712
    ],
    [
      0.519949197769165,
      0.5600802302360535
    ],
    [
      0.5208233594894409,
      0.5597724318504333
    ],
    [
      0.5216758847236633,
      0.5594744086265564
    ],
    [
      0.5222341418266296,
      0.5593093633651733
    ],
    [
      0.5228407979011536,
      0.5591449737548828
    ]
  ]
}