{
  "input": [
    [
      0.5176374316215515,
      0.5734634399414062
    ],
    [
      0.5176165103912354,
      0.5736523866653442
    ],
    [
      0.5174331068992615,
      0.5738848447799683
    ],
    [
      0.5172336101531982,
      0.5740758776664734
    ],
    [
      0.5169899463653564,
      0.5741531252861023
    ],
    [
      0.5167508125305176,
      0.5742567181587219
    ],
    [
      0.516523003578186,
      0.5744264721870422
    ],
    [
      0.5163180232048035,
      0.5745632648468018
    ],
    [
      0.5161656737327576,
      0.5746241807937622
    ],
    [
      0.5160040259361267,
      0.5746776461601257
    ],
    [
      0.51582270860672,
      0.574715256690979
    ],
    [
      0.5156199932098389,
      0.5747495889663696
    ],
    [
      0.515375554561615,
      0.5747774243354797
    ],
    [
      0.5150495171546936,
      0.5747696161270142
    ],
    [
      0.5145758390426636,
      0.5746975541114807
    ]
  ],
  "target": [
    [
      0.514167845249176,
      0.5746425986289978
    ],
    [
      0.5138700008392334,
      0.5746164321899414
    ],
    [
      0.5135221481323242,
      0.5746508240699768
    ],
    [
      0.513096809387207,
      0.5747793316841125
    ],
    [
      0.5127488374710083,
      0.5748976469039917
    ],
    [
      0.5125123858451843,
      0.5750012993812561
    ],
    [
      0.512350857257843,
      0.5751070976257324
    ],
    [
      0.5122896432876587,
      0.575215756893158
    ],
    [
      0.5123680233955383,
      0.5752319097518921
    ],
    [
      0.5126204490661621,
      0.5751328468322754
    ],
    [
      0.5131428837776184,
      0.5750782489776611
    ],
    [
      0.5139784812927246,
      0.5750752687454224
    ],
    [
      0.5153290629386902,
      0.5752018094062805
    ],
    [
      0.5172358155250549,
      0.5754682421684265
    ],
    [
      0.5192939639091492,
      0.5755504369735718
    ]
  ]
}