{
  "input": [
    [
      0.5320606231689453,
      0.5664370059967041
    ],
    [
      0.5351583361625671,
      0.5662851333618164
    ],
    [
      0.539916455745697,
      0.5657832026481628
    ],
    [
      0.5445329546928406,
      0.5653203725814819
    ],
    [
      0.5449661612510681,
      0.5660141110420227
    ],
    [
      0.5447511672973633,
      0.5665082335472107
    ],
    [
      0.532362699508667,
      0.5632537007331848
    ],
    [
      0.5205752849578857,
      0.560178279876709
    ],
    [
      0.5169790387153625,
      0.5595442652702332
    ],
    [
      0.513792097568512,
      0.5589727759361267
    ],
    [
      0.514945924282074,
      0.5590644478797913
    ],
    [
      0.5162774324417114,
      0.559151828289032
    ],
    [
      0.5191394090652466,
      0.5592018961906433
    ],
    [
      0.5220067501068115,
      0.5592896938323975
    ],
    [
      0.5249126553535461,
      0.5596492290496826
    ]
  ],
  "target": [
    [
      0.528012216091156,
      0.5600558519363403
    ],
    [
      0.5323055982589722,
      0.560752809047699
    ],
    [
      0.5363480448722839,
      0.5613722801208496
    ],
    [
      0.5390474796295166,
      0.5615769624710083
    ],
    [
      0.5419260859489441,
      0.5617050528526306
    ],
    [
      0.5456482172012329,
      0.5614725351333618
    ],
    [
      0.5495524406433105,
      0.5612928867340088
    ],
    [
      0.554218053817749,
      0.5613344311714172
    ],
    [
      0.5590052008628845,
      0.5613620281219482
    ],
    [
      0.5642473101615906,
      0.5613377690315247
    ],
    [
      0.5696211457252502,
      0.5612983703613281
    ],
    [
      0.5754397511482239,
      0.5612082481384277
    ],
    [
      0.5743908882141113,
      0.5618231892585754
    ],
    [
      0.5523408055305481,
      0.5645943284034729
    ],
    [
      0.5363489985466003,
      0.5665395855903625
    ]
  ]
}