{
  "input": [
    [
      0.577633261680603,
      0.5782131552696228
    ],
    [
      0.5765990614891052,
      0.5782026052474976
    ],
    [
      0.5756694078445435,
      0.5780919790267944
    ],
    [
      0.5741040706634521,
      0.5784572958946228
    ],
    [
      0.5722349286079407,
      0.5790500640869141
    ],
    [
      0.5709030032157898,
      0.5794038772583008
    ],
    [
      0.5698075294494629,
      0.5796525478363037
    ],
    [
      0.5684852004051208,
      0.579984724521637
    ],
    [
      0.5670711994171143,
      0.5803506374359131
    ],
    [
      0.5460090637207031,
      0.576475977897644
    ],
    [
      0.5176814794540405,
      0.5710331797599792
    ],
    [
      0.5199863314628601,
      0.5720517635345459
    ],
    [
      0.5326192378997803,
      0.5752488970756531
    ],
    [
      0.5257401466369629,
      0.5742095112800598
    ],
    [
      0.5128891468048096,
      0.5718734264373779
    ]
  ],
  "target": [
    [
      0.522337794303894,
      0.5747869610786438
    ],
    [
      0.5379496812820435,
      0.5791513323783875
    ],
    [
      0.546306848526001,
      0.5817439556121826
    ],
    [
      0.552864670753479,
      0.5838971734046936
    ],
    [
      0.5547695159912109,
      0.5848435759544373
    ],
    [
      0.555646538734436,
      0.5855233669281006
    ],
    [
      0.5363205075263977,
      0.581304132938385
    ],
    [
      0.513056755065918,
      0.5761300921440125
    ],
    [
      0.518528938293457,
      0.5774528384208679
    ],
    [
      0.5288867354393005,
      0.5798802375793457
    ],
    [
      0.5360817313194275,
      0.581548273563385
    ],
    [
      0.5428144931793213,
      0.5831053256988525
    ],
    [
      0.5465308427810669,
      0.5839009881019592
    ],
    [
      0.5498754978179932,
      0.5846028327941895
    ],
    [
      0.5514990091323853,
      0.5848909616470337
    ]
  ],
  "meta": {
    "video_name": "test2.mp4",
    "video_stem": "test2",
    "video_path": "E:\\desktop\\open\\lstm-akf\\data\\video\\test2.mp4",
    "fps": 40.0,
    "segment_index": 52,
    "sample_index": 83,
    "start_frame_index": 73,
    "history_end_frame_index": 87,
    "target_end_frame_index": 102,
    "history_frame_indices": [
      73,
      74,
      75,
      76,
      77,
      78,
      79,
      80,
      81,
      82,
      83,
      84,
      85,
      86,
      87
    ],
    "target_frame_indices": [
      88,
      89,
      90,
      91,
      92,
      93,
      94,
      95,
      96,
      97,
      98,
      99,
      100,
      101,
      102
    ],
    "history_timestamps": [
      121.84684570733855,
      121.87184570733855,
      121.89684570733856,
      121.92184570733856,
      121.94684570733857,
      121.97184570733857,
      121.99684570733858,
      122.02184570733858,
      122.04684570733859,
      122.0718457073386,
      122.0968457073386,
      122.12184570733861,
      122.14684570733861,
      122.17184570733862,
      122.19684570733862
    ],
    "target_timestamps": [
      122.22184570733863,
      122.24684570733864,
      122.27184570733864,
      122.29684570733865,
      122.32184570733865,
      122.34684570733866,
      122.37184570733866,
      122.39684570733867,
      122.42184570733868,
      122.44684570733868,
      122.47184570733869,
      122.4968457073387,
      122.5218457073387,
      122.5468457073387,
      122.57184570733871
    ]
  }
}