{
  "input": [
    [
      0.606086015701294,
      0.5559925436973572
    ],
    [
      0.6068204641342163,
      0.5559772849082947
    ],
    [
      0.6076866984367371,
      0.5562317967414856
    ],
    [
      0.6085220575332642,
      0.556462824344635
    ],
    [
      0.6090413331985474,
      0.5564532279968262
    ],
    [
      0.6095722913742065,
      0.5564371347427368
    ],
    [
      0.6102011799812317,
      0.5563663840293884
    ],
    [
      0.6108267307281494,
      0.5562646985054016
    ],
    [
      0.6114285588264465,
      0.555945873260498
    ],
    [
      0.6121165752410889,
      0.5557029843330383
    ],
    [
      0.613323450088501,
      0.5559172630310059
    ],
    [
      0.6145185232162476,
      0.5561012029647827
    ],
    [
      0.6156519651412964,
      0.5561258792877197
    ],
    [
      0.6165947914123535,
      0.5563461184501648
    ],
    [
      0.6166574954986572,
      0.5574690699577332
    ]
  ],
  "target": [
    [
      0.6167033910751343,
      0.5584238171577454
    ],
    [
      0.6166801452636719,
      0.5586879849433899
    ],
    [
      0.6166322231292725,
      0.5588587522506714
    ],
    [
      0.6164931654930115,
      0.558685839176178
    ],
    [
      0.6163572072982788,
      0.5585067868232727
    ],
    [
      0.6162314414978027,
      0.5583074688911438
    ],
    [
      0.6161062121391296,
      0.5579878687858582
    ],
    [
      0.6159822940826416,
      0.5573062300682068
    ],
    [
      0.6157975792884827,
      0.5565940141677856
    ],
    [
      0.6154462099075317,
      0.5557976365089417
    ],
    [
      0.6150591373443604,
      0.5549291968345642
    ],
    [
      0.6145824790000916,
      0.5538799166679382
    ],
    [
      0.6140679717063904,
      0.5527539849281311
    ],
    [
      0.6134661436080933,
      0.5514516830444336
    ],
    [
      0.6128241419792175,
      0.5500682592391968
    ]
  ],
  "meta": {
    "video_name": "test2.mp4",
    "video_stem": "test2",
    "video_path": "E:\\desktop\\open\\lstm-akf\\data\\video\\test2.mp4",
    "fps": 40.0,
    "segment_index": 157,
    "sample_index": 17,
    "start_frame_index": 7,
    "history_end_frame_index": 21,
    "target_end_frame_index": 36,
    "history_frame_indices": [
      7,
      8,
      9,
      10,
      11,
      12,
      13,
      14,
      15,
      16,
      17,
      18,
      19,
      20,
      21
    ],
    "target_frame_indices": [
      22,
      23,
      24,
      25,
      26,
      27,
      28,
      29,
      30,
      31,
      32,
      33,
      34,
      35,
      36
    ],
    "history_timestamps": [
      379.5669284621719,
      379.5919284621719,
      379.61692846217187,
      379.64192846217185,
      379.6669284621718,
      379.6919284621718,
      379.7169284621718,
      379.74192846217176,
      379.76692846217173,
      379.7919284621717,
      379.8169284621717,
      379.84192846217167,
      379.86692846217164,
      379.8919284621716,
      379.9169284621716
    ],
    "target_timestamps": [
      379.9419284621716,
      379.96692846217155,
      379.99192846217153,
      380.0169284621715,
      380.0419284621715,
      380.06692846217146,
      380.09192846217144,
      380.1169284621714,
      380.1419284621714,
      380.16692846217137,
      380.19192846217135,
      380.2169284621713,
      380.2419284621713,
      380.2669284621713,
      380.29192846217126
    ]
  }
}