{
  "input": [
    [
      0.6298657655715942,
      0.5908104777336121
    ],
    [
      0.6240956783294678,
      0.5904765725135803
    ],
    [
      0.6183382868766785,
      0.5901028513908386
    ],
    [
      0.6127112507820129,
      0.5893217921257019
    ],
    [
      0.6071276068687439,
      0.5885180830955505
    ],
    [
      0.6019067168235779,
      0.5875257849693298
    ],
    [
      0.5966874957084656,
      0.5864929556846619
    ],
    [
      0.5914797186851501,
      0.5851760506629944
    ],
    [
      0.5917606353759766,
      0.5833705067634583
    ],
    [
      0.6250844597816467,
      0.5786236524581909
    ],
    [
      0.6533795595169067,
      0.5745208263397217
    ],
    [
      0.6553236246109009,
      0.5737925171852112
    ],
    [
      0.6581368446350098,
      0.5729154348373413
    ],
    [
      0.6649618148803711,
      0.5713518261909485
    ],
    [
      0.6719094514846802,
      0.5698103308677673
    ]
  ],
  "target": [
    [
      0.6793608069419861,
      0.5683594942092896
    ],
    [
      0.6869459748268127,
      0.5669327974319458
    ],
    [
      0.6950236558914185,
      0.5655947923660278
    ],
    [
      0.7032463550567627,
      0.5642828941345215
    ],
    [
      0.711950421333313,
      0.5630577206611633
    ],
    [
      0.7055761218070984,
      0.5637029409408569
    ],
    [
      0.6537932753562927,
      0.569981038570404
    ],
    [
      0.6151086091995239,
      0.5746157765388489
    ],
    [
      0.61236572265625,
      0.5747411251068115
    ],
    [
      0.6091820597648621,
      0.5749566555023193
    ],
    [
      0.6048920154571533,
      0.5753986239433289
    ],
    [
      0.6122457385063171,
      0.5772942900657654
    ],
    [
      0.6464219689369202,
      0.5825385451316833
    ],
    [
      0.670845091342926,
      0.5864123702049255
    ],
    [
      0.6745914220809937,
      0.5873807072639465
    ]
  ],
  "meta": {
    "video_name": "test2.mp4",
    "video_stem": "test2",
    "video_path": "E:\\desktop\\open\\lstm-akf\\data\\video\\test2.mp4",
    "fps": 40.0,
    "segment_index": 170,
    "sample_index": 18,
    "start_frame_index": 8,
    "history_end_frame_index": 22,
    "target_end_frame_index": 37,
    "history_frame_indices": [
      8,
      9,
      10,
      11,
      12,
      13,
      14,
      15,
      16,
      17,
      18,
      19,
      20,
      21,
      22
    ],
    "target_frame_indices": [
      23,
      24,
      25,
      26,
      27,
      28,
      29,
      30,
      31,
      32,
      33,
      34,
      35,
      36,
      37
    ],
    "history_timestamps": [
      412.0999097933089,
      412.12490979330886,
      412.14990979330884,
      412.1749097933088,
      412.1999097933088,
      412.22490979330877,
      412.24990979330875,
      412.2749097933087,
      412.2999097933087,
      412.3249097933087,
      412.34990979330865,
      412.37490979330863,
      412.3999097933086,
      412.4249097933086,
      412.44990979330856
    ],
    "target_timestamps": [
      412.47490979330854,
      412.4999097933085,
      412.5249097933085,
      412.5499097933085,
      412.57490979330845,
      412.5999097933084,
      412.6249097933084,
      412.6499097933084,
      412.67490979330836,
      412.69990979330834,
      412.7249097933083,
      412.7499097933083,
      412.77490979330827,
      412.79990979330825,
      412.8249097933082
    ]
  }
}