{
  "input": [
    [
      0.4448558986186981,
      0.5710738897323608
    ],
    [
      0.44539523124694824,
      0.5714419484138489
    ],
    [
      0.4464567005634308,
      0.5697725415229797
    ],
    [
      0.44797879457473755,
      0.5663058161735535
    ],
    [
      0.44917482137680054,
      0.5651423335075378
    ],
    [
      0.4501030743122101,
      0.5658699870109558
    ],
    [
      0.45134758949279785,
      0.566777765750885
    ],
    [
      0.4528336524963379,
      0.5678231716156006
    ],
    [
      0.45398813486099243,
      0.5684687495231628
    ],
    [
      0.4549071490764618,
      0.5688303709030151
    ],
    [
      0.4557127356529236,
      0.5699110627174377
    ],
    [
      0.4564434885978699,
      0.5714660882949829
    ],
    [
      0.4571455121040344,
      0.5717809796333313
    ],
    [
      0.45782995223999023,
      0.5713368058204651
    ],
    [
      0.45885246992111206,
      0.5715950727462769
    ]
  ],
  "target": [
    [
      0.46006664633750916,
      0.572251558303833
    ],
    [
      0.4610714018344879,
      0.5727604031562805
    ],
    [
      0.461966335773468,
      0.57319176197052
    ],
    [
      0.46350863575935364,
      0.573650062084198
    ],
    [
      0.4653644561767578,
      0.5741212964057922
    ],
    [
      0.46680963039398193,
      0.5743508338928223
    ],
    [
      0.46807172894477844,
      0.5744725465774536
    ],
    [
      0.4705604314804077,
      0.5737183094024658
    ],
    [
      0.4735516607761383,
      0.5726052522659302
    ],
    [
      0.4755397439002991,
      0.57170170545578
    ],
    [
      0.47715145349502563,
      0.5708767771720886
    ],
    [
      0.47869619727134705,
      0.570190966129303
    ],
    [
      0.48021799325942993,
      0.5695527791976929
    ],
    [
      0.4811999201774597,
      0.5697789788246155
    ],
    [
      0.482014000415802,
      0.5702740550041199
    ]
  ]
}