{
  "input": [
    [
      0.689590334892273,
      0.5939524173736572
    ],
    [
      0.6917026042938232,
      0.5942954421043396
    ],
    [
      0.6940039396286011,
      0.5945260524749756
    ],
    [
      0.6974459290504456,
      0.5946962237358093
    ],
    [
      0.7043226957321167,
      0.5946844816207886
    ],
    [
      0.7111315131187439,
      0.594646692276001
    ],
    [
      0.7177537083625793,
      0.5945375561714172
    ],
    [
      0.7236140370368958,
      0.5945219993591309
    ],
    [
      0.7275622487068176,
      0.5947412848472595
    ],
    [
      0.7318929433822632,
      0.5949199795722961
    ],
    [
      0.7371045351028442,
      0.595005214214325
    ],
    [
      0.7419938445091248,
      0.5953648090362549
    ],
    [
      0.746199905872345,
      0.5963060259819031
    ],
    [
      0.7505896091461182,
      0.5971519947052002
    ],
    [
      0.7553386092185974,
      0.5978116393089294
    ]
  ],
  "target": [
    [
      0.7600769996643066,
      0.598520815372467
    ],
    [
      0.7647963166236877,
      0.599319577217102
    ],
    [
      0.7695045471191406,
      0.6001703143119812
    ],
    [
      0.7741942405700684,
      0.6011081337928772
    ],
    [
      0.7788723111152649,
      0.6021004319190979
    ],
    [
      0.7835323214530945,
      0.6031773090362549
    ],
    [
      0.7800571918487549,
      0.6030046939849854
    ],
    [
      0.7648530006408691,
      0.6010304689407349
    ],
    [
      0.7548417448997498,
      0.5999529957771301
    ],
    [
      0.7517893314361572,
      0.6000770926475525
    ],
    [
      0.7527167201042175,
      0.6002714037895203
    ],
    [
      0.7586047649383545,
      0.6005532741546631
    ],
    [
      0.7625331878662109,
      0.6006978750228882
    ],
    [
      0.7641882300376892,
      0.6006832718849182
    ],
    [
      0.7678204774856567,
      0.6007183790206909
    ]
  ],
  "meta": {
    "video_name": "test2.mp4",
    "video_stem": "test2",
    "video_path": "E:\\desktop\\open\\lstm-akf\\data\\video\\test2.mp4",
    "fps": 40.0,
    "segment_index": 106,
    "sample_index": 35,
    "start_frame_index": 25,
    "history_end_frame_index": 39,
    "target_end_frame_index": 54,
    "history_frame_indices": [
      25,
      26,
      27,
      28,
      29,
      30,
      31,
      32,
      33,
      34,
      35,
      36,
      37,
      38,
      39
    ],
    "target_frame_indices": [
      40,
      41,
      42,
      43,
      44,
      45,
      46,
      47,
      48,
      49,
      50,
      51,
      52,
      53,
      54
    ],
    "history_timestamps": [
      240.96602051221728,
      240.9910205122173,
      241.0160205122173,
      241.0410205122173,
      241.0660205122173,
      241.0910205122173,
      241.11602051221732,
      241.14102051221732,
      241.16602051221733,
      241.19102051221734,
      241.21602051221734,
      241.24102051221735,
      241.26602051221735,
      241.29102051221736,
      241.31602051221736
    ],
    "target_timestamps": [
      241.34102051221737,
      241.36602051221737,
      241.39102051221738,
      241.4160205122174,
      241.4410205122174,
      241.4660205122174,
      241.4910205122174,
      241.5160205122174,
      241.54102051221741,
      241.56602051221742,
      241.59102051221743,
      241.61602051221743,
      241.64102051221744,
      241.66602051221744,
      241.69102051221745
    ]
  }
}