{
  "input": [
    [
      0.5856971144676208,
      0.559822678565979
    ],
    [
      0.5874447226524353,
      0.5599322319030762
    ],
    [
      0.5901126861572266,
      0.5598869323730469
    ],
    [
      0.5927110910415649,
      0.5598354935646057
    ],
    [
      0.5944483876228333,
      0.5597087144851685
    ],
    [
      0.5962114930152893,
      0.5596266388893127
    ],
    [
      0.5982277393341064,
      0.5599825978279114
    ],
    [
      0.6001507043838501,
      0.5603237152099609
    ],
    [
      0.6013206243515015,
      0.5605449080467224
    ],
    [
      0.6025129556655884,
      0.560734212398529
    ],
    [
      0.6038581132888794,
      0.5607061982154846
    ],
    [
      0.6051411628723145,
      0.5606775879859924
    ],
    [
      0.6060608625411987,
      0.5606456995010376
    ],
    [
      0.6070742011070251,
      0.5606274604797363
    ],
    [
      0.6085658073425293,
      0.5606789588928223
    ]
  ],
  "target": [
    [
      0.6099969148635864,
      0.560688316822052
    ],
    [
      0.6111552119255066,
      0.5605073571205139
    ],
    [
      0.6124943494796753,
      0.5603919625282288
    ],
    [
      0.614560067653656,
      0.5605401992797852
    ],
    [
      0.6163873076438904,
      0.5606563687324524
    ],
    [
      0.6173546314239502,
      0.5606573820114136
    ],
    [
      0.6183870434761047,
      0.5606353878974915
    ],
    [
      0.6196317076683044,
      0.5605387091636658
    ],
    [
      0.6207332611083984,
      0.5604734420776367
    ],
    [
      0.6214118599891663,
      0.5605010986328125
    ],
    [
      0.6220974326133728,
      0.5605509281158447
    ],
    [
      0.6228018403053284,
      0.5606604218482971
    ],
    [
      0.6235067248344421,
      0.5607959032058716
    ],
    [
      0.6242129802703857,
      0.5609955787658691
    ],
    [
      0.6251444816589355,
      0.5611650943756104
    ]
  ]
}