{
  "input": [
    [
      0.5743536353111267,
      0.5663505792617798
    ],
    [
      0.5785962343215942,
      0.5660037398338318
    ],
    [
      0.5789368152618408,
      0.5660853981971741
    ],
    [
      0.580065906047821,
      0.5660719275474548
    ],
    [
      0.5835696458816528,
      0.5657720565795898
    ],
    [
      0.5871034264564514,
      0.5654630661010742
    ],
    [
      0.5907193422317505,
      0.565129280090332
    ],
    [
      0.594367265701294,
      0.5647858381271362
    ],
    [
      0.5980953574180603,
      0.5644181966781616
    ],
    [
      0.6018574237823486,
      0.5640403032302856
    ],
    [
      0.6056976318359375,
      0.5636387467384338
    ],
    [
      0.5986753106117249,
      0.5628887414932251
    ],
    [
      0.5686239004135132,
      0.5613999962806702
    ],
    [
      0.5492112040519714,
      0.5604432225227356
    ],
    [
      0.5506060719490051,
      0.5605268478393555
    ]
  ],
  "target": [
    [
      0.5522133708000183,
      0.560606062412262
    ],
    [
      0.5542050004005432,
      0.560677170753479
    ],
    [
      0.5567272901535034,
      0.5608295202255249
    ],
    [
      0.5601383447647095,
      0.5611178874969482
    ],
    [
      0.5642127990722656,
      0.561484158039093
    ],
    [
      0.5693174004554749,
      0.5619713068008423
    ],
    [
      0.5701832175254822,
      0.5621826648712158
    ],
    [
      0.5649377703666687,
      0.561996340751648
    ],
    [
      0.5550371408462524,
      0.5629921555519104
    ],
    [
      0.5388983488082886,
      0.5655720233917236
    ],
    [
      0.5281524658203125,
      0.5675687193870544
    ],
    [
      0.5241284966468811,
      0.5688385367393494
    ],
    [
      0.5225332379341125,
      0.5695374011993408
    ],
    [
      0.5237553715705872,
      0.5695738792419434
    ],
    [
      0.5266605615615845,
      0.5695070624351501
    ]
  ],
  "meta": {
    "video_name": "test2.mp4",
    "video_stem": "test2",
    "video_path": "E:\\desktop\\open\\lstm-akf\\data\\video\\test2.mp4",
    "fps": 40.0,
    "segment_index": 29,
    "sample_index": 35,
    "start_frame_index": 25,
    "history_end_frame_index": 39,
    "target_end_frame_index": 54,
    "history_frame_indices": [
      25,
      26,
      27,
      28,
      29,
      30,
      31,
      32,
      33,
      34,
      35,
      36,
      37,
      38,
      39
    ],
    "target_frame_indices": [
      40,
      41,
      42,
      43,
      44,
      45,
      46,
      47,
      48,
      49,
      50,
      51,
      52,
      53,
      54
    ],
    "history_timestamps": [
      67.37538239792931,
      67.40038239792932,
      67.42538239792933,
      67.45038239792933,
      67.47538239792934,
      67.50038239792934,
      67.52538239792935,
      67.55038239792935,
      67.57538239792936,
      67.60038239792937,
      67.62538239792937,
      67.65038239792938,
      67.67538239792938,
      67.70038239792939,
      67.7253823979294
    ],
    "target_timestamps": [
      67.7503823979294,
      67.7753823979294,
      67.80038239792941,
      67.82538239792942,
      67.85038239792942,
      67.87538239792943,
      67.90038239792943,
      67.92538239792944,
      67.95038239792945,
      67.97538239792945,
      68.00038239792946,
      68.02538239792946,
      68.05038239792947,
      68.07538239792947,
      68.10038239792948
    ]
  }
}