{
  "input": [
    [
      0.548412561416626,
      0.6767441630363464
    ],
    [
      0.5537191033363342,
      0.6739905476570129
    ],
    [
      0.5584602952003479,
      0.6709091067314148
    ],
    [
      0.49013563990592957,
      0.6911444067955017
    ],
    [
      0.41400930285453796,
      0.7155417799949646
    ],
    [
      0.39534544944763184,
      0.7249464392662048
    ],
    [
      0.40138551592826843,
      0.7310060858726501
    ],
    [
      0.41607216000556946,
      0.73488450050354
    ],
    [
      0.4353999197483063,
      0.7376110553741455
    ],
    [
      0.45536336302757263,
      0.7402149438858032
    ],
    [
      0.4708285927772522,
      0.7421033382415771
    ],
    [
      0.48453375697135925,
      0.7444038987159729
    ],
    [
      0.49694231152534485,
      0.7463212609291077
    ],
    [
      0.5085176825523376,
      0.7470598816871643
    ],
    [
      0.5189440250396729,
      0.7481200098991394
    ]
  ],
  "target": [
    [
      0.5297682285308838,
      0.749155580997467
    ],
    [
      0.5406519174575806,
      0.7497624158859253
    ],
    [
      0.5512566566467285,
      0.7495362162590027
    ],
    [
      0.5619984865188599,
      0.7471468448638916
    ],
    [
      0.5725098848342896,
      0.7434001564979553
    ],
    [
      0.5825265645980835,
      0.7389436364173889
    ],
    [
      0.5917840003967285,
      0.7344245314598083
    ],
    [
      0.5267177224159241,
      0.7135886549949646
    ],
    [
      0.4731389880180359,
      0.699924111366272
    ],
    [
      0.4374535083770752,
      0.6927143335342407
    ],
    [
      0.42606714367866516,
      0.6912428736686707
    ],
    [
      0.436327189207077,
      0.6950585842132568
    ],
    [
      0.45341143012046814,
      0.6995283365249634
    ],
    [
      0.47384464740753174,
      0.7039607763290405
    ],
    [
      0.4941515326499939,
      0.7076647281646729
    ]
  ],
  "meta": {
    "video_name": "test1.mp4",
    "video_stem": "test1",
    "video_path": "E:\\desktop\\open\\lstm-akf\\data\\video\\test1.mp4",
    "fps": 40.0,
    "segment_index": 0,
    "sample_index": 125,
    "start_frame_index": 115,
    "history_end_frame_index": 129,
    "target_end_frame_index": 144,
    "history_frame_indices": [
      115,
      116,
      117,
      118,
      119,
      120,
      121,
      122,
      123,
      124,
      125,
      126,
      127,
      128,
      129
    ],
    "target_frame_indices": [
      130,
      131,
      132,
      133,
      134,
      135,
      136,
      137,
      138,
      139,
      140,
      141,
      142,
      143,
      144
    ],
    "history_timestamps": [
      3.575000000000003,
      3.6000000000000023,
      3.6250000000000027,
      3.650000000000003,
      3.6750000000000025,
      3.700000000000003,
      3.7250000000000023,
      3.7500000000000027,
      3.775000000000003,
      3.8000000000000025,
      3.825000000000003,
      3.850000000000003,
      3.8750000000000027,
      3.900000000000003,
      3.9250000000000025
    ],
    "target_timestamps": [
      3.950000000000003,
      3.975000000000003,
      4.000000000000003,
      4.025000000000003,
      4.050000000000003,
      4.075000000000003,
      4.100000000000003,
      4.125000000000003,
      4.150000000000003,
      4.175000000000003,
      4.200000000000003,
      4.225000000000003,
      4.2500000000000036,
      4.275000000000003,
      4.300000000000003
    ]
  }
}