{
  "input": [
    [
      0.480124831199646,
      0.565706729888916
    ],
    [
      0.4798094928264618,
      0.5652172565460205
    ],
    [
      0.47994130849838257,
      0.564813494682312
    ],
    [
      0.48016396164894104,
      0.5644271969795227
    ],
    [
      0.48113372921943665,
      0.5636602640151978
    ],
    [
      0.482236385345459,
      0.562825620174408
    ],
    [
      0.48445266485214233,
      0.5616187453269958
    ],
    [
      0.48684006929397583,
      0.5603546500205994
    ],
    [
      0.49453917145729065,
      0.5589638352394104
    ],
    [
      0.5029313564300537,
      0.5575564503669739
    ],
    [
      0.5043349266052246,
      0.5574807524681091
    ],
    [
      0.5049824118614197,
      0.5575491786003113
    ],
    [
      0.5026118755340576,
      0.5574169158935547
    ],
    [
      0.49997958540916443,
      0.5572671890258789
    ],
    [
      0.4983518123626709,
      0.5572593808174133
    ]
  ],
  "target": [
    [
      0.49679040908813477,
      0.557261049747467
    ],
    [
      0.4945606291294098,
      0.5575587153434753
    ],
    [
      0.492299884557724,
      0.557870090007782
    ],
    [
      0.49091193079948425,
      0.5578823685646057
    ],
    [
      0.48954761028289795,
      0.55788654088974
    ],
    [
      0.4875662922859192,
      0.5581820607185364
    ],
    [
      0.4855865240097046,
      0.5584776401519775
    ],
    [
      0.48434382677078247,
      0.5585140585899353
    ],
    [
      0.48309069871902466,
      0.558540403842926
    ],
    [
      0.4814618229866028,
      0.5582040548324585
    ],
    [
      0.47983410954475403,
      0.5578708648681641
    ],
    [
      0.47823143005371094,
      0.5576053857803345
    ],
    [
      0.4775587320327759,
      0.557513415813446
    ],
    [
      0.4908033609390259,
      0.5600180625915527
    ],
    [
      0.5036677718162537,
      0.5624378323554993
    ]
  ]
}