{
  "input": [
    [
      0.5985521078109741,
      0.5584331750869751
    ],
    [
      0.5970520377159119,
      0.5586718320846558
    ],
    [
      0.5955307483673096,
      0.5589058995246887
    ],
    [
      0.5928362011909485,
      0.5588856935501099
    ],
    [
      0.5901623964309692,
      0.5588856339454651
    ],
    [
      0.5880501866340637,
      0.5594329833984375
    ],
    [
      0.5859787464141846,
      0.5599386692047119
    ],
    [
      0.5846297144889832,
      0.5597054362297058
    ],
    [
      0.5833255648612976,
      0.5594750046730042
    ],
    [
      0.5826070308685303,
      0.5592809319496155
    ],
    [
      0.5833674073219299,
      0.5594120025634766
    ],
    [
      0.5992602705955505,
      0.5628696084022522
    ]
  ],
  "target": [
    [
      0.6135504245758057,
      0.5660026669502258
    ],
    [
      0.6144419312477112,
      0.5664223432540894
    ],
    [
      0.6148455142974854,
      0.5667417645454407
    ],
    [
      0.611822247505188,
      0.5663573145866394
    ],
    [
      0.6090829968452454,
      0.5660147070884705
    ],
    [
      0.6080533862113953,
      0.5659237504005432
    ],
    [
      0.6068136692047119,
      0.5657867789268494
    ],
    [
      0.6044728755950928,
      0.5654087066650391
    ],
    [
      0.6018986105918884,
      0.5649794936180115
    ],
    [
      0.5982466340065002,
      0.5643143057823181
    ],
    [
      0.5943378806114197,
      0.5635928511619568
    ],
    [
      0.5893747806549072,
      0.5626404881477356
    ],
    [
      0.5841314792633057,
      0.5616267919540405
    ],
    [
      0.5778571367263794,
      0.560387372970581
    ],
    [
      0.5730351805686951,
      0.5594347715377808
    ]
  ],
  "meta": {
    "video_name": "test2.mp4",
    "video_stem": "test2",
    "video_path": "E:\\desktop\\open\\lstm-akf\\data\\video\\test2.mp4",
    "fps": 40.0,
    "segment_index": 48,
    "sample_index": 7,
    "start_frame_index": 0,
    "history_end_frame_index": 11,
    "target_end_frame_index": 26,
    "history_frame_indices": [
      0,
      1,
      2,
      3,
      4,
      5,
      6,
      7,
      8,
      9,
      10,
      11
    ],
    "target_frame_indices": [
      12,
      13,
      14,
      15,
      16,
      17,
      18,
      19,
      20,
      21,
      22,
      23,
      24,
      25,
      26
    ],
    "history_timestamps": [
      113.23283131348786,
      113.25783131348787,
      113.28283131348788,
      113.30783131348788,
      113.33283131348789,
      113.35783131348789,
      113.3828313134879,
      113.4078313134879,
      113.43283131348791,
      113.45783131348792,
      113.48283131348792,
      113.50783131348793
    ],
    "target_timestamps": [
      113.53283131348793,
      113.55783131348794,
      113.58283131348794,
      113.60783131348795,
      113.63283131348796,
      113.65783131348796,
      113.68283131348797,
      113.70783131348797,
      113.73283131348798,
      113.75783131348798,
      113.78283131348799,
      113.807831313488,
      113.832831313488,
      113.857831313488,
      113.88283131348801
    ]
  }
}