{
  "input": [
    [
      0.5657250881195068,
      0.5601952075958252
    ],
    [
      0.5655074715614319,
      0.5602680444717407
    ],
    [
      0.5653374791145325,
      0.5603249669075012
    ],
    [
      0.5651658177375793,
      0.5603824257850647
    ],
    [
      0.5649473667144775,
      0.5604555606842041
    ],
    [
      0.5646336674690247,
      0.5604999661445618
    ],
    [
      0.5626330375671387,
      0.560035228729248
    ],
    [
      0.560732901096344,
      0.5596154928207397
    ],
    [
      0.5601433515548706,
      0.5597831010818481
    ],
    [
      0.5595582127571106,
      0.5599136352539062
    ],
    [
      0.5590184330940247,
      0.5596650242805481
    ],
    [
      0.5584815740585327,
      0.5594481825828552
    ],
    [
      0.5579692721366882,
      0.5594969987869263
    ],
    [
      0.5573288202285767,
      0.5595400929450989
    ],
    [
      0.5557885766029358,
      0.559543251991272
    ]
  ],
  "target": [
    [
      0.5543175935745239,
      0.5595803260803223
    ],
    [
      0.5532630681991577,
      0.559821605682373
    ],
    [
      0.5521361231803894,
      0.5599631071090698
    ],
    [
      0.5506296753883362,
      0.5595815181732178
    ],
    [
      0.549198567867279,
      0.5592169761657715
    ],
    [
      0.5481151342391968,
      0.5589308738708496
    ],
    [
      0.5469366908073425,
      0.5586150884628296
    ],
    [
      0.5453683733940125,
      0.5581775903701782
    ],
    [
      0.5438752770423889,
      0.557827889919281
    ],
    [
      0.5426592826843262,
      0.5578011870384216
    ],
    [
      0.5411176085472107,
      0.5578305125236511
    ],
    [
      0.5384945273399353,
      0.5580457448959351
    ],
    [
      0.5361359119415283,
      0.5581523776054382
    ],
    [
      0.5345737934112549,
      0.5579318404197693
    ],
    [
      0.5330208539962769,
      0.5575572848320007
    ]
  ]
}