{
  "input": [
    [
      0.5768405199050903,
      0.5590503215789795
    ],
    [
      0.5771724581718445,
      0.5594395995140076
    ],
    [
      0.5775170922279358,
      0.5597638487815857
    ],
    [
      0.577877938747406,
      0.5600042343139648
    ],
    [
      0.5781751871109009,
      0.5601409673690796
    ],
    [
      0.5783960223197937,
      0.5601532459259033
    ],
    [
      0.5856671333312988,
      0.5611152052879333
    ],
    [
      0.6008195281028748,
      0.5631387829780579
    ],
    [
      0.6115117073059082,
      0.5647351741790771
    ],
    [
      0.6175612211227417,
      0.5658868551254272
    ],
    [
      0.6208906769752502,
      0.5666036605834961
    ],
    [
      0.6215834617614746,
      0.5668990015983582
    ],
    [
      0.6210334897041321,
      0.567067563533783
    ],
    [
      0.6193618178367615,
      0.5671216249465942
    ],
    [
      0.6177104115486145,
      0.5671007037162781
    ]
  ],
  "target": [
    [
      0.6160761117935181,
      0.5670168399810791
    ],
    [
      0.6145366430282593,
      0.5671575665473938
    ],
    [
      0.6130713224411011,
      0.5674737691879272
    ],
    [
      0.6113794445991516,
      0.567431628704071
    ],
    [
      0.609522819519043,
      0.5671288371086121
    ],
    [
      0.6076468825340271,
      0.5671042203903198
    ],
    [
      0.6057578921318054,
      0.5672675371170044
    ],
    [
      0.604248046875,
      0.5676335096359253
    ],
    [
      0.6029760241508484,
      0.5681266188621521
    ],
    [
      0.6010863780975342,
      0.5684316754341125
    ],
    [
      0.5988378524780273,
      0.5686273574829102
    ],
    [
      0.5969067215919495,
      0.5687193274497986
    ],
    [
      0.5951464176177979,
      0.5687555074691772
    ],
    [
      0.5927076935768127,
      0.5687448382377625
    ],
    [
      0.589931845664978,
      0.56871098279953
    ]
  ]
}