{
  "input": [
    [
      0.5390316843986511,
      0.5680283308029175
    ],
    [
      0.5410615801811218,
      0.5681936144828796
    ],
    [
      0.5441574454307556,
      0.5677196979522705
    ],
    [
      0.5473604202270508,
      0.5671815872192383
    ],
    [
      0.5508371591567993,
      0.5667023062705994
    ],
    [
      0.5543356537818909,
      0.5662276744842529
    ],
    [
      0.5381535291671753,
      0.5635284185409546
    ],
    [
      0.5208115577697754,
      0.5606980919837952
    ],
    [
      0.5183603167533875,
      0.5600778460502625
    ],
    [
      0.5164948105812073,
      0.5595445036888123
    ],
    [
      0.5187832117080688,
      0.5596662759780884
    ],
    [
      0.5211566090583801,
      0.5598013997077942
    ],
    [
      0.5234610438346863,
      0.5598166584968567
    ],
    [
      0.5257750153541565,
      0.55983567237854
    ],
    [
      0.5287004709243774,
      0.5601103901863098
    ]
  ],
  "target": [
    [
      0.5315539240837097,
      0.5603742003440857
    ],
    [
      0.5323235988616943,
      0.5603221654891968
    ],
    [
      0.533022403717041,
      0.5602670907974243
    ],
    [
      0.5324065089225769,
      0.5601555109024048
    ],
    [
      0.5317695736885071,
      0.5600529909133911
    ],
    [
      0.5308483242988586,
      0.5600716471672058
    ],
    [
      0.5298867225646973,
      0.5601003170013428
    ],
    [
      0.5285001993179321,
      0.560234546661377
    ],
    [
      0.5271661877632141,
      0.5603592395782471
    ],
    [
      0.5262822508811951,
      0.5604032874107361
    ],
    [
      0.525377094745636,
      0.5604683756828308
    ],
    [
      0.5243203043937683,
      0.5606842637062073
    ],
    [
      0.5233030319213867,
      0.560873806476593
    ],
    [
      0.5225281119346619,
      0.5609021782875061
    ],
    [
      0.5217567086219788,
      0.5608624815940857
    ]
  ]
}