{
  "input": [
    [
      0.617490291595459,
      0.6363531351089478
    ],
    [
      0.6226212978363037,
      0.637921154499054
    ],
    [
      0.6258000135421753,
      0.6388126611709595
    ],
    [
      0.6280456781387329,
      0.6393808126449585
    ],
    [
      0.6294073462486267,
      0.6397417187690735
    ],
    [
      0.6303800940513611,
      0.6400114297866821
    ],
    [
      0.6303502917289734,
      0.6401755213737488
    ],
    [
      0.6299154758453369,
      0.6402969360351562
    ],
    [
      0.629522442817688,
      0.6403093338012695
    ],
    [
      0.6291449069976807,
      0.6402813792228699
    ],
    [
      0.6281946897506714,
      0.640572190284729
    ],
    [
      0.6270514726638794,
      0.6409704685211182
    ],
    [
      0.6254950761795044,
      0.641726553440094
    ],
    [
      0.6238122582435608,
      0.642592191696167
    ],
    [
      0.6198176145553589,
      0.6429579854011536
    ]
  ],
  "target": [
    [
      0.61518394947052,
      0.6431856155395508
    ],
    [
      0.6111042499542236,
      0.6428253054618835
    ],
    [
      0.6071618795394897,
      0.6423191428184509
    ],
    [
      0.6036112308502197,
      0.6424569487571716
    ],
    [
      0.6001471281051636,
      0.6427370309829712
    ],
    [
      0.5970929265022278,
      0.6429389119148254
    ],
    [
      0.5941186547279358,
      0.643125593662262
    ],
    [
      0.6279860138893127,
      0.6369503140449524
    ],
    [
      0.6681170463562012,
      0.6296933889389038
    ],
    [
      0.6991631984710693,
      0.6248971819877625
    ],
    [
      0.7288817763328552,
      0.620460569858551
    ],
    [
      0.7411043643951416,
      0.6190406084060669
    ],
    [
      0.7511711716651917,
      0.6179923415184021
    ],
    [
      0.7524073123931885,
      0.618787407875061
    ],
    [
      0.7527498602867126,
      0.6197690367698669
    ]
  ],
  "meta": {
    "video_name": "test2.mp4",
    "video_stem": "test2",
    "video_path": "E:\\desktop\\open\\lstm-akf\\data\\video\\test2.mp4",
    "fps": 40.0,
    "segment_index": 111,
    "sample_index": 84,
    "start_frame_index": 74,
    "history_end_frame_index": 88,
    "target_end_frame_index": 103,
    "history_frame_indices": [
      74,
      75,
      76,
      77,
      78,
      79,
      80,
      81,
      82,
      83,
      84,
      85,
      86,
      87,
      88
    ],
    "target_frame_indices": [
      89,
      90,
      91,
      92,
      93,
      94,
      95,
      96,
      97,
      98,
      99,
      100,
      101,
      102,
      103
    ],
    "history_timestamps": [
      255.6699396007378,
      255.6949396007378,
      255.7199396007378,
      255.7449396007378,
      255.7699396007378,
      255.79493960073782,
      255.81993960073783,
      255.84493960073783,
      255.86993960073784,
      255.89493960073784,
      255.91993960073785,
      255.94493960073785,
      255.96993960073786,
      255.99493960073787,
      256.01993960073787
    ],
    "target_timestamps": [
      256.04493960073785,
      256.0699396007379,
      256.0949396007379,
      256.1199396007379,
      256.14493960073787,
      256.1699396007379,
      256.19493960073794,
      256.2199396007379,
      256.2449396007379,
      256.2699396007379,
      256.29493960073796,
      256.31993960073794,
      256.3449396007379,
      256.36993960073795,
      256.394939600738
    ]
  }
}