{
  "input": [
    [
      0.5713404417037964,
      0.5615747570991516
    ],
    [
      0.5710000395774841,
      0.5615484714508057
    ],
    [
      0.5703210234642029,
      0.5615594387054443
    ],
    [
      0.5696455240249634,
      0.5615721940994263
    ],
    [
      0.5694186687469482,
      0.5617091655731201
    ],
    [
      0.5691795349121094,
      0.561846911907196
    ],
    [
      0.5685449242591858,
      0.5620063543319702
    ],
    [
      0.5679150819778442,
      0.5621588826179504
    ],
    [
      0.5673814415931702,
      0.5621733069419861
    ],
    [
      0.5668455362319946,
      0.5621775984764099
    ],
    [
      0.5662773847579956,
      0.5620370507240295
    ],
    [
      0.5657127499580383,
      0.5618874430656433
    ],
    [
      0.5651859641075134,
      0.5616375803947449
    ],
    [
      0.5645720362663269,
      0.5614137649536133
    ],
    [
      0.5631837844848633,
      0.5614218711853027
    ]
  ],
  "target": [
    [
      0.5618209838867188,
      0.5614181160926819
    ],
    [
      0.5606465339660645,
      0.5613267421722412
    ],
    [
      0.5594522356987,
      0.5612075328826904
    ],
    [
      0.5581323504447937,
      0.560912549495697
    ],
    [
      0.5568386912345886,
      0.560666561126709
    ],
    [
      0.5556882619857788,
      0.5606887936592102
    ],
    [
      0.5544806122779846,
      0.5606809854507446
    ],
    [
      0.5529983043670654,
      0.5605291724205017
    ],
    [
      0.5515608191490173,
      0.5603773593902588
    ],
    [
      0.5503146052360535,
      0.5602253675460815
    ],
    [
      0.5489627718925476,
      0.5599637031555176
    ],
    [
      0.5472087860107422,
      0.5592844486236572
    ],
    [
      0.5455285310745239,
      0.5586816668510437
    ],
    [
      0.5441008806228638,
      0.5583412647247314
    ],
    [
      0.542594313621521,
      0.5580310225486755
    ]
  ]
}