{
  "input": [
    [
      0.589889407157898,
      0.5570134520530701
    ],
    [
      0.5894571542739868,
      0.5571728944778442
    ],
    [
      0.5890790224075317,
      0.5572843551635742
    ],
    [
      0.5887674689292908,
      0.5573346018791199
    ],
    [
      0.5885542035102844,
      0.557294487953186
    ],
    [
      0.5883716344833374,
      0.5572361350059509
    ],
    [
      0.5882312059402466,
      0.5571528077125549
    ],
    [
      0.5881401300430298,
      0.5570889711380005
    ],
    [
      0.5881119966506958,
      0.5570499300956726
    ],
    [
      0.5881496667861938,
      0.5570204257965088
    ],
    [
      0.5882654786109924,
      0.5570022463798523
    ],
    [
      0.5883863568305969,
      0.5570617914199829
    ],
    [
      0.5885129570960999,
      0.5572072267532349
    ],
    [
      0.5887467265129089,
      0.5572565197944641
    ],
    [
      0.5890908241271973,
      0.5572068095207214
    ]
  ],
  "target": [
    [
      0.589349091053009,
      0.5571919679641724
    ],
    [
      0.5895251631736755,
      0.5572105646133423
    ],
    [
      0.5897620320320129,
      0.5571752190589905
    ],
    [
      0.5900532007217407,
      0.5570917725563049
    ],
    [
      0.590283215045929,
      0.5571065545082092
    ],
    [
      0.5904625058174133,
      0.557202935218811
    ],
    [
      0.5906438827514648,
      0.5573710203170776
    ],
    [
      0.5908269286155701,
      0.5575944781303406
    ],
    [
      0.5909587144851685,
      0.5577473640441895
    ],
    [
      0.5910536050796509,
      0.5578494668006897
    ],
    [
      0.5912895798683167,
      0.5577524304389954
    ],
    [
      0.5916196703910828,
      0.5575224161148071
    ],
    [
      0.5917761325836182,
      0.5573716759681702
    ],
    [
      0.5918250679969788,
      0.5572700500488281
    ],
    [
      0.592028021812439,
      0.5570390224456787
    ]
  ]
}