{
  "input": [
    [
      0.593794584274292,
      0.5580085515975952
    ],
    [
      0.593794584274292,
      0.5580085515975952
    ],
    [
      0.593794584274292,
      0.5580085515975952
    ],
    [
      0.5938507914543152,
      0.5580422878265381
    ],
    [
      0.5954285860061646,
      0.5589895844459534
    ],
    [
      0.5969743728637695,
      0.5599176287651062
    ],
    [
      0.5979523658752441,
      0.5605048537254333
    ],
    [
      0.5989470481872559,
      0.561102032661438
    ],
    [
      0.600159764289856,
      0.5618301630020142
    ],
    [
      0.6013197302818298,
      0.5623735785484314
    ],
    [
      0.6019402146339417,
      0.5610276460647583
    ],
    [
      0.6025298833847046,
      0.5597540736198425
    ],
    [
      0.6028621196746826,
      0.5590850114822388
    ],
    [
      0.6031354069709778,
      0.5584778189659119
    ],
    [
      0.6029952168464661,
      0.5583052635192871
    ]
  ],
  "target": [
    [
      0.6028321385383606,
      0.5581891536712646
    ],
    [
      0.6025316715240479,
      0.5584126114845276
    ],
    [
      0.6021406054496765,
      0.5586128830909729
    ],
    [
      0.601274847984314,
      0.5586920976638794
    ],
    [
      0.6004412174224854,
      0.5588140487670898
    ],
    [
      0.5997560620307922,
      0.5591335892677307
    ],
    [
      0.5989864468574524,
      0.5594644546508789
    ],
    [
      0.5978698134422302,
      0.5598417520523071
    ],
    [
      0.5969316363334656,
      0.5601121187210083
    ],
    [
      0.5966500639915466,
      0.5599891543388367
    ],
    [
      0.5961320996284485,
      0.5597917437553406
    ],
    [
      0.5948294997215271,
      0.55934739112854
    ],
    [
      0.5935981869697571,
      0.5589286684989929
    ],
    [
      0.5925818085670471,
      0.5585871934890747
    ],
    [
      0.5915214419364929,
      0.5582960247993469
    ]
  ],
  "meta": {
    "video_name": "test2.mp4",
    "video_stem": "test2",
    "video_path": "E:\\desktop\\open\\lstm-akf\\data\\video\\test2.mp4",
    "fps": 40.0,
    "segment_index": 0,
    "sample_index": 11,
    "start_frame_index": 1,
    "history_end_frame_index": 15,
    "target_end_frame_index": 30,
    "history_frame_indices": [
      1,
      2,
      3,
      4,
      5,
      6,
      7,
      8,
      9,
      10,
      11,
      12,
      13,
      14,
      15
    ],
    "target_frame_indices": [
      16,
      17,
      18,
      19,
      20,
      21,
      22,
      23,
      24,
      25,
      26,
      27,
      28,
      29,
      30
    ],
    "history_timestamps": [
      4.435381613523161,
      4.460381613523161,
      4.4853816135231614,
      4.510381613523162,
      4.535381613523162,
      4.5603816135231625,
      4.585381613523163,
      4.610381613523163,
      4.635381613523164,
      4.660381613523164,
      4.685381613523164,
      4.710381613523165,
      4.735381613523165,
      4.760381613523165,
      4.785381613523166
    ],
    "target_timestamps": [
      4.810381613523166,
      4.835381613523166,
      4.860381613523167,
      4.885381613523167,
      4.9103816135231675,
      4.935381613523168,
      4.960381613523168,
      4.9853816135231686,
      5.010381613523169,
      5.035381613523169,
      5.06038161352317,
      5.08538161352317,
      5.11038161352317,
      5.135381613523171,
      5.160381613523171
    ]
  }
}