{
  "input": [
    [
      0.5450565218925476,
      0.5589921474456787
    ],
    [
      0.5450066328048706,
      0.5589748024940491
    ],
    [
      0.5450623035430908,
      0.5590023398399353
    ],
    [
      0.5451300144195557,
      0.5590349435806274
    ],
    [
      0.5452074408531189,
      0.5591061115264893
    ],
    [
      0.545285701751709,
      0.5591808557510376
    ],
    [
      0.5453537106513977,
      0.5591893792152405
    ],
    [
      0.5454208850860596,
      0.5591931939125061
    ],
    [
      0.5454365611076355,
      0.5591461658477783
    ],
    [
      0.5454496145248413,
      0.5590965151786804
    ],
    [
      0.545488715171814,
      0.5590739846229553
    ],
    [
      0.545528769493103,
      0.5590522885322571
    ],
    [
      0.5455132722854614,
      0.5590816736221313
    ],
    [
      0.5454970002174377,
      0.5591117739677429
    ],
    [
      0.545477032661438,
      0.5591342449188232
    ]
  ],
  "target": [
    [
      0.5454676747322083,
      0.5591565370559692
    ],
    [
      0.5459276437759399,
      0.5591721534729004
    ],
    [
      0.5463907718658447,
      0.5591904520988464
    ],
    [
      0.5469306707382202,
      0.5592745542526245
    ],
    [
      0.5474594235420227,
      0.5593637228012085
    ],
    [
      0.54780513048172,
      0.5595347881317139
    ],
    [
      0.5481472015380859,
      0.5597089529037476
    ],
    [
      0.5484449863433838,
      0.5599212050437927
    ],
    [
      0.5487350225448608,
      0.5601191520690918
    ],
    [
      0.5489494204521179,
      0.5601775050163269
    ],
    [
      0.5491958856582642,
      0.5602365732192993
    ],
    [
      0.5496987104415894,
      0.5603012442588806
    ],
    [
      0.5502055287361145,
      0.5603597164154053
    ],
    [
      0.5507391095161438,
      0.5603762865066528
    ],
    [
      0.551286518573761,
      0.5603538751602173
    ]
  ]
}