{
  "input": [
    [
      0.43704476952552795,
      0.5728946924209595
    ],
    [
      0.43608978390693665,
      0.5732508897781372
    ],
    [
      0.4348981976509094,
      0.5736157894134521
    ],
    [
      0.4336194396018982,
      0.5739840269088745
    ],
    [
      0.4328356683254242,
      0.5740607976913452
    ],
    [
      0.4322182238101959,
      0.57403963804245
    ],
    [
      0.43132483959198,
      0.5739852786064148
    ],
    [
      0.4303473234176636,
      0.5739207863807678
    ],
    [
      0.42989376187324524,
      0.5738843083381653
    ],
    [
      0.42958447337150574,
      0.5738555192947388
    ],
    [
      0.42953723669052124,
      0.5738667249679565
    ],
    [
      0.4295547306537628,
      0.573887825012207
    ],
    [
      0.4295913577079773,
      0.573919951915741
    ],
    [
      0.42963218688964844,
      0.5739545226097107
    ],
    [
      0.4297085404396057,
      0.574116051197052
    ]
  ],
  "target": [
    [
      0.42979177832603455,
      0.5743021368980408
    ],
    [
      0.4298895597457886,
      0.5744451284408569
    ],
    [
      0.4299898147583008,
      0.574580729007721
    ],
    [
      0.4302436411380768,
      0.5746936798095703
    ],
    [
      0.43051981925964355,
      0.574803352355957
    ],
    [
      0.4310995042324066,
      0.5748795866966248
    ],
    [
      0.43171632289886475,
      0.5749517679214478
    ],
    [
      0.4320964217185974,
      0.574964702129364
    ],
    [
      0.4324527084827423,
      0.5749717354774475
    ],
    [
      0.4325607717037201,
      0.5748183131217957
    ],
    [
      0.432649165391922,
      0.5746521949768066
    ],
    [
      0.43289607763290405,
      0.5743977427482605
    ],
    [
      0.43315234780311584,
      0.5741381049156189
    ],
    [
      0.4334110617637634,
      0.573982834815979
    ],
    [
      0.43366989493370056,
      0.5738316178321838
    ]
  ]
}