{
  "input": [
    [
      0.5744472742080688,
      0.5770635008811951
    ],
    [
      0.5745061635971069,
      0.5770332217216492
    ],
    [
      0.5745465159416199,
      0.5772284865379333
    ],
    [
      0.5745844841003418,
      0.5774531364440918
    ],
    [
      0.5745893716812134,
      0.5775490403175354
    ],
    [
      0.5745907425880432,
      0.5776310563087463
    ],
    [
      0.5745576620101929,
      0.5776003003120422
    ],
    [
      0.574521541595459,
      0.577559769153595
    ],
    [
      0.5743945837020874,
      0.5775279998779297
    ],
    [
      0.5742616057395935,
      0.5774968266487122
    ],
    [
      0.5741405487060547,
      0.5774776935577393
    ],
    [
      0.5740199685096741,
      0.5774591565132141
    ],
    [
      0.5739300847053528,
      0.5774613618850708
    ],
    [
      0.5738410949707031,
      0.5774641633033752
    ],
    [
      0.5740299224853516,
      0.5777358412742615
    ]
  ],
  "target": [
    [
      0.5742213129997253,
      0.5780094861984253
    ],
    [
      0.5744316577911377,
      0.5782448649406433
    ],
    [
      0.5746476054191589,
      0.5784689784049988
    ],
    [
      0.5750661492347717,
      0.5782855153083801
    ],
    [
      0.5754783749580383,
      0.5781095623970032
    ],
    [
      0.5757566094398499,
      0.5780941843986511
    ],
    [
      0.5760501623153687,
      0.5780721306800842
    ],
    [
      0.5765718817710876,
      0.5779500007629395
    ],
    [
      0.5770819187164307,
      0.5778266191482544
    ],
    [
      0.5774586796760559,
      0.5776888132095337
    ],
    [
      0.5778692364692688,
      0.5775564908981323
    ],
    [
      0.5785894393920898,
      0.5774747133255005
    ],
    [
      0.579251766204834,
      0.5774194002151489
    ],
    [
      0.5794732570648193,
      0.5775654911994934
    ],
    [
      0.5796471238136292,
      0.5777018666267395
    ]
  ]
}