{
  "input": [
    [
      0.5586097836494446,
      0.5727680325508118
    ],
    [
      0.5578511357307434,
      0.5728669762611389
    ],
    [
      0.5568206906318665,
      0.5729545950889587
    ],
    [
      0.5552988052368164,
      0.5730215907096863
    ],
    [
      0.5538368225097656,
      0.5731165409088135
    ],
    [
      0.5524753332138062,
      0.5732583403587341
    ],
    [
      0.5513617992401123,
      0.5734304785728455
    ],
    [
      0.5506334900856018,
      0.5736497044563293
    ],
    [
      0.5500175356864929,
      0.573806643486023
    ],
    [
      0.5495637059211731,
      0.57387375831604
    ],
    [
      0.5490871667861938,
      0.5738409161567688
    ],
    [
      0.5485801100730896,
      0.5736740827560425
    ],
    [
      0.5476037263870239,
      0.5734724998474121
    ],
    [
      0.5460423231124878,
      0.5732276439666748
    ],
    [
      0.5446785688400269,
      0.5730946660041809
    ]
  ],
  "target": [
    [
      0.5435440540313721,
      0.573091447353363
    ],
    [
      0.5422176718711853,
      0.5730414390563965
    ],
    [
      0.5406841039657593,
      0.5729407668113708
    ],
    [
      0.5390797853469849,
      0.5728278756141663
    ],
    [
      0.5374043583869934,
      0.5727027654647827
    ],
    [
      0.535655677318573,
      0.5725650191307068
    ],
    [
      0.5338383316993713,
      0.5724154710769653
    ],
    [
      0.5319452285766602,
      0.5722528100013733
    ],
    [
      0.5299860239028931,
      0.5720788240432739
    ],
    [
      0.5279485583305359,
      0.5718913078308105
    ],
    [
      0.5258474946022034,
      0.5716928243637085
    ],
    [
      0.5370129942893982,
      0.5755574703216553
    ],
    [
      0.5581952333450317,
      0.5824898481369019
    ],
    [
      0.5481765270233154,
      0.5821114778518677
    ],
    [
      0.5162597298622131,
      0.5766021609306335
    ]
  ],
  "meta": {
    "video_name": "test2.mp4",
    "video_stem": "test2",
    "video_path": "E:\\desktop\\open\\lstm-akf\\data\\video\\test2.mp4",
    "fps": 40.0,
    "segment_index": 101,
    "sample_index": 48,
    "start_frame_index": 38,
    "history_end_frame_index": 52,
    "target_end_frame_index": 67,
    "history_frame_indices": [
      38,
      39,
      40,
      41,
      42,
      43,
      44,
      45,
      46,
      47,
      48,
      49,
      50,
      51,
      52
    ],
    "target_frame_indices": [
      53,
      54,
      55,
      56,
      57,
      58,
      59,
      60,
      61,
      62,
      63,
      64,
      65,
      66,
      67
    ],
    "history_timestamps": [
      220.87442248107644,
      220.89942248107644,
      220.92442248107645,
      220.94942248107645,
      220.97442248107646,
      220.99942248107646,
      221.02442248107647,
      221.04942248107648,
      221.07442248107648,
      221.0994224810765,
      221.1244224810765,
      221.1494224810765,
      221.1744224810765,
      221.1994224810765,
      221.22442248107652
    ],
    "target_timestamps": [
      221.24942248107652,
      221.27442248107653,
      221.29942248107653,
      221.32442248107654,
      221.34942248107654,
      221.37442248107655,
      221.39942248107656,
      221.42442248107656,
      221.44942248107657,
      221.47442248107657,
      221.49942248107658,
      221.52442248107658,
      221.5494224810766,
      221.5744224810766,
      221.5994224810766
    ]
  }
}