{
  "input": [
    [
      0.5278265476226807,
      0.5622360110282898
    ],
    [
      0.547130286693573,
      0.5662494897842407
    ],
    [
      0.5649048686027527,
      0.569963276386261
    ],
    [
      0.5627395510673523,
      0.5697687864303589
    ],
    [
      0.5606715083122253,
      0.5696122646331787
    ],
    [
      0.5595993995666504,
      0.569844126701355
    ],
    [
      0.5584680438041687,
      0.5700796842575073
    ],
    [
      0.556841254234314,
      0.5703456401824951
    ],
    [
      0.5552001595497131,
      0.5706290006637573
    ],
    [
      0.5534588098526001,
      0.5710340142250061
    ],
    [
      0.5525379180908203,
      0.571322500705719
    ],
    [
      0.5565567016601562,
      0.5709096789360046
    ],
    [
      0.5600943565368652,
      0.5705520510673523
    ],
    [
      0.5611112117767334,
      0.5704836845397949
    ],
    [
      0.5621512532234192,
      0.5704336762428284
    ]
  ],
  "target": [
    [
      0.5632983446121216,
      0.570468008518219
    ],
    [
      0.5646767020225525,
      0.570516049861908
    ],
    [
      0.5670046210289001,
      0.5706201195716858
    ],
    [
      0.5693998336791992,
      0.5707180500030518
    ],
    [
      0.5720426440238953,
      0.5707934498786926
    ],
    [
      0.5748107433319092,
      0.5708714723587036
    ],
    [
      0.5779946446418762,
      0.5709582567214966
    ],
    [
      0.5806065797805786,
      0.5709723830223083
    ],
    [
      0.5814962983131409,
      0.5707675218582153
    ],
    [
      0.5828903913497925,
      0.5706042051315308
    ],
    [
      0.5856684446334839,
      0.570554792881012
    ],
    [
      0.5885129570960999,
      0.5704993009567261
    ],
    [
      0.5915245413780212,
      0.5704284310340881
    ],
    [
      0.5946068167686462,
      0.5703511238098145
    ],
    [
      0.5978519320487976,
      0.5702587962150574
    ]
  ],
  "meta": {
    "video_name": "test2.mp4",
    "video_stem": "test2",
    "video_path": "E:\\desktop\\open\\lstm-akf\\data\\video\\test2.mp4",
    "fps": 40.0,
    "segment_index": 13,
    "sample_index": 16,
    "start_frame_index": 6,
    "history_end_frame_index": 20,
    "target_end_frame_index": 35,
    "history_frame_indices": [
      6,
      7,
      8,
      9,
      10,
      11,
      12,
      13,
      14,
      15,
      16,
      17,
      18,
      19,
      20
    ],
    "target_frame_indices": [
      21,
      22,
      23,
      24,
      25,
      26,
      27,
      28,
      29,
      30,
      31,
      32,
      33,
      34,
      35
    ],
    "history_timestamps": [
      31.76599403851433,
      31.790994038514327,
      31.815994038514326,
      31.840994038514324,
      31.865994038514323,
      31.89099403851432,
      31.91599403851432,
      31.94099403851432,
      31.965994038514317,
      31.990994038514316,
      32.015994038514314,
      32.04099403851431,
      32.06599403851431,
      32.09099403851431,
      32.11599403851431
    ],
    "target_timestamps": [
      32.14099403851431,
      32.165994038514306,
      32.190994038514305,
      32.2159940385143,
      32.2409940385143,
      32.2659940385143,
      32.2909940385143,
      32.3159940385143,
      32.340994038514296,
      32.365994038514295,
      32.39099403851429,
      32.41599403851429,
      32.44099403851429,
      32.46599403851429,
      32.49099403851429
    ]
  }
}