{
  "input": [
    [
      0.8533236384391785,
      0.6230968236923218
    ],
    [
      0.848006546497345,
      0.620047926902771
    ],
    [
      0.8547999858856201,
      0.6210916042327881
    ],
    [
      0.8621534109115601,
      0.6223245859146118
    ],
    [
      0.8695452809333801,
      0.6233594417572021
    ],
    [
      0.8769382238388062,
      0.6243889927864075
    ],
    [
      0.8847520351409912,
      0.6249256134033203
    ],
    [
      0.8925411105155945,
      0.6254439353942871
    ],
    [
      0.8972787261009216,
      0.6244531869888306
    ],
    [
      0.9020187258720398,
      0.62346351146698
    ],
    [
      0.9068447351455688,
      0.6225127577781677
    ],
    [
      0.91152024269104,
      0.621560275554657
    ],
    [
      0.9129873514175415,
      0.6205717921257019
    ],
    [
      0.911234438419342,
      0.6201475858688354
    ],
    [
      0.861291229724884,
      0.6281675100326538
    ]
  ],
  "target": [
    [
      0.8130953907966614,
      0.6360383033752441
    ],
    [
      0.7848740816116333,
      0.6422039270401001
    ],
    [
      0.7589461803436279,
      0.6480252742767334
    ],
    [
      0.7540679574012756,
      0.6506868004798889
    ],
    [
      0.7508801221847534,
      0.653181254863739
    ],
    [
      0.7605679035186768,
      0.6544027924537659
    ],
    [
      0.7718310952186584,
      0.655517578125
    ],
    [
      0.7932882308959961,
      0.6559416055679321
    ],
    [
      0.8138631582260132,
      0.6562791466712952
    ],
    [
      0.8295034766197205,
      0.6561329364776611
    ],
    [
      0.8448690176010132,
      0.65594482421875
    ],
    [
      0.8588880896568298,
      0.655551552772522
    ],
    [
      0.8714834451675415,
      0.6550664901733398
    ],
    [
      0.877900242805481,
      0.6541831493377686
    ],
    [
      0.8837938904762268,
      0.6534098982810974
    ]
  ]
}