{
  "input": [
    [
      0.38997897505760193,
      0.7091838717460632
    ],
    [
      0.3811827301979065,
      0.7183505296707153
    ],
    [
      0.3924190104007721,
      0.7229030728340149
    ],
    [
      0.4096858501434326,
      0.7260229587554932
    ],
    [
      0.42959779500961304,
      0.7280218005180359
    ],
    [
      0.44876933097839355,
      0.7292113304138184
    ],
    [
      0.46358612179756165,
      0.731378436088562
    ],
    [
      0.4766487777233124,
      0.7333722114562988
    ],
    [
      0.48855918645858765,
      0.7348813414573669
    ],
    [
      0.49991917610168457,
      0.7355945706367493
    ],
    [
      0.510829746723175,
      0.7363912463188171
    ],
    [
      0.5218085646629333,
      0.7366995215415955
    ],
    [
      0.5327310562133789,
      0.7362814545631409
    ],
    [
      0.5434725284576416,
      0.7348989844322205
    ],
    [
      0.553622841835022,
      0.7314047813415527
    ]
  ],
  "target": [
    [
      0.5630555748939514,
      0.7281649708747864
    ],
    [
      0.5717429518699646,
      0.7249883413314819
    ],
    [
      0.5796571969985962,
      0.7216840386390686
    ],
    [
      0.5130965113639832,
      0.702655553817749
    ],
    [
      0.4600771963596344,
      0.6900651454925537
    ],
    [
      0.4258577823638916,
      0.6834862232208252
    ],
    [
      0.41569679975509644,
      0.6824924349784851
    ],
    [
      0.4261115491390228,
      0.6855335235595703
    ],
    [
      0.443913996219635,
      0.6892300248146057
    ],
    [
      0.46517178416252136,
      0.6930255889892578
    ],
    [
      0.4859524667263031,
      0.6963638663291931
    ],
    [
      0.501197099685669,
      0.6983025074005127
    ],
    [
      0.5144191384315491,
      0.6988056898117065
    ],
    [
      0.53069669008255,
      0.699638843536377
    ],
    [
      0.5551077723503113,
      0.7025675177574158
    ]
  ],
  "meta": {
    "video_name": "test1.mp4",
    "video_stem": "test1",
    "video_path": "E:\\desktop\\open\\lstm-akf\\data\\video\\test1.mp4",
    "fps": 40.0,
    "segment_index": 0,
    "sample_index": 357,
    "start_frame_index": 347,
    "history_end_frame_index": 361,
    "target_end_frame_index": 376,
    "history_frame_indices": [
      347,
      348,
      349,
      350,
      351,
      352,
      353,
      354,
      355,
      356,
      357,
      358,
      359,
      360,
      361
    ],
    "target_frame_indices": [
      362,
      363,
      364,
      365,
      366,
      367,
      368,
      369,
      370,
      371,
      372,
      373,
      374,
      375,
      376
    ],
    "history_timestamps": [
      9.375000000000007,
      9.400000000000007,
      9.425000000000008,
      9.450000000000006,
      9.475000000000007,
      9.500000000000007,
      9.525000000000007,
      9.550000000000008,
      9.575000000000006,
      9.600000000000007,
      9.625000000000007,
      9.650000000000007,
      9.675000000000008,
      9.700000000000006,
      9.725000000000007
    ],
    "target_timestamps": [
      9.750000000000007,
      9.775000000000007,
      9.800000000000008,
      9.825000000000008,
      9.850000000000007,
      9.875000000000007,
      9.900000000000007,
      9.925000000000008,
      9.950000000000008,
      9.975000000000007,
      10.000000000000007,
      10.025000000000007,
      10.050000000000008,
      10.075000000000008,
      10.100000000000009
    ]
  }
}