{
  "input": [
    [
      0.5968962907791138,
      0.5580366253852844
    ],
    [
      0.5921869874000549,
      0.5575717687606812
    ],
    [
      0.5898414254188538,
      0.557552695274353
    ],
    [
      0.5892917513847351,
      0.5576094388961792
    ],
    [
      0.5898545980453491,
      0.5577130913734436
    ],
    [
      0.5912768244743347,
      0.5577103495597839
    ],
    [
      0.5931923389434814,
      0.5576465725898743
    ],
    [
      0.595879316329956,
      0.5578271746635437
    ],
    [
      0.5989761352539062,
      0.5581376552581787
    ],
    [
      0.6013681292533875,
      0.5584216117858887
    ],
    [
      0.6034144759178162,
      0.5586925148963928
    ],
    [
      0.6058357954025269,
      0.5586147904396057
    ],
    [
      0.608426570892334,
      0.5583794713020325
    ],
    [
      0.6102590560913086,
      0.5580471158027649
    ],
    [
      0.6117765307426453,
      0.5576744079589844
    ]
  ],
  "target": [
    [
      0.6136766076087952,
      0.5575619339942932
    ],
    [
      0.6157222390174866,
      0.5575485229492188
    ],
    [
      0.6170490384101868,
      0.5573680400848389
    ],
    [
      0.6181260943412781,
      0.5571296215057373
    ],
    [
      0.6191402673721313,
      0.5570268034934998
    ],
    [
      0.6201346516609192,
      0.5569667816162109
    ],
    [
      0.6123568415641785,
      0.5584084987640381
    ],
    [
      0.6020720601081848,
      0.5602794289588928
    ],
    [
      0.598378598690033,
      0.5614542961120605
    ],
    [
      0.5963791012763977,
      0.5624502897262573
    ],
    [
      0.5970578789710999,
      0.5625274181365967
    ],
    [
      0.598351240158081,
      0.5623937249183655
    ],
    [
      0.6014298796653748,
      0.5622460842132568
    ],
    [
      0.6048712134361267,
      0.562095582485199
    ],
    [
      0.6076537370681763,
      0.5619463920593262
    ]
  ]
}