{
  "input": [
    [
      0.49127328395843506,
      0.5676189661026001
    ],
    [
      0.4964386820793152,
      0.5674499869346619
    ],
    [
      0.5005842447280884,
      0.5673457980155945
    ],
    [
      0.5037636160850525,
      0.5673030018806458
    ],
    [
      0.5069934129714966,
      0.5671545267105103
    ],
    [
      0.5102676749229431,
      0.5669127702713013
    ],
    [
      0.5127773284912109,
      0.5667389631271362
    ],
    [
      0.5146592259407043,
      0.566620945930481
    ],
    [
      0.5090242028236389,
      0.5649333000183105
    ],
    [
      0.49764713644981384,
      0.5620466470718384
    ],
    [
      0.490217924118042,
      0.5602704286575317
    ],
    [
      0.48559239506721497,
      0.5592828392982483
    ],
    [
      0.4837236702442169,
      0.5589742064476013
    ],
    [
      0.4836735129356384,
      0.5591134428977966
    ],
    [
      0.48460450768470764,
      0.5592595338821411
    ]
  ],
  "target": [
    [
      0.48613598942756653,
      0.5594098567962646
    ],
    [
      0.4877844452857971,
      0.559565007686615
    ],
    [
      0.4894992411136627,
      0.559722900390625
    ],
    [
      0.49068477749824524,
      0.5598481893539429
    ],
    [
      0.4915927052497864,
      0.5599563717842102
    ],
    [
      0.492203950881958,
      0.559947669506073
    ],
    [
      0.49267151951789856,
      0.5598823428153992
    ],
    [
      0.49301257729530334,
      0.559852659702301
    ],
    [
      0.4932972192764282,
      0.5598389506340027
    ],
    [
      0.4937182068824768,
      0.5596153736114502
    ],
    [
      0.4941950738430023,
      0.5593058466911316
    ],
    [
      0.4945632815361023,
      0.5591018199920654
    ],
    [
      0.4948907196521759,
      0.5589374303817749
    ],
    [
      0.4951861500740051,
      0.5588886141777039
    ],
    [
      0.49547067284584045,
      0.5588793754577637
    ]
  ]
}