{
  "input": [
    [
      0.6638721823692322,
      0.589610755443573
    ],
    [
      0.6645805835723877,
      0.5896763205528259
    ],
    [
      0.665304958820343,
      0.5897324681282043
    ],
    [
      0.6661128401756287,
      0.5897394418716431
    ],
    [
      0.6681262254714966,
      0.5900869369506836
    ],
    [
      0.6757045984268188,
      0.5920063853263855
    ],
    [
      0.6823220252990723,
      0.5935444235801697
    ],
    [
      0.6849944591522217,
      0.5935167670249939
    ],
    [
      0.6875349879264832,
      0.5935754776000977
    ],
    [
      0.689590334892273,
      0.5939524173736572
    ],
    [
      0.6917026042938232,
      0.5942954421043396
    ],
    [
      0.6940039396286011,
      0.5945260524749756
    ],
    [
      0.6974459290504456,
      0.5946962237358093
    ],
    [
      0.7043226957321167,
      0.5946844816207886
    ],
    [
      0.7111315131187439,
      0.594646692276001
    ]
  ],
  "target": [
    [
      0.7177537083625793,
      0.5945375561714172
    ],
    [
      0.7236140370368958,
      0.5945219993591309
    ],
    [
      0.7275622487068176,
      0.5947412848472595
    ],
    [
      0.7318929433822632,
      0.5949199795722961
    ],
    [
      0.7371045351028442,
      0.595005214214325
    ],
    [
      0.7419938445091248,
      0.5953648090362549
    ],
    [
      0.746199905872345,
      0.5963060259819031
    ],
    [
      0.7505896091461182,
      0.5971519947052002
    ],
    [
      0.7553386092185974,
      0.5978116393089294
    ],
    [
      0.7600769996643066,
      0.598520815372467
    ],
    [
      0.7647963166236877,
      0.599319577217102
    ],
    [
      0.7695045471191406,
      0.6001703143119812
    ],
    [
      0.7741942405700684,
      0.6011081337928772
    ],
    [
      0.7788723111152649,
      0.6021004319190979
    ],
    [
      0.7835323214530945,
      0.6031773090362549
    ]
  ],
  "meta": {
    "video_name": "test2.mp4",
    "video_stem": "test2",
    "video_path": "E:\\desktop\\open\\lstm-akf\\data\\video\\test2.mp4",
    "fps": 40.0,
    "segment_index": 106,
    "sample_index": 26,
    "start_frame_index": 16,
    "history_end_frame_index": 30,
    "target_end_frame_index": 45,
    "history_frame_indices": [
      16,
      17,
      18,
      19,
      20,
      21,
      22,
      23,
      24,
      25,
      26,
      27,
      28,
      29,
      30
    ],
    "target_frame_indices": [
      31,
      32,
      33,
      34,
      35,
      36,
      37,
      38,
      39,
      40,
      41,
      42,
      43,
      44,
      45
    ],
    "history_timestamps": [
      240.74102051221723,
      240.76602051221724,
      240.79102051221724,
      240.81602051221725,
      240.84102051221726,
      240.86602051221726,
      240.89102051221727,
      240.91602051221727,
      240.94102051221728,
      240.96602051221728,
      240.9910205122173,
      241.0160205122173,
      241.0410205122173,
      241.0660205122173,
      241.0910205122173
    ],
    "target_timestamps": [
      241.11602051221732,
      241.14102051221732,
      241.16602051221733,
      241.19102051221734,
      241.21602051221734,
      241.24102051221735,
      241.26602051221735,
      241.29102051221736,
      241.31602051221736,
      241.34102051221737,
      241.36602051221737,
      241.39102051221738,
      241.4160205122174,
      241.4410205122174,
      241.4660205122174
    ]
  }
}