{
  "input": [
    [
      0.6268576383590698,
      0.5550034642219543
    ],
    [
      0.6292887926101685,
      0.5551009774208069
    ],
    [
      0.6310993432998657,
      0.5551110506057739
    ],
    [
      0.6240170001983643,
      0.5561556816101074
    ],
    [
      0.6137981414794922,
      0.5575651526451111
    ],
    [
      0.6081363558769226,
      0.5586357712745667
    ],
    [
      0.6039367914199829,
      0.5595976114273071
    ],
    [
      0.6041519641876221,
      0.5604246258735657
    ],
    [
      0.6056497693061829,
      0.561212420463562
    ],
    [
      0.6081219911575317,
      0.5611364245414734
    ],
    [
      0.6108490824699402,
      0.5608344674110413
    ],
    [
      0.6142640709877014,
      0.5605780482292175
    ],
    [
      0.6178399324417114,
      0.5603322386741638
    ],
    [
      0.6201555132865906,
      0.5599759817123413
    ],
    [
      0.6222098469734192,
      0.5595967173576355
    ]
  ],
  "target": [
    [
      0.6255285739898682,
      0.5590612292289734
    ],
    [
      0.6290773749351501,
      0.5584973096847534
    ],
    [
      0.6314263939857483,
      0.5585325956344604
    ],
    [
      0.6335864663124084,
      0.5586623549461365
    ],
    [
      0.6346490383148193,
      0.55818772315979
    ],
    [
      0.635564386844635,
      0.5576319694519043
    ],
    [
      0.6254281997680664,
      0.557012677192688
    ],
    [
      0.6140575408935547,
      0.5563862919807434
    ],
    [
      0.6117174625396729,
      0.5566235780715942
    ],
    [
      0.610191285610199,
      0.5569387078285217
    ],
    [
      0.6120449304580688,
      0.5573412775993347
    ],
    [
      0.6141330599784851,
      0.5577499270439148
    ],
    [
      0.6192299723625183,
      0.5575941801071167
    ],
    [
      0.6244755387306213,
      0.5574105381965637
    ],
    [
      0.6283498406410217,
      0.5575253963470459
    ]
  ]
}