{
  "input": [
    [
      0.41931894421577454,
      0.6338806748390198
    ],
    [
      0.4260518252849579,
      0.6353031396865845
    ],
    [
      0.43777570128440857,
      0.6396375894546509
    ],
    [
      0.4520750045776367,
      0.6447281241416931
    ],
    [
      0.4665341377258301,
      0.6484189033508301
    ],
    [
      0.47622013092041016,
      0.6501456499099731
    ],
    [
      0.4837196469306946,
      0.6511701345443726
    ],
    [
      0.4937278926372528,
      0.652978777885437
    ],
    [
      0.5109400153160095,
      0.65705806016922
    ],
    [
      0.5032255053520203,
      0.6525710821151733
    ],
    [
      0.5035290122032166,
      0.6503049731254578
    ],
    [
      0.5080474019050598,
      0.6490299105644226
    ],
    [
      0.5129775404930115,
      0.6475159525871277
    ],
    [
      0.5176973342895508,
      0.6461203694343567
    ],
    [
      0.52215576171875,
      0.6451901197433472
    ]
  ],
  "target": [
    [
      0.5016711950302124,
      0.650122880935669
    ],
    [
      0.4315618574619293,
      0.6663163304328918
    ],
    [
      0.39149898290634155,
      0.6799567937850952
    ],
    [
      0.3730223774909973,
      0.6894148588180542
    ],
    [
      0.3714783191680908,
      0.6953645944595337
    ],
    [
      0.3822130560874939,
      0.6984800696372986
    ],
    [
      0.4006200134754181,
      0.6998194456100464
    ],
    [
      0.41894933581352234,
      0.7012071013450623
    ],
    [
      0.43605655431747437,
      0.7027862071990967
    ],
    [
      0.4507972002029419,
      0.7047000527381897
    ],
    [
      0.4627004563808441,
      0.7070967555046082
    ],
    [
      0.4740067720413208,
      0.7091984152793884
    ],
    [
      0.48480305075645447,
      0.7106809020042419
    ],
    [
      0.49517616629600525,
      0.7112200856208801
    ],
    [
      0.5054107904434204,
      0.7110554575920105
    ]
  ],
  "meta": {
    "video_name": "test1.mp4",
    "video_stem": "test1",
    "video_path": "E:\\desktop\\open\\lstm-akf\\data\\video\\test1.mp4",
    "fps": 40.0,
    "segment_index": 0,
    "sample_index": 718,
    "start_frame_index": 708,
    "history_end_frame_index": 722,
    "target_end_frame_index": 737,
    "history_frame_indices": [
      708,
      709,
      710,
      711,
      712,
      713,
      714,
      715,
      716,
      717,
      718,
      719,
      720,
      721,
      722
    ],
    "target_frame_indices": [
      723,
      724,
      725,
      726,
      727,
      728,
      729,
      730,
      731,
      732,
      733,
      734,
      735,
      736,
      737
    ],
    "history_timestamps": [
      18.400000000000016,
      18.425000000000015,
      18.450000000000014,
      18.475000000000016,
      18.500000000000014,
      18.525000000000016,
      18.550000000000015,
      18.575000000000014,
      18.600000000000016,
      18.625000000000014,
      18.650000000000016,
      18.675000000000015,
      18.700000000000014,
      18.725000000000016,
      18.750000000000014
    ],
    "target_timestamps": [
      18.775000000000016,
      18.800000000000015,
      18.825000000000017,
      18.850000000000016,
      18.875000000000014,
      18.900000000000016,
      18.925000000000015,
      18.950000000000017,
      18.975000000000016,
      19.000000000000014,
      19.025000000000016,
      19.050000000000015,
      19.075000000000017,
      19.100000000000016,
      19.125000000000014
    ]
  }
}