{
  "input": [
    [
      0.6038094162940979,
      0.5594820976257324
    ],
    [
      0.6034907698631287,
      0.5592544078826904
    ],
    [
      0.6031734347343445,
      0.5590276122093201
    ],
    [
      0.6029255986213684,
      0.5588505864143372
    ],
    [
      0.6026480793952942,
      0.5587012767791748
    ],
    [
      0.6015656590461731,
      0.5593038201332092
    ],
    [
      0.6005464196205139,
      0.5598709583282471
    ],
    [
      0.6006469130516052,
      0.559809684753418
    ],
    [
      0.600749135017395,
      0.5597477555274963
    ]
  ],
  "target": [
    [
      0.6008737683296204,
      0.5596767067909241
    ],
    [
      0.6010493636131287,
      0.5595898628234863
    ],
    [
      0.6017460227012634,
      0.55934077501297
    ],
    [
      0.6024162173271179,
      0.5591002106666565
    ],
    [
      0.6028647422790527,
      0.5589299201965332
    ],
    [
      0.6032910346984863,
      0.5587773323059082
    ],
    [
      0.6035608649253845,
      0.5587485432624817
    ],
    [
      0.6038134694099426,
      0.5587409734725952
    ],
    [
      0.6039626002311707,
      0.5588613748550415
    ],
    [
      0.6041371822357178,
      0.5589732527732849
    ],
    [
      0.6044453978538513,
      0.5590404868125916
    ],
    [
      0.604750394821167,
      0.5591172575950623
    ],
    [
      0.6050406098365784,
      0.5592382550239563
    ],
    [
      0.605327308177948,
      0.5593698024749756
    ],
    [
      0.6055995225906372,
      0.5595446228981018
    ]
  ],
  "meta": {
    "video_name": "test2.mp4",
    "video_stem": "test2",
    "video_path": "E:\\desktop\\open\\lstm-akf\\data\\video\\test2.mp4",
    "fps": 40.0,
    "segment_index": 10,
    "sample_index": 4,
    "start_frame_index": 0,
    "history_end_frame_index": 8,
    "target_end_frame_index": 23,
    "history_frame_indices": [
      0,
      1,
      2,
      3,
      4,
      5,
      6,
      7,
      8
    ],
    "target_frame_indices": [
      9,
      10,
      11,
      12,
      13,
      14,
      15,
      16,
      17,
      18,
      19,
      20,
      21,
      22,
      23
    ],
    "history_timestamps": [
      24.529650547123193,
      24.55465054712319,
      24.57965054712319,
      24.60465054712319,
      24.629650547123187,
      24.654650547123186,
      24.679650547123185,
      24.704650547123183,
      24.729650547123182
    ],
    "target_timestamps": [
      24.75465054712318,
      24.77965054712318,
      24.804650547123178,
      24.829650547123176,
      24.854650547123175,
      24.879650547123173,
      24.904650547123172,
      24.92965054712317,
      24.95465054712317,
      24.979650547123168,
      25.004650547123166,
      25.029650547123165,
      25.054650547123163,
      25.079650547123162,
      25.10465054712316
    ]
  }
}