{
  "input": [
    [
      0.5145200490951538,
      0.7282080054283142
    ],
    [
      0.5286546349525452,
      0.727366030216217
    ],
    [
      0.5395691990852356,
      0.7273194193840027
    ],
    [
      0.5491628646850586,
      0.7257527112960815
    ],
    [
      0.5577904582023621,
      0.7231950163841248
    ],
    [
      0.5658071041107178,
      0.7201753258705139
    ],
    [
      0.5737418532371521,
      0.7171270251274109
    ],
    [
      0.5815309286117554,
      0.7126489281654358
    ],
    [
      0.5646647810935974,
      0.6998021006584167
    ],
    [
      0.4986339807510376,
      0.6716475486755371
    ],
    [
      0.4538505971431732,
      0.6559252142906189
    ],
    [
      0.4301231801509857,
      0.648122251033783
    ],
    [
      0.4228799641132355,
      0.6461846828460693
    ],
    [
      0.42754924297332764,
      0.6480585932731628
    ],
    [
      0.44179749488830566,
      0.6529631614685059
    ]
  ],
  "target": [
    [
      0.45603176951408386,
      0.656943678855896
    ],
    [
      0.46895554661750793,
      0.6607745289802551
    ],
    [
      0.4792722463607788,
      0.6652300357818604
    ],
    [
      0.48641905188560486,
      0.6664944291114807
    ],
    [
      0.4921934902667999,
      0.66706782579422
    ],
    [
      0.4969834089279175,
      0.667413592338562
    ],
    [
      0.501176655292511,
      0.6679951548576355
    ],
    [
      0.5058878660202026,
      0.6672115921974182
    ],
    [
      0.5106967091560364,
      0.6665651202201843
    ],
    [
      0.5157976150512695,
      0.6658117175102234
    ],
    [
      0.5213849544525146,
      0.6647074222564697
    ],
    [
      0.5268070101737976,
      0.6638391017913818
    ],
    [
      0.5322133898735046,
      0.6626269817352295
    ],
    [
      0.5373203754425049,
      0.6609933972358704
    ],
    [
      0.541844367980957,
      0.6588608026504517
    ]
  ],
  "meta": {
    "video_name": "test1.mp4",
    "video_stem": "test1",
    "video_path": "E:\\desktop\\open\\lstm-akf\\data\\video\\test1.mp4",
    "fps": 40.0,
    "segment_index": 0,
    "sample_index": 401,
    "start_frame_index": 391,
    "history_end_frame_index": 405,
    "target_end_frame_index": 420,
    "history_frame_indices": [
      391,
      392,
      393,
      394,
      395,
      396,
      397,
      398,
      399,
      400,
      401,
      402,
      403,
      404,
      405
    ],
    "target_frame_indices": [
      406,
      407,
      408,
      409,
      410,
      411,
      412,
      413,
      414,
      415,
      416,
      417,
      418,
      419,
      420
    ],
    "history_timestamps": [
      10.475000000000009,
      10.500000000000007,
      10.525000000000007,
      10.550000000000008,
      10.575000000000008,
      10.600000000000009,
      10.625000000000009,
      10.650000000000007,
      10.675000000000008,
      10.700000000000008,
      10.725000000000009,
      10.750000000000009,
      10.775000000000007,
      10.800000000000008,
      10.825000000000008
    ],
    "target_timestamps": [
      10.850000000000009,
      10.875000000000009,
      10.90000000000001,
      10.925000000000008,
      10.950000000000008,
      10.975000000000009,
      11.000000000000009,
      11.02500000000001,
      11.050000000000008,
      11.075000000000008,
      11.100000000000009,
      11.125000000000009,
      11.15000000000001,
      11.175000000000008,
      11.200000000000008
    ]
  }
}