{
  "input": [
    [
      0.790047287940979,
      0.6012880802154541
    ],
    [
      0.7909239530563354,
      0.60127192735672
    ],
    [
      0.7920116782188416,
      0.6011508107185364
    ],
    [
      0.7939243912696838,
      0.6010754704475403
    ],
    [
      0.7975140810012817,
      0.6010929942131042
    ],
    [
      0.800778329372406,
      0.601205587387085
    ],
    [
      0.8034314513206482,
      0.6014967560768127
    ],
    [
      0.8068456649780273,
      0.6014693975448608
    ],
    [
      0.8115819692611694,
      0.6008887887001038
    ],
    [
      0.8165220618247986,
      0.6003736257553101
    ],
    [
      0.8217901587486267,
      0.5999637842178345
    ],
    [
      0.8043853640556335,
      0.6023396253585815
    ],
    [
      0.7531052827835083,
      0.6088773608207703
    ],
    [
      0.7195333242416382,
      0.6131784319877625
    ],
    [
      0.7105408906936646,
      0.6143748760223389
    ]
  ],
  "target": [
    [
      0.7077257633209229,
      0.6151190400123596
    ],
    [
      0.7128833532333374,
      0.615279495716095
    ],
    [
      0.7201486229896545,
      0.6151153445243835
    ],
    [
      0.7299448847770691,
      0.6145614981651306
    ],
    [
      0.7409716248512268,
      0.6142225861549377
    ],
    [
      0.753373920917511,
      0.6141240000724792
    ],
    [
      0.7636285424232483,
      0.6140458583831787
    ],
    [
      0.7716477513313293,
      0.6139890551567078
    ],
    [
      0.7803450226783752,
      0.6140820980072021
    ],
    [
      0.7896994948387146,
      0.6143203973770142
    ],
    [
      0.7992947101593018,
      0.6142586469650269
    ],
    [
      0.80910724401474,
      0.6139261722564697
    ],
    [
      0.8187183737754822,
      0.6136903762817383
    ],
    [
      0.8281603455543518,
      0.6135359406471252
    ],
    [
      0.8388261795043945,
      0.6132674217224121
    ]
  ],
  "meta": {
    "video_name": "test2.mp4",
    "video_stem": "test2",
    "video_path": "E:\\desktop\\open\\lstm-akf\\data\\video\\test2.mp4",
    "fps": 40.0,
    "segment_index": 166,
    "sample_index": 378,
    "start_frame_index": 368,
    "history_end_frame_index": 382,
    "target_end_frame_index": 397,
    "history_frame_indices": [
      368,
      369,
      370,
      371,
      372,
      373,
      374,
      375,
      376,
      377,
      378,
      379,
      380,
      381,
      382
    ],
    "target_frame_indices": [
      383,
      384,
      385,
      386,
      387,
      388,
      389,
      390,
      391,
      392,
      393,
      394,
      395,
      396,
      397
    ],
    "history_timestamps": [
      398.15601443306224,
      398.1810144330622,
      398.2060144330622,
      398.23101443306217,
      398.25601443306215,
      398.2810144330621,
      398.3060144330621,
      398.3310144330621,
      398.35601443306206,
      398.38101443306203,
      398.406014433062,
      398.431014433062,
      398.45601443306197,
      398.48101443306194,
      398.5060144330619
    ],
    "target_timestamps": [
      398.5310144330619,
      398.5560144330619,
      398.58101443306185,
      398.60601443306183,
      398.6310144330618,
      398.6560144330618,
      398.68101443306176,
      398.70601443306174,
      398.7310144330617,
      398.7560144330617,
      398.78101443306167,
      398.80601443306165,
      398.8310144330616,
      398.8560144330616,
      398.8810144330616
    ]
  }
}