{
  "input": [
    [
      0.45809948444366455,
      0.5645321607589722
    ],
    [
      0.45940330624580383,
      0.5642601847648621
    ],
    [
      0.4616624712944031,
      0.5642996430397034
    ],
    [
      0.4646429121494293,
      0.5645742416381836
    ],
    [
      0.4670931398868561,
      0.564719557762146
    ],
    [
      0.46917128562927246,
      0.5647740364074707
    ],
    [
      0.4633404016494751,
      0.5640425682067871
    ],
    [
      0.4523545801639557,
      0.562798798084259
    ],
    [
      0.44570988416671753,
      0.562168300151825
    ],
    [
      0.4416898190975189,
      0.5619086623191833
    ],
    [
      0.4417019784450531,
      0.5613988637924194
    ],
    [
      0.44397222995758057,
      0.5607489347457886
    ],
    [
      0.44691765308380127,
      0.5603036880493164
    ],
    [
      0.4502127468585968,
      0.5599644780158997
    ],
    [
      0.4549368619918823,
      0.5600697994232178
    ]
  ],
  "target": [
    [
      0.4603439271450043,
      0.5603876113891602
    ],
    [
      0.4645291566848755,
      0.5604782104492188
    ],
    [
      0.46817681193351746,
      0.560468852519989
    ],
    [
      0.47301948070526123,
      0.5603124499320984
    ],
    [
      0.47834497690200806,
      0.5600966215133667
    ],
    [
      0.48231667280197144,
      0.5602569580078125
    ],
    [
      0.4857877790927887,
      0.5605564117431641
    ],
    [
      0.4797208309173584,
      0.5623401403427124
    ],
    [
      0.47043800354003906,
      0.5646242499351501
    ],
    [
      0.4664459228515625,
      0.565772533416748
    ],
    [
      0.464073121547699,
      0.5665732026100159
    ],
    [
      0.46844223141670227,
      0.566730260848999
    ],
    [
      0.47467467188835144,
      0.5667095184326172
    ],
    [
      0.47984579205513,
      0.5665556788444519
    ],
    [
      0.48475366830825806,
      0.566368818283081
    ]
  ]
}