{
  "input": [
    [
      0.569381594657898,
      0.5596445202827454
    ],
    [
      0.570743203163147,
      0.5591617226600647
    ],
    [
      0.5712036490440369,
      0.5590892434120178
    ],
    [
      0.5716506838798523,
      0.5589939951896667
    ],
    [
      0.571923017501831,
      0.5586017966270447
    ],
    [
      0.5721620917320251,
      0.5581972002983093
    ],
    [
      0.5720614790916443,
      0.557666540145874
    ],
    [
      0.5719209909439087,
      0.5571210384368896
    ],
    [
      0.5714473724365234,
      0.5564518570899963
    ],
    [
      0.5710642337799072,
      0.5560713410377502
    ],
    [
      0.5713164806365967,
      0.5577179789543152
    ],
    [
      0.5714259743690491,
      0.559144914150238
    ],
    [
      0.5706765055656433,
      0.559248685836792
    ],
    [
      0.5698803663253784,
      0.559359610080719
    ],
    [
      0.5688397884368896,
      0.5595077872276306
    ]
  ],
  "target": [
    [
      0.5677474141120911,
      0.5596638917922974
    ],
    [
      0.5664157271385193,
      0.5598564147949219
    ],
    [
      0.5650269985198975,
      0.5600576400756836
    ],
    [
      0.5634042024612427,
      0.5602945685386658
    ],
    [
      0.5617192387580872,
      0.5605409741401672
    ],
    [
      0.5598053336143494,
      0.5608222484588623
    ],
    [
      0.5579097270965576,
      0.5607143044471741
    ],
    [
      0.556074857711792,
      0.5593140125274658
    ],
    [
      0.5541048049926758,
      0.5582167506217957
    ],
    [
      0.5517276525497437,
      0.5580320954322815
    ],
    [
      0.5492771863937378,
      0.5578383803367615
    ],
    [
      0.5466257333755493,
      0.5576198697090149
    ],
    [
      0.5438961386680603,
      0.5573916435241699
    ],
    [
      0.5409703254699707,
      0.5571392178535461
    ],
    [
      0.5379615426063538,
      0.5568764805793762
    ]
  ],
  "meta": {
    "video_name": "test2.mp4",
    "video_stem": "test2",
    "video_path": "E:\\desktop\\open\\lstm-akf\\data\\video\\test2.mp4",
    "fps": 40.0,
    "segment_index": 27,
    "sample_index": 15,
    "start_frame_index": 5,
    "history_end_frame_index": 19,
    "target_end_frame_index": 34,
    "history_frame_indices": [
      5,
      6,
      7,
      8,
      9,
      10,
      11,
      12,
      13,
      14,
      15,
      16,
      17,
      18,
      19
    ],
    "target_frame_indices": [
      20,
      21,
      22,
      23,
      24,
      25,
      26,
      27,
      28,
      29,
      30,
      31,
      32,
      33,
      34
    ],
    "history_timestamps": [
      62.91099443071734,
      62.93599443071734,
      62.960994430717335,
      62.985994430717334,
      63.01099443071733,
      63.03599443071733,
      63.06099443071733,
      63.08599443071733,
      63.11099443071733,
      63.135994430717325,
      63.160994430717324,
      63.18599443071732,
      63.21099443071732,
      63.23599443071732,
      63.26099443071732
    ],
    "target_timestamps": [
      63.28599443071732,
      63.310994430717315,
      63.335994430717314,
      63.36099443071731,
      63.38599443071731,
      63.41099443071731,
      63.43599443071731,
      63.46099443071731,
      63.485994430717305,
      63.510994430717304,
      63.5359944307173,
      63.5609944307173,
      63.5859944307173,
      63.6109944307173,
      63.6359944307173
    ]
  }
}