{
  "input": [
    [
      0.7214595079421997,
      0.6031426787376404
    ],
    [
      0.7347755432128906,
      0.6043469309806824
    ],
    [
      0.7477721571922302,
      0.6054880023002625
    ],
    [
      0.72806316614151,
      0.6111699938774109
    ],
    [
      0.706298291683197,
      0.6171373724937439
    ],
    [
      0.6953580975532532,
      0.6202355623245239
    ],
    [
      0.6848846673965454,
      0.623210072517395
    ],
    [
      0.6933557391166687,
      0.6249433755874634
    ],
    [
      0.7022833228111267,
      0.6266467571258545
    ],
    [
      0.7151761651039124,
      0.6275759339332581
    ],
    [
      0.728198766708374,
      0.6285062432289124
    ],
    [
      0.749966561794281,
      0.6298950910568237
    ],
    [
      0.7715299725532532,
      0.6312461495399475
    ],
    [
      0.7864581346511841,
      0.6313706636428833
    ],
    [
      0.8015434741973877,
      0.6314668655395508
    ]
  ],
  "target": [
    [
      0.8197683095932007,
      0.6309968829154968
    ],
    [
      0.8348881006240845,
      0.6297752857208252
    ],
    [
      0.8057053089141846,
      0.6178296208381653
    ],
    [
      0.7774574160575867,
      0.6063328385353088
    ],
    [
      0.7594975829124451,
      0.5997754335403442
    ],
    [
      0.7429734468460083,
      0.5937488079071045
    ],
    [
      0.7392127513885498,
      0.5924411416053772
    ],
    [
      0.7367351055145264,
      0.5914215445518494
    ],
    [
      0.7437641620635986,
      0.5925371646881104
    ],
    [
      0.7510553598403931,
      0.5937606692314148
    ],
    [
      0.7600014805793762,
      0.5956658720970154
    ],
    [
      0.7686883211135864,
      0.5974676012992859
    ],
    [
      0.775956392288208,
      0.5987033843994141
    ],
    [
      0.782876193523407,
      0.5997715592384338
    ],
    [
      0.7881233096122742,
      0.6000344753265381
    ]
  ],
  "meta": {
    "video_name": "test2.mp4",
    "video_stem": "test2",
    "video_path": "E:\\desktop\\open\\lstm-akf\\data\\video\\test2.mp4",
    "fps": 40.0,
    "segment_index": 166,
    "sample_index": 224,
    "start_frame_index": 214,
    "history_end_frame_index": 228,
    "target_end_frame_index": 243,
    "history_frame_indices": [
      214,
      215,
      216,
      217,
      218,
      219,
      220,
      221,
      222,
      223,
      224,
      225,
      226,
      227,
      228
    ],
    "target_frame_indices": [
      229,
      230,
      231,
      232,
      233,
      234,
      235,
      236,
      237,
      238,
      239,
      240,
      241,
      242,
      243
    ],
    "history_timestamps": [
      394.30601443306574,
      394.3310144330657,
      394.3560144330657,
      394.3810144330657,
      394.40601443306565,
      394.4310144330656,
      394.4560144330656,
      394.4810144330656,
      394.50601443306556,
      394.53101443306554,
      394.5560144330655,
      394.5810144330655,
      394.60601443306547,
      394.63101443306545,
      394.6560144330654
    ],
    "target_timestamps": [
      394.6810144330654,
      394.7060144330654,
      394.73101443306535,
      394.75601443306533,
      394.7810144330653,
      394.8060144330653,
      394.83101443306526,
      394.85601443306524,
      394.8810144330652,
      394.9060144330652,
      394.9310144330652,
      394.95601443306515,
      394.9810144330651,
      395.0060144330651,
      395.0310144330651
    ]
  }
}