{
  "input": [
    [
      0.4786861836910248,
      0.6842705607414246
    ],
    [
      0.48882588744163513,
      0.68408203125
    ],
    [
      0.4974881708621979,
      0.6835227012634277
    ],
    [
      0.5058982968330383,
      0.68287193775177
    ],
    [
      0.5142249464988708,
      0.6821160316467285
    ],
    [
      0.5226369500160217,
      0.6812413930892944
    ],
    [
      0.5316997766494751,
      0.679546058177948
    ],
    [
      0.5406623482704163,
      0.6783285140991211
    ],
    [
      0.5495539903640747,
      0.6765079498291016
    ],
    [
      0.5584040880203247,
      0.6730035543441772
    ],
    [
      0.48945412039756775,
      0.685356080532074
    ],
    [
      0.43863874673843384,
      0.6973937749862671
    ],
    [
      0.4086137115955353,
      0.707639753818512
    ],
    [
      0.40203481912612915,
      0.7146172523498535
    ],
    [
      0.41594234108924866,
      0.7179492115974426
    ]
  ],
  "target": [
    [
      0.4344578683376312,
      0.7193129658699036
    ],
    [
      0.4545830488204956,
      0.7189785838127136
    ],
    [
      0.4733194410800934,
      0.7172161340713501
    ],
    [
      0.4878416955471039,
      0.7177063822746277
    ],
    [
      0.5004313588142395,
      0.7174853682518005
    ],
    [
      0.5116448998451233,
      0.7167456746101379
    ],
    [
      0.5220385193824768,
      0.7156798243522644
    ],
    [
      0.5314445495605469,
      0.7128117680549622
    ],
    [
      0.5411033034324646,
      0.7100394368171692
    ],
    [
      0.5505539178848267,
      0.7070671916007996
    ],
    [
      0.5593354105949402,
      0.7035992741584778
    ],
    [
      0.5678834319114685,
      0.7003270387649536
    ],
    [
      0.5264932513237,
      0.6801427602767944
    ],
    [
      0.4681641161441803,
      0.65614914894104
    ],
    [
      0.425895094871521,
      0.641448974609375
    ]
  ]
}