{
  "input": [
    [
      0.4211341142654419,
      0.6492951512336731
    ],
    [
      0.42985716462135315,
      0.6528869271278381
    ],
    [
      0.4432147443294525,
      0.6578688621520996
    ],
    [
      0.45521554350852966,
      0.6619263887405396
    ],
    [
      0.4651819169521332,
      0.6651162505149841
    ],
    [
      0.4733734428882599,
      0.6672070622444153
    ],
    [
      0.48004966974258423,
      0.6679675579071045
    ],
    [
      0.48536503314971924,
      0.6670143604278564
    ],
    [
      0.490327924489975,
      0.666143000125885
    ],
    [
      0.49533554911613464,
      0.6654898524284363
    ],
    [
      0.5007850527763367,
      0.6651912927627563
    ],
    [
      0.5066745281219482,
      0.6651282906532288
    ],
    [
      0.5126376152038574,
      0.6647374629974365
    ],
    [
      0.5186804533004761,
      0.6637312173843384
    ],
    [
      0.5248092412948608,
      0.6618217825889587
    ]
  ],
  "target": [
    [
      0.5296727418899536,
      0.6602108478546143
    ],
    [
      0.5344663858413696,
      0.6589492559432983
    ],
    [
      0.5141354203224182,
      0.6643403768539429
    ],
    [
      0.4436251223087311,
      0.6826876997947693
    ],
    [
      0.398208349943161,
      0.6998050212860107
    ],
    [
      0.3762293756008148,
      0.7121553421020508
    ],
    [
      0.37283915281295776,
      0.7203558087348938
    ],
    [
      0.38318854570388794,
      0.725023627281189
    ],
    [
      0.40409231185913086,
      0.7261001467704773
    ],
    [
      0.4242895543575287,
      0.7268136143684387
    ],
    [
      0.44256457686424255,
      0.7275663018226624
    ],
    [
      0.4577016234397888,
      0.7287606000900269
    ],
    [
      0.46974796056747437,
      0.7295093536376953
    ],
    [
      0.4810091555118561,
      0.7302747964859009
    ],
    [
      0.4917149245738983,
      0.7308816313743591
    ]
  ]
}