{
  "input": [
    [
      0.5485374927520752,
      0.5615704655647278
    ],
    [
      0.5501400828361511,
      0.5615363121032715
    ],
    [
      0.552345871925354,
      0.5617859959602356
    ],
    [
      0.5544865131378174,
      0.5620192885398865
    ],
    [
      0.5559359192848206,
      0.5620793700218201
    ],
    [
      0.557343065738678,
      0.5621615052223206
    ],
    [
      0.5583857893943787,
      0.5624337196350098
    ],
    [
      0.559374213218689,
      0.5626884698867798
    ],
    [
      0.5599706172943115,
      0.5628178119659424
    ],
    [
      0.5605453252792358,
      0.5629391670227051
    ],
    [
      0.5609862208366394,
      0.5630112886428833
    ],
    [
      0.5613642930984497,
      0.5630900263786316
    ],
    [
      0.5614060163497925,
      0.5632043480873108
    ],
    [
      0.5616324543952942,
      0.5632806420326233
    ],
    [
      0.5627284646034241,
      0.5631778240203857
    ]
  ],
  "target": [
    [
      0.5636902451515198,
      0.5630915760993958
    ],
    [
      0.5640910267829895,
      0.5630747675895691
    ],
    [
      0.564530611038208,
      0.5630638599395752
    ],
    [
      0.5651156306266785,
      0.563075065612793
    ],
    [
      0.5656608939170837,
      0.5630552768707275
    ],
    [
      0.5660720467567444,
      0.5629309415817261
    ],
    [
      0.5664756894111633,
      0.562847375869751
    ],
    [
      0.5668566226959229,
      0.5628883242607117
    ],
    [
      0.5672405958175659,
      0.5629340410232544
    ],
    [
      0.5676332116127014,
      0.5629928708076477
    ],
    [
      0.5681601762771606,
      0.5630167126655579
    ],
    [
      0.5690292716026306,
      0.5629515051841736
    ],
    [
      0.5698795318603516,
      0.5628764033317566
    ],
    [
      0.5706861019134521,
      0.562778115272522
    ],
    [
      0.5718032121658325,
      0.5626887083053589
    ]
  ]
}