{
  "input": [
    [
      0.5568804144859314,
      0.5593996644020081
    ],
    [
      0.5564738512039185,
      0.5592839121818542
    ],
    [
      0.556090772151947,
      0.5591921210289001
    ],
    [
      0.5557605624198914,
      0.5591544508934021
    ],
    [
      0.5554009079933167,
      0.5591772198677063
    ],
    [
      0.5549800395965576,
      0.5593256950378418
    ],
    [
      0.5546193718910217,
      0.5594534873962402
    ],
    [
      0.5543745160102844,
      0.5595417022705078
    ],
    [
      0.5539778470993042,
      0.5594699382781982
    ],
    [
      0.5533117651939392,
      0.5591140389442444
    ],
    [
      0.5527313947677612,
      0.5588324666023254
    ],
    [
      0.5522922873497009,
      0.5586731433868408
    ],
    [
      0.5517436861991882,
      0.5586740374565125
    ],
    [
      0.5510280132293701,
      0.5589194297790527
    ],
    [
      0.5501205325126648,
      0.5589181184768677
    ]
  ],
  "target": [
    [
      0.5489411354064941,
      0.5585669875144958
    ],
    [
      0.5478743314743042,
      0.5582409501075745
    ],
    [
      0.5469558835029602,
      0.5579479336738586
    ],
    [
      0.5459998250007629,
      0.5577661991119385
    ],
    [
      0.5449976325035095,
      0.5577208399772644
    ],
    [
      0.5436155796051025,
      0.5576707124710083
    ],
    [
      0.5417999625205994,
      0.5576151609420776
    ],
    [
      0.5401923656463623,
      0.5577696561813354
    ],
    [
      0.5388057231903076,
      0.5581473708152771
    ],
    [
      0.5368897318840027,
      0.5582570433616638
    ],
    [
      0.5344499945640564,
      0.5581015348434448
    ],
    [
      0.5322985649108887,
      0.5579229593276978
    ],
    [
      0.5304126739501953,
      0.5577231049537659
    ],
    [
      0.5281359553337097,
      0.5575628876686096
    ],
    [
      0.5255240201950073,
      0.5574366450309753
    ]
  ]
}