{
  "input": [
    [
      0.517361581325531,
      0.7371062636375427
    ],
    [
      0.4523897171020508,
      0.7117160558700562
    ],
    [
      0.4064141809940338,
      0.6984228491783142
    ],
    [
      0.3841474652290344,
      0.6932843923568726
    ],
    [
      0.38106462359428406,
      0.693760097026825
    ],
    [
      0.392640620470047,
      0.6973094344139099
    ],
    [
      0.41433650255203247,
      0.7030355334281921
    ],
    [
      0.43584468960762024,
      0.7080888748168945
    ],
    [
      0.45586133003234863,
      0.7120970487594604
    ],
    [
      0.47308260202407837,
      0.7146875858306885
    ],
    [
      0.48649486899375916,
      0.7155296206474304
    ],
    [
      0.4985472559928894,
      0.7150209546089172
    ],
    [
      0.5093748569488525,
      0.7136895060539246
    ],
    [
      0.519112765789032,
      0.7120633721351624
    ],
    [
      0.5295522809028625,
      0.7104137539863586
    ]
  ],
  "target": [
    [
      0.5403664112091064,
      0.7086452841758728
    ],
    [
      0.5515281558036804,
      0.7066742181777954
    ],
    [
      0.5630101561546326,
      0.704416811466217
    ],
    [
      0.5729663968086243,
      0.7021807432174683
    ],
    [
      0.5286898016929626,
      0.7115696668624878
    ],
    [
      0.4669877588748932,
      0.7266979813575745
    ],
    [
      0.42466774582862854,
      0.7416801452636719
    ],
    [
      0.4191870093345642,
      0.7488009929656982
    ],
    [
      0.4268253743648529,
      0.7516576051712036
    ],
    [
      0.4437713623046875,
      0.7520524263381958
    ],
    [
      0.46621355414390564,
      0.7517877221107483
    ],
    [
      0.48710644245147705,
      0.7508659362792969
    ],
    [
      0.5051052570343018,
      0.7505937218666077
    ],
    [
      0.5205070376396179,
      0.7501285672187805
    ],
    [
      0.5336087346076965,
      0.7486281394958496
    ]
  ]
}