{
  "input": [
    [
      0.5031520128250122,
      0.5685730576515198
    ],
    [
      0.5046219229698181,
      0.5682435631752014
    ],
    [
      0.5062435269355774,
      0.5680456757545471
    ],
    [
      0.5078860521316528,
      0.5678659081459045
    ],
    [
      0.5104869604110718,
      0.5677582025527954
    ],
    [
      0.5131983757019043,
      0.5676587224006653
    ],
    [
      0.5155723690986633,
      0.567499041557312
    ],
    [
      0.5179147720336914,
      0.5673337578773499
    ],
    [
      0.5172874927520752,
      0.5673852562904358
    ],
    [
      0.5164444446563721,
      0.5674525499343872
    ],
    [
      0.5165020823478699,
      0.567357063293457
    ],
    [
      0.5166069865226746,
      0.5672529935836792
    ],
    [
      0.516644299030304,
      0.5671200752258301
    ],
    [
      0.5166793465614319,
      0.5669862031936646
    ],
    [
      0.5166006684303284,
      0.5668885111808777
    ]
  ],
  "target": [
    [
      0.5165199637413025,
      0.5667914748191833
    ],
    [
      0.5163407921791077,
      0.5667333006858826
    ],
    [
      0.516154408454895,
      0.5666763186454773
    ],
    [
      0.5156366229057312,
      0.5666738152503967
    ],
    [
      0.5151227712631226,
      0.5666642189025879
    ],
    [
      0.5147067308425903,
      0.5664796829223633
    ],
    [
      0.5142747759819031,
      0.5663042664527893
    ],
    [
      0.5135806202888489,
      0.5662792325019836
    ],
    [
      0.5129036903381348,
      0.5662577152252197
    ],
    [
      0.512440025806427,
      0.566279411315918
    ],
    [
      0.5119370222091675,
      0.5662683844566345
    ],
    [
      0.5110477805137634,
      0.5659367442131042
    ],
    [
      0.5101933479309082,
      0.56562340259552
    ],
    [
      0.5096196532249451,
      0.5654579997062683
    ],
    [
      0.5090252161026001,
      0.5653000473976135
    ]
  ]
}