{
  "input": [
    [
      0.47302451729774475,
      0.556606650352478
    ],
    [
      0.4684872329235077,
      0.5563145279884338
    ],
    [
      0.4660950303077698,
      0.5562947392463684
    ],
    [
      0.4636874794960022,
      0.5562716126441956
    ],
    [
      0.46115177869796753,
      0.556220531463623
    ],
    [
      0.45859816670417786,
      0.5561655759811401
    ],
    [
      0.45591896772384644,
      0.5560832023620605
    ],
    [
      0.4554956257343292,
      0.5562857389450073
    ],
    [
      0.468652606010437,
      0.5582033395767212
    ],
    [
      0.48032325506210327,
      0.5599299073219299
    ],
    [
      0.4842052161693573,
      0.5606554746627808
    ],
    [
      0.4860132038593292,
      0.5610865354537964
    ],
    [
      0.478247731924057,
      0.5601580142974854
    ],
    [
      0.471603661775589,
      0.5593663454055786
    ],
    [
      0.46956363320350647,
      0.5591367483139038
    ]
  ],
  "target": [
    [
      0.467788964509964,
      0.5590044856071472
    ],
    [
      0.4669908285140991,
      0.5592303276062012
    ],
    [
      0.46633726358413696,
      0.5594140887260437
    ],
    [
      0.46616366505622864,
      0.5594578385353088
    ],
    [
      0.4660736322402954,
      0.5594923496246338
    ],
    [
      0.46623530983924866,
      0.5594987869262695
    ],
    [
      0.46658003330230713,
      0.5594959855079651
    ],
    [
      0.46742701530456543,
      0.5594675540924072
    ],
    [
      0.46816518902778625,
      0.5594419240951538
    ],
    [
      0.4686303436756134,
      0.5594232082366943
    ],
    [
      0.46924248337745667,
      0.5595744252204895
    ],
    [
      0.47019317746162415,
      0.5601168870925903
    ],
    [
      0.4706248342990875,
      0.5604877471923828
    ],
    [
      0.46995609998703003,
      0.5604946613311768
    ],
    [
      0.4694785475730896,
      0.5605652332305908
    ]
  ]
}