{
  "input": [
    [
      0.8853224515914917,
      0.6320332288742065
    ],
    [
      0.8950176239013672,
      0.6311175227165222
    ],
    [
      0.9018720984458923,
      0.6304745674133301
    ],
    [
      0.8854258060455322,
      0.6236846446990967
    ],
    [
      0.8469048142433167,
      0.6110711097717285
    ],
    [
      0.8169317841529846,
      0.6017234325408936
    ],
    [
      0.7944989800453186,
      0.5952565670013428
    ],
    [
      0.7811736464500427,
      0.5915316939353943
    ],
    [
      0.7753262519836426,
      0.5900581479072571
    ],
    [
      0.7742578983306885,
      0.589966356754303
    ],
    [
      0.7768401503562927,
      0.5909299850463867
    ],
    [
      0.7812308073043823,
      0.5921428203582764
    ],
    [
      0.7869057655334473,
      0.5935325622558594
    ],
    [
      0.7919006943702698,
      0.5949780941009521
    ],
    [
      0.7964470982551575,
      0.5964603424072266
    ]
  ],
  "target": [
    [
      0.7997652888298035,
      0.5970693230628967
    ],
    [
      0.8023316860198975,
      0.5971438884735107
    ],
    [
      0.8037282824516296,
      0.5970093011856079
    ],
    [
      0.8044615983963013,
      0.5967560410499573
    ],
    [
      0.8044965267181396,
      0.5960144400596619
    ],
    [
      0.804165244102478,
      0.5950167775154114
    ],
    [
      0.7778046131134033,
      0.5981054306030273
    ],
    [
      0.738840639591217,
      0.6031727194786072
    ],
    [
      0.7124724388122559,
      0.6069003939628601
    ],
    [
      0.6917216181755066,
      0.6100306510925293
    ],
    [
      0.68221515417099,
      0.6120932102203369
    ],
    [
      0.6773152947425842,
      0.6137183904647827
    ],
    [
      0.6802932024002075,
      0.615105926990509
    ],
    [
      0.6862265467643738,
      0.6164043545722961
    ],
    [
      0.694247841835022,
      0.6175975799560547
    ]
  ],
  "meta": {
    "video_name": "test2.mp4",
    "video_stem": "test2",
    "video_path": "E:\\desktop\\open\\lstm-akf\\data\\video\\test2.mp4",
    "fps": 40.0,
    "segment_index": 166,
    "sample_index": 176,
    "start_frame_index": 166,
    "history_end_frame_index": 180,
    "target_end_frame_index": 195,
    "history_frame_indices": [
      166,
      167,
      168,
      169,
      170,
      171,
      172,
      173,
      174,
      175,
      176,
      177,
      178,
      179,
      180
    ],
    "target_frame_indices": [
      181,
      182,
      183,
      184,
      185,
      186,
      187,
      188,
      189,
      190,
      191,
      192,
      193,
      194,
      195
    ],
    "history_timestamps": [
      393.10601443306683,
      393.1310144330668,
      393.1560144330668,
      393.18101443306676,
      393.20601443306674,
      393.2310144330667,
      393.2560144330667,
      393.2810144330667,
      393.30601443306665,
      393.3310144330666,
      393.3560144330666,
      393.3810144330666,
      393.40601443306656,
      393.43101443306654,
      393.4560144330665
    ],
    "target_timestamps": [
      393.4810144330665,
      393.50601443306647,
      393.53101443306645,
      393.5560144330664,
      393.5810144330664,
      393.6060144330664,
      393.63101443306635,
      393.65601443306633,
      393.6810144330663,
      393.7060144330663,
      393.73101443306626,
      393.75601443306624,
      393.7810144330662,
      393.8060144330662,
      393.8310144330662
    ]
  }
}