{
  "input": [
    [
      0.5374463796615601,
      0.5639298558235168
    ],
    [
      0.5375495553016663,
      0.5640503168106079
    ],
    [
      0.5376761555671692,
      0.5641636252403259
    ],
    [
      0.5379674434661865,
      0.564227283000946
    ],
    [
      0.5382636189460754,
      0.5642735958099365
    ],
    [
      0.5385892987251282,
      0.5642156600952148
    ],
    [
      0.5389576554298401,
      0.564186155796051
    ],
    [
      0.5395492315292358,
      0.5643061995506287
    ],
    [
      0.5402349233627319,
      0.5644552707672119
    ],
    [
      0.5413550138473511,
      0.5647382140159607
    ],
    [
      0.5424340963363647,
      0.5650033354759216
    ],
    [
      0.543345034122467,
      0.5651947855949402
    ],
    [
      0.5443429350852966,
      0.5653409361839294
    ],
    [
      0.5456611514091492,
      0.5653203129768372
    ],
    [
      0.5468265414237976,
      0.5652787089347839
    ]
  ],
  "target": [
    [
      0.5474847555160522,
      0.5651676058769226
    ],
    [
      0.5480785369873047,
      0.565133273601532
    ],
    [
      0.5484782457351685,
      0.5653299689292908
    ],
    [
      0.5487707853317261,
      0.5654888153076172
    ],
    [
      0.5487690567970276,
      0.5655436515808105
    ],
    [
      0.5485911965370178,
      0.5655895471572876
    ],
    [
      0.5479713678359985,
      0.5656128525733948
    ],
    [
      0.5473705530166626,
      0.5656765699386597
    ],
    [
      0.5468134880065918,
      0.5658330917358398
    ],
    [
      0.5462976694107056,
      0.5659698247909546
    ],
    [
      0.5458692312240601,
      0.5660643577575684
    ],
    [
      0.5455664992332458,
      0.566123366355896
    ],
    [
      0.5455096960067749,
      0.5661129355430603
    ],
    [
      0.545551598072052,
      0.5660681128501892
    ],
    [
      0.5457720160484314,
      0.5659609436988831
    ]
  ]
}