{
  "input": [
    [
      0.45712199807167053,
      0.6596071720123291
    ],
    [
      0.47020789980888367,
      0.6642129421234131
    ],
    [
      0.4806270897388458,
      0.6684575080871582
    ],
    [
      0.4882594048976898,
      0.6697931289672852
    ],
    [
      0.4943675100803375,
      0.6704630255699158
    ],
    [
      0.4992455840110779,
      0.6706830263137817
    ],
    [
      0.5031878352165222,
      0.6706689596176147
    ],
    [
      0.5073766112327576,
      0.6701623797416687
    ],
    [
      0.5120406150817871,
      0.6699126958847046
    ],
    [
      0.5170544981956482,
      0.6694351434707642
    ],
    [
      0.5222929120063782,
      0.6682447791099548
    ],
    [
      0.5274363160133362,
      0.6663693189620972
    ],
    [
      0.5326876640319824,
      0.6656460165977478
    ],
    [
      0.5378527045249939,
      0.6645610332489014
    ],
    [
      0.5427373647689819,
      0.6616004705429077
    ]
  ],
  "target": [
    [
      0.4741283059120178,
      0.6787596344947815
    ],
    [
      0.42208483815193176,
      0.6953038573265076
    ],
    [
      0.38997897505760193,
      0.7091838717460632
    ],
    [
      0.3811827301979065,
      0.7183505296707153
    ],
    [
      0.3924190104007721,
      0.7229030728340149
    ],
    [
      0.4096858501434326,
      0.7260229587554932
    ],
    [
      0.42959779500961304,
      0.7280218005180359
    ],
    [
      0.44876933097839355,
      0.7292113304138184
    ],
    [
      0.46358612179756165,
      0.731378436088562
    ],
    [
      0.4766487777233124,
      0.7333722114562988
    ],
    [
      0.48855918645858765,
      0.7348813414573669
    ],
    [
      0.49991917610168457,
      0.7355945706367493
    ],
    [
      0.510829746723175,
      0.7363912463188171
    ],
    [
      0.5218085646629333,
      0.7366995215415955
    ],
    [
      0.5327310562133789,
      0.7362814545631409
    ]
  ],
  "meta": {
    "video_name": "test1.mp4",
    "video_stem": "test1",
    "video_path": "E:\\desktop\\open\\lstm-akf\\data\\video\\test1.mp4",
    "fps": 40.0,
    "segment_index": 0,
    "sample_index": 340,
    "start_frame_index": 330,
    "history_end_frame_index": 344,
    "target_end_frame_index": 359,
    "history_frame_indices": [
      330,
      331,
      332,
      333,
      334,
      335,
      336,
      337,
      338,
      339,
      340,
      341,
      342,
      343,
      344
    ],
    "target_frame_indices": [
      345,
      346,
      347,
      348,
      349,
      350,
      351,
      352,
      353,
      354,
      355,
      356,
      357,
      358,
      359
    ],
    "history_timestamps": [
      8.950000000000006,
      8.975000000000007,
      9.000000000000007,
      9.025000000000007,
      9.050000000000006,
      9.075000000000006,
      9.100000000000007,
      9.125000000000007,
      9.150000000000007,
      9.175000000000006,
      9.200000000000006,
      9.225000000000007,
      9.250000000000007,
      9.275000000000007,
      9.300000000000008
    ],
    "target_timestamps": [
      9.325000000000006,
      9.350000000000007,
      9.375000000000007,
      9.400000000000007,
      9.425000000000008,
      9.450000000000006,
      9.475000000000007,
      9.500000000000007,
      9.525000000000007,
      9.550000000000008,
      9.575000000000006,
      9.600000000000007,
      9.625000000000007,
      9.650000000000007,
      9.675000000000008
    ]
  }
}