{
  "input": [
    [
      0.5823595523834229,
      0.5544330477714539
    ],
    [
      0.5804781913757324,
      0.5540101528167725
    ],
    [
      0.585701048374176,
      0.5576310157775879
    ],
    [
      0.5900460481643677,
      0.5607041120529175
    ],
    [
      0.5891065001487732,
      0.5604790449142456
    ],
    [
      0.5881656408309937,
      0.5602498650550842
    ],
    [
      0.5872180461883545,
      0.559999406337738
    ],
    [
      0.5862669944763184,
      0.5597333312034607
    ],
    [
      0.5853002667427063,
      0.5593952536582947
    ],
    [
      0.5840148329734802,
      0.5592579245567322
    ],
    [
      0.5814212560653687,
      0.5599449276924133
    ],
    [
      0.5789852142333984,
      0.5605013370513916
    ],
    [
      0.577129065990448,
      0.5605771541595459
    ],
    [
      0.5752286314964294,
      0.5606602430343628
    ],
    [
      0.5731813311576843,
      0.5607674717903137
    ]
  ],
  "target": [
    [
      0.5715781450271606,
      0.5607035160064697
    ],
    [
      0.5713123679161072,
      0.5601239800453186
    ],
    [
      0.5707533359527588,
      0.5596410036087036
    ],
    [
      0.5693897604942322,
      0.55942302942276
    ],
    [
      0.5678930878639221,
      0.559353232383728
    ],
    [
      0.5660624504089355,
      0.5596553683280945
    ],
    [
      0.5642840266227722,
      0.5598922967910767
    ],
    [
      0.5626260042190552,
      0.5599789619445801
    ],
    [
      0.5609495639801025,
      0.5600813031196594
    ],
    [
      0.559234082698822,
      0.5602170825004578
    ],
    [
      0.5574991703033447,
      0.5603694915771484
    ],
    [
      0.555726170539856,
      0.5605543851852417
    ],
    [
      0.5539327263832092,
      0.5607568025588989
    ],
    [
      0.552102267742157,
      0.5609908103942871
    ],
    [
      0.5502502918243408,
      0.5612432360649109
    ]
  ],
  "meta": {
    "video_name": "test2.mp4",
    "video_stem": "test2",
    "video_path": "E:\\desktop\\open\\lstm-akf\\data\\video\\test2.mp4",
    "fps": 40.0,
    "segment_index": 40,
    "sample_index": 23,
    "start_frame_index": 13,
    "history_end_frame_index": 27,
    "target_end_frame_index": 42,
    "history_frame_indices": [
      13,
      14,
      15,
      16,
      17,
      18,
      19,
      20,
      21,
      22,
      23,
      24,
      25,
      26,
      27
    ],
    "target_frame_indices": [
      28,
      29,
      30,
      31,
      32,
      33,
      34,
      35,
      36,
      37,
      38,
      39,
      40,
      41,
      42
    ],
    "history_timestamps": [
      102.55665470447512,
      102.58165470447513,
      102.60665470447513,
      102.63165470447514,
      102.65665470447514,
      102.68165470447515,
      102.70665470447516,
      102.73165470447516,
      102.75665470447517,
      102.78165470447517,
      102.80665470447518,
      102.83165470447518,
      102.85665470447519,
      102.8816547044752,
      102.9066547044752
    ],
    "target_timestamps": [
      102.9316547044752,
      102.95665470447521,
      102.98165470447522,
      103.00665470447522,
      103.03165470447523,
      103.05665470447524,
      103.08165470447524,
      103.10665470447525,
      103.13165470447525,
      103.15665470447526,
      103.18165470447526,
      103.20665470447527,
      103.23165470447528,
      103.25665470447528,
      103.28165470447529
    ]
  }
}