{
  "input": [
    [
      0.7088225483894348,
      0.6146491169929504
    ],
    [
      0.6964550614356995,
      0.6180823445320129
    ],
    [
      0.6958600878715515,
      0.6202177405357361
    ],
    [
      0.6987592577934265,
      0.622514545917511
    ],
    [
      0.7115330100059509,
      0.625267505645752
    ],
    [
      0.7244511246681213,
      0.6274394392967224
    ],
    [
      0.7377417087554932,
      0.6281112432479858
    ],
    [
      0.751629650592804,
      0.6283985376358032
    ],
    [
      0.7669316530227661,
      0.6277756094932556
    ],
    [
      0.7804665565490723,
      0.6270909309387207
    ],
    [
      0.7901550531387329,
      0.6262718439102173
    ],
    [
      0.7862206101417542,
      0.6224393844604492
    ],
    [
      0.7549488544464111,
      0.6125600337982178
    ],
    [
      0.7285521626472473,
      0.6047099828720093
    ],
    [
      0.7111936211585999,
      0.6006220579147339
    ]
  ],
  "target": [
    [
      0.7001810073852539,
      0.5979762077331543
    ],
    [
      0.7000575661659241,
      0.597804605960846
    ],
    [
      0.7025752663612366,
      0.598121166229248
    ],
    [
      0.7092940807342529,
      0.5992141962051392
    ],
    [
      0.7187287211418152,
      0.6005147695541382
    ],
    [
      0.7321728467941284,
      0.6021217703819275
    ],
    [
      0.7444254755973816,
      0.6034559607505798
    ],
    [
      0.7550435662269592,
      0.6044158935546875
    ],
    [
      0.7663857340812683,
      0.6050134897232056
    ],
    [
      0.7786517143249512,
      0.6051487922668457
    ],
    [
      0.7888683676719666,
      0.6053518056869507
    ],
    [
      0.7966524362564087,
      0.6056351661682129
    ],
    [
      0.8054489493370056,
      0.605553150177002
    ],
    [
      0.8153642416000366,
      0.605067253112793
    ],
    [
      0.8025103807449341,
      0.6069976687431335
    ]
  ],
  "meta": {
    "video_name": "test2.mp4",
    "video_stem": "test2",
    "video_path": "E:\\desktop\\open\\lstm-akf\\data\\video\\test2.mp4",
    "fps": 40.0,
    "segment_index": 166,
    "sample_index": 259,
    "start_frame_index": 249,
    "history_end_frame_index": 263,
    "target_end_frame_index": 278,
    "history_frame_indices": [
      249,
      250,
      251,
      252,
      253,
      254,
      255,
      256,
      257,
      258,
      259,
      260,
      261,
      262,
      263
    ],
    "target_frame_indices": [
      264,
      265,
      266,
      267,
      268,
      269,
      270,
      271,
      272,
      273,
      274,
      275,
      276,
      277,
      278
    ],
    "history_timestamps": [
      395.18101443306495,
      395.2060144330649,
      395.2310144330649,
      395.2560144330649,
      395.28101443306485,
      395.30601443306483,
      395.3310144330648,
      395.3560144330648,
      395.38101443306476,
      395.40601443306474,
      395.4310144330647,
      395.4560144330647,
      395.4810144330647,
      395.50601443306465,
      395.5310144330646
    ],
    "target_timestamps": [
      395.5560144330646,
      395.5810144330646,
      395.60601443306456,
      395.63101443306454,
      395.6560144330645,
      395.6810144330645,
      395.70601443306447,
      395.73101443306444,
      395.7560144330644,
      395.7810144330644,
      395.8060144330644,
      395.83101443306435,
      395.85601443306433,
      395.8810144330643,
      395.9060144330643
    ]
  }
}