{
  "input": [
    [
      0.4389511048793793,
      0.6539760828018188
    ],
    [
      0.4389796853065491,
      0.6539698839187622
    ],
    [
      0.4390001893043518,
      0.6540215611457825
    ],
    [
      0.4389936029911041,
      0.6541225910186768
    ],
    [
      0.4389534592628479,
      0.6542820334434509
    ],
    [
      0.43887341022491455,
      0.6545091867446899
    ],
    [
      0.4388512074947357,
      0.6545920968055725
    ],
    [
      0.4388412833213806,
      0.6546503305435181
    ],
    [
      0.43884095549583435,
      0.6546496748924255
    ],
    [
      0.4388475716114044,
      0.6545557379722595
    ],
    [
      0.4387969672679901,
      0.6544325947761536
    ],
    [
      0.4387660324573517,
      0.6544064879417419
    ],
    [
      0.43874868750572205,
      0.6544115543365479
    ],
    [
      0.4387389123439789,
      0.6543817520141602
    ],
    [
      0.4387272298336029,
      0.654495358467102
    ]
  ],
  "target": [
    [
      0.43873417377471924,
      0.6544850468635559
    ],
    [
      0.43876519799232483,
      0.654429018497467
    ],
    [
      0.438825786113739,
      0.6544055342674255
    ],
    [
      0.43891221284866333,
      0.6544002294540405
    ],
    [
      0.43922245502471924,
      0.6543576121330261
    ],
    [
      0.43963295221328735,
      0.6543703675270081
    ],
    [
      0.44002020359039307,
      0.6545311808586121
    ],
    [
      0.4405597150325775,
      0.6556906700134277
    ],
    [
      0.44153714179992676,
      0.6561054587364197
    ],
    [
      0.4427233636379242,
      0.65598464012146
    ],
    [
      0.443889319896698,
      0.655537486076355
    ],
    [
      0.4450852572917938,
      0.6553239822387695
    ],
    [
      0.44617900252342224,
      0.6555275321006775
    ],
    [
      0.4471922516822815,
      0.6558821797370911
    ],
    [
      0.44814661145210266,
      0.6561219096183777
    ]
  ]
}