{
  "input": [
    [
      0.536834180355072,
      0.5626065135002136
    ],
    [
      0.5377776026725769,
      0.563019335269928
    ],
    [
      0.538704514503479,
      0.5631664395332336
    ],
    [
      0.5401471853256226,
      0.5632954239845276
    ],
    [
      0.5417800545692444,
      0.5634176135063171
    ],
    [
      0.5430435538291931,
      0.5633319020271301
    ],
    [
      0.5441828966140747,
      0.5631762742996216
    ],
    [
      0.5336201786994934,
      0.5646605491638184
    ],
    [
      0.5194883346557617,
      0.566645085811615
    ],
    [
      0.5126352310180664,
      0.5676878094673157
    ],
    [
      0.5077863931655884,
      0.5684712529182434
    ],
    [
      0.5072667598724365,
      0.5686472654342651
    ],
    [
      0.5078166127204895,
      0.568673312664032
    ],
    [
      0.5101771354675293,
      0.5686095356941223
    ],
    [
      0.512935996055603,
      0.5685260891914368
    ]
  ],
  "target": [
    [
      0.5174195170402527,
      0.5683587193489075
    ],
    [
      0.5222376585006714,
      0.5681750774383545
    ],
    [
      0.5256794691085815,
      0.5682246088981628
    ],
    [
      0.5288885235786438,
      0.5683135390281677
    ],
    [
      0.5327876210212708,
      0.5681293606758118
    ],
    [
      0.5367869734764099,
      0.5679054856300354
    ],
    [
      0.5390316843986511,
      0.5680283308029175
    ],
    [
      0.5410615801811218,
      0.5681936144828796
    ],
    [
      0.5441574454307556,
      0.5677196979522705
    ],
    [
      0.5473604202270508,
      0.5671815872192383
    ],
    [
      0.5508371591567993,
      0.5667023062705994
    ],
    [
      0.5543356537818909,
      0.5662276744842529
    ],
    [
      0.5381535291671753,
      0.5635284185409546
    ],
    [
      0.5208115577697754,
      0.5606980919837952
    ],
    [
      0.5183603167533875,
      0.5600778460502625
    ]
  ]
}