{
  "input": [
    [
      0.5570554137229919,
      0.584047794342041
    ],
    [
      0.5599056482315063,
      0.5841750502586365
    ],
    [
      0.5611876249313354,
      0.5843219757080078
    ],
    [
      0.5624222755432129,
      0.5844695568084717
    ],
    [
      0.5418967008590698,
      0.5800998210906982
    ],
    [
      0.5211908221244812,
      0.5756940841674805
    ],
    [
      0.5117214322090149,
      0.573843777179718
    ],
    [
      0.5024473667144775,
      0.5720288157463074
    ],
    [
      0.5010634660720825,
      0.571641743183136
    ],
    [
      0.49937915802001953,
      0.571203887462616
    ],
    [
      0.4908374845981598,
      0.5696070790290833
    ],
    [
      0.48363789916038513,
      0.5682358741760254
    ],
    [
      0.49754947423934937,
      0.5704131722450256
    ],
    [
      0.5105892419815063,
      0.5724520087242126
    ],
    [
      0.5132630467414856,
      0.572844922542572
    ]
  ],
  "target": [
    [
      0.515781044960022,
      0.5731963515281677
    ],
    [
      0.5168218016624451,
      0.5731549263000488
    ],
    [
      0.5177568197250366,
      0.5731262564659119
    ],
    [
      0.5178635120391846,
      0.5731978416442871
    ],
    [
      0.5179847478866577,
      0.5732016563415527
    ],
    [
      0.5182026624679565,
      0.5727559328079224
    ],
    [
      0.5183871984481812,
      0.572313129901886
    ],
    [
      0.5183806419372559,
      0.5718867778778076
    ],
    [
      0.5183976888656616,
      0.5712869763374329
    ],
    [
      0.518532931804657,
      0.5698198676109314
    ],
    [
      0.5146012306213379,
      0.5696254372596741
    ],
    [
      0.49268290400505066,
      0.5750597715377808
    ],
    [
      0.4735758900642395,
      0.580027163028717
    ],
    [
      0.46555963158607483,
      0.5831524133682251
    ],
    [
      0.45932886004447937,
      0.5858916640281677
    ]
  ]
}