{
  "input": [
    [
      0.5255351662635803,
      0.5709993243217468
    ],
    [
      0.5221841335296631,
      0.570507287979126
    ],
    [
      0.5198631286621094,
      0.57023686170578
    ],
    [
      0.5197260975837708,
      0.5704362988471985
    ],
    [
      0.5276094675064087,
      0.5717623829841614
    ],
    [
      0.5511795282363892,
      0.5752920508384705
    ],
    [
      0.5696463584899902,
      0.5783032178878784
    ],
    [
      0.5788862109184265,
      0.5803770422935486
    ],
    [
      0.5850644707679749,
      0.5818623900413513
    ],
    [
      0.5861165523529053,
      0.5823625326156616
    ],
    [
      0.5770643353462219,
      0.5811282396316528
    ],
    [
      0.552322506904602,
      0.5772009491920471
    ],
    [
      0.54047691822052,
      0.5756315588951111
    ],
    [
      0.547224760055542,
      0.5774617791175842
    ],
    [
      0.5525781512260437,
      0.5788570642471313
    ]
  ],
  "target": [
    [
      0.5560630559921265,
      0.5796695351600647
    ],
    [
      0.5580675005912781,
      0.5803663730621338
    ],
    [
      0.5582266449928284,
      0.5809192061424255
    ],
    [
      0.5573016405105591,
      0.5810906291007996
    ],
    [
      0.5551190972328186,
      0.5808196663856506
    ],
    [
      0.5530239343643188,
      0.5804799795150757
    ],
    [
      0.5510231256484985,
      0.5800660848617554
    ],
    [
      0.5486394166946411,
      0.5795787572860718
    ],
    [
      0.5458706617355347,
      0.5790176391601562
    ],
    [
      0.5438147783279419,
      0.5785806775093079
    ],
    [
      0.5424265265464783,
      0.5782600045204163
    ],
    [
      0.5409324765205383,
      0.5779937505722046
    ],
    [
      0.5393462181091309,
      0.5777749419212341
    ],
    [
      0.5375933647155762,
      0.577447772026062
    ],
    [
      0.5357053875923157,
      0.5770325660705566
    ]
  ],
  "meta": {
    "video_name": "test2.mp4",
    "video_stem": "test2",
    "video_path": "E:\\desktop\\open\\lstm-akf\\data\\video\\test2.mp4",
    "fps": 40.0,
    "segment_index": 109,
    "sample_index": 44,
    "start_frame_index": 34,
    "history_end_frame_index": 48,
    "target_end_frame_index": 63,
    "history_frame_indices": [
      34,
      35,
      36,
      37,
      38,
      39,
      40,
      41,
      42,
      43,
      44,
      45,
      46,
      47,
      48
    ],
    "target_frame_indices": [
      49,
      50,
      51,
      52,
      53,
      54,
      55,
      56,
      57,
      58,
      59,
      60,
      61,
      62,
      63
    ],
    "history_timestamps": [
      249.46668039377204,
      249.49168039377204,
      249.51668039377205,
      249.54168039377205,
      249.56668039377206,
      249.59168039377207,
      249.61668039377207,
      249.64168039377208,
      249.66668039377208,
      249.6916803937721,
      249.7166803937721,
      249.7416803937721,
      249.7666803937721,
      249.7916803937721,
      249.81668039377212
    ],
    "target_timestamps": [
      249.84168039377212,
      249.86668039377213,
      249.89168039377213,
      249.91668039377214,
      249.94168039377215,
      249.96668039377215,
      249.99168039377216,
      250.01668039377216,
      250.04168039377217,
      250.06668039377217,
      250.09168039377218,
      250.11668039377219,
      250.1416803937722,
      250.1666803937722,
      250.1916803937722
    ]
  }
}