{
  "input": [
    [
      0.4468637704849243,
      0.6378666162490845
    ],
    [
      0.4591141641139984,
      0.642661988735199
    ],
    [
      0.4687235951423645,
      0.645700216293335
    ],
    [
      0.4755360186100006,
      0.6465001702308655
    ],
    [
      0.4808511734008789,
      0.6469373106956482
    ],
    [
      0.48516517877578735,
      0.6473151445388794
    ],
    [
      0.48897409439086914,
      0.6479374766349792
    ],
    [
      0.4931398630142212,
      0.6469854712486267
    ],
    [
      0.49782225489616394,
      0.6464217305183411
    ],
    [
      0.5025473237037659,
      0.6458216905593872
    ],
    [
      0.5068411231040955,
      0.64476078748703
    ],
    [
      0.5120314955711365,
      0.6440708041191101
    ],
    [
      0.5163941383361816,
      0.6421911120414734
    ],
    [
      0.5200979709625244,
      0.6403985023498535
    ],
    [
      0.5233122110366821,
      0.6399695873260498
    ]
  ],
  "target": [
    [
      0.5253965854644775,
      0.6402801275253296
    ],
    [
      0.5272125005722046,
      0.6404393315315247
    ],
    [
      0.5286653637886047,
      0.6406445503234863
    ],
    [
      0.5296608805656433,
      0.6410931348800659
    ],
    [
      0.5277971625328064,
      0.6388990879058838
    ],
    [
      0.526757538318634,
      0.6378106474876404
    ],
    [
      0.5262722969055176,
      0.6373377442359924
    ],
    [
      0.5260719656944275,
      0.6369902491569519
    ],
    [
      0.5260890126228333,
      0.6369320154190063
    ],
    [
      0.5261374115943909,
      0.6369035243988037
    ],
    [
      0.5261922478675842,
      0.6368933320045471
    ],
    [
      0.5262285470962524,
      0.6368902325630188
    ],
    [
      0.5262663960456848,
      0.6369391679763794
    ],
    [
      0.526269793510437,
      0.6370202898979187
    ],
    [
      0.5262450575828552,
      0.6371152997016907
    ]
  ],
  "meta": {
    "video_name": "test1.mp4",
    "video_stem": "test1",
    "video_path": "E:\\desktop\\open\\lstm-akf\\data\\video\\test1.mp4",
    "fps": 40.0,
    "segment_index": 0,
    "sample_index": 796,
    "start_frame_index": 786,
    "history_end_frame_index": 800,
    "target_end_frame_index": 815,
    "history_frame_indices": [
      786,
      787,
      788,
      789,
      790,
      791,
      792,
      793,
      794,
      795,
      796,
      797,
      798,
      799,
      800
    ],
    "target_frame_indices": [
      801,
      802,
      803,
      804,
      805,
      806,
      807,
      808,
      809,
      810,
      811,
      812,
      813,
      814,
      815
    ],
    "history_timestamps": [
      20.350000000000016,
      20.375000000000018,
      20.400000000000016,
      20.42500000000002,
      20.450000000000017,
      20.475000000000016,
      20.500000000000018,
      20.525000000000016,
      20.55000000000002,
      20.575000000000017,
      20.600000000000016,
      20.625000000000018,
      20.650000000000016,
      20.67500000000002,
      20.700000000000017
    ],
    "target_timestamps": [
      20.725000000000016,
      20.750000000000018,
      20.775000000000016,
      20.80000000000002,
      20.825000000000017,
      20.850000000000016,
      20.875000000000018,
      20.900000000000016,
      20.92500000000002,
      20.950000000000017,
      20.975000000000016,
      21.000000000000018,
      21.025000000000016,
      21.05000000000002,
      21.075000000000017
    ]
  }
}