{
  "input": [
    [
      0.515804648399353,
      0.5600407123565674
    ],
    [
      0.5157524347305298,
      0.5600283741950989
    ],
    [
      0.5157345533370972,
      0.5600143074989319
    ],
    [
      0.515821099281311,
      0.5599948763847351
    ],
    [
      0.5159016847610474,
      0.5599945187568665
    ],
    [
      0.5159655809402466,
      0.5600470900535583
    ],
    [
      0.5160171389579773,
      0.5600867867469788
    ],
    [
      0.5160373449325562,
      0.5600936412811279
    ],
    [
      0.5160492658615112,
      0.5600950121879578
    ],
    [
      0.5160417556762695,
      0.5600836277008057
    ],
    [
      0.516033947467804,
      0.5600840449333191
    ],
    [
      0.5160254836082458,
      0.5601096749305725
    ],
    [
      0.5160250067710876,
      0.5601491928100586
    ],
    [
      0.5160401463508606,
      0.5602161884307861
    ],
    [
      0.5160480737686157,
      0.5602697134017944
    ]
  ],
  "target": [
    [
      0.5160426497459412,
      0.5602985620498657
    ],
    [
      0.5160382390022278,
      0.5603287220001221
    ],
    [
      0.5160356163978577,
      0.5603612065315247
    ],
    [
      0.5160368084907532,
      0.560394287109375
    ],
    [
      0.516044020652771,
      0.560428261756897
    ],
    [
      0.5160852074623108,
      0.5604750514030457
    ],
    [
      0.5161758661270142,
      0.5605404376983643
    ],
    [
      0.5162591338157654,
      0.5605490207672119
    ],
    [
      0.5163323283195496,
      0.5604808330535889
    ],
    [
      0.5163622498512268,
      0.5604076981544495
    ],
    [
      0.5163376927375793,
      0.5603283643722534
    ],
    [
      0.5163044333457947,
      0.5602942705154419
    ],
    [
      0.5162610411643982,
      0.5603132247924805
    ],
    [
      0.5162374973297119,
      0.5603973865509033
    ],
    [
      0.5162356495857239,
      0.5605525374412537
    ]
  ]
}