{
  "input": [
    [
      0.5126352310180664,
      0.5676878094673157
    ],
    [
      0.5077863931655884,
      0.5684712529182434
    ],
    [
      0.5072667598724365,
      0.5686472654342651
    ],
    [
      0.5078166127204895,
      0.568673312664032
    ],
    [
      0.5101771354675293,
      0.5686095356941223
    ],
    [
      0.512935996055603,
      0.5685260891914368
    ],
    [
      0.5174195170402527,
      0.5683587193489075
    ],
    [
      0.5222376585006714,
      0.5681750774383545
    ],
    [
      0.5256794691085815,
      0.5682246088981628
    ],
    [
      0.5288885235786438,
      0.5683135390281677
    ],
    [
      0.5327876210212708,
      0.5681293606758118
    ],
    [
      0.5367869734764099,
      0.5679054856300354
    ],
    [
      0.5390316843986511,
      0.5680283308029175
    ],
    [
      0.5410615801811218,
      0.5681936144828796
    ],
    [
      0.5441574454307556,
      0.5677196979522705
    ]
  ],
  "target": [
    [
      0.5473604202270508,
      0.5671815872192383
    ],
    [
      0.5508371591567993,
      0.5667023062705994
    ],
    [
      0.5543356537818909,
      0.5662276744842529
    ],
    [
      0.5381535291671753,
      0.5635284185409546
    ],
    [
      0.5208115577697754,
      0.5606980919837952
    ],
    [
      0.5183603167533875,
      0.5600778460502625
    ],
    [
      0.5164948105812073,
      0.5595445036888123
    ],
    [
      0.5187832117080688,
      0.5596662759780884
    ],
    [
      0.5211566090583801,
      0.5598013997077942
    ],
    [
      0.5234610438346863,
      0.5598166584968567
    ],
    [
      0.5257750153541565,
      0.55983567237854
    ],
    [
      0.5287004709243774,
      0.5601103901863098
    ],
    [
      0.5315539240837097,
      0.5603742003440857
    ],
    [
      0.5323235988616943,
      0.5603221654891968
    ],
    [
      0.533022403717041,
      0.5602670907974243
    ]
  ]
}