{
  "input": [
    [
      0.5492112040519714,
      0.5604432225227356
    ],
    [
      0.5506060719490051,
      0.5605268478393555
    ],
    [
      0.5522133708000183,
      0.560606062412262
    ],
    [
      0.5542050004005432,
      0.560677170753479
    ],
    [
      0.5567272901535034,
      0.5608295202255249
    ],
    [
      0.5601383447647095,
      0.5611178874969482
    ],
    [
      0.5642127990722656,
      0.561484158039093
    ],
    [
      0.5693174004554749,
      0.5619713068008423
    ],
    [
      0.5701832175254822,
      0.5621826648712158
    ],
    [
      0.5649377703666687,
      0.561996340751648
    ],
    [
      0.5550371408462524,
      0.5629921555519104
    ],
    [
      0.5388983488082886,
      0.5655720233917236
    ],
    [
      0.5281524658203125,
      0.5675687193870544
    ],
    [
      0.5241284966468811,
      0.5688385367393494
    ],
    [
      0.5225332379341125,
      0.5695374011993408
    ]
  ],
  "target": [
    [
      0.5237553715705872,
      0.5695738792419434
    ],
    [
      0.5266605615615845,
      0.5695070624351501
    ],
    [
      0.5313834547996521,
      0.5693287253379822
    ],
    [
      0.5358352661132812,
      0.569168210029602
    ],
    [
      0.5400143265724182,
      0.5690255165100098
    ],
    [
      0.5453880429267883,
      0.5687150955200195
    ],
    [
      0.5518805980682373,
      0.5682476758956909
    ],
    [
      0.5543174147605896,
      0.568683385848999
    ],
    [
      0.5532175302505493,
      0.5699066519737244
    ],
    [
      0.5560497641563416,
      0.5704104900360107
    ],
    [
      0.5620735287666321,
      0.5703303813934326
    ],
    [
      0.5648535490036011,
      0.5700380206108093
    ],
    [
      0.5651843547821045,
      0.5695854425430298
    ],
    [
      0.5670871734619141,
      0.5691199898719788
    ],
    [
      0.5700932741165161,
      0.5686454176902771
    ]
  ],
  "meta": {
    "video_name": "test2.mp4",
    "video_stem": "test2",
    "video_path": "E:\\desktop\\open\\lstm-akf\\data\\video\\test2.mp4",
    "fps": 40.0,
    "segment_index": 29,
    "sample_index": 48,
    "start_frame_index": 38,
    "history_end_frame_index": 52,
    "target_end_frame_index": 67,
    "history_frame_indices": [
      38,
      39,
      40,
      41,
      42,
      43,
      44,
      45,
      46,
      47,
      48,
      49,
      50,
      51,
      52
    ],
    "target_frame_indices": [
      53,
      54,
      55,
      56,
      57,
      58,
      59,
      60,
      61,
      62,
      63,
      64,
      65,
      66,
      67
    ],
    "history_timestamps": [
      67.70038239792939,
      67.7253823979294,
      67.7503823979294,
      67.7753823979294,
      67.80038239792941,
      67.82538239792942,
      67.85038239792942,
      67.87538239792943,
      67.90038239792943,
      67.92538239792944,
      67.95038239792945,
      67.97538239792945,
      68.00038239792946,
      68.02538239792946,
      68.05038239792947
    ],
    "target_timestamps": [
      68.07538239792947,
      68.10038239792948,
      68.12538239792949,
      68.15038239792949,
      68.1753823979295,
      68.2003823979295,
      68.22538239792951,
      68.25038239792951,
      68.27538239792952,
      68.30038239792952,
      68.32538239792953,
      68.35038239792954,
      68.37538239792954,
      68.40038239792955,
      68.42538239792955
    ]
  }
}