{
  "input": [
    [
      0.6563030481338501,
      0.6304976344108582
    ],
    [
      0.6834614276885986,
      0.6246408820152283
    ],
    [
      0.6925916075706482,
      0.6223127841949463
    ],
    [
      0.6982078552246094,
      0.6206724643707275
    ],
    [
      0.689064085483551,
      0.6210587024688721
    ],
    [
      0.6774109601974487,
      0.6217894554138184
    ],
    [
      0.6618434190750122,
      0.6230700016021729
    ],
    [
      0.6457038521766663,
      0.6244308948516846
    ],
    [
      0.6230499148368835,
      0.6258076429367065
    ],
    [
      0.5995933413505554,
      0.6271862983703613
    ],
    [
      0.6345499157905579,
      0.64048171043396
    ],
    [
      0.6754174828529358,
      0.6549829840660095
    ],
    [
      0.69235759973526,
      0.6637803912162781
    ],
    [
      0.7073832154273987,
      0.6721213459968567
    ],
    [
      0.7058524489402771,
      0.6750516891479492
    ]
  ],
  "target": [
    [
      0.7033343315124512,
      0.6776593327522278
    ],
    [
      0.6936611533164978,
      0.6771262288093567
    ],
    [
      0.6837016344070435,
      0.6764674186706543
    ],
    [
      0.6717410683631897,
      0.6750548481941223
    ],
    [
      0.6597382426261902,
      0.6736263632774353
    ],
    [
      0.6419317722320557,
      0.6730735301971436
    ],
    [
      0.6242163777351379,
      0.6725194454193115
    ],
    [
      0.6136009097099304,
      0.6717203855514526
    ],
    [
      0.6029200553894043,
      0.6709112524986267
    ],
    [
      0.5903079509735107,
      0.6698052287101746
    ],
    [
      0.5779935717582703,
      0.6687268614768982
    ],
    [
      0.5712711215019226,
      0.668166995048523
    ],
    [
      0.5642901659011841,
      0.6674908399581909
    ],
    [
      0.5537854433059692,
      0.6652299761772156
    ],
    [
      0.5483052134513855,
      0.6620876789093018
    ]
  ]
}