{
  "input": [
    [
      0.5598195791244507,
      0.5630162954330444
    ],
    [
      0.5559782981872559,
      0.5628753900527954
    ],
    [
      0.5546392798423767,
      0.5628730058670044
    ],
    [
      0.5529639720916748,
      0.5628670454025269
    ],
    [
      0.5495269298553467,
      0.5628421306610107
    ],
    [
      0.5463746190071106,
      0.5627716779708862
    ],
    [
      0.5445365309715271,
      0.5624911189079285
    ],
    [
      0.5425998568534851,
      0.5622097253799438
    ],
    [
      0.5402581691741943,
      0.5619251132011414
    ],
    [
      0.5378429293632507,
      0.5617069005966187
    ],
    [
      0.5351569056510925,
      0.5617328882217407
    ],
    [
      0.5324935913085938,
      0.5617091059684753
    ],
    [
      0.5299056172370911,
      0.5615201592445374
    ],
    [
      0.5273012518882751,
      0.5613261461257935
    ],
    [
      0.5246472954750061,
      0.5611171126365662
    ]
  ],
  "target": [
    [
      0.5256116986274719,
      0.5604315400123596
    ],
    [
      0.5365050435066223,
      0.5584384799003601
    ],
    [
      0.5442570447921753,
      0.5568979382514954
    ],
    [
      0.544124186038971,
      0.5564935803413391
    ],
    [
      0.5434831976890564,
      0.5562173128128052
    ],
    [
      0.5416715741157532,
      0.556236207485199
    ],
    [
      0.539820671081543,
      0.5562744736671448
    ],
    [
      0.5378865599632263,
      0.5563538074493408
    ],
    [
      0.5357080698013306,
      0.5562365651130676
    ],
    [
      0.5330517888069153,
      0.5557349920272827
    ],
    [
      0.5308137536048889,
      0.5554779171943665
    ],
    [
      0.5293318629264832,
      0.555662989616394
    ],
    [
      0.5276026129722595,
      0.5556951761245728
    ],
    [
      0.5254592299461365,
      0.5554713606834412
    ],
    [
      0.5237825512886047,
      0.5553937554359436
    ]
  ]
}