{
  "input": [
    [
      0.5152912139892578,
      0.5589207410812378
    ],
    [
      0.5173896551132202,
      0.5589466691017151
    ],
    [
      0.5196922421455383,
      0.5590386986732483
    ],
    [
      0.5231361389160156,
      0.5595003366470337
    ],
    [
      0.5268523097038269,
      0.5600277781486511
    ],
    [
      0.531903088092804,
      0.5608780980110168
    ],
    [
      0.5365903973579407,
      0.5616061091423035
    ],
    [
      0.5397005677223206,
      0.5618036389350891
    ],
    [
      0.542971134185791,
      0.5620168447494507
    ],
    [
      0.5468631982803345,
      0.5622907876968384
    ],
    [
      0.5504801273345947,
      0.5626184940338135
    ],
    [
      0.5531378388404846,
      0.5631333589553833
    ],
    [
      0.555698037147522,
      0.563519299030304
    ],
    [
      0.5579507350921631,
      0.563498318195343
    ],
    [
      0.5602752566337585,
      0.5635788440704346
    ]
  ],
  "target": [
    [
      0.5628057718276978,
      0.5639504790306091
    ],
    [
      0.5616081953048706,
      0.5644672513008118
    ],
    [
      0.5506462454795837,
      0.5653642416000366
    ],
    [
      0.5424811244010925,
      0.5661768317222595
    ],
    [
      0.541028618812561,
      0.5667868256568909
    ],
    [
      0.5412349104881287,
      0.5672428607940674
    ],
    [
      0.5451002717018127,
      0.5673590898513794
    ],
    [
      0.549107551574707,
      0.567471444606781
    ],
    [
      0.5534031987190247,
      0.5675759315490723
    ],
    [
      0.5578779578208923,
      0.5675909519195557
    ],
    [
      0.5626890063285828,
      0.5674380660057068
    ],
    [
      0.5667738318443298,
      0.5672513246536255
    ],
    [
      0.569597065448761,
      0.5670059323310852
    ],
    [
      0.572542667388916,
      0.5667639374732971
    ],
    [
      0.5756853222846985,
      0.5665273070335388
    ]
  ]
}