{
  "input": [
    [
      0.5531836748123169,
      0.6125754117965698
    ],
    [
      0.5483465194702148,
      0.6122122406959534
    ],
    [
      0.5436843633651733,
      0.6118142604827881
    ],
    [
      0.5390992164611816,
      0.6114010214805603
    ],
    [
      0.5350112915039062,
      0.6106058359146118
    ],
    [
      0.5311241745948792,
      0.6096562743186951
    ],
    [
      0.5274078845977783,
      0.6098400354385376
    ],
    [
      0.5237547755241394,
      0.6104428172111511
    ],
    [
      0.518125593662262,
      0.6102129817008972
    ],
    [
      0.5118301510810852,
      0.6097023487091064
    ],
    [
      0.5076636075973511,
      0.6096261739730835
    ],
    [
      0.5041486024856567,
      0.6096829771995544
    ],
    [
      0.5007941126823425,
      0.6097270846366882
    ],
    [
      0.49748390913009644,
      0.6097676753997803
    ],
    [
      0.4962318539619446,
      0.6095876097679138
    ]
  ],
  "target": [
    [
      0.4954902231693268,
      0.6093528270721436
    ],
    [
      0.49670174717903137,
      0.6096232533454895
    ],
    [
      0.49834465980529785,
      0.610005259513855
    ],
    [
      0.500031590461731,
      0.6101845502853394
    ],
    [
      0.5017270445823669,
      0.6103242635726929
    ],
    [
      0.5045484900474548,
      0.6102015376091003
    ],
    [
      0.5075613856315613,
      0.610034167766571
    ],
    [
      0.5099132061004639,
      0.6099652051925659
    ],
    [
      0.5121684074401855,
      0.6099106073379517
    ],
    [
      0.5158122181892395,
      0.6098165512084961
    ],
    [
      0.5196271538734436,
      0.6097176671028137
    ],
    [
      0.522742748260498,
      0.609536349773407
    ],
    [
      0.5257875323295593,
      0.6093466877937317
    ],
    [
      0.5309417247772217,
      0.6090148091316223
    ],
    [
      0.5362647175788879,
      0.6086716055870056
    ]
  ],
  "meta": {
    "video_name": "test2.mp4",
    "video_stem": "test2",
    "video_path": "E:\\desktop\\open\\lstm-akf\\data\\video\\test2.mp4",
    "fps": 40.0,
    "segment_index": 108,
    "sample_index": 86,
    "start_frame_index": 76,
    "history_end_frame_index": 90,
    "target_end_frame_index": 105,
    "history_frame_indices": [
      76,
      77,
      78,
      79,
      80,
      81,
      82,
      83,
      84,
      85,
      86,
      87,
      88,
      89,
      90
    ],
    "target_frame_indices": [
      91,
      92,
      93,
      94,
      95,
      96,
      97,
      98,
      99,
      100,
      101,
      102,
      103,
      104,
      105
    ],
    "history_timestamps": [
      246.84962152410134,
      246.87462152410134,
      246.89962152410135,
      246.92462152410135,
      246.94962152410136,
      246.97462152410137,
      246.99962152410137,
      247.02462152410138,
      247.04962152410138,
      247.0746215241014,
      247.0996215241014,
      247.1246215241014,
      247.1496215241014,
      247.1746215241014,
      247.19962152410142
    ],
    "target_timestamps": [
      247.22462152410142,
      247.24962152410143,
      247.27462152410143,
      247.29962152410144,
      247.32462152410145,
      247.34962152410145,
      247.37462152410146,
      247.39962152410146,
      247.42462152410147,
      247.44962152410147,
      247.47462152410148,
      247.49962152410149,
      247.5246215241015,
      247.5496215241015,
      247.5746215241015
    ]
  }
}