{
  "input": [
    [
      0.534176230430603,
      0.5970215797424316
    ],
    [
      0.540753960609436,
      0.5968171954154968
    ],
    [
      0.5522620677947998,
      0.5956484079360962
    ],
    [
      0.5608649253845215,
      0.5951409935951233
    ],
    [
      0.5667153596878052,
      0.5952600240707397
    ],
    [
      0.5719038844108582,
      0.5950824022293091
    ],
    [
      0.5765085816383362,
      0.5946429967880249
    ],
    [
      0.5808948874473572,
      0.5943875312805176
    ],
    [
      0.5851017832756042,
      0.5942830443382263
    ],
    [
      0.5890107154846191,
      0.5942820906639099
    ],
    [
      0.5926920175552368,
      0.5943601727485657
    ],
    [
      0.5965728759765625,
      0.5942875146865845
    ],
    [
      0.6005954146385193,
      0.5941078066825867
    ],
    [
      0.5891861319541931,
      0.5911047458648682
    ],
    [
      0.5675973296165466,
      0.5862392783164978
    ]
  ],
  "target": [
    [
      0.552859365940094,
      0.582908034324646
    ],
    [
      0.5423140525817871,
      0.5805158019065857
    ],
    [
      0.5383893847465515,
      0.5795154571533203
    ],
    [
      0.5382187366485596,
      0.5793043375015259
    ],
    [
      0.5404484868049622,
      0.5797089338302612
    ],
    [
      0.5439372658729553,
      0.5804365277290344
    ],
    [
      0.547929048538208,
      0.581117570400238
    ],
    [
      0.5521644353866577,
      0.5817760229110718
    ],
    [
      0.5550118684768677,
      0.5821599364280701
    ],
    [
      0.5572402477264404,
      0.5824213027954102
    ],
    [
      0.5586477518081665,
      0.5826479196548462
    ],
    [
      0.5597189664840698,
      0.5828602910041809
    ],
    [
      0.5599948763847351,
      0.5829141139984131
    ],
    [
      0.5599724054336548,
      0.5829084515571594
    ],
    [
      0.5601308345794678,
      0.5829266905784607
    ]
  ],
  "meta": {
    "video_name": "test2.mp4",
    "video_stem": "test2",
    "video_path": "E:\\desktop\\open\\lstm-akf\\data\\video\\test2.mp4",
    "fps": 40.0,
    "segment_index": 167,
    "sample_index": 176,
    "start_frame_index": 166,
    "history_end_frame_index": 180,
    "target_end_frame_index": 195,
    "history_frame_indices": [
      166,
      167,
      168,
      169,
      170,
      171,
      172,
      173,
      174,
      175,
      176,
      177,
      178,
      179,
      180
    ],
    "target_frame_indices": [
      181,
      182,
      183,
      184,
      185,
      186,
      187,
      188,
      189,
      190,
      191,
      192,
      193,
      194,
      195
    ],
    "history_timestamps": [
      405.64339137937424,
      405.6683913793742,
      405.6933913793742,
      405.71839137937417,
      405.74339137937415,
      405.7683913793741,
      405.7933913793741,
      405.8183913793741,
      405.84339137937405,
      405.86839137937403,
      405.893391379374,
      405.918391379374,
      405.94339137937396,
      405.96839137937394,
      405.9933913793739
    ],
    "target_timestamps": [
      406.0183913793739,
      406.0433913793739,
      406.06839137937385,
      406.0933913793738,
      406.1183913793738,
      406.1433913793738,
      406.16839137937376,
      406.19339137937374,
      406.2183913793737,
      406.2433913793737,
      406.26839137937367,
      406.29339137937365,
      406.3183913793736,
      406.3433913793736,
      406.3683913793736
    ]
  }
}