{
  "input": [
    [
      0.7267522215843201,
      0.684130847454071
    ],
    [
      0.7092637419700623,
      0.6839497685432434
    ],
    [
      0.6910737752914429,
      0.6826363205909729
    ],
    [
      0.672515869140625,
      0.6807289123535156
    ],
    [
      0.6559607982635498,
      0.6791782379150391
    ],
    [
      0.6403754949569702,
      0.6778002381324768
    ],
    [
      0.6277536153793335,
      0.6768710613250732
    ],
    [
      0.6164534091949463,
      0.6761420965194702
    ],
    [
      0.5989992618560791,
      0.6742846965789795
    ],
    [
      0.5790239572525024,
      0.6719650030136108
    ],
    [
      0.565566897392273,
      0.6703392863273621
    ],
    [
      0.5545552372932434,
      0.6689739227294922
    ],
    [
      0.5440232753753662,
      0.6665217280387878
    ],
    [
      0.5336555242538452,
      0.6636976003646851
    ],
    [
      0.5691596865653992,
      0.6534808278083801
    ]
  ],
  "target": [
    [
      0.6189285516738892,
      0.6409651637077332
    ],
    [
      0.6492931246757507,
      0.6339183449745178
    ],
    [
      0.6742038726806641,
      0.6284087300300598
    ],
    [
      0.6828187704086304,
      0.6266461610794067
    ],
    [
      0.6873189806938171,
      0.6258296966552734
    ],
    [
      0.6787616014480591,
      0.6260249018669128
    ],
    [
      0.6672640442848206,
      0.6264479160308838
    ],
    [
      0.6539946794509888,
      0.6275004744529724
    ],
    [
      0.6403727531433105,
      0.6286783218383789
    ],
    [
      0.6265026926994324,
      0.6290977597236633
    ],
    [
      0.6125894784927368,
      0.6293852925300598
    ],
    [
      0.6039508581161499,
      0.6288736462593079
    ],
    [
      0.5961029529571533,
      0.6282421946525574
    ],
    [
      0.5881173014640808,
      0.6265718340873718
    ],
    [
      0.5801141858100891,
      0.6247696280479431
    ]
  ]
}