{
  "input": [
    [
      0.5394060611724854,
      0.5794923305511475
    ],
    [
      0.5394042730331421,
      0.5794894099235535
    ],
    [
      0.5394071936607361,
      0.5794765949249268
    ],
    [
      0.5394177436828613,
      0.5794634819030762
    ],
    [
      0.5394322872161865,
      0.579450249671936
    ],
    [
      0.5394404530525208,
      0.5794696807861328
    ],
    [
      0.5394455194473267,
      0.5795049071311951
    ],
    [
      0.5394573211669922,
      0.5795291662216187
    ],
    [
      0.5394721031188965,
      0.5795484185218811
    ],
    [
      0.539480984210968,
      0.5795571804046631
    ],
    [
      0.5394874215126038,
      0.5795616507530212
    ],
    [
      0.5394927263259888,
      0.5795533657073975
    ],
    [
      0.5394975543022156,
      0.5795403718948364
    ],
    [
      0.5546176433563232,
      0.5771766304969788
    ],
    [
      0.5749117136001587,
      0.5740082263946533
    ]
  ],
  "target": [
    [
      0.5722286701202393,
      0.5744309425354004
    ],
    [
      0.5624006390571594,
      0.5759702920913696
    ],
    [
      0.5538603663444519,
      0.5772920846939087
    ],
    [
      0.5456821322441101,
      0.5785527229309082
    ],
    [
      0.5413697957992554,
      0.579200804233551
    ],
    [
      0.5380336046218872,
      0.5796942710876465
    ],
    [
      0.5369662642478943,
      0.5798479914665222
    ],
    [
      0.5364097356796265,
      0.5799252986907959
    ],
    [
      0.5368090867996216,
      0.579865038394928
    ],
    [
      0.5373985767364502,
      0.5797774791717529
    ],
    [
      0.538040280342102,
      0.5796452164649963
    ],
    [
      0.538690984249115,
      0.5795051455497742
    ],
    [
      0.5391073226928711,
      0.5794269442558289
    ],
    [
      0.5394884943962097,
      0.5793579816818237
    ],
    [
      0.5582655668258667,
      0.5764527916908264
    ]
  ]
}