{
  "input": [
    [
      0.45825156569480896,
      0.5930608510971069
    ],
    [
      0.4556005299091339,
      0.5927113890647888
    ],
    [
      0.4528957009315491,
      0.5923501253128052
    ],
    [
      0.44929859042167664,
      0.5917924046516418
    ],
    [
      0.44800132513046265,
      0.5915748476982117
    ],
    [
      0.475186288356781,
      0.595569908618927
    ],
    [
      0.5009856224060059,
      0.5993753671646118
    ],
    [
      0.5131945013999939,
      0.601321816444397
    ],
    [
      0.524229109287262,
      0.6030721068382263
    ],
    [
      0.5257942080497742,
      0.6032410264015198
    ],
    [
      0.5265020728111267,
      0.6032117009162903
    ],
    [
      0.5213772654533386,
      0.6018339991569519
    ],
    [
      0.5162898898124695,
      0.6004703640937805
    ],
    [
      0.5114215016365051,
      0.5991893410682678
    ],
    [
      0.5067639350891113,
      0.5980629920959473
    ]
  ],
  "target": [
    [
      0.5031830072402954,
      0.597726583480835
    ],
    [
      0.5000089406967163,
      0.5974128246307373
    ],
    [
      0.49866896867752075,
      0.5972010493278503
    ],
    [
      0.49755051732063293,
      0.5968881249427795
    ],
    [
      0.4973217844963074,
      0.5961689949035645
    ],
    [
      0.49725091457366943,
      0.5955615639686584
    ],
    [
      0.4977491796016693,
      0.5953568816184998
    ],
    [
      0.49825164675712585,
      0.5951347947120667
    ],
    [
      0.4987678825855255,
      0.5948560833930969
    ],
    [
      0.4993131160736084,
      0.5945674180984497
    ],
    [
      0.4999440610408783,
      0.5942490696907043
    ],
    [
      0.5007403492927551,
      0.5939481258392334
    ],
    [
      0.5019822716712952,
      0.5936939120292664
    ],
    [
      0.5031609535217285,
      0.5934323668479919
    ],
    [
      0.5041833519935608,
      0.5931527614593506
    ]
  ]
}