{
  "input": [
    [
      0.618602991104126,
      0.5610899329185486
    ],
    [
      0.6192635893821716,
      0.5608102083206177
    ],
    [
      0.6197970509529114,
      0.5606840252876282
    ],
    [
      0.6201097369194031,
      0.5608246922492981
    ],
    [
      0.6202618479728699,
      0.5609205365180969
    ],
    [
      0.6201555132865906,
      0.5609441995620728
    ],
    [
      0.6199308633804321,
      0.560952365398407
    ],
    [
      0.6195294857025146,
      0.5609375238418579
    ],
    [
      0.6189253926277161,
      0.5609701871871948
    ],
    [
      0.6180398464202881,
      0.5610687136650085
    ],
    [
      0.6172428131103516,
      0.561087429523468
    ],
    [
      0.6165598630905151,
      0.5610030889511108
    ],
    [
      0.6156325340270996,
      0.5608217120170593
    ],
    [
      0.6144118905067444,
      0.5605237483978271
    ],
    [
      0.6133304834365845,
      0.5603492856025696
    ]
  ],
  "target": [
    [
      0.6124047636985779,
      0.5603129863739014
    ],
    [
      0.6105936765670776,
      0.5602328181266785
    ],
    [
      0.6078609824180603,
      0.5601070523262024
    ],
    [
      0.6056780219078064,
      0.560126543045044
    ],
    [
      0.6040278077125549,
      0.5602869391441345
    ],
    [
      0.6026287078857422,
      0.5604842901229858
    ],
    [
      0.6014562249183655,
      0.5607149600982666
    ],
    [
      0.6006145477294922,
      0.5607500672340393
    ],
    [
      0.6000508069992065,
      0.5606207847595215
    ],
    [
      0.5904020667076111,
      0.5618124008178711
    ],
    [
      0.5736499428749084,
      0.5640367269515991
    ],
    [
      0.5620962977409363,
      0.5653886795043945
    ],
    [
      0.5543224215507507,
      0.566106379032135
    ],
    [
      0.5568888187408447,
      0.5654804110527039
    ],
    [
      0.5664408206939697,
      0.5639466643333435
    ]
  ]
}