{
  "input": [
    [
      0.513435423374176,
      0.5564947724342346
    ],
    [
      0.5114009380340576,
      0.5563336610794067
    ],
    [
      0.5088952779769897,
      0.5562804341316223
    ],
    [
      0.5060878396034241,
      0.5562963485717773
    ],
    [
      0.5039315223693848,
      0.5564202070236206
    ],
    [
      0.5021620392799377,
      0.5566082000732422
    ],
    [
      0.5004028677940369,
      0.5569347143173218
    ],
    [
      0.49864935874938965,
      0.5573374629020691
    ],
    [
      0.49750134348869324,
      0.5576848983764648
    ],
    [
      0.49666115641593933,
      0.5580042004585266
    ],
    [
      0.49594631791114807,
      0.5580345988273621
    ],
    [
      0.49529027938842773,
      0.5579294562339783
    ],
    [
      0.4949101507663727,
      0.5579177737236023
    ],
    [
      0.49464908242225647,
      0.5579464435577393
    ],
    [
      0.494500070810318,
      0.5580358505249023
    ]
  ],
  "target": [
    [
      0.4943954050540924,
      0.5581492781639099
    ],
    [
      0.49452510476112366,
      0.5581673979759216
    ],
    [
      0.4947396516799927,
      0.5581509470939636
    ],
    [
      0.49518901109695435,
      0.5579255819320679
    ],
    [
      0.49571582674980164,
      0.557631254196167
    ],
    [
      0.4962631165981293,
      0.5576877593994141
    ],
    [
      0.4968165457248688,
      0.5578492283821106
    ],
    [
      0.4974031150341034,
      0.5578357577323914
    ],
    [
      0.4979986250400543,
      0.5577751398086548
    ],
    [
      0.498602032661438,
      0.5577064156532288
    ],
    [
      0.4992073178291321,
      0.5576356649398804
    ],
    [
      0.49966558814048767,
      0.5575640797615051
    ],
    [
      0.5000922679901123,
      0.5574923157691956
    ],
    [
      0.5001875758171082,
      0.5575034022331238
    ],
    [
      0.5002201795578003,
      0.5575301647186279
    ]
  ]
}