{
  "input": [
    [
      0.5423140525817871,
      0.5805158019065857
    ],
    [
      0.5383893847465515,
      0.5795154571533203
    ],
    [
      0.5382187366485596,
      0.5793043375015259
    ],
    [
      0.5404484868049622,
      0.5797089338302612
    ],
    [
      0.5439372658729553,
      0.5804365277290344
    ],
    [
      0.547929048538208,
      0.581117570400238
    ],
    [
      0.5521644353866577,
      0.5817760229110718
    ],
    [
      0.5550118684768677,
      0.5821599364280701
    ],
    [
      0.5572402477264404,
      0.5824213027954102
    ],
    [
      0.5586477518081665,
      0.5826479196548462
    ],
    [
      0.5597189664840698,
      0.5828602910041809
    ],
    [
      0.5599948763847351,
      0.5829141139984131
    ],
    [
      0.5599724054336548,
      0.5829084515571594
    ],
    [
      0.5601308345794678,
      0.5829266905784607
    ],
    [
      0.5603511929512024,
      0.582953155040741
    ]
  ],
  "target": [
    [
      0.5607097744941711,
      0.5829909443855286
    ],
    [
      0.561111330986023,
      0.5830322504043579
    ],
    [
      0.5623619556427002,
      0.5830154418945312
    ],
    [
      0.5638511776924133,
      0.5829823017120361
    ],
    [
      0.5650342106819153,
      0.5829344987869263
    ],
    [
      0.5661399364471436,
      0.5828829407691956
    ],
    [
      0.5673007369041443,
      0.5827849507331848
    ],
    [
      0.5684739947319031,
      0.5826765298843384
    ],
    [
      0.5753451585769653,
      0.5825305581092834
    ],
    [
      0.5833503603935242,
      0.5823771953582764
    ],
    [
      0.5886901021003723,
      0.5821704864501953
    ],
    [
      0.5935661792755127,
      0.5819545388221741
    ],
    [
      0.5991477370262146,
      0.5816901922225952
    ],
    [
      0.6048350930213928,
      0.5814186334609985
    ],
    [
      0.6107221841812134,
      0.5819812417030334
    ]
  ],
  "meta": {
    "video_name": "test2.mp4",
    "video_stem": "test2",
    "video_path": "E:\\desktop\\open\\lstm-akf\\data\\video\\test2.mp4",
    "fps": 40.0,
    "segment_index": 167,
    "sample_index": 192,
    "start_frame_index": 182,
    "history_end_frame_index": 196,
    "target_end_frame_index": 211,
    "history_frame_indices": [
      182,
      183,
      184,
      185,
      186,
      187,
      188,
      189,
      190,
      191,
      192,
      193,
      194,
      195,
      196
    ],
    "target_frame_indices": [
      197,
      198,
      199,
      200,
      201,
      202,
      203,
      204,
      205,
      206,
      207,
      208,
      209,
      210,
      211
    ],
    "history_timestamps": [
      406.0433913793739,
      406.06839137937385,
      406.0933913793738,
      406.1183913793738,
      406.1433913793738,
      406.16839137937376,
      406.19339137937374,
      406.2183913793737,
      406.2433913793737,
      406.26839137937367,
      406.29339137937365,
      406.3183913793736,
      406.3433913793736,
      406.3683913793736,
      406.39339137937355
    ],
    "target_timestamps": [
      406.41839137937353,
      406.4433913793735,
      406.4683913793735,
      406.49339137937346,
      406.51839137937344,
      406.5433913793734,
      406.5683913793734,
      406.5933913793734,
      406.61839137937335,
      406.6433913793733,
      406.6683913793733,
      406.6933913793733,
      406.71839137937326,
      406.74339137937324,
      406.7683913793732
    ]
  }
}