{
  "input": [
    [
      0.7270272970199585,
      0.5867620706558228
    ],
    [
      0.7268919348716736,
      0.5859103202819824
    ],
    [
      0.7139717936515808,
      0.582969069480896
    ],
    [
      0.6878955364227295,
      0.5778775811195374
    ],
    [
      0.6631309390068054,
      0.5730483531951904
    ],
    [
      0.63962322473526,
      0.5684704780578613
    ],
    [
      0.6123403906822205,
      0.5632718205451965
    ],
    [
      0.5816889405250549,
      0.5575191974639893
    ],
    [
      0.5909401178359985,
      0.559725821018219
    ],
    [
      0.6333356499671936,
      0.5685436129570007
    ],
    [
      0.64946448802948,
      0.5723325610160828
    ],
    [
      0.6452934145927429,
      0.5722350478172302
    ],
    [
      0.6417473554611206,
      0.5723928213119507
    ],
    [
      0.6386504769325256,
      0.5727341175079346
    ],
    [
      0.6361978054046631,
      0.573338508605957
    ]
  ],
  "target": [
    [
      0.6341751217842102,
      0.5741186141967773
    ],
    [
      0.6392466425895691,
      0.5732309222221375
    ],
    [
      0.6487128138542175,
      0.5713101625442505
    ],
    [
      0.6522736549377441,
      0.5706871151924133
    ],
    [
      0.6524442434310913,
      0.5708091855049133
    ],
    [
      0.6539279818534851,
      0.5710634589195251
    ],
    [
      0.6561092734336853,
      0.5713880062103271
    ],
    [
      0.6587449908256531,
      0.5718123912811279
    ],
    [
      0.6616035103797913,
      0.5722857117652893
    ],
    [
      0.6649284958839417,
      0.5728614926338196
    ],
    [
      0.6684643030166626,
      0.5734835863113403
    ],
    [
      0.6724785566329956,
      0.5742108225822449
    ],
    [
      0.6766916513442993,
      0.574981689453125
    ],
    [
      0.6813952326774597,
      0.575860321521759
    ],
    [
      0.6862855553627014,
      0.5767799615859985
    ]
  ],
  "meta": {
    "video_name": "test2.mp4",
    "video_stem": "test2",
    "video_path": "E:\\desktop\\open\\lstm-akf\\data\\video\\test2.mp4",
    "fps": 40.0,
    "segment_index": 167,
    "sample_index": 286,
    "start_frame_index": 276,
    "history_end_frame_index": 290,
    "target_end_frame_index": 305,
    "history_frame_indices": [
      276,
      277,
      278,
      279,
      280,
      281,
      282,
      283,
      284,
      285,
      286,
      287,
      288,
      289,
      290
    ],
    "target_frame_indices": [
      291,
      292,
      293,
      294,
      295,
      296,
      297,
      298,
      299,
      300,
      301,
      302,
      303,
      304,
      305
    ],
    "history_timestamps": [
      408.39339137937174,
      408.4183913793717,
      408.4433913793717,
      408.46839137937167,
      408.49339137937164,
      408.5183913793716,
      408.5433913793716,
      408.5683913793716,
      408.59339137937155,
      408.61839137937153,
      408.6433913793715,
      408.6683913793715,
      408.69339137937146,
      408.71839137937144,
      408.7433913793714
    ],
    "target_timestamps": [
      408.7683913793714,
      408.79339137937137,
      408.81839137937135,
      408.8433913793713,
      408.8683913793713,
      408.8933913793713,
      408.91839137937126,
      408.94339137937123,
      408.9683913793712,
      408.9933913793712,
      409.01839137937117,
      409.04339137937114,
      409.0683913793711,
      409.0933913793711,
      409.1183913793711
    ]
  }
}