{
  "input": [
    [
      0.5436224341392517,
      0.5644119381904602
    ],
    [
      0.5433619022369385,
      0.5644251704216003
    ],
    [
      0.5430986285209656,
      0.5644303560256958
    ],
    [
      0.5428122282028198,
      0.564367949962616
    ],
    [
      0.5425423383712769,
      0.5643187761306763
    ],
    [
      0.542388379573822,
      0.5643628239631653
    ],
    [
      0.5421798229217529,
      0.56440669298172
    ],
    [
      0.5416420698165894,
      0.5644496083259583
    ],
    [
      0.5411139130592346,
      0.5644717216491699
    ],
    [
      0.5406357049942017,
      0.5643850564956665
    ],
    [
      0.5401050448417664,
      0.5642918944358826
    ],
    [
      0.5393325686454773,
      0.56416916847229
    ],
    [
      0.5386145114898682,
      0.5640553832054138
    ],
    [
      0.538119912147522,
      0.5639784932136536
    ],
    [
      0.5376356840133667,
      0.5639188885688782
    ]
  ],
  "target": [
    [
      0.5371896624565125,
      0.5639229416847229
    ],
    [
      0.5367769598960876,
      0.5639265179634094
    ],
    [
      0.5364750623703003,
      0.5639286637306213
    ],
    [
      0.5360332131385803,
      0.5639169812202454
    ],
    [
      0.5351698398590088,
      0.5638637542724609
    ],
    [
      0.5343883037567139,
      0.5637689232826233
    ],
    [
      0.5338312983512878,
      0.5635601282119751
    ],
    [
      0.5330427885055542,
      0.5633126497268677
    ],
    [
      0.53167325258255,
      0.5629683136940002
    ],
    [
      0.5303944945335388,
      0.5627008676528931
    ],
    [
      0.5293249487876892,
      0.5626105666160583
    ],
    [
      0.528348445892334,
      0.5625083446502686
    ],
    [
      0.5275691747665405,
      0.5623809099197388
    ],
    [
      0.5267658233642578,
      0.5623000264167786
    ],
    [
      0.5259153842926025,
      0.5623102784156799
    ]
  ]
}