{
  "input": [
    [
      0.863207221031189,
      0.6134172081947327
    ],
    [
      0.8636099696159363,
      0.6139312982559204
    ],
    [
      0.8639711141586304,
      0.6142176389694214
    ],
    [
      0.8642839789390564,
      0.6142397522926331
    ],
    [
      0.8642517924308777,
      0.6140971779823303
    ],
    [
      0.8638469576835632,
      0.613776683807373
    ],
    [
      0.8634229898452759,
      0.6134987473487854
    ],
    [
      0.8629798293113708,
      0.6132636666297913
    ],
    [
      0.8626837730407715,
      0.6131126880645752
    ],
    [
      0.8625255823135376,
      0.6130404472351074
    ],
    [
      0.8624340891838074,
      0.612995982170105
    ],
    [
      0.8624007105827332,
      0.6129756569862366
    ],
    [
      0.8623982071876526,
      0.6130297183990479
    ],
    [
      0.8624207973480225,
      0.613144040107727
    ],
    [
      0.8626136779785156,
      0.6132681369781494
    ]
  ],
  "target": [
    [
      0.8629351258277893,
      0.6133995652198792
    ],
    [
      0.8639139533042908,
      0.6134008765220642
    ],
    [
      0.8653541803359985,
      0.6133108139038086
    ],
    [
      0.866765022277832,
      0.6132786273956299
    ],
    [
      0.8681567311286926,
      0.6132841110229492
    ],
    [
      0.869753360748291,
      0.6132900714874268
    ],
    [
      0.8714739680290222,
      0.6132963299751282
    ],
    [
      0.8734304904937744,
      0.6133058667182922
    ],
    [
      0.8755190968513489,
      0.6133173108100891
    ],
    [
      0.8736655116081238,
      0.6132493615150452
    ],
    [
      0.8697704672813416,
      0.6131404042243958
    ],
    [
      0.8679494261741638,
      0.6129671931266785
    ],
    [
      0.8671196699142456,
      0.6127633452415466
    ],
    [
      0.8661242723464966,
      0.6127572655677795
    ],
    [
      0.865056037902832,
      0.6128382086753845
    ]
  ],
  "meta": {
    "video_name": "test2.mp4",
    "video_stem": "test2",
    "video_path": "E:\\desktop\\open\\lstm-akf\\data\\video\\test2.mp4",
    "fps": 40.0,
    "segment_index": 107,
    "sample_index": 60,
    "start_frame_index": 50,
    "history_end_frame_index": 64,
    "target_end_frame_index": 79,
    "history_frame_indices": [
      50,
      51,
      52,
      53,
      54,
      55,
      56,
      57,
      58,
      59,
      60,
      61,
      62,
      63,
      64
    ],
    "target_frame_indices": [
      65,
      66,
      67,
      68,
      69,
      70,
      71,
      72,
      73,
      74,
      75,
      76,
      77,
      78,
      79
    ],
    "history_timestamps": [
      243.57321449582335,
      243.59821449582336,
      243.62321449582336,
      243.64821449582337,
      243.67321449582337,
      243.69821449582338,
      243.72321449582338,
      243.7482144958234,
      243.7732144958234,
      243.7982144958234,
      243.8232144958234,
      243.8482144958234,
      243.87321449582342,
      243.89821449582342,
      243.92321449582343
    ],
    "target_timestamps": [
      243.94821449582344,
      243.97321449582344,
      243.99821449582345,
      244.02321449582345,
      244.04821449582346,
      244.07321449582346,
      244.09821449582347,
      244.12321449582348,
      244.14821449582348,
      244.1732144958235,
      244.1982144958235,
      244.2232144958235,
      244.2482144958235,
      244.2732144958235,
      244.29821449582352
    ]
  }
}