{
  "input": [
    [
      0.5214962363243103,
      0.554948091506958
    ],
    [
      0.5178371667861938,
      0.5554097294807434
    ],
    [
      0.5146138668060303,
      0.5557370185852051
    ],
    [
      0.5125864148139954,
      0.5556954741477966
    ],
    [
      0.510258138179779,
      0.555705189704895
    ],
    [
      0.5071746110916138,
      0.5558436512947083
    ],
    [
      0.5045143961906433,
      0.5560062527656555
    ],
    [
      0.5028293132781982,
      0.5562244653701782
    ],
    [
      0.5012588500976562,
      0.5564041137695312
    ],
    [
      0.49993160367012024,
      0.5565021634101868
    ],
    [
      0.498696893453598,
      0.5565834045410156
    ],
    [
      0.49764320254325867,
      0.556631863117218
    ],
    [
      0.4962661564350128,
      0.556702733039856
    ],
    [
      0.49430447816848755,
      0.5568140149116516
    ],
    [
      0.4926764965057373,
      0.5568909645080566
    ]
  ],
  "target": [
    [
      0.4916072487831116,
      0.5569103360176086
    ],
    [
      0.4905056655406952,
      0.5569959282875061
    ],
    [
      0.48935386538505554,
      0.5571842789649963
    ],
    [
      0.4883795976638794,
      0.5572234988212585
    ],
    [
      0.4876612424850464,
      0.5570477843284607
    ],
    [
      0.4871007800102234,
      0.5569038391113281
    ],
    [
      0.486751914024353,
      0.5568023324012756
    ],
    [
      0.48647230863571167,
      0.5566444396972656
    ],
    [
      0.48627904057502747,
      0.5564163327217102
    ],
    [
      0.4858064651489258,
      0.5562395453453064
    ],
    [
      0.4850098192691803,
      0.5561221837997437
    ],
    [
      0.48438623547554016,
      0.5559597611427307
    ],
    [
      0.48394954204559326,
      0.5557487607002258
    ],
    [
      0.4835321009159088,
      0.5555213093757629
    ],
    [
      0.483134001493454,
      0.555277407169342
    ]
  ]
}