{
  "input": [
    [
      0.5750661492347717,
      0.5782855153083801
    ],
    [
      0.5754783749580383,
      0.5781095623970032
    ],
    [
      0.5757566094398499,
      0.5780941843986511
    ],
    [
      0.5760501623153687,
      0.5780721306800842
    ],
    [
      0.5765718817710876,
      0.5779500007629395
    ],
    [
      0.5770819187164307,
      0.5778266191482544
    ],
    [
      0.5774586796760559,
      0.5776888132095337
    ],
    [
      0.5778692364692688,
      0.5775564908981323
    ],
    [
      0.5785894393920898,
      0.5774747133255005
    ],
    [
      0.579251766204834,
      0.5774194002151489
    ],
    [
      0.5794732570648193,
      0.5775654911994934
    ],
    [
      0.5796471238136292,
      0.5777018666267395
    ],
    [
      0.5795132517814636,
      0.5777748823165894
    ],
    [
      0.5793523192405701,
      0.5778233408927917
    ],
    [
      0.5790398716926575,
      0.5777344107627869
    ]
  ],
  "target": [
    [
      0.5787239074707031,
      0.5776588320732117
    ],
    [
      0.5783904790878296,
      0.5776485800743103
    ],
    [
      0.5780807137489319,
      0.5776476263999939
    ],
    [
      0.5778735280036926,
      0.5776870250701904
    ],
    [
      0.5776835083961487,
      0.5777163505554199
    ],
    [
      0.5775600671768188,
      0.5777063369750977
    ],
    [
      0.5774624943733215,
      0.5776861310005188
    ],
    [
      0.5774554014205933,
      0.577630341053009
    ],
    [
      0.577491044998169,
      0.5775784850120544
    ],
    [
      0.5776615142822266,
      0.5775390267372131
    ],
    [
      0.577803373336792,
      0.5774939060211182
    ],
    [
      0.5778629779815674,
      0.5774323344230652
    ],
    [
      0.5778664350509644,
      0.577408492565155
    ],
    [
      0.5777226090431213,
      0.5774832367897034
    ],
    [
      0.577506959438324,
      0.5775026082992554
    ]
  ]
}