{
  "input": [
    [
      0.533439040184021,
      0.5739201307296753
    ],
    [
      0.5318703055381775,
      0.5734169483184814
    ],
    [
      0.5313562154769897,
      0.5737012028694153
    ],
    [
      0.5315631628036499,
      0.5745238065719604
    ],
    [
      0.530972957611084,
      0.5748917460441589
    ],
    [
      0.5298770070075989,
      0.5749711394309998
    ],
    [
      0.5280288457870483,
      0.5756093263626099
    ],
    [
      0.5257381796836853,
      0.576576292514801
    ],
    [
      0.5237505435943604,
      0.5770407319068909
    ],
    [
      0.5219279527664185,
      0.5772314667701721
    ],
    [
      0.519295334815979,
      0.5773597359657288
    ],
    [
      0.5162550806999207,
      0.5774564743041992
    ],
    [
      0.5134288668632507,
      0.5775833129882812
    ],
    [
      0.5107020139694214,
      0.577724039554596
    ],
    [
      0.5064637064933777,
      0.5778218507766724
    ]
  ],
  "target": [
    [
      0.5015800595283508,
      0.577901303768158
    ],
    [
      0.4976423382759094,
      0.5773788094520569
    ],
    [
      0.4940750002861023,
      0.5766205191612244
    ],
    [
      0.48968157172203064,
      0.5736107230186462
    ],
    [
      0.48499244451522827,
      0.5697949528694153
    ],
    [
      0.48004475235939026,
      0.5660122632980347
    ],
    [
      0.47501280903816223,
      0.5622403025627136
    ],
    [
      0.4938933253288269,
      0.5718910694122314
    ],
    [
      0.5198355913162231,
      0.5855057835578918
    ],
    [
      0.5239152312278748,
      0.5909179449081421
    ],
    [
      0.5221770405769348,
      0.5941473245620728
    ],
    [
      0.5161263346672058,
      0.5948919057846069
    ],
    [
      0.5090484023094177,
      0.5950446724891663
    ],
    [
      0.5012351870536804,
      0.5948652029037476
    ],
    [
      0.49326643347740173,
      0.5946155190467834
    ]
  ]
}