{
  "input": [
    [
      0.5865705609321594,
      0.5691821575164795
    ],
    [
      0.5934377312660217,
      0.5680750608444214
    ],
    [
      0.5973299145698547,
      0.5675160884857178
    ],
    [
      0.5874969959259033,
      0.5691670179367065
    ],
    [
      0.5687182545661926,
      0.5722582936286926
    ],
    [
      0.5550161600112915,
      0.5744935870170593
    ],
    [
      0.5443833470344543,
      0.5762113928794861
    ],
    [
      0.53846275806427,
      0.5772120356559753
    ],
    [
      0.5351811051368713,
      0.5778111219406128
    ],
    [
      0.5342380404472351,
      0.5780199766159058
    ],
    [
      0.53450608253479,
      0.5780267119407654
    ],
    [
      0.5355699062347412,
      0.577910304069519
    ],
    [
      0.5370140075683594,
      0.5777350068092346
    ],
    [
      0.5382449626922607,
      0.5775371193885803
    ],
    [
      0.5393821597099304,
      0.5773293375968933
    ]
  ],
  "target": [
    [
      0.5401106476783752,
      0.5771353840827942
    ],
    [
      0.5406739711761475,
      0.5769469141960144
    ],
    [
      0.5408703088760376,
      0.5768468379974365
    ],
    [
      0.540930986404419,
      0.5767794251441956
    ],
    [
      0.5408216118812561,
      0.5767967104911804
    ],
    [
      0.5406549572944641,
      0.5768425464630127
    ],
    [
      0.5404272079467773,
      0.5769151449203491
    ],
    [
      0.5401808023452759,
      0.5769959688186646
    ],
    [
      0.5400194525718689,
      0.5770533680915833
    ],
    [
      0.5398816466331482,
      0.5771042108535767
    ],
    [
      0.5564987659454346,
      0.5746437907218933
    ],
    [
      0.5772714018821716,
      0.5715605616569519
    ],
    [
      0.5882851481437683,
      0.5700716376304626
    ],
    [
      0.597143292427063,
      0.5689348578453064
    ],
    [
      0.5998830199241638,
      0.5685746073722839
    ]
  ],
  "meta": {
    "video_name": "test2.mp4",
    "video_stem": "test2",
    "video_path": "E:\\desktop\\open\\lstm-akf\\data\\video\\test2.mp4",
    "fps": 40.0,
    "segment_index": 34,
    "sample_index": 75,
    "start_frame_index": 65,
    "history_end_frame_index": 79,
    "target_end_frame_index": 94,
    "history_frame_indices": [
      65,
      66,
      67,
      68,
      69,
      70,
      71,
      72,
      73,
      74,
      75,
      76,
      77,
      78,
      79
    ],
    "target_frame_indices": [
      80,
      81,
      82,
      83,
      84,
      85,
      86,
      87,
      88,
      89,
      90,
      91,
      92,
      93,
      94
    ],
    "history_timestamps": [
      78.88101051104088,
      78.90601051104089,
      78.9310105110409,
      78.9560105110409,
      78.9810105110409,
      79.00601051104091,
      79.03101051104092,
      79.05601051104092,
      79.08101051104093,
      79.10601051104094,
      79.13101051104094,
      79.15601051104095,
      79.18101051104095,
      79.20601051104096,
      79.23101051104096
    ],
    "target_timestamps": [
      79.25601051104097,
      79.28101051104098,
      79.30601051104098,
      79.33101051104099,
      79.35601051104099,
      79.381010511041,
      79.406010511041,
      79.43101051104101,
      79.45601051104101,
      79.48101051104102,
      79.50601051104103,
      79.53101051104103,
      79.55601051104104,
      79.58101051104104,
      79.60601051104105
    ]
  }
}