{
  "input": [
    [
      0.5760418772697449,
      0.5926219820976257
    ],
    [
      0.5798662304878235,
      0.592139720916748
    ],
    [
      0.5827474594116211,
      0.591719388961792
    ],
    [
      0.5855517983436584,
      0.5914198756217957
    ],
    [
      0.5882852077484131,
      0.5912320017814636
    ],
    [
      0.5901545286178589,
      0.591105043888092
    ],
    [
      0.5912807583808899,
      0.5910304188728333
    ],
    [
      0.5928410291671753,
      0.5906794667243958
    ],
    [
      0.5947485566139221,
      0.5901074409484863
    ],
    [
      0.5813424587249756,
      0.5871497988700867
    ],
    [
      0.5565377473831177,
      0.5824164152145386
    ],
    [
      0.5396645665168762,
      0.5786905884742737
    ],
    [
      0.5282784700393677,
      0.5756616592407227
    ],
    [
      0.5224220156669617,
      0.5740966796875
    ],
    [
      0.5201173424720764,
      0.5734720230102539
    ]
  ],
  "target": [
    [
      0.5204384326934814,
      0.5738712549209595
    ],
    [
      0.5223235487937927,
      0.5748803615570068
    ],
    [
      0.5247693657875061,
      0.575531005859375
    ],
    [
      0.527524471282959,
      0.575984001159668
    ],
    [
      0.529636800289154,
      0.5763410925865173
    ],
    [
      0.5314213633537292,
      0.5766494274139404
    ],
    [
      0.5324016213417053,
      0.57675701379776
    ],
    [
      0.5330036282539368,
      0.5767701864242554
    ],
    [
      0.5330697298049927,
      0.5765731334686279
    ],
    [
      0.5329039096832275,
      0.5762851238250732
    ],
    [
      0.5342579483985901,
      0.5763242840766907
    ],
    [
      0.536215603351593,
      0.576493501663208
    ],
    [
      0.5385638475418091,
      0.576693058013916
    ],
    [
      0.5410539507865906,
      0.5769037008285522
    ],
    [
      0.5439441204071045,
      0.5771454572677612
    ]
  ]
}