{
  "input": [
    [
      0.5377410650253296,
      0.7021626234054565
    ],
    [
      0.5466947555541992,
      0.7002001404762268
    ],
    [
      0.5557133555412292,
      0.6984977722167969
    ],
    [
      0.5643577575683594,
      0.6967809796333313
    ],
    [
      0.5721889138221741,
      0.6947752833366394
    ],
    [
      0.5795031785964966,
      0.6912470459938049
    ],
    [
      0.5337753891944885,
      0.700742244720459
    ],
    [
      0.47099658846855164,
      0.7162879705429077
    ],
    [
      0.42715784907341003,
      0.730911374092102
    ],
    [
      0.4206259548664093,
      0.7372714877128601
    ],
    [
      0.42787063121795654,
      0.7404894232749939
    ],
    [
      0.4449980556964874,
      0.741508424282074
    ],
    [
      0.46811434626579285,
      0.7412717342376709
    ],
    [
      0.4896812438964844,
      0.7411457896232605
    ],
    [
      0.5079041123390198,
      0.7407097220420837
    ]
  ],
  "target": [
    [
      0.5231908559799194,
      0.739662230014801
    ],
    [
      0.5359494686126709,
      0.737701952457428
    ],
    [
      0.5459308624267578,
      0.7357037663459778
    ],
    [
      0.555189311504364,
      0.7340862154960632
    ],
    [
      0.5637152791023254,
      0.7323794364929199
    ],
    [
      0.5714994072914124,
      0.7301136255264282
    ],
    [
      0.579387903213501,
      0.7276745438575745
    ],
    [
      0.5871213674545288,
      0.7252095341682434
    ],
    [
      0.569011926651001,
      0.7135552167892456
    ],
    [
      0.49937179684638977,
      0.6835482716560364
    ],
    [
      0.45462149381637573,
      0.6675021052360535
    ],
    [
      0.43168893456459045,
      0.6591987013816833
    ],
    [
      0.42600154876708984,
      0.6571298837661743
    ],
    [
      0.43298670649528503,
      0.6597875952720642
    ],
    [
      0.44764313101768494,
      0.6653493046760559
    ]
  ]
}