{
  "input": [
    [
      0.5997720956802368,
      0.5574501752853394
    ],
    [
      0.5978051424026489,
      0.557355523109436
    ],
    [
      0.5960700511932373,
      0.5573081970214844
    ],
    [
      0.5948837399482727,
      0.5573728680610657
    ],
    [
      0.5937628746032715,
      0.557386040687561
    ],
    [
      0.5927847027778625,
      0.5572872757911682
    ],
    [
      0.5920078754425049,
      0.557223916053772
    ],
    [
      0.5916351675987244,
      0.5572317242622375
    ],
    [
      0.5912400484085083,
      0.5571514964103699
    ],
    [
      0.5908032655715942,
      0.5569079518318176
    ],
    [
      0.5903556942939758,
      0.5568239092826843
    ],
    [
      0.589889407157898,
      0.5570134520530701
    ],
    [
      0.5894571542739868,
      0.5571728944778442
    ],
    [
      0.5890790224075317,
      0.5572843551635742
    ],
    [
      0.5887674689292908,
      0.5573346018791199
    ]
  ],
  "target": [
    [
      0.5885542035102844,
      0.557294487953186
    ],
    [
      0.5883716344833374,
      0.5572361350059509
    ],
    [
      0.5882312059402466,
      0.5571528077125549
    ],
    [
      0.5881401300430298,
      0.5570889711380005
    ],
    [
      0.5881119966506958,
      0.5570499300956726
    ],
    [
      0.5881496667861938,
      0.5570204257965088
    ],
    [
      0.5882654786109924,
      0.5570022463798523
    ],
    [
      0.5883863568305969,
      0.5570617914199829
    ],
    [
      0.5885129570960999,
      0.5572072267532349
    ],
    [
      0.5887467265129089,
      0.5572565197944641
    ],
    [
      0.5890908241271973,
      0.5572068095207214
    ],
    [
      0.589349091053009,
      0.5571919679641724
    ],
    [
      0.5895251631736755,
      0.5572105646133423
    ],
    [
      0.5897620320320129,
      0.5571752190589905
    ],
    [
      0.5900532007217407,
      0.5570917725563049
    ]
  ]
}