{
  "input": [
    [
      0.5707116723060608,
      0.5669412016868591
    ],
    [
      0.5706773400306702,
      0.5658852458000183
    ],
    [
      0.5716443657875061,
      0.5653194189071655
    ],
    [
      0.5734241604804993,
      0.5651513338088989
    ],
    [
      0.5752420425415039,
      0.5649595856666565
    ],
    [
      0.5770887136459351,
      0.5647498965263367
    ],
    [
      0.578831672668457,
      0.5647455453872681
    ],
    [
      0.5805017948150635,
      0.5648852586746216
    ],
    [
      0.5822638273239136,
      0.5651120543479919
    ],
    [
      0.5840857625007629,
      0.5653955340385437
    ],
    [
      0.5849354267120361,
      0.565552294254303
    ],
    [
      0.5851972103118896,
      0.5656325221061707
    ],
    [
      0.584987461566925,
      0.5655239820480347
    ],
    [
      0.5845136046409607,
      0.5653098821640015
    ],
    [
      0.5840057134628296,
      0.5652055740356445
    ]
  ],
  "target": [
    [
      0.583480179309845,
      0.5651581287384033
    ],
    [
      0.5821941494941711,
      0.5652196407318115
    ],
    [
      0.580544650554657,
      0.5653333067893982
    ],
    [
      0.5792702436447144,
      0.5654621720314026
    ],
    [
      0.5781608819961548,
      0.5655977725982666
    ],
    [
      0.5767776966094971,
      0.5656057000160217
    ],
    [
      0.575283944606781,
      0.5655621290206909
    ],
    [
      0.5734579563140869,
      0.565565288066864
    ],
    [
      0.5715091228485107,
      0.5655857920646667
    ],
    [
      0.569333553314209,
      0.5656017065048218
    ],
    [
      0.5670815110206604,
      0.5656161904335022
    ],
    [
      0.5645973682403564,
      0.5656260251998901
    ],
    [
      0.5620421171188354,
      0.5656344890594482
    ],
    [
      0.5592494010925293,
      0.5656381845474243
    ],
    [
      0.5563910007476807,
      0.5656405687332153
    ]
  ]
}