{
  "input": [
    [
      0.837262749671936,
      0.6103720664978027
    ],
    [
      0.837262749671936,
      0.6103720664978027
    ],
    [
      0.837262749671936,
      0.6103720664978027
    ],
    [
      0.837262749671936,
      0.6103720664978027
    ],
    [
      0.837262749671936,
      0.6103720664978027
    ],
    [
      0.837262749671936,
      0.6103720664978027
    ]
  ],
  "target": [
    [
      0.837262749671936,
      0.6103720664978027
    ],
    [
      0.837262749671936,
      0.6103720664978027
    ],
    [
      0.837262749671936,
      0.6103720664978027
    ],
    [
      0.837262749671936,
      0.6103720664978027
    ],
    [
      0.836047351360321,
      0.6103836894035339
    ],
    [
      0.8223955035209656,
      0.6105138659477234
    ],
    [
      0.8097633719444275,
      0.6106662154197693
    ],
    [
      0.8056564927101135,
      0.611003577709198
    ],
    [
      0.8018164038658142,
      0.6113476753234863
    ],
    [
      0.7998502254486084,
      0.6117384433746338
    ],
    [
      0.7976747155189514,
      0.6120758056640625
    ],
    [
      0.7942384481430054,
      0.6120912432670593
    ],
    [
      0.7910444140434265,
      0.6120079755783081
    ],
    [
      0.7891200184822083,
      0.6114073991775513
    ],
    [
      0.7871971726417542,
      0.6107837557792664
    ]
  ],
  "meta": {
    "video_name": "test2.mp4",
    "video_stem": "test2",
    "video_path": "E:\\desktop\\open\\lstm-akf\\data\\video\\test2.mp4",
    "fps": 40.0,
    "segment_index": 108,
    "sample_index": 1,
    "start_frame_index": 0,
    "history_end_frame_index": 5,
    "target_end_frame_index": 20,
    "history_frame_indices": [
      0,
      1,
      2,
      3,
      4,
      5
    ],
    "target_frame_indices": [
      6,
      7,
      8,
      9,
      10,
      11,
      12,
      13,
      14,
      15,
      16,
      17,
      18,
      19,
      20
    ],
    "history_timestamps": [
      244.9496215241009,
      244.9746215241009,
      244.99962152410092,
      245.02462152410092,
      245.04962152410093,
      245.07462152410093
    ],
    "target_timestamps": [
      245.09962152410094,
      245.12462152410095,
      245.14962152410095,
      245.17462152410096,
      245.19962152410096,
      245.22462152410097,
      245.24962152410097,
      245.27462152410098,
      245.29962152410098,
      245.324621524101,
      245.349621524101,
      245.374621524101,
      245.399621524101,
      245.424621524101,
      245.44962152410102
    ]
  }
}