{
  "input": [
    [
      0.7787031531333923,
      0.6012350916862488
    ],
    [
      0.7068102955818176,
      0.5961577296257019
    ],
    [
      0.6891117691993713,
      0.5957744121551514
    ],
    [
      0.6888032555580139,
      0.5968972444534302
    ],
    [
      0.6919901371002197,
      0.5977287888526917
    ],
    [
      0.6961925625801086,
      0.5984756350517273
    ],
    [
      0.7010993957519531,
      0.5992967486381531
    ],
    [
      0.7061905264854431,
      0.6001373529434204
    ],
    [
      0.71408611536026,
      0.6008434891700745
    ],
    [
      0.7226374745368958,
      0.6015181541442871
    ],
    [
      0.7283427715301514,
      0.6003914475440979
    ],
    [
      0.7334581017494202,
      0.5988913178443909
    ],
    [
      0.7443371415138245,
      0.5980769395828247
    ],
    [
      0.7562646269798279,
      0.5973872542381287
    ],
    [
      0.7556458711624146,
      0.5969514846801758
    ]
  ],
  "target": [
    [
      0.753050684928894,
      0.5965556502342224
    ],
    [
      0.7575072646141052,
      0.5956515669822693
    ],
    [
      0.7629099488258362,
      0.5946792364120483
    ],
    [
      0.7264724969863892,
      0.5888264179229736
    ],
    [
      0.6853611469268799,
      0.5824283957481384
    ],
    [
      0.6578319668769836,
      0.5773220658302307
    ],
    [
      0.6315268874168396,
      0.5723322033882141
    ],
    [
      0.6572486758232117,
      0.5768553614616394
    ],
    [
      0.6865795254707336,
      0.5820385217666626
    ],
    [
      0.6945682764053345,
      0.5831879377365112
    ],
    [
      0.7015029191970825,
      0.5841382145881653
    ],
    [
      0.7087209224700928,
      0.5855109095573425
    ],
    [
      0.7159474492073059,
      0.5868963599205017
    ],
    [
      0.7266839146614075,
      0.5890677571296692
    ],
    [
      0.7374836206436157,
      0.591253399848938
    ]
  ],
  "meta": {
    "video_name": "test2.mp4",
    "video_stem": "test2",
    "video_path": "E:\\desktop\\open\\lstm-akf\\data\\video\\test2.mp4",
    "fps": 40.0,
    "segment_index": 166,
    "sample_index": 427,
    "start_frame_index": 417,
    "history_end_frame_index": 431,
    "target_end_frame_index": 446,
    "history_frame_indices": [
      417,
      418,
      419,
      420,
      421,
      422,
      423,
      424,
      425,
      426,
      427,
      428,
      429,
      430,
      431
    ],
    "target_frame_indices": [
      432,
      433,
      434,
      435,
      436,
      437,
      438,
      439,
      440,
      441,
      442,
      443,
      444,
      445,
      446
    ],
    "history_timestamps": [
      399.3810144330611,
      399.4060144330611,
      399.4310144330611,
      399.45601443306106,
      399.48101443306103,
      399.506014433061,
      399.531014433061,
      399.55601443306097,
      399.58101443306094,
      399.6060144330609,
      399.6310144330609,
      399.6560144330609,
      399.68101443306085,
      399.70601443306083,
      399.7310144330608
    ],
    "target_timestamps": [
      399.7560144330608,
      399.78101443306076,
      399.80601443306074,
      399.8310144330607,
      399.8560144330607,
      399.88101443306067,
      399.90601443306065,
      399.9310144330606,
      399.9560144330606,
      399.9810144330606,
      400.00601443306056,
      400.03101443306053,
      400.0560144330605,
      400.0810144330605,
      400.10601443306047
    ]
  }
}