{
  "input": [
    [
      0.4387389123439789,
      0.6543817520141602
    ],
    [
      0.4387272298336029,
      0.654495358467102
    ],
    [
      0.43873417377471924,
      0.6544850468635559
    ],
    [
      0.43876519799232483,
      0.654429018497467
    ],
    [
      0.438825786113739,
      0.6544055342674255
    ],
    [
      0.43891221284866333,
      0.6544002294540405
    ],
    [
      0.43922245502471924,
      0.6543576121330261
    ],
    [
      0.43963295221328735,
      0.6543703675270081
    ],
    [
      0.44002020359039307,
      0.6545311808586121
    ],
    [
      0.4405597150325775,
      0.6556906700134277
    ],
    [
      0.44153714179992676,
      0.6561054587364197
    ],
    [
      0.4427233636379242,
      0.65598464012146
    ],
    [
      0.443889319896698,
      0.655537486076355
    ],
    [
      0.4450852572917938,
      0.6553239822387695
    ],
    [
      0.44617900252342224,
      0.6555275321006775
    ]
  ],
  "target": [
    [
      0.4471922516822815,
      0.6558821797370911
    ],
    [
      0.44814661145210266,
      0.6561219096183777
    ],
    [
      0.44975173473358154,
      0.6568765640258789
    ],
    [
      0.4515377879142761,
      0.6573331952095032
    ],
    [
      0.4533367455005646,
      0.6576367616653442
    ],
    [
      0.4549807608127594,
      0.6579321622848511
    ],
    [
      0.4571194052696228,
      0.6587316989898682
    ],
    [
      0.4591445028781891,
      0.65910404920578
    ],
    [
      0.461198091506958,
      0.6592570543289185
    ],
    [
      0.4634220600128174,
      0.6593987345695496
    ],
    [
      0.4661540985107422,
      0.6596858501434326
    ],
    [
      0.46873289346694946,
      0.6598971486091614
    ],
    [
      0.47123196721076965,
      0.6602292656898499
    ],
    [
      0.47372496128082275,
      0.6608790159225464
    ],
    [
      0.47625768184661865,
      0.6606795191764832
    ]
  ]
}