{
  "input": [
    [
      0.5824291110038757,
      0.56583571434021
    ],
    [
      0.5829082131385803,
      0.5657650232315063
    ],
    [
      0.583570122718811,
      0.5656936168670654
    ],
    [
      0.584405243396759,
      0.5656225085258484
    ],
    [
      0.5853914022445679,
      0.5655516982078552
    ],
    [
      0.5865565538406372,
      0.5654812455177307
    ],
    [
      0.5878669023513794,
      0.5654110312461853
    ],
    [
      0.5883916616439819,
      0.5655983090400696
    ],
    [
      0.588323175907135,
      0.5659800171852112
    ],
    [
      0.5885289311408997,
      0.5660988688468933
    ],
    [
      0.5889270901679993,
      0.5660332441329956
    ],
    [
      0.5892059803009033,
      0.565952479839325
    ],
    [
      0.5894071459770203,
      0.5658618807792664
    ],
    [
      0.5895366072654724,
      0.5658107995986938
    ],
    [
      0.5896227359771729,
      0.5657836198806763
    ]
  ],
  "target": [
    [
      0.5896559357643127,
      0.5658044815063477
    ],
    [
      0.5896594524383545,
      0.5658522844314575
    ],
    [
      0.5896934270858765,
      0.5658979415893555
    ],
    [
      0.5897430777549744,
      0.5659424662590027
    ],
    [
      0.5897931456565857,
      0.5659746527671814
    ],
    [
      0.5898433923721313,
      0.5660008788108826
    ],
    [
      0.5898162126541138,
      0.566046416759491
    ],
    [
      0.5897549986839294,
      0.5661004781723022
    ],
    [
      0.5896599888801575,
      0.5661650896072388
    ],
    [
      0.5895514488220215,
      0.5662340521812439
    ],
    [
      0.589408278465271,
      0.5663138031959534
    ],
    [
      0.5892524123191833,
      0.5663976073265076
    ],
    [
      0.5890610814094543,
      0.56649249792099
    ],
    [
      0.588857889175415,
      0.566591203212738
    ],
    [
      0.5886183977127075,
      0.5667012333869934
    ]
  ],
  "meta": {
    "video_name": "test2.mp4",
    "video_stem": "test2",
    "video_path": "E:\\desktop\\open\\lstm-akf\\data\\video\\test2.mp4",
    "fps": 40.0,
    "segment_index": 15,
    "sample_index": 67,
    "start_frame_index": 57,
    "history_end_frame_index": 71,
    "target_end_frame_index": 86,
    "history_frame_indices": [
      57,
      58,
      59,
      60,
      61,
      62,
      63,
      64,
      65,
      66,
      67,
      68,
      69,
      70,
      71
    ],
    "target_frame_indices": [
      72,
      73,
      74,
      75,
      76,
      77,
      78,
      79,
      80,
      81,
      82,
      83,
      84,
      85,
      86
    ],
    "history_timestamps": [
      37.500930501627565,
      37.52593050162756,
      37.55093050162756,
      37.57593050162756,
      37.60093050162756,
      37.62593050162756,
      37.650930501627556,
      37.675930501627555,
      37.70093050162755,
      37.72593050162755,
      37.75093050162755,
      37.77593050162755,
      37.80093050162755,
      37.825930501627546,
      37.850930501627545
    ],
    "target_timestamps": [
      37.87593050162754,
      37.90093050162754,
      37.92593050162754,
      37.95093050162754,
      37.97593050162754,
      38.000930501627536,
      38.025930501627535,
      38.05093050162753,
      38.07593050162753,
      38.10093050162753,
      38.12593050162753,
      38.15093050162753,
      38.175930501627526,
      38.200930501627525,
      38.22593050162752
    ]
  }
}