{
  "input": [
    [
      0.5910816192626953,
      0.5577406287193298
    ],
    [
      0.5922070145606995,
      0.5575342178344727
    ],
    [
      0.5933706164360046,
      0.5572642683982849
    ],
    [
      0.5941487550735474,
      0.5568293929100037
    ],
    [
      0.5948185920715332,
      0.5563480854034424
    ],
    [
      0.595318078994751,
      0.5560747981071472
    ],
    [
      0.5957746505737305,
      0.5558540225028992
    ],
    [
      0.5961257219314575,
      0.5558487176895142
    ],
    [
      0.596453070640564,
      0.5558919310569763
    ],
    [
      0.5966879725456238,
      0.5558423399925232
    ],
    [
      0.5969045162200928,
      0.5557742714881897
    ],
    [
      0.5869453549385071,
      0.5587478280067444
    ],
    [
      0.5752161145210266,
      0.5622503757476807
    ],
    [
      0.5736368298530579,
      0.5629770159721375
    ],
    [
      0.5735792517662048,
      0.5632874965667725
    ]
  ],
  "target": [
    [
      0.5755225419998169,
      0.5632043480873108
    ],
    [
      0.5777196884155273,
      0.5630712509155273
    ],
    [
      0.580604076385498,
      0.5625690221786499
    ],
    [
      0.5835604667663574,
      0.562028169631958
    ],
    [
      0.5849368572235107,
      0.5620126128196716
    ],
    [
      0.5861815810203552,
      0.5620408654212952
    ],
    [
      0.5864282846450806,
      0.562237560749054
    ],
    [
      0.5866122245788574,
      0.562444806098938
    ],
    [
      0.5859601497650146,
      0.5624257326126099
    ],
    [
      0.5852720141410828,
      0.5623968839645386
    ],
    [
      0.5849846005439758,
      0.5624560117721558
    ],
    [
      0.5847068428993225,
      0.5625171661376953
    ],
    [
      0.5845487713813782,
      0.5626350045204163
    ],
    [
      0.584385871887207,
      0.5627530217170715
    ],
    [
      0.583774983882904,
      0.5628617405891418
    ]
  ]
}