{
  "input": [
    [
      0.4914882183074951,
      0.572560727596283
    ],
    [
      0.4924364686012268,
      0.572957456111908
    ],
    [
      0.4930616021156311,
      0.5733545422554016
    ],
    [
      0.4936304986476898,
      0.5737517476081848
    ],
    [
      0.4936680495738983,
      0.5740561485290527
    ],
    [
      0.4936259388923645,
      0.5743466019630432
    ],
    [
      0.4931938350200653,
      0.5746564865112305
    ],
    [
      0.49271225929260254,
      0.5749688148498535
    ],
    [
      0.4922182559967041,
      0.574922502040863
    ],
    [
      0.491722971200943,
      0.5748386383056641
    ],
    [
      0.4909023344516754,
      0.5744811296463013
    ],
    [
      0.49005457758903503,
      0.5741008520126343
    ],
    [
      0.48947858810424805,
      0.5741934776306152
    ],
    [
      0.4889197051525116,
      0.5743159055709839
    ],
    [
      0.48829734325408936,
      0.574621319770813
    ]
  ],
  "target": [
    [
      0.48767226934432983,
      0.5749346613883972
    ],
    [
      0.48670169711112976,
      0.5747097730636597
    ],
    [
      0.4857228398323059,
      0.5744718909263611
    ],
    [
      0.48469460010528564,
      0.5743485689163208
    ],
    [
      0.48366475105285645,
      0.5742253661155701
    ],
    [
      0.4825245141983032,
      0.5740525126457214
    ],
    [
      0.48138096928596497,
      0.5738781690597534
    ],
    [
      0.48012903332710266,
      0.5736551284790039
    ],
    [
      0.4803517758846283,
      0.5737107396125793
    ],
    [
      0.5100204944610596,
      0.5793306231498718
    ],
    [
      0.5377331376075745,
      0.5846100449562073
    ],
    [
      0.5375366806983948,
      0.5850328207015991
    ],
    [
      0.5371358394622803,
      0.5854076743125916
    ],
    [
      0.5344850420951843,
      0.5852547287940979
    ],
    [
      0.5317420959472656,
      0.5850938558578491
    ]
  ]
}