{
  "input": [
    [
      0.4936412274837494,
      0.6626269221305847
    ],
    [
      0.4978238046169281,
      0.662555456161499
    ],
    [
      0.5020791888237,
      0.6623658537864685
    ],
    [
      0.5066102147102356,
      0.6617112755775452
    ],
    [
      0.5114898085594177,
      0.6608856320381165
    ],
    [
      0.5167909264564514,
      0.6601828932762146
    ],
    [
      0.5211338996887207,
      0.6587551832199097
    ],
    [
      0.5265487432479858,
      0.6571219563484192
    ],
    [
      0.5074837803840637,
      0.6611683368682861
    ],
    [
      0.4383872151374817,
      0.6767793893814087
    ],
    [
      0.395350843667984,
      0.6913151144981384
    ],
    [
      0.3756907880306244,
      0.7010287642478943
    ],
    [
      0.3740391731262207,
      0.7071199417114258
    ],
    [
      0.38502809405326843,
      0.7107883095741272
    ],
    [
      0.40292301774024963,
      0.7136184573173523
    ]
  ],
  "target": [
    [
      0.42030149698257446,
      0.71624356508255
    ],
    [
      0.4363076984882355,
      0.718701958656311
    ],
    [
      0.4500857889652252,
      0.7210318446159363
    ],
    [
      0.46129992604255676,
      0.7225638628005981
    ],
    [
      0.4718921184539795,
      0.7242522239685059
    ],
    [
      0.482124924659729,
      0.725678563117981
    ],
    [
      0.4922608733177185,
      0.7264244556427002
    ],
    [
      0.5029984712600708,
      0.7264453172683716
    ],
    [
      0.5140722393989563,
      0.7262976765632629
    ],
    [
      0.5253956317901611,
      0.7256401777267456
    ],
    [
      0.5368820428848267,
      0.7241315245628357
    ],
    [
      0.5478601455688477,
      0.7199475765228271
    ],
    [
      0.557976245880127,
      0.7168585658073425
    ],
    [
      0.5428780913352966,
      0.7081849575042725
    ],
    [
      0.47821345925331116,
      0.6872472167015076
    ]
  ],
  "meta": {
    "video_name": "test1.mp4",
    "video_stem": "test1",
    "video_path": "E:\\desktop\\open\\lstm-akf\\data\\video\\test1.mp4",
    "fps": 40.0,
    "segment_index": 0,
    "sample_index": 497,
    "start_frame_index": 487,
    "history_end_frame_index": 501,
    "target_end_frame_index": 516,
    "history_frame_indices": [
      487,
      488,
      489,
      490,
      491,
      492,
      493,
      494,
      495,
      496,
      497,
      498,
      499,
      500,
      501
    ],
    "target_frame_indices": [
      502,
      503,
      504,
      505,
      506,
      507,
      508,
      509,
      510,
      511,
      512,
      513,
      514,
      515,
      516
    ],
    "history_timestamps": [
      12.87500000000001,
      12.90000000000001,
      12.92500000000001,
      12.95000000000001,
      12.97500000000001,
      13.00000000000001,
      13.025000000000011,
      13.05000000000001,
      13.07500000000001,
      13.10000000000001,
      13.12500000000001,
      13.150000000000011,
      13.17500000000001,
      13.20000000000001,
      13.22500000000001
    ],
    "target_timestamps": [
      13.25000000000001,
      13.275000000000011,
      13.300000000000011,
      13.32500000000001,
      13.35000000000001,
      13.37500000000001,
      13.400000000000011,
      13.425000000000011,
      13.45000000000001,
      13.47500000000001,
      13.50000000000001,
      13.525000000000011,
      13.550000000000011,
      13.57500000000001,
      13.60000000000001
    ]
  }
}