{
  "input": [
    [
      0.5123488903045654,
      0.5523222088813782
    ],
    [
      0.5135523080825806,
      0.5532159805297852
    ],
    [
      0.5148212909698486,
      0.5538461208343506
    ],
    [
      0.5161194205284119,
      0.5543586611747742
    ],
    [
      0.5175778269767761,
      0.5544561743736267
    ],
    [
      0.5191019177436829,
      0.5543835759162903
    ],
    [
      0.5202596783638,
      0.5544579029083252
    ],
    [
      0.52128005027771,
      0.5545872449874878
    ],
    [
      0.52249675989151,
      0.5546033382415771
    ],
    [
      0.5237807035446167,
      0.554580569267273
    ],
    [
      0.5245620608329773,
      0.5543487668037415
    ],
    [
      0.5251871347427368,
      0.5540518760681152
    ],
    [
      0.5266170501708984,
      0.5543071031570435
    ],
    [
      0.5282731652259827,
      0.5547174215316772
    ],
    [
      0.529247522354126,
      0.5548335313796997
    ]
  ],
  "target": [
    [
      0.530049741268158,
      0.5548752546310425
    ],
    [
      0.530782163143158,
      0.5548597574234009
    ],
    [
      0.531498908996582,
      0.5548313856124878
    ],
    [
      0.532173216342926,
      0.5548218488693237
    ],
    [
      0.5328390598297119,
      0.5548160672187805
    ],
    [
      0.5233971476554871,
      0.5574266314506531
    ],
    [
      0.512196958065033,
      0.5604922771453857
    ],
    [
      0.5099042654037476,
      0.561194896697998
    ],
    [
      0.5089468359947205,
      0.5615432262420654
    ],
    [
      0.5111850500106812,
      0.5617443919181824
    ],
    [
      0.5138285756111145,
      0.5619269609451294
    ],
    [
      0.5160844922065735,
      0.5619794130325317
    ],
    [
      0.5182998180389404,
      0.5620181560516357
    ],
    [
      0.5210878252983093,
      0.5620778203010559
    ],
    [
      0.5239235758781433,
      0.5621391534805298
    ]
  ]
}