{
  "input": [
    [
      0.4046708047389984,
      0.5700427293777466
    ],
    [
      0.4046713411808014,
      0.5700540542602539
    ],
    [
      0.40467169880867004,
      0.5700647234916687
    ],
    [
      0.40466952323913574,
      0.5700660943984985
    ],
    [
      0.4046652913093567,
      0.5700655579566956
    ],
    [
      0.40464016795158386,
      0.5700457692146301
    ],
    [
      0.40461233258247375,
      0.5700244307518005
    ],
    [
      0.40456196665763855,
      0.5699899792671204
    ],
    [
      0.40464094281196594,
      0.5699078440666199
    ],
    [
      0.4056285321712494,
      0.569490373134613
    ],
    [
      0.40653887391090393,
      0.5690963864326477
    ],
    [
      0.4069841802120209,
      0.568843424320221
    ],
    [
      0.40761032700538635,
      0.5687971115112305
    ],
    [
      0.4091843068599701,
      0.5698336958885193
    ],
    [
      0.4105719327926636,
      0.5706314444541931
    ]
  ],
  "target": [
    [
      0.41109949350357056,
      0.5703268647193909
    ],
    [
      0.4116911292076111,
      0.5700706839561462
    ],
    [
      0.4125458300113678,
      0.5700132846832275
    ],
    [
      0.4134107232093811,
      0.569943904876709
    ],
    [
      0.4143131673336029,
      0.5698304772377014
    ],
    [
      0.41522663831710815,
      0.5697041153907776
    ],
    [
      0.41617679595947266,
      0.5695347189903259
    ],
    [
      0.4177725613117218,
      0.5693655014038086
    ],
    [
      0.4213126599788666,
      0.5691969990730286
    ],
    [
      0.4244827926158905,
      0.5690049529075623
    ],
    [
      0.42663779854774475,
      0.5687483549118042
    ],
    [
      0.42886337637901306,
      0.5684770941734314
    ],
    [
      0.431266188621521,
      0.5681689977645874
    ],
    [
      0.43374401330947876,
      0.5678452849388123
    ],
    [
      0.436394602060318,
      0.5674856305122375
    ]
  ],
  "meta": {
    "video_name": "test2.mp4",
    "video_stem": "test2",
    "video_path": "E:\\desktop\\open\\lstm-akf\\data\\video\\test2.mp4",
    "fps": 40.0,
    "segment_index": 99,
    "sample_index": 16,
    "start_frame_index": 6,
    "history_end_frame_index": 20,
    "target_end_frame_index": 35,
    "history_frame_indices": [
      6,
      7,
      8,
      9,
      10,
      11,
      12,
      13,
      14,
      15,
      16,
      17,
      18,
      19,
      20
    ],
    "target_frame_indices": [
      21,
      22,
      23,
      24,
      25,
      26,
      27,
      28,
      29,
      30,
      31,
      32,
      33,
      34,
      35
    ],
    "history_timestamps": [
      217.89400909910975,
      217.91900909910976,
      217.94400909910976,
      217.96900909910977,
      217.99400909910977,
      218.01900909910978,
      218.0440090991098,
      218.0690090991098,
      218.0940090991098,
      218.1190090991098,
      218.1440090991098,
      218.16900909910981,
      218.19400909910982,
      218.21900909910983,
      218.24400909910983
    ],
    "target_timestamps": [
      218.26900909910984,
      218.29400909910984,
      218.31900909910985,
      218.34400909910985,
      218.36900909910986,
      218.39400909910987,
      218.41900909910987,
      218.44400909910988,
      218.46900909910988,
      218.4940090991099,
      218.5190090991099,
      218.5440090991099,
      218.5690090991099,
      218.5940090991099,
      218.61900909910992
    ]
  }
}