{
  "input": [
    [
      0.510006308555603,
      0.7080584764480591
    ],
    [
      0.5230293869972229,
      0.7087633013725281
    ],
    [
      0.533946692943573,
      0.7090940475463867
    ],
    [
      0.5434840321540833,
      0.7083654999732971
    ],
    [
      0.551753580570221,
      0.7062245011329651
    ],
    [
      0.5603585839271545,
      0.7033097147941589
    ],
    [
      0.568838357925415,
      0.7001368403434753
    ],
    [
      0.5767321586608887,
      0.6972216963768005
    ],
    [
      0.584233820438385,
      0.6943742632865906
    ],
    [
      0.5914814472198486,
      0.6910129189491272
    ],
    [
      0.5725021362304688,
      0.6943501234054565
    ],
    [
      0.5013227462768555,
      0.7115979790687561
    ],
    [
      0.46109259128570557,
      0.7257828712463379
    ],
    [
      0.4439490735530853,
      0.7357595562934875
    ],
    [
      0.445102721452713,
      0.7416529059410095
    ]
  ],
  "target": [
    [
      0.45976415276527405,
      0.7435875535011292
    ],
    [
      0.48197078704833984,
      0.7425947785377502
    ],
    [
      0.5025715231895447,
      0.7408654093742371
    ],
    [
      0.5208232998847961,
      0.739140510559082
    ],
    [
      0.5359830260276794,
      0.7381610870361328
    ],
    [
      0.5478209853172302,
      0.7374358773231506
    ],
    [
      0.5579935312271118,
      0.7363640069961548
    ],
    [
      0.5669344067573547,
      0.7348584532737732
    ],
    [
      0.5750771760940552,
      0.732832133769989
    ],
    [
      0.5824320316314697,
      0.731160044670105
    ],
    [
      0.5895562767982483,
      0.7283058166503906
    ],
    [
      0.5961330533027649,
      0.7247698307037354
    ],
    [
      0.6018455624580383,
      0.7210522890090942
    ],
    [
      0.4998164474964142,
      0.6812562346458435
    ],
    [
      0.4509100615978241,
      0.6623919606208801
    ]
  ],
  "meta": {
    "video_name": "test1.mp4",
    "video_stem": "test1",
    "video_path": "E:\\desktop\\open\\lstm-akf\\data\\video\\test1.mp4",
    "fps": 40.0,
    "segment_index": 0,
    "sample_index": 155,
    "start_frame_index": 145,
    "history_end_frame_index": 159,
    "target_end_frame_index": 174,
    "history_frame_indices": [
      145,
      146,
      147,
      148,
      149,
      150,
      151,
      152,
      153,
      154,
      155,
      156,
      157,
      158,
      159
    ],
    "target_frame_indices": [
      160,
      161,
      162,
      163,
      164,
      165,
      166,
      167,
      168,
      169,
      170,
      171,
      172,
      173,
      174
    ],
    "history_timestamps": [
      4.325000000000003,
      4.350000000000003,
      4.3750000000000036,
      4.400000000000003,
      4.425000000000003,
      4.450000000000004,
      4.475000000000003,
      4.5000000000000036,
      4.525000000000003,
      4.550000000000003,
      4.575000000000004,
      4.600000000000003,
      4.6250000000000036,
      4.650000000000004,
      4.675000000000003
    ],
    "target_timestamps": [
      4.700000000000004,
      4.725000000000004,
      4.7500000000000036,
      4.775000000000004,
      4.800000000000003,
      4.825000000000004,
      4.850000000000004,
      4.8750000000000036,
      4.900000000000004,
      4.925000000000004,
      4.950000000000004,
      4.975000000000004,
      5.000000000000004,
      5.025000000000004,
      5.050000000000004
    ]
  }
}