{
  "input": [
    [
      0.47579413652420044,
      0.7259283661842346
    ],
    [
      0.4904319643974304,
      0.7257199883460999
    ],
    [
      0.5037665367126465,
      0.7256845831871033
    ],
    [
      0.5159348845481873,
      0.7253512144088745
    ],
    [
      0.5270741581916809,
      0.7242491841316223
    ],
    [
      0.537140429019928,
      0.7231014966964722
    ],
    [
      0.5468323826789856,
      0.7214802503585815
    ],
    [
      0.5560839772224426,
      0.7192345857620239
    ],
    [
      0.5648293495178223,
      0.7162137031555176
    ],
    [
      0.5733526945114136,
      0.7104186415672302
    ],
    [
      0.5313640832901001,
      0.6885473728179932
    ],
    [
      0.47218137979507446,
      0.663695216178894
    ],
    [
      0.4291223883628845,
      0.6489575505256653
    ],
    [
      0.41595888137817383,
      0.6464025378227234
    ],
    [
      0.4159625470638275,
      0.6478143930435181
    ]
  ],
  "target": [
    [
      0.4251135289669037,
      0.6516174077987671
    ],
    [
      0.43939197063446045,
      0.6562358140945435
    ],
    [
      0.45202454924583435,
      0.659261167049408
    ],
    [
      0.4626712501049042,
      0.6615058779716492
    ],
    [
      0.47139012813568115,
      0.6628936529159546
    ],
    [
      0.4782392680644989,
      0.6633480191230774
    ],
    [
      0.4834338128566742,
      0.6625297665596008
    ],
    [
      0.48796942830085754,
      0.661772608757019
    ],
    [
      0.49242496490478516,
      0.6612311601638794
    ],
    [
      0.4973793029785156,
      0.661060094833374
    ],
    [
      0.5029854774475098,
      0.6603132486343384
    ],
    [
      0.5085543394088745,
      0.6599403619766235
    ],
    [
      0.5141814947128296,
      0.6595163941383362
    ],
    [
      0.519962728023529,
      0.6586161255836487
    ],
    [
      0.5246878862380981,
      0.6572966575622559
    ]
  ]
}