{
  "input": [
    [
      0.5584040880203247,
      0.6730035543441772
    ],
    [
      0.48945412039756775,
      0.685356080532074
    ],
    [
      0.43863874673843384,
      0.6973937749862671
    ],
    [
      0.4086137115955353,
      0.707639753818512
    ],
    [
      0.40203481912612915,
      0.7146172523498535
    ],
    [
      0.41594234108924866,
      0.7179492115974426
    ],
    [
      0.4344578683376312,
      0.7193129658699036
    ],
    [
      0.4545830488204956,
      0.7189785838127136
    ],
    [
      0.4733194410800934,
      0.7172161340713501
    ],
    [
      0.4878416955471039,
      0.7177063822746277
    ],
    [
      0.5004313588142395,
      0.7174853682518005
    ],
    [
      0.5116448998451233,
      0.7167456746101379
    ],
    [
      0.5220385193824768,
      0.7156798243522644
    ],
    [
      0.5314445495605469,
      0.7128117680549622
    ],
    [
      0.5411033034324646,
      0.7100394368171692
    ]
  ],
  "target": [
    [
      0.5505539178848267,
      0.7070671916007996
    ],
    [
      0.5593354105949402,
      0.7035992741584778
    ],
    [
      0.5678834319114685,
      0.7003270387649536
    ],
    [
      0.5264932513237,
      0.6801427602767944
    ],
    [
      0.4681641161441803,
      0.65614914894104
    ],
    [
      0.425895094871521,
      0.641448974609375
    ],
    [
      0.4140849709510803,
      0.6395167112350464
    ],
    [
      0.4144118130207062,
      0.6408072113990784
    ],
    [
      0.42332127690315247,
      0.6439107656478882
    ],
    [
      0.4372589886188507,
      0.6474178433418274
    ],
    [
      0.4491659700870514,
      0.6503650546073914
    ],
    [
      0.45851197838783264,
      0.6524566411972046
    ],
    [
      0.4660729765892029,
      0.6536113023757935
    ],
    [
      0.47262483835220337,
      0.6537476181983948
    ],
    [
      0.47756895422935486,
      0.6534082889556885
    ]
  ]
}