{
  "input": [
    [
      0.5433731079101562,
      0.5628498196601868
    ],
    [
      0.5456052422523499,
      0.5625319480895996
    ],
    [
      0.5461750626564026,
      0.5625202655792236
    ],
    [
      0.5454930663108826,
      0.5627393126487732
    ],
    [
      0.5437527298927307,
      0.5629122853279114
    ],
    [
      0.5412716269493103,
      0.5630530118942261
    ],
    [
      0.5391010642051697,
      0.5629428625106812
    ],
    [
      0.5371324419975281,
      0.5626696348190308
    ],
    [
      0.5353802442550659,
      0.5618631839752197
    ],
    [
      0.5337585806846619,
      0.5607351064682007
    ],
    [
      0.5329992771148682,
      0.5601211190223694
    ],
    [
      0.5327215194702148,
      0.5597942471504211
    ],
    [
      0.5329881906509399,
      0.5597901344299316
    ],
    [
      0.5335359573364258,
      0.5599526166915894
    ],
    [
      0.5342088937759399,
      0.5602728128433228
    ]
  ],
  "target": [
    [
      0.5349416136741638,
      0.5606682300567627
    ],
    [
      0.5358494520187378,
      0.5615341663360596
    ],
    [
      0.536834180355072,
      0.5626065135002136
    ],
    [
      0.5377776026725769,
      0.563019335269928
    ],
    [
      0.538704514503479,
      0.5631664395332336
    ],
    [
      0.5401471853256226,
      0.5632954239845276
    ],
    [
      0.5417800545692444,
      0.5634176135063171
    ],
    [
      0.5430435538291931,
      0.5633319020271301
    ],
    [
      0.5441828966140747,
      0.5631762742996216
    ],
    [
      0.5336201786994934,
      0.5646605491638184
    ],
    [
      0.5194883346557617,
      0.566645085811615
    ],
    [
      0.5126352310180664,
      0.5676878094673157
    ],
    [
      0.5077863931655884,
      0.5684712529182434
    ],
    [
      0.5072667598724365,
      0.5686472654342651
    ],
    [
      0.5078166127204895,
      0.568673312664032
    ]
  ]
}