{
  "input": [
    [
      0.5225933194160461,
      0.5725507736206055
    ],
    [
      0.5233898162841797,
      0.5727189183235168
    ],
    [
      0.5254092216491699,
      0.5730742812156677
    ],
    [
      0.5271220803260803,
      0.5735370516777039
    ],
    [
      0.5284793376922607,
      0.5741243958473206
    ],
    [
      0.530855119228363,
      0.5750439763069153
    ],
    [
      0.5343310236930847,
      0.5763224959373474
    ],
    [
      0.5348253846168518,
      0.5766478776931763
    ],
    [
      0.532321035861969,
      0.5760147571563721
    ],
    [
      0.5313435792922974,
      0.5759525895118713
    ],
    [
      0.5317960977554321,
      0.5764250755310059
    ],
    [
      0.5331118702888489,
      0.5771724581718445
    ],
    [
      0.5351804494857788,
      0.578159511089325
    ],
    [
      0.5375218987464905,
      0.5792601704597473
    ],
    [
      0.5400848388671875,
      0.5804529786109924
    ]
  ],
  "target": [
    [
      0.5377928614616394,
      0.5791406631469727
    ],
    [
      0.5318354368209839,
      0.5759367942810059
    ],
    [
      0.5290194749832153,
      0.5743748545646667
    ],
    [
      0.5284082889556885,
      0.5739652514457703
    ],
    [
      0.5275365114212036,
      0.5736451148986816
    ],
    [
      0.5264948606491089,
      0.5733832716941833
    ],
    [
      0.5256481766700745,
      0.5734308362007141
    ],
    [
      0.5249193906784058,
      0.57366544008255
    ],
    [
      0.5238983035087585,
      0.5735982656478882
    ],
    [
      0.5227135419845581,
      0.5733620524406433
    ],
    [
      0.522079348564148,
      0.5732415914535522
    ],
    [
      0.5217301845550537,
      0.57318115234375
    ],
    [
      0.5216387510299683,
      0.5732070207595825
    ],
    [
      0.5216704607009888,
      0.5732741355895996
    ],
    [
      0.521770179271698,
      0.573344886302948
    ]
  ],
  "meta": {
    "video_name": "test2.mp4",
    "video_stem": "test2",
    "video_path": "E:\\desktop\\open\\lstm-akf\\data\\video\\test2.mp4",
    "fps": 40.0,
    "segment_index": 167,
    "sample_index": 59,
    "start_frame_index": 49,
    "history_end_frame_index": 63,
    "target_end_frame_index": 78,
    "history_frame_indices": [
      49,
      50,
      51,
      52,
      53,
      54,
      55,
      56,
      57,
      58,
      59,
      60,
      61,
      62,
      63
    ],
    "target_frame_indices": [
      64,
      65,
      66,
      67,
      68,
      69,
      70,
      71,
      72,
      73,
      74,
      75,
      76,
      77,
      78
    ],
    "history_timestamps": [
      402.7183913793769,
      402.7433913793769,
      402.76839137937685,
      402.7933913793768,
      402.8183913793768,
      402.8433913793768,
      402.86839137937676,
      402.89339137937674,
      402.9183913793767,
      402.9433913793767,
      402.96839137937667,
      402.99339137937665,
      403.0183913793766,
      403.0433913793766,
      403.0683913793766
    ],
    "target_timestamps": [
      403.09339137937656,
      403.11839137937653,
      403.1433913793765,
      403.1683913793765,
      403.19339137937646,
      403.21839137937644,
      403.2433913793764,
      403.2683913793764,
      403.2933913793764,
      403.31839137937635,
      403.3433913793763,
      403.3683913793763,
      403.3933913793763,
      403.41839137937626,
      403.44339137937624
    ]
  }
}