{
  "input": [
    [
      0.49056267738342285,
      0.564303994178772
    ],
    [
      0.4906894862651825,
      0.56428462266922
    ],
    [
      0.49119216203689575,
      0.5640671849250793
    ],
    [
      0.49177783727645874,
      0.5638059973716736
    ],
    [
      0.49240413308143616,
      0.563690721988678
    ],
    [
      0.4930383563041687,
      0.5636038780212402
    ],
    [
      0.49423760175704956,
      0.5634190440177917
    ],
    [
      0.49553292989730835,
      0.5632175803184509
    ],
    [
      0.4966371953487396,
      0.5628273487091064
    ],
    [
      0.497713565826416,
      0.5624095797538757
    ],
    [
      0.49914759397506714,
      0.5624104738235474
    ],
    [
      0.500625729560852,
      0.5624629855155945
    ],
    [
      0.5016323328018188,
      0.5624258518218994
    ],
    [
      0.5025913119316101,
      0.5623796582221985
    ],
    [
      0.5037784576416016,
      0.5617155432701111
    ]
  ],
  "target": [
    [
      0.5049839019775391,
      0.5610019564628601
    ],
    [
      0.5056449770927429,
      0.560932993888855
    ],
    [
      0.5062735676765442,
      0.5609024167060852
    ],
    [
      0.5069453716278076,
      0.5606266856193542
    ],
    [
      0.5076189637184143,
      0.5603411197662354
    ],
    [
      0.5081706047058105,
      0.5601792931556702
    ],
    [
      0.5087196826934814,
      0.5600201487541199
    ],
    [
      0.5091328620910645,
      0.5598483681678772
    ],
    [
      0.5095466375350952,
      0.559678316116333
    ],
    [
      0.5100225210189819,
      0.5596266388893127
    ],
    [
      0.5104929208755493,
      0.5595753788948059
    ],
    [
      0.5108023881912231,
      0.5595377683639526
    ],
    [
      0.5111074447631836,
      0.5595026612281799
    ],
    [
      0.5113285183906555,
      0.5595143437385559
    ],
    [
      0.5115435719490051,
      0.5595294237136841
    ]
  ]
}