{
  "input": [
    [
      0.5442484021186829,
      0.5767762064933777
    ],
    [
      0.5449181795120239,
      0.5769289135932922
    ],
    [
      0.5458962321281433,
      0.5770757794380188
    ],
    [
      0.5468671321868896,
      0.5772164463996887
    ],
    [
      0.5476255416870117,
      0.5771744847297668
    ],
    [
      0.5484009385108948,
      0.5771216750144958
    ],
    [
      0.5494942665100098,
      0.5768660306930542
    ],
    [
      0.550532877445221,
      0.5766134262084961
    ],
    [
      0.5508245229721069,
      0.5764025449752808
    ],
    [
      0.5510802268981934,
      0.5762008428573608
    ],
    [
      0.550954282283783,
      0.5760961174964905
    ],
    [
      0.5508163571357727,
      0.5759825706481934
    ],
    [
      0.5505751371383667,
      0.5757930278778076
    ],
    [
      0.5503646731376648,
      0.5756686925888062
    ],
    [
      0.5503759980201721,
      0.5760146379470825
    ]
  ],
  "target": [
    [
      0.5503789186477661,
      0.5763288736343384
    ],
    [
      0.5503299832344055,
      0.5764479041099548
    ],
    [
      0.5502969026565552,
      0.576553463935852
    ],
    [
      0.5503491163253784,
      0.5765868425369263
    ],
    [
      0.5504001379013062,
      0.5766154527664185
    ],
    [
      0.550445556640625,
      0.5766218304634094
    ],
    [
      0.5504634380340576,
      0.5766150951385498
    ],
    [
      0.5503660440444946,
      0.5765535831451416
    ],
    [
      0.5503122806549072,
      0.5764923691749573
    ],
    [
      0.5504218339920044,
      0.5764322876930237
    ],
    [
      0.5505697727203369,
      0.5764009952545166
    ],
    [
      0.5508474111557007,
      0.5764670372009277
    ],
    [
      0.5511331558227539,
      0.5765568017959595
    ],
    [
      0.5514436364173889,
      0.5767190456390381
    ],
    [
      0.5519803166389465,
      0.57683926820755
    ]
  ],
  "meta": {
    "video_name": "test2.mp4",
    "video_stem": "test2",
    "video_path": "E:\\desktop\\open\\lstm-akf\\data\\video\\test2.mp4",
    "fps": 40.0,
    "segment_index": 34,
    "sample_index": 122,
    "start_frame_index": 112,
    "history_end_frame_index": 126,
    "target_end_frame_index": 141,
    "history_frame_indices": [
      112,
      113,
      114,
      115,
      116,
      117,
      118,
      119,
      120,
      121,
      122,
      123,
      124,
      125,
      126
    ],
    "target_frame_indices": [
      127,
      128,
      129,
      130,
      131,
      132,
      133,
      134,
      135,
      136,
      137,
      138,
      139,
      140,
      141
    ],
    "history_timestamps": [
      80.05601051104115,
      80.08101051104116,
      80.10601051104116,
      80.13101051104117,
      80.15601051104117,
      80.18101051104118,
      80.20601051104119,
      80.23101051104119,
      80.2560105110412,
      80.2810105110412,
      80.30601051104121,
      80.33101051104121,
      80.35601051104122,
      80.38101051104123,
      80.40601051104123
    ],
    "target_timestamps": [
      80.43101051104124,
      80.45601051104124,
      80.48101051104125,
      80.50601051104125,
      80.53101051104126,
      80.55601051104126,
      80.58101051104127,
      80.60601051104128,
      80.63101051104128,
      80.65601051104129,
      80.6810105110413,
      80.7060105110413,
      80.7310105110413,
      80.75601051104131,
      80.78101051104132
    ]
  }
}