{
  "input": [
    [
      0.6117212772369385,
      0.5646309852600098
    ],
    [
      0.6137469410896301,
      0.564726710319519
    ],
    [
      0.6153510212898254,
      0.5648747682571411
    ],
    [
      0.6166611909866333,
      0.5650842189788818
    ],
    [
      0.6179038882255554,
      0.5653077363967896
    ],
    [
      0.6185861229896545,
      0.5653518438339233
    ],
    [
      0.6191544532775879,
      0.5653595328330994
    ],
    [
      0.6200028657913208,
      0.5653695464134216
    ],
    [
      0.6209010481834412,
      0.5653799772262573
    ],
    [
      0.6215107440948486,
      0.5653815865516663
    ],
    [
      0.6220760941505432,
      0.5653819441795349
    ],
    [
      0.6225099563598633,
      0.5652883052825928
    ],
    [
      0.6229267120361328,
      0.5651824474334717
    ],
    [
      0.6230806112289429,
      0.5650734305381775
    ],
    [
      0.6232060790061951,
      0.5649640560150146
    ]
  ],
  "target": [
    [
      0.6236458420753479,
      0.5647927522659302
    ],
    [
      0.6241127848625183,
      0.5646160840988159
    ],
    [
      0.624343752861023,
      0.5646517276763916
    ],
    [
      0.6245591044425964,
      0.564701497554779
    ],
    [
      0.6244977116584778,
      0.5648183822631836
    ],
    [
      0.6244235038757324,
      0.5649384260177612
    ],
    [
      0.6243483424186707,
      0.5649474263191223
    ],
    [
      0.6242730617523193,
      0.5649533867835999
    ],
    [
      0.6239380836486816,
      0.5647351145744324
    ],
    [
      0.6235995292663574,
      0.5645161271095276
    ],
    [
      0.6231232285499573,
      0.564437210559845
    ],
    [
      0.6226494312286377,
      0.5643629431724548
    ],
    [
      0.6222663521766663,
      0.5644546747207642
    ],
    [
      0.6218900084495544,
      0.5645468235015869
    ],
    [
      0.6216571927070618,
      0.5646469593048096
    ]
  ]
}