{
  "input": [
    [
      0.544099748134613,
      0.5744460821151733
    ],
    [
      0.5449936985969543,
      0.5748680233955383
    ],
    [
      0.5459117293357849,
      0.5753040313720703
    ],
    [
      0.5466326475143433,
      0.5754597187042236
    ],
    [
      0.5473418831825256,
      0.5755986571311951
    ],
    [
      0.5483535528182983,
      0.5760847330093384
    ],
    [
      0.5493773818016052,
      0.5765846967697144
    ],
    [
      0.5504888296127319,
      0.577152669429779
    ],
    [
      0.5516021251678467,
      0.5777220726013184
    ],
    [
      0.5537260174751282,
      0.5786147117614746
    ],
    [
      0.5558417439460754,
      0.5794985890388489
    ],
    [
      0.5572303533554077,
      0.579738974571228
    ],
    [
      0.5586027503013611,
      0.5799724459648132
    ],
    [
      0.5594958066940308,
      0.5800009369850159
    ],
    [
      0.5603954195976257,
      0.580048680305481
    ]
  ],
  "target": [
    [
      0.5614187717437744,
      0.5804584622383118
    ],
    [
      0.5625160336494446,
      0.580859899520874
    ],
    [
      0.5646195411682129,
      0.5811465978622437
    ],
    [
      0.5666497349739075,
      0.5814496874809265
    ],
    [
      0.5679016709327698,
      0.5819271206855774
    ],
    [
      0.5692442655563354,
      0.5824581384658813
    ],
    [
      0.5713675022125244,
      0.5834512710571289
    ],
    [
      0.5734429359436035,
      0.5843517780303955
    ],
    [
      0.5751731395721436,
      0.5845848321914673
    ],
    [
      0.576973021030426,
      0.5849475860595703
    ],
    [
      0.5792019367218018,
      0.5861099362373352
    ],
    [
      0.581339955329895,
      0.587195098400116
    ],
    [
      0.5829914212226868,
      0.5878669619560242
    ],
    [
      0.5848919153213501,
      0.5885365009307861
    ],
    [
      0.5879652500152588,
      0.5891947150230408
    ]
  ]
}