{
  "input": [
    [
      0.5341647863388062,
      0.7392801642417908
    ],
    [
      0.5443049669265747,
      0.7381418347358704
    ],
    [
      0.5539637207984924,
      0.7351713180541992
    ],
    [
      0.5633029341697693,
      0.7323982119560242
    ],
    [
      0.5721595883369446,
      0.7292867302894592
    ],
    [
      0.5803707838058472,
      0.7253010272979736
    ],
    [
      0.5147351622581482,
      0.7056121826171875
    ],
    [
      0.4621098041534424,
      0.6925904154777527
    ],
    [
      0.42802712321281433,
      0.6857437491416931
    ],
    [
      0.41801947355270386,
      0.6845802068710327
    ],
    [
      0.4293101727962494,
      0.6877030730247498
    ],
    [
      0.4473569393157959,
      0.6920678615570068
    ],
    [
      0.4684916138648987,
      0.6965569853782654
    ],
    [
      0.489046186208725,
      0.7000529766082764
    ],
    [
      0.5047137141227722,
      0.7012771368026733
    ]
  ],
  "target": [
    [
      0.5179836750030518,
      0.7011275887489319
    ],
    [
      0.5290735363960266,
      0.7004609704017639
    ],
    [
      0.5382007956504822,
      0.7001340389251709
    ],
    [
      0.545606255531311,
      0.6982653737068176
    ],
    [
      0.5528348088264465,
      0.6960692405700684
    ],
    [
      0.5599958896636963,
      0.6933749318122864
    ],
    [
      0.5671991109848022,
      0.6900117993354797
    ],
    [
      0.5745255351066589,
      0.6872914433479309
    ],
    [
      0.5284175276756287,
      0.6962229013442993
    ],
    [
      0.4667912423610687,
      0.7100939750671387
    ],
    [
      0.4275626838207245,
      0.722192645072937
    ],
    [
      0.42292696237564087,
      0.7284049391746521
    ],
    [
      0.43131953477859497,
      0.7317094206809998
    ],
    [
      0.4484476149082184,
      0.7328473329544067
    ],
    [
      0.47001850605010986,
      0.7325599193572998
    ]
  ],
  "meta": {
    "video_name": "test1.mp4",
    "video_stem": "test1",
    "video_path": "E:\\desktop\\open\\lstm-akf\\data\\video\\test1.mp4",
    "fps": 40.0,
    "segment_index": 0,
    "sample_index": 293,
    "start_frame_index": 283,
    "history_end_frame_index": 297,
    "target_end_frame_index": 312,
    "history_frame_indices": [
      283,
      284,
      285,
      286,
      287,
      288,
      289,
      290,
      291,
      292,
      293,
      294,
      295,
      296,
      297
    ],
    "target_frame_indices": [
      298,
      299,
      300,
      301,
      302,
      303,
      304,
      305,
      306,
      307,
      308,
      309,
      310,
      311,
      312
    ],
    "history_timestamps": [
      7.775000000000007,
      7.800000000000007,
      7.825000000000006,
      7.850000000000007,
      7.875000000000006,
      7.900000000000007,
      7.925000000000007,
      7.950000000000006,
      7.975000000000007,
      8.000000000000005,
      8.025000000000006,
      8.050000000000006,
      8.075000000000006,
      8.100000000000007,
      8.125000000000007
    ],
    "target_timestamps": [
      8.150000000000006,
      8.175000000000006,
      8.200000000000006,
      8.225000000000007,
      8.250000000000007,
      8.275000000000006,
      8.300000000000006,
      8.325000000000006,
      8.350000000000007,
      8.375000000000007,
      8.400000000000006,
      8.425000000000006,
      8.450000000000006,
      8.475000000000007,
      8.500000000000007
    ]
  }
}