{
  "input": [
    [
      0.4937365651130676,
      0.597827136516571
    ],
    [
      0.4886178970336914,
      0.5972849130630493
    ],
    [
      0.4855876564979553,
      0.596650242805481
    ],
    [
      0.48262670636177063,
      0.5960124731063843
    ],
    [
      0.47864025831222534,
      0.5954287052154541
    ],
    [
      0.4746401011943817,
      0.5948465466499329
    ],
    [
      0.4709785282611847,
      0.5944904088973999
    ],
    [
      0.46729785203933716,
      0.5941303968429565
    ],
    [
      0.4627373516559601,
      0.5935919284820557
    ],
    [
      0.45825156569480896,
      0.5930608510971069
    ],
    [
      0.4556005299091339,
      0.5927113890647888
    ],
    [
      0.4528957009315491,
      0.5923501253128052
    ],
    [
      0.44929859042167664,
      0.5917924046516418
    ],
    [
      0.44800132513046265,
      0.5915748476982117
    ],
    [
      0.475186288356781,
      0.595569908618927
    ]
  ],
  "target": [
    [
      0.5009856224060059,
      0.5993753671646118
    ],
    [
      0.5131945013999939,
      0.601321816444397
    ],
    [
      0.524229109287262,
      0.6030721068382263
    ],
    [
      0.5257942080497742,
      0.6032410264015198
    ],
    [
      0.5265020728111267,
      0.6032117009162903
    ],
    [
      0.5213772654533386,
      0.6018339991569519
    ],
    [
      0.5162898898124695,
      0.6004703640937805
    ],
    [
      0.5114215016365051,
      0.5991893410682678
    ],
    [
      0.5067639350891113,
      0.5980629920959473
    ],
    [
      0.5031830072402954,
      0.597726583480835
    ],
    [
      0.5000089406967163,
      0.5974128246307373
    ],
    [
      0.49866896867752075,
      0.5972010493278503
    ],
    [
      0.49755051732063293,
      0.5968881249427795
    ],
    [
      0.4973217844963074,
      0.5961689949035645
    ],
    [
      0.49725091457366943,
      0.5955615639686584
    ]
  ]
}