{
  "input": [
    [
      0.4636867940425873,
      0.5921841263771057
    ],
    [
      0.46413877606391907,
      0.5922055840492249
    ],
    [
      0.464619904756546,
      0.5923838019371033
    ],
    [
      0.46512705087661743,
      0.5927019715309143
    ],
    [
      0.4655103385448456,
      0.5929321646690369
    ],
    [
      0.4657907485961914,
      0.5930892825126648
    ],
    [
      0.46617478132247925,
      0.5931375026702881
    ],
    [
      0.4666388928890228,
      0.5931015610694885
    ],
    [
      0.4670332670211792,
      0.5933314561843872
    ],
    [
      0.46737751364707947,
      0.5937524437904358
    ],
    [
      0.4678927958011627,
      0.5939087867736816
    ],
    [
      0.46852225065231323,
      0.593888521194458
    ],
    [
      0.46916788816452026,
      0.5936681628227234
    ],
    [
      0.46982356905937195,
      0.5933238863945007
    ],
    [
      0.47077423334121704,
      0.5933862924575806
    ]
  ],
  "target": [
    [
      0.4718942642211914,
      0.5936821699142456
    ],
    [
      0.47270652651786804,
      0.5939694046974182
    ],
    [
      0.4733552932739258,
      0.5942521095275879
    ],
    [
      0.47426289319992065,
      0.594536542892456
    ],
    [
      0.4752975106239319,
      0.5948218107223511
    ],
    [
      0.4760735034942627,
      0.5952746868133545
    ],
    [
      0.4767325818538666,
      0.5958032608032227
    ],
    [
      0.47748908400535583,
      0.5963699817657471
    ],
    [
      0.4782859981060028,
      0.5969525575637817
    ],
    [
      0.4790727198123932,
      0.5976195335388184
    ],
    [
      0.47985556721687317,
      0.5983186364173889
    ],
    [
      0.48062795400619507,
      0.5991041660308838
    ],
    [
      0.4813966751098633,
      0.5999197363853455
    ],
    [
      0.4821546971797943,
      0.6008238792419434
    ],
    [
      0.48290932178497314,
      0.6017560362815857
    ]
  ],
  "meta": {
    "video_name": "test2.mp4",
    "video_stem": "test2",
    "video_path": "E:\\desktop\\open\\lstm-akf\\data\\video\\test2.mp4",
    "fps": 40.0,
    "segment_index": 52,
    "sample_index": 290,
    "start_frame_index": 280,
    "history_end_frame_index": 294,
    "target_end_frame_index": 309,
    "history_frame_indices": [
      280,
      281,
      282,
      283,
      284,
      285,
      286,
      287,
      288,
      289,
      290,
      291,
      292,
      293,
      294
    ],
    "target_frame_indices": [
      295,
      296,
      297,
      298,
      299,
      300,
      301,
      302,
      303,
      304,
      305,
      306,
      307,
      308,
      309
    ],
    "history_timestamps": [
      127.02184570733972,
      127.04684570733973,
      127.07184570733973,
      127.09684570733974,
      127.12184570733974,
      127.14684570733975,
      127.17184570733976,
      127.19684570733976,
      127.22184570733977,
      127.24684570733977,
      127.27184570733978,
      127.29684570733978,
      127.32184570733979,
      127.3468457073398,
      127.3718457073398
    ],
    "target_timestamps": [
      127.3968457073398,
      127.42184570733981,
      127.44684570733982,
      127.47184570733982,
      127.49684570733983,
      127.52184570733984,
      127.54684570733984,
      127.57184570733985,
      127.59684570733985,
      127.62184570733986,
      127.64684570733986,
      127.67184570733987,
      127.69684570733988,
      127.72184570733988,
      127.74684570733989
    ]
  }
}