{
  "input": [
    [
      0.5439845323562622,
      0.5611506104469299
    ],
    [
      0.5442858338356018,
      0.5611163377761841
    ],
    [
      0.5446039438247681,
      0.5610319375991821
    ],
    [
      0.5449430346488953,
      0.5608845949172974
    ],
    [
      0.5452513694763184,
      0.5608172416687012
    ],
    [
      0.5455237030982971,
      0.5608435273170471
    ],
    [
      0.5459388494491577,
      0.5608283877372742
    ],
    [
      0.5465095639228821,
      0.560768187046051
    ],
    [
      0.5469615459442139,
      0.560736894607544
    ],
    [
      0.5472930669784546,
      0.5607349872589111
    ],
    [
      0.5477773547172546,
      0.5607896447181702
    ],
    [
      0.5484060049057007,
      0.5608978867530823
    ],
    [
      0.5490608811378479,
      0.5609210133552551
    ],
    [
      0.5497388243675232,
      0.5608693361282349
    ],
    [
      0.5505149960517883,
      0.5608500838279724
    ]
  ],
  "target": [
    [
      0.5513714551925659,
      0.5608574151992798
    ],
    [
      0.5521126389503479,
      0.5608222484588623
    ],
    [
      0.552765965461731,
      0.5607547163963318
    ],
    [
      0.5535789132118225,
      0.5609403848648071
    ],
    [
      0.5545048713684082,
      0.5613054633140564
    ],
    [
      0.5552939176559448,
      0.5614721775054932
    ],
    [
      0.5559929013252258,
      0.5615084171295166
    ],
    [
      0.5569256544113159,
      0.5612941980361938
    ],
    [
      0.5580009818077087,
      0.5609272122383118
    ],
    [
      0.5588928461074829,
      0.5607621073722839
    ],
    [
      0.5596808791160583,
      0.5607112050056458
    ],
    [
      0.560600996017456,
      0.5607279539108276
    ],
    [
      0.5615901350975037,
      0.5607801079750061
    ],
    [
      0.5625932812690735,
      0.5607865452766418
    ],
    [
      0.5636031627655029,
      0.5607708692550659
    ]
  ]
}