{
  "input": [
    [
      0.5426042675971985,
      0.5643001198768616
    ],
    [
      0.5415659546852112,
      0.5645534992218018
    ],
    [
      0.540335476398468,
      0.56468665599823
    ],
    [
      0.5381628274917603,
      0.5642305612564087
    ],
    [
      0.5361440777778625,
      0.5638213157653809
    ],
    [
      0.5347934365272522,
      0.5636152029037476
    ],
    [
      0.5332341194152832,
      0.5633174180984497
    ],
    [
      0.5308659076690674,
      0.5626644492149353
    ],
    [
      0.5287896990776062,
      0.56208735704422
    ],
    [
      0.5277316570281982,
      0.5617747902870178
    ],
    [
      0.5267693400382996,
      0.5614951252937317
    ],
    [
      0.5261090993881226,
      0.5613192319869995
    ],
    [
      0.5256291627883911,
      0.5611906051635742
    ],
    [
      0.5256667137145996,
      0.561197817325592
    ],
    [
      0.5257654190063477,
      0.5612021088600159
    ]
  ],
  "target": [
    [
      0.5260245203971863,
      0.5611990690231323
    ],
    [
      0.5263028144836426,
      0.5611951351165771
    ],
    [
      0.5266274809837341,
      0.5611891150474548
    ],
    [
      0.5270131230354309,
      0.5611949563026428
    ],
    [
      0.5275331735610962,
      0.5612267255783081
    ],
    [
      0.5279379487037659,
      0.5612518787384033
    ],
    [
      0.5281082391738892,
      0.5612634420394897
    ],
    [
      0.5282431840896606,
      0.561314582824707
    ],
    [
      0.5283117294311523,
      0.5614399313926697
    ],
    [
      0.5284180045127869,
      0.5615808367729187
    ],
    [
      0.5285897850990295,
      0.5617486238479614
    ],
    [
      0.5288004875183105,
      0.561830461025238
    ],
    [
      0.5290738344192505,
      0.5617738366127014
    ],
    [
      0.5294237732887268,
      0.5617729425430298
    ],
    [
      0.5298882722854614,
      0.5618554353713989
    ]
  ]
}