{
  "input": [
    [
      0.42031794786453247,
      0.7285141944885254
    ],
    [
      0.4285823106765747,
      0.7317091226577759
    ],
    [
      0.437206506729126,
      0.7346916794776917
    ],
    [
      0.44659775495529175,
      0.7372918725013733
    ],
    [
      0.4571632742881775,
      0.7393395900726318
    ],
    [
      0.46900466084480286,
      0.7413823008537292
    ],
    [
      0.4808071553707123,
      0.7425481677055359
    ],
    [
      0.49284830689430237,
      0.7430324554443359
    ],
    [
      0.5054056644439697,
      0.7430306077003479
    ],
    [
      0.5185104608535767,
      0.7437207102775574
    ],
    [
      0.5309487581253052,
      0.7447602152824402
    ],
    [
      0.517361581325531,
      0.7371062636375427
    ],
    [
      0.4523897171020508,
      0.7117160558700562
    ],
    [
      0.4064141809940338,
      0.6984228491783142
    ],
    [
      0.3841474652290344,
      0.6932843923568726
    ]
  ],
  "target": [
    [
      0.38106462359428406,
      0.693760097026825
    ],
    [
      0.392640620470047,
      0.6973094344139099
    ],
    [
      0.41433650255203247,
      0.7030355334281921
    ],
    [
      0.43584468960762024,
      0.7080888748168945
    ],
    [
      0.45586133003234863,
      0.7120970487594604
    ],
    [
      0.47308260202407837,
      0.7146875858306885
    ],
    [
      0.48649486899375916,
      0.7155296206474304
    ],
    [
      0.4985472559928894,
      0.7150209546089172
    ],
    [
      0.5093748569488525,
      0.7136895060539246
    ],
    [
      0.519112765789032,
      0.7120633721351624
    ],
    [
      0.5295522809028625,
      0.7104137539863586
    ],
    [
      0.5403664112091064,
      0.7086452841758728
    ],
    [
      0.5515281558036804,
      0.7066742181777954
    ],
    [
      0.5630101561546326,
      0.704416811466217
    ],
    [
      0.5729663968086243,
      0.7021807432174683
    ]
  ]
}