{
  "input": [
    [
      0.5574376583099365,
      0.5702272653579712
    ],
    [
      0.5568187832832336,
      0.5702975988388062
    ],
    [
      0.5561914443969727,
      0.5703736543655396
    ],
    [
      0.5557833313941956,
      0.5702876448631287
    ],
    [
      0.5553798675537109,
      0.5701982378959656
    ],
    [
      0.5546993613243103,
      0.5701403617858887
    ],
    [
      0.5540211200714111,
      0.5700848698616028
    ],
    [
      0.5535421967506409,
      0.5701834559440613
    ],
    [
      0.5530530214309692,
      0.5702760219573975
    ],
    [
      0.552259624004364,
      0.5701921582221985
    ],
    [
      0.5514843463897705,
      0.5701134204864502
    ],
    [
      0.5510488152503967,
      0.5701317191123962
    ],
    [
      0.5506065487861633,
      0.5701492428779602
    ],
    [
      0.550071656703949,
      0.5701563358306885
    ],
    [
      0.5495336651802063,
      0.570141613483429
    ]
  ],
  "target": [
    [
      0.5489628911018372,
      0.5698951482772827
    ],
    [
      0.5482835173606873,
      0.5697553157806396
    ],
    [
      0.5466675162315369,
      0.5705345869064331
    ],
    [
      0.5451058149337769,
      0.5712530612945557
    ],
    [
      0.5439354777336121,
      0.5715334415435791
    ],
    [
      0.5427994728088379,
      0.5717865228652954
    ],
    [
      0.5418752431869507,
      0.5718715190887451
    ],
    [
      0.5409142374992371,
      0.5719797611236572
    ],
    [
      0.5397565364837646,
      0.5722121596336365
    ],
    [
      0.5385918021202087,
      0.5724434852600098
    ],
    [
      0.5373936891555786,
      0.5726698637008667
    ],
    [
      0.5359666347503662,
      0.5727959871292114
    ],
    [
      0.5335819721221924,
      0.5725029110908508
    ],
    [
      0.5313008427619934,
      0.5722587704658508
    ],
    [
      0.5294070839881897,
      0.572197675704956
    ]
  ],
  "meta": {
    "video_name": "test2.mp4",
    "video_stem": "test2",
    "video_path": "E:\\desktop\\open\\lstm-akf\\data\\video\\test2.mp4",
    "fps": 40.0,
    "segment_index": 109,
    "sample_index": 117,
    "start_frame_index": 107,
    "history_end_frame_index": 121,
    "target_end_frame_index": 136,
    "history_frame_indices": [
      107,
      108,
      109,
      110,
      111,
      112,
      113,
      114,
      115,
      116,
      117,
      118,
      119,
      120,
      121
    ],
    "target_frame_indices": [
      122,
      123,
      124,
      125,
      126,
      127,
      128,
      129,
      130,
      131,
      132,
      133,
      134,
      135,
      136
    ],
    "history_timestamps": [
      251.29168039377245,
      251.31668039377246,
      251.34168039377246,
      251.36668039377247,
      251.39168039377248,
      251.41668039377248,
      251.4416803937725,
      251.4666803937725,
      251.4916803937725,
      251.5166803937725,
      251.5416803937725,
      251.56668039377251,
      251.59168039377252,
      251.61668039377253,
      251.64168039377253
    ],
    "target_timestamps": [
      251.66668039377254,
      251.69168039377254,
      251.71668039377255,
      251.74168039377255,
      251.76668039377256,
      251.79168039377257,
      251.81668039377257,
      251.84168039377258,
      251.86668039377258,
      251.8916803937726,
      251.9166803937726,
      251.9416803937726,
      251.9666803937726,
      251.9916803937726,
      252.01668039377262
    ]
  }
}