{
  "input": [
    [
      0.43384218215942383,
      0.5888519883155823
    ],
    [
      0.42660635709762573,
      0.5878927707672119
    ],
    [
      0.4173590838909149,
      0.5863370895385742
    ],
    [
      0.41939687728881836,
      0.5837228298187256
    ],
    [
      0.4554196000099182,
      0.5779209136962891
    ],
    [
      0.4821861684322357,
      0.5734878182411194
    ],
    [
      0.4835534393787384,
      0.57281094789505
    ],
    [
      0.48399344086647034,
      0.5724871754646301
    ],
    [
      0.4821060001850128,
      0.5730495452880859
    ],
    [
      0.4800577759742737,
      0.5735554099082947
    ],
    [
      0.47763919830322266,
      0.5739310383796692
    ],
    [
      0.4755968451499939,
      0.5742301344871521
    ],
    [
      0.47435206174850464,
      0.5743667483329773
    ],
    [
      0.47234290838241577,
      0.5747790336608887
    ],
    [
      0.46883875131607056,
      0.5757303833961487
    ]
  ],
  "target": [
    [
      0.46780306100845337,
      0.5759418606758118
    ],
    [
      0.47123050689697266,
      0.5748156905174255
    ],
    [
      0.47352322936058044,
      0.5741387009620667
    ],
    [
      0.4739161431789398,
      0.5742138624191284
    ],
    [
      0.4742722511291504,
      0.5742650628089905
    ],
    [
      0.47457119822502136,
      0.5742791891098022
    ],
    [
      0.474851131439209,
      0.5742987394332886
    ],
    [
      0.4751036763191223,
      0.5743261575698853
    ],
    [
      0.4753033518791199,
      0.5743312239646912
    ],
    [
      0.47543221712112427,
      0.5743064880371094
    ],
    [
      0.4756776988506317,
      0.5742782950401306
    ],
    [
      0.47606855630874634,
      0.574245810508728
    ],
    [
      0.4765021502971649,
      0.574201226234436
    ],
    [
      0.4769853353500366,
      0.5741425156593323
    ],
    [
      0.4767991900444031,
      0.574164867401123
    ]
  ],
  "meta": {
    "video_name": "test2.mp4",
    "video_stem": "test2",
    "video_path": "E:\\desktop\\open\\lstm-akf\\data\\video\\test2.mp4",
    "fps": 40.0,
    "segment_index": 173,
    "sample_index": 35,
    "start_frame_index": 25,
    "history_end_frame_index": 39,
    "target_end_frame_index": 54,
    "history_frame_indices": [
      25,
      26,
      27,
      28,
      29,
      30,
      31,
      32,
      33,
      34,
      35,
      36,
      37,
      38,
      39
    ],
    "target_frame_indices": [
      40,
      41,
      42,
      43,
      44,
      45,
      46,
      47,
      48,
      49,
      50,
      51,
      52,
      53,
      54
    ],
    "history_timestamps": [
      419.6112532846996,
      419.6362532846996,
      419.66125328469957,
      419.68625328469955,
      419.7112532846995,
      419.7362532846995,
      419.7612532846995,
      419.78625328469946,
      419.81125328469943,
      419.8362532846994,
      419.8612532846994,
      419.88625328469936,
      419.91125328469934,
      419.9362532846993,
      419.9612532846993
    ],
    "target_timestamps": [
      419.9862532846993,
      420.01125328469925,
      420.0362532846992,
      420.0612532846992,
      420.0862532846992,
      420.11125328469916,
      420.13625328469914,
      420.1612532846991,
      420.1862532846991,
      420.21125328469907,
      420.23625328469905,
      420.261253284699,
      420.286253284699,
      420.311253284699,
      420.33625328469896
    ]
  }
}