{
  "input": [
    [
      0.45885246992111206,
      0.5715950727462769
    ],
    [
      0.46006664633750916,
      0.572251558303833
    ],
    [
      0.4610714018344879,
      0.5727604031562805
    ],
    [
      0.461966335773468,
      0.57319176197052
    ],
    [
      0.46350863575935364,
      0.573650062084198
    ],
    [
      0.4653644561767578,
      0.5741212964057922
    ],
    [
      0.46680963039398193,
      0.5743508338928223
    ],
    [
      0.46807172894477844,
      0.5744725465774536
    ],
    [
      0.4705604314804077,
      0.5737183094024658
    ],
    [
      0.4735516607761383,
      0.5726052522659302
    ],
    [
      0.4755397439002991,
      0.57170170545578
    ],
    [
      0.47715145349502563,
      0.5708767771720886
    ],
    [
      0.47869619727134705,
      0.570190966129303
    ],
    [
      0.48021799325942993,
      0.5695527791976929
    ],
    [
      0.4811999201774597,
      0.5697789788246155
    ]
  ],
  "target": [
    [
      0.482014000415802,
      0.5702740550041199
    ],
    [
      0.4833959937095642,
      0.5706743597984314
    ],
    [
      0.4849376082420349,
      0.5710480213165283
    ],
    [
      0.48611968755722046,
      0.5714559555053711
    ],
    [
      0.4872110188007355,
      0.5718725323677063
    ],
    [
      0.48876458406448364,
      0.5720647573471069
    ],
    [
      0.49042221903800964,
      0.5722063779830933
    ],
    [
      0.4914882183074951,
      0.572560727596283
    ],
    [
      0.4924364686012268,
      0.572957456111908
    ],
    [
      0.4930616021156311,
      0.5733545422554016
    ],
    [
      0.4936304986476898,
      0.5737517476081848
    ],
    [
      0.4936680495738983,
      0.5740561485290527
    ],
    [
      0.4936259388923645,
      0.5743466019630432
    ],
    [
      0.4931938350200653,
      0.5746564865112305
    ],
    [
      0.49271225929260254,
      0.5749688148498535
    ]
  ]
}