{
  "input": [
    [
      0.8342641592025757,
      0.6905322074890137
    ],
    [
      0.8262277841567993,
      0.6876401901245117
    ],
    [
      0.8195701837539673,
      0.6856969594955444
    ],
    [
      0.8093003630638123,
      0.6826218962669373
    ],
    [
      0.7953974604606628,
      0.6784084439277649
    ],
    [
      0.7852000594139099,
      0.6750743389129639
    ],
    [
      0.7784731984138489,
      0.6725638508796692
    ],
    [
      0.7711607813835144,
      0.6702896356582642
    ],
    [
      0.7633377313613892,
      0.6682214736938477
    ],
    [
      0.757850170135498,
      0.666542112827301
    ],
    [
      0.7542583346366882,
      0.6651784181594849
    ],
    [
      0.7493392825126648,
      0.6641337871551514
    ],
    [
      0.7434181571006775,
      0.6633300185203552
    ],
    [
      0.7383716106414795,
      0.6630186438560486
    ],
    [
      0.7339387536048889,
      0.6630527973175049
    ]
  ],
  "target": [
    [
      0.7300590872764587,
      0.6627869606018066
    ],
    [
      0.7265398502349854,
      0.6623255610466003
    ],
    [
      0.7228509187698364,
      0.6619699001312256
    ],
    [
      0.7190592885017395,
      0.6616781949996948
    ],
    [
      0.7128035426139832,
      0.6611911654472351
    ],
    [
      0.7051677703857422,
      0.6605947017669678
    ],
    [
      0.6984819769859314,
      0.6603026390075684
    ],
    [
      0.6922881603240967,
      0.6601682305335999
    ],
    [
      0.6843468546867371,
      0.6598562598228455
    ],
    [
      0.6755703687667847,
      0.6594594717025757
    ],
    [
      0.668483316898346,
      0.6593195199966431
    ],
    [
      0.6621396541595459,
      0.6592926383018494
    ],
    [
      0.6522478461265564,
      0.6587196588516235
    ],
    [
      0.640922486782074,
      0.657926082611084
    ],
    [
      0.6321374177932739,
      0.6574342846870422
    ]
  ]
}