{
  "input": [
    [
      0.5379496812820435,
      0.5791513323783875
    ],
    [
      0.546306848526001,
      0.5817439556121826
    ],
    [
      0.552864670753479,
      0.5838971734046936
    ],
    [
      0.5547695159912109,
      0.5848435759544373
    ],
    [
      0.555646538734436,
      0.5855233669281006
    ],
    [
      0.5363205075263977,
      0.581304132938385
    ],
    [
      0.513056755065918,
      0.5761300921440125
    ],
    [
      0.518528938293457,
      0.5774528384208679
    ],
    [
      0.5288867354393005,
      0.5798802375793457
    ],
    [
      0.5360817313194275,
      0.581548273563385
    ],
    [
      0.5428144931793213,
      0.5831053256988525
    ],
    [
      0.5465308427810669,
      0.5839009881019592
    ],
    [
      0.5498754978179932,
      0.5846028327941895
    ],
    [
      0.5514990091323853,
      0.5848909616470337
    ],
    [
      0.5529483556747437,
      0.5851372480392456
    ]
  ],
  "target": [
    [
      0.5321477651596069,
      0.5811893343925476
    ],
    [
      0.5095669031143188,
      0.5769058465957642
    ],
    [
      0.4987215995788574,
      0.5747718214988708
    ],
    [
      0.48857617378234863,
      0.5727660059928894
    ],
    [
      0.4720621109008789,
      0.5694971084594727
    ],
    [
      0.4552931785583496,
      0.5661777257919312
    ],
    [
      0.4348562955856323,
      0.5621118545532227
    ],
    [
      0.4143419861793518,
      0.5580301880836487
    ],
    [
      0.46085482835769653,
      0.5669965147972107
    ],
    [
      0.5069420337677002,
      0.5758761763572693
    ],
    [
      0.5122818350791931,
      0.5765743255615234
    ],
    [
      0.5176247954368591,
      0.5772842168807983
    ],
    [
      0.5230593681335449,
      0.5783412456512451
    ],
    [
      0.528348982334137,
      0.5793678164482117
    ],
    [
      0.5309180617332458,
      0.57982337474823
    ]
  ],
  "meta": {
    "video_name": "test2.mp4",
    "video_stem": "test2",
    "video_path": "E:\\desktop\\open\\lstm-akf\\data\\video\\test2.mp4",
    "fps": 40.0,
    "segment_index": 52,
    "sample_index": 99,
    "start_frame_index": 89,
    "history_end_frame_index": 103,
    "target_end_frame_index": 118,
    "history_frame_indices": [
      89,
      90,
      91,
      92,
      93,
      94,
      95,
      96,
      97,
      98,
      99,
      100,
      101,
      102,
      103
    ],
    "target_frame_indices": [
      104,
      105,
      106,
      107,
      108,
      109,
      110,
      111,
      112,
      113,
      114,
      115,
      116,
      117,
      118
    ],
    "history_timestamps": [
      122.24684570733864,
      122.27184570733864,
      122.29684570733865,
      122.32184570733865,
      122.34684570733866,
      122.37184570733866,
      122.39684570733867,
      122.42184570733868,
      122.44684570733868,
      122.47184570733869,
      122.4968457073387,
      122.5218457073387,
      122.5468457073387,
      122.57184570733871,
      122.59684570733872
    ],
    "target_timestamps": [
      122.62184570733872,
      122.64684570733873,
      122.67184570733873,
      122.69684570733874,
      122.72184570733874,
      122.74684570733875,
      122.77184570733876,
      122.79684570733876,
      122.82184570733877,
      122.84684570733877,
      122.87184570733878,
      122.89684570733878,
      122.92184570733879,
      122.9468457073388,
      122.9718457073388
    ]
  }
}