{
  "input": [
    [
      0.5487380027770996,
      0.5701366662979126
    ],
    [
      0.5477362275123596,
      0.5698726773262024
    ],
    [
      0.5470113158226013,
      0.5696532130241394
    ],
    [
      0.5468047261238098,
      0.5695171356201172
    ],
    [
      0.546893835067749,
      0.5695028901100159
    ],
    [
      0.5474953055381775,
      0.5696996450424194
    ],
    [
      0.5481422543525696,
      0.5698848366737366
    ],
    [
      0.5488622188568115,
      0.570051372051239
    ],
    [
      0.5499109029769897,
      0.5700687170028687
    ],
    [
      0.5514494180679321,
      0.5698637962341309
    ],
    [
      0.5528719425201416,
      0.5698061585426331
    ],
    [
      0.5541338324546814,
      0.5699524283409119
    ],
    [
      0.5558667182922363,
      0.570048987865448
    ],
    [
      0.5582059025764465,
      0.5700814127922058
    ],
    [
      0.5601221919059753,
      0.5700748562812805
    ]
  ],
  "target": [
    [
      0.5615317821502686,
      0.5700214505195618
    ],
    [
      0.5634906888008118,
      0.5699679851531982
    ],
    [
      0.5660619139671326,
      0.5699144005775452
    ],
    [
      0.5682699084281921,
      0.5698596835136414
    ],
    [
      0.5701006054878235,
      0.569803774356842
    ],
    [
      0.5718238949775696,
      0.5697707533836365
    ],
    [
      0.5734432935714722,
      0.5697599649429321
    ],
    [
      0.5748757719993591,
      0.5695674419403076
    ],
    [
      0.5761398673057556,
      0.5692113041877747
    ],
    [
      0.5785240530967712,
      0.5689905881881714
    ],
    [
      0.581847071647644,
      0.5688832998275757
    ],
    [
      0.5844612717628479,
      0.5689687132835388
    ],
    [
      0.58652263879776,
      0.5692044496536255
    ],
    [
      0.5888105034828186,
      0.5695376396179199
    ],
    [
      0.5912625789642334,
      0.5699414610862732
    ]
  ]
}