{
  "input": [
    [
      0.6441290974617004,
      0.5658083558082581
    ],
    [
      0.6433171033859253,
      0.5659366250038147
    ],
    [
      0.6425485610961914,
      0.566027045249939
    ],
    [
      0.6419243812561035,
      0.5659918785095215
    ],
    [
      0.641244113445282,
      0.5659348368644714
    ],
    [
      0.6403950452804565,
      0.565811812877655
    ],
    [
      0.6396059989929199,
      0.5656958818435669
    ],
    [
      0.6389816403388977,
      0.5655993819236755
    ],
    [
      0.6382701992988586,
      0.5655362606048584
    ],
    [
      0.6373404264450073,
      0.5655568838119507
    ],
    [
      0.636394739151001,
      0.5654850006103516
    ],
    [
      0.6354125142097473,
      0.5651999711990356
    ],
    [
      0.6344731450080872,
      0.5650280117988586
    ],
    [
      0.6336247324943542,
      0.5650957226753235
    ],
    [
      0.6327450275421143,
      0.5651923418045044
    ]
  ],
  "target": [
    [
      0.6318039298057556,
      0.5653455257415771
    ],
    [
      0.630396842956543,
      0.5655822157859802
    ],
    [
      0.6281471252441406,
      0.565969705581665
    ],
    [
      0.6262190937995911,
      0.5662999749183655
    ],
    [
      0.6248297095298767,
      0.5665342807769775
    ],
    [
      0.6231683492660522,
      0.566558301448822
    ],
    [
      0.6210846900939941,
      0.5662558674812317
    ],
    [
      0.6193135380744934,
      0.5660517811775208
    ],
    [
      0.6179929971694946,
      0.5659894347190857
    ],
    [
      0.6166377663612366,
      0.5660154819488525
    ],
    [
      0.6152359247207642,
      0.5661600232124329
    ],
    [
      0.6141095757484436,
      0.5663185119628906
    ],
    [
      0.6133266091346741,
      0.5664945244789124
    ],
    [
      0.612142026424408,
      0.5665016770362854
    ],
    [
      0.6104915738105774,
      0.5663130283355713
    ]
  ]
}