{
  "input": [
    [
      0.5173812508583069,
      0.5549846291542053
    ],
    [
      0.5176000595092773,
      0.5554722547531128
    ],
    [
      0.5178785920143127,
      0.5558125376701355
    ],
    [
      0.5182091593742371,
      0.556024432182312
    ],
    [
      0.5189669728279114,
      0.5561192631721497
    ],
    [
      0.5200716257095337,
      0.5561190843582153
    ],
    [
      0.5210424065589905,
      0.5561412572860718
    ],
    [
      0.5219120979309082,
      0.5561803579330444
    ],
    [
      0.5228163599967957,
      0.5560266971588135
    ],
    [
      0.5237448811531067,
      0.5557377934455872
    ],
    [
      0.5245489478111267,
      0.5556325316429138
    ],
    [
      0.5252719521522522,
      0.555647075176239
    ],
    [
      0.5262624621391296,
      0.5557861328125
    ],
    [
      0.5274146795272827,
      0.5560005307197571
    ],
    [
      0.5282613635063171,
      0.556097149848938
    ]
  ],
  "target": [
    [
      0.5289368629455566,
      0.5561278462409973
    ],
    [
      0.5293887853622437,
      0.5562021732330322
    ],
    [
      0.5297248363494873,
      0.5562991499900818
    ],
    [
      0.5299130082130432,
      0.5562871694564819
    ],
    [
      0.5300304889678955,
      0.5562231540679932
    ],
    [
      0.5303386449813843,
      0.5559020638465881
    ],
    [
      0.5307307243347168,
      0.5554678440093994
    ],
    [
      0.5311649441719055,
      0.5552912950515747
    ],
    [
      0.5316162109375,
      0.5552188158035278
    ],
    [
      0.5322317481040955,
      0.5554125905036926
    ],
    [
      0.532908022403717,
      0.5557048320770264
    ],
    [
      0.5335695743560791,
      0.5557774901390076
    ],
    [
      0.53422611951828,
      0.5557761788368225
    ],
    [
      0.53521728515625,
      0.5558818578720093
    ],
    [
      0.5363109111785889,
      0.556020200252533
    ]
  ]
}