{
  "input": [
    [
      0.5623290538787842,
      0.5588938593864441
    ],
    [
      0.558188796043396,
      0.5588172674179077
    ],
    [
      0.5543588399887085,
      0.5585505366325378
    ],
    [
      0.5507067441940308,
      0.5582374334335327
    ],
    [
      0.547731876373291,
      0.5577479004859924
    ],
    [
      0.5451505184173584,
      0.5572630763053894
    ],
    [
      0.543918788433075,
      0.5567943453788757
    ],
    [
      0.5423372387886047,
      0.5563305616378784
    ],
    [
      0.5396695137023926,
      0.5558820366859436
    ],
    [
      0.5369998812675476,
      0.555422842502594
    ],
    [
      0.5343250036239624,
      0.554933488368988
    ],
    [
      0.5316482186317444,
      0.55443274974823
    ],
    [
      0.5289662480354309,
      0.5539025664329529
    ],
    [
      0.5262822508811951,
      0.5533602237701416
    ],
    [
      0.5235931873321533,
      0.5527892112731934
    ]
  ],
  "target": [
    [
      0.5209019780158997,
      0.5522053241729736
    ],
    [
      0.5182058811187744,
      0.5515934824943542
    ],
    [
      0.5228725075721741,
      0.5535140037536621
    ],
    [
      0.5423141121864319,
      0.5605161190032959
    ],
    [
      0.5566431879997253,
      0.5657375454902649
    ],
    [
      0.5614941120147705,
      0.5676577091217041
    ],
    [
      0.5611803531646729,
      0.5680861473083496
    ],
    [
      0.5520046949386597,
      0.5659548044204712
    ],
    [
      0.5447192788124084,
      0.5643826127052307
    ],
    [
      0.5404406785964966,
      0.5636999011039734
    ],
    [
      0.535538911819458,
      0.5628462433815002
    ],
    [
      0.5297170877456665,
      0.5617402791976929
    ],
    [
      0.5356131792068481,
      0.560856819152832
    ],
    [
      0.5575841069221497,
      0.5602785348892212
    ],
    [
      0.5700931549072266,
      0.5597712993621826
    ]
  ]
}