{
  "input": [
    [
      0.5418277978897095,
      0.5767221450805664
    ],
    [
      0.5353219509124756,
      0.5775617361068726
    ],
    [
      0.5339038372039795,
      0.5776463150978088
    ],
    [
      0.5631142854690552,
      0.5731854438781738
    ],
    [
      0.5884724855422974,
      0.5693103075027466
    ],
    [
      0.5936443209648132,
      0.5685040950775146
    ],
    [
      0.5979902148246765,
      0.5678299069404602
    ],
    [
      0.5985234975814819,
      0.5677651762962341
    ],
    [
      0.5987251400947571,
      0.5677514672279358
    ],
    [
      0.597565233707428,
      0.5679471492767334
    ],
    [
      0.5964256525039673,
      0.5681397318840027
    ],
    [
      0.5953608155250549,
      0.5683209896087646
    ],
    [
      0.5895165205001831,
      0.5692599415779114
    ],
    [
      0.5678041577339172,
      0.5727145075798035
    ],
    [
      0.5493062734603882,
      0.5756568908691406
    ]
  ],
  "target": [
    [
      0.5404889583587646,
      0.5770568251609802
    ],
    [
      0.5336125493049622,
      0.5781480669975281
    ],
    [
      0.5320620536804199,
      0.5783920288085938
    ],
    [
      0.536931037902832,
      0.5776217579841614
    ],
    [
      0.5579131841659546,
      0.5743054747581482
    ],
    [
      0.5700063705444336,
      0.5723813772201538
    ],
    [
      0.5616231560707092,
      0.5736641883850098
    ],
    [
      0.5541629195213318,
      0.5748139023780823
    ],
    [
      0.5486595034599304,
      0.5756815671920776
    ],
    [
      0.544215977191925,
      0.5763787627220154
    ],
    [
      0.541845440864563,
      0.57674241065979
    ],
    [
      0.540103018283844,
      0.5770171284675598
    ],
    [
      0.5394963026046753,
      0.5771309733390808
    ],
    [
      0.5468297600746155,
      0.5759397745132446
    ],
    [
      0.5674576759338379,
      0.5725637078285217
    ]
  ],
  "meta": {
    "video_name": "test2.mp4",
    "video_stem": "test2",
    "video_path": "E:\\desktop\\open\\lstm-akf\\data\\video\\test2.mp4",
    "fps": 40.0,
    "segment_index": 34,
    "sample_index": 24,
    "start_frame_index": 14,
    "history_end_frame_index": 28,
    "target_end_frame_index": 43,
    "history_frame_indices": [
      14,
      15,
      16,
      17,
      18,
      19,
      20,
      21,
      22,
      23,
      24,
      25,
      26,
      27,
      28
    ],
    "target_frame_indices": [
      29,
      30,
      31,
      32,
      33,
      34,
      35,
      36,
      37,
      38,
      39,
      40,
      41,
      42,
      43
    ],
    "history_timestamps": [
      77.6060105110406,
      77.6310105110406,
      77.6560105110406,
      77.68101051104061,
      77.70601051104062,
      77.73101051104062,
      77.75601051104063,
      77.78101051104063,
      77.80601051104064,
      77.83101051104065,
      77.85601051104065,
      77.88101051104066,
      77.90601051104066,
      77.93101051104067,
      77.95601051104067
    ],
    "target_timestamps": [
      77.98101051104068,
      78.00601051104069,
      78.03101051104069,
      78.0560105110407,
      78.0810105110407,
      78.10601051104071,
      78.13101051104071,
      78.15601051104072,
      78.18101051104072,
      78.20601051104073,
      78.23101051104074,
      78.25601051104074,
      78.28101051104075,
      78.30601051104075,
      78.33101051104076
    ]
  }
}