{
  "input": [
    [
      0.5308483242988586,
      0.5600716471672058
    ],
    [
      0.5298867225646973,
      0.5601003170013428
    ],
    [
      0.5285001993179321,
      0.560234546661377
    ],
    [
      0.5271661877632141,
      0.5603592395782471
    ],
    [
      0.5262822508811951,
      0.5604032874107361
    ],
    [
      0.525377094745636,
      0.5604683756828308
    ],
    [
      0.5243203043937683,
      0.5606842637062073
    ],
    [
      0.5233030319213867,
      0.560873806476593
    ],
    [
      0.5225281119346619,
      0.5609021782875061
    ],
    [
      0.5217567086219788,
      0.5608624815940857
    ],
    [
      0.5210041403770447,
      0.5604603290557861
    ],
    [
      0.520234227180481,
      0.560135006904602
    ],
    [
      0.5193831324577332,
      0.5601698756217957
    ],
    [
      0.5184900760650635,
      0.5601774454116821
    ],
    [
      0.5174224376678467,
      0.5600712895393372
    ]
  ],
  "target": [
    [
      0.5164990425109863,
      0.5599935054779053
    ],
    [
      0.5161136388778687,
      0.5600217580795288
    ],
    [
      0.515804648399353,
      0.5600407123565674
    ],
    [
      0.5157524347305298,
      0.5600283741950989
    ],
    [
      0.5157345533370972,
      0.5600143074989319
    ],
    [
      0.515821099281311,
      0.5599948763847351
    ],
    [
      0.5159016847610474,
      0.5599945187568665
    ],
    [
      0.5159655809402466,
      0.5600470900535583
    ],
    [
      0.5160171389579773,
      0.5600867867469788
    ],
    [
      0.5160373449325562,
      0.5600936412811279
    ],
    [
      0.5160492658615112,
      0.5600950121879578
    ],
    [
      0.5160417556762695,
      0.5600836277008057
    ],
    [
      0.516033947467804,
      0.5600840449333191
    ],
    [
      0.5160254836082458,
      0.5601096749305725
    ],
    [
      0.5160250067710876,
      0.5601491928100586
    ]
  ]
}