{
  "input": [
    [
      0.5699303150177002,
      0.5675212740898132
    ],
    [
      0.5696746110916138,
      0.5673725605010986
    ],
    [
      0.5694199800491333,
      0.5672244429588318
    ],
    [
      0.5692211389541626,
      0.5671088099479675
    ],
    [
      0.5690202713012695,
      0.566991925239563
    ],
    [
      0.5687646269798279,
      0.5668432712554932
    ],
    [
      0.5684145092964172,
      0.5666671395301819
    ],
    [
      0.5663905739784241,
      0.5660054087638855
    ],
    [
      0.5644875168800354,
      0.5653955340385437
    ]
  ],
  "target": [
    [
      0.5641602277755737,
      0.5654615759849548
    ],
    [
      0.5638036131858826,
      0.5655168294906616
    ],
    [
      0.5631464123725891,
      0.5654612183570862
    ],
    [
      0.5624294281005859,
      0.5653930902481079
    ],
    [
      0.5612127184867859,
      0.5652203559875488
    ],
    [
      0.5600108504295349,
      0.5650316476821899
    ],
    [
      0.5589130520820618,
      0.5647311210632324
    ],
    [
      0.5578343868255615,
      0.5644915103912354
    ],
    [
      0.5568710565567017,
      0.5646186470985413
    ],
    [
      0.5558770895004272,
      0.564712643623352
    ],
    [
      0.5547228455543518,
      0.5646328330039978
    ],
    [
      0.5535494089126587,
      0.5645590424537659
    ],
    [
      0.5522873401641846,
      0.5645126104354858
    ],
    [
      0.551012396812439,
      0.5644719004631042
    ],
    [
      0.549684464931488,
      0.5644546747207642
    ]
  ],
  "meta": {
    "video_name": "test2.mp4",
    "video_stem": "test2",
    "video_path": "E:\\desktop\\open\\lstm-akf\\data\\video\\test2.mp4",
    "fps": 40.0,
    "segment_index": 121,
    "sample_index": 4,
    "start_frame_index": 0,
    "history_end_frame_index": 8,
    "target_end_frame_index": 23,
    "history_frame_indices": [
      0,
      1,
      2,
      3,
      4,
      5,
      6,
      7,
      8
    ],
    "target_frame_indices": [
      9,
      10,
      11,
      12,
      13,
      14,
      15,
      16,
      17,
      18,
      19,
      20,
      21,
      22,
      23
    ],
    "history_timestamps": [
      309.4700356904734,
      309.4950356904734,
      309.5200356904734,
      309.54503569047336,
      309.57003569047333,
      309.5950356904733,
      309.6200356904733,
      309.64503569047326,
      309.67003569047324
    ],
    "target_timestamps": [
      309.6950356904732,
      309.7200356904732,
      309.7450356904732,
      309.77003569047315,
      309.7950356904731,
      309.8200356904731,
      309.8450356904731,
      309.87003569047306,
      309.89503569047304,
      309.920035690473,
      309.945035690473,
      309.97003569047297,
      309.99503569047295,
      310.0200356904729,
      310.0450356904729
    ]
  }
}