{
  "input": [
    [
      0.5472370982170105,
      0.565040111541748
    ],
    [
      0.5296359062194824,
      0.5681341290473938
    ],
    [
      0.5134270191192627,
      0.5709769129753113
    ],
    [
      0.5069959759712219,
      0.5720560550689697
    ],
    [
      0.501565158367157,
      0.5730027556419373
    ],
    [
      0.502155601978302,
      0.5731528401374817
    ],
    [
      0.5030606389045715,
      0.5733240246772766
    ],
    [
      0.505614161491394,
      0.5736061930656433
    ],
    [
      0.5081847310066223,
      0.5738065242767334
    ],
    [
      0.5108340978622437,
      0.5736289620399475
    ],
    [
      0.5132634043693542,
      0.573449969291687
    ],
    [
      0.5147892236709595,
      0.5732650756835938
    ],
    [
      0.5161622762680054,
      0.5731335878372192
    ],
    [
      0.5169734358787537,
      0.573198676109314
    ],
    [
      0.5176044702529907,
      0.5732890367507935
    ]
  ],
  "target": [
    [
      0.5176374316215515,
      0.5734634399414062
    ],
    [
      0.5176165103912354,
      0.5736523866653442
    ],
    [
      0.5174331068992615,
      0.5738848447799683
    ],
    [
      0.5172336101531982,
      0.5740758776664734
    ],
    [
      0.5169899463653564,
      0.5741531252861023
    ],
    [
      0.5167508125305176,
      0.5742567181587219
    ],
    [
      0.516523003578186,
      0.5744264721870422
    ],
    [
      0.5163180232048035,
      0.5745632648468018
    ],
    [
      0.5161656737327576,
      0.5746241807937622
    ],
    [
      0.5160040259361267,
      0.5746776461601257
    ],
    [
      0.51582270860672,
      0.574715256690979
    ],
    [
      0.5156199932098389,
      0.5747495889663696
    ],
    [
      0.515375554561615,
      0.5747774243354797
    ],
    [
      0.5150495171546936,
      0.5747696161270142
    ],
    [
      0.5145758390426636,
      0.5746975541114807
    ]
  ]
}