{
  "input": [
    [
      0.46562686562538147,
      0.573602557182312
    ],
    [
      0.4652635157108307,
      0.573793351650238
    ],
    [
      0.4649808704853058,
      0.5737915635108948
    ],
    [
      0.4646461308002472,
      0.5736047625541687
    ],
    [
      0.46414461731910706,
      0.5728250741958618
    ],
    [
      0.4636717736721039,
      0.5720916986465454
    ],
    [
      0.4632825255393982,
      0.5714929103851318
    ],
    [
      0.4629266560077667,
      0.5706283450126648
    ],
    [
      0.4626595079898834,
      0.5690575242042542
    ],
    [
      0.4624713361263275,
      0.5678368806838989
    ],
    [
      0.46247535943984985,
      0.5674685835838318
    ],
    [
      0.46269461512565613,
      0.5680354237556458
    ],
    [
      0.4633951783180237,
      0.5706928968429565
    ],
    [
      0.4641040563583374,
      0.572968065738678
    ],
    [
      0.46483004093170166,
      0.5744558572769165
    ]
  ],
  "target": [
    [
      0.46565234661102295,
      0.5762618780136108
    ],
    [
      0.4666578471660614,
      0.5786730051040649
    ],
    [
      0.46776682138442993,
      0.5813273191452026
    ],
    [
      0.4690577983856201,
      0.5844093561172485
    ],
    [
      0.4704572856426239,
      0.5877465009689331
    ],
    [
      0.47203367948532104,
      0.5914995074272156
    ],
    [
      0.47372373938560486,
      0.5955195426940918
    ],
    [
      0.47558557987213135,
      0.5999434590339661
    ],
    [
      0.4796418845653534,
      0.596973180770874
    ],
    [
      0.48678019642829895,
      0.5836179256439209
    ],
    [
      0.4919537901878357,
      0.5767583847045898
    ],
    [
      0.4945618808269501,
      0.5783807039260864
    ],
    [
      0.4972386658191681,
      0.5794976353645325
    ],
    [
      0.49999895691871643,
      0.5800005793571472
    ],
    [
      0.5028567314147949,
      0.5802722573280334
    ]
  ]
}