{
  "input": [
    [
      0.5847073793411255,
      0.5729316473007202
    ],
    [
      0.5765774250030518,
      0.5709179043769836
    ],
    [
      0.5859143733978271,
      0.571609616279602
    ],
    [
      0.5907562971115112,
      0.5715238451957703
    ],
    [
      0.589358925819397,
      0.5703590512275696
    ],
    [
      0.5832424163818359,
      0.5696183443069458
    ],
    [
      0.5710353851318359,
      0.5694250464439392
    ],
    [
      0.5636700987815857,
      0.5694938898086548
    ],
    [
      0.5621191263198853,
      0.5698774456977844
    ],
    [
      0.5622116923332214,
      0.5699527263641357
    ],
    [
      0.5641413927078247,
      0.5696833729743958
    ],
    [
      0.5660988092422485,
      0.5693905353546143
    ],
    [
      0.5680848956108093,
      0.5690731406211853
    ],
    [
      0.569977343082428,
      0.5688871145248413
    ],
    [
      0.5717789530754089,
      0.568828284740448
    ]
  ],
  "target": [
    [
      0.5745769739151001,
      0.5688194632530212
    ],
    [
      0.5782743692398071,
      0.5688558220863342
    ],
    [
      0.5647245049476624,
      0.5709238648414612
    ],
    [
      0.5366822481155396,
      0.5746991634368896
    ],
    [
      0.5225525498390198,
      0.5770388245582581
    ],
    [
      0.5193009376525879,
      0.5782560706138611
    ],
    [
      0.5189085602760315,
      0.5789279341697693
    ],
    [
      0.5205950140953064,
      0.5792032480239868
    ],
    [
      0.5231935381889343,
      0.5790941715240479
    ],
    [
      0.5264081954956055,
      0.5787253975868225
    ],
    [
      0.5295653343200684,
      0.5788140296936035
    ],
    [
      0.5326864123344421,
      0.5791894197463989
    ],
    [
      0.5356250405311584,
      0.5796272158622742
    ],
    [
      0.5384576320648193,
      0.5801013112068176
    ],
    [
      0.5424355864524841,
      0.5803124308586121
    ]
  ],
  "meta": {
    "video_name": "test2.mp4",
    "video_stem": "test2",
    "video_path": "E:\\desktop\\open\\lstm-akf\\data\\video\\test2.mp4",
    "fps": 40.0,
    "segment_index": 111,
    "sample_index": 388,
    "start_frame_index": 378,
    "history_end_frame_index": 392,
    "target_end_frame_index": 407,
    "history_frame_indices": [
      378,
      379,
      380,
      381,
      382,
      383,
      384,
      385,
      386,
      387,
      388,
      389,
      390,
      391,
      392
    ],
    "target_frame_indices": [
      393,
      394,
      395,
      396,
      397,
      398,
      399,
      400,
      401,
      402,
      403,
      404,
      405,
      406,
      407
    ],
    "history_timestamps": [
      263.2699396007395,
      263.29493960073955,
      263.31993960073953,
      263.3449396007395,
      263.36993960073954,
      263.3949396007396,
      263.41993960073955,
      263.44493960073953,
      263.46993960073956,
      263.4949396007396,
      263.5199396007396,
      263.54493960073955,
      263.5699396007396,
      263.5949396007396,
      263.6199396007396
    ],
    "target_timestamps": [
      263.6449396007396,
      263.6699396007396,
      263.69493960073964,
      263.7199396007396,
      263.7449396007396,
      263.76993960073963,
      263.79493960073967,
      263.81993960073964,
      263.8449396007396,
      263.86993960073966,
      263.8949396007397,
      263.91993960073967,
      263.94493960073964,
      263.9699396007397,
      263.9949396007397
    ]
  }
}