{
  "input": [
    [
      0.47048747539520264,
      0.6238778233528137
    ],
    [
      0.4717537462711334,
      0.6249000430107117
    ],
    [
      0.4729173183441162,
      0.6258242130279541
    ],
    [
      0.47370290756225586,
      0.6263875365257263
    ],
    [
      0.474582701921463,
      0.6270280480384827
    ],
    [
      0.4757751524448395,
      0.6279246807098389
    ],
    [
      0.4768916368484497,
      0.6287580132484436
    ],
    [
      0.47777923941612244,
      0.6294006109237671
    ],
    [
      0.4786878228187561,
      0.6300634145736694
    ],
    [
      0.4796539545059204,
      0.6307817697525024
    ],
    [
      0.48061585426330566,
      0.6314977407455444
    ],
    [
      0.4815671145915985,
      0.6322076320648193
    ],
    [
      0.4825138747692108,
      0.6329150199890137
    ],
    [
      0.4834502339363098,
      0.6336164474487305
    ],
    [
      0.484699010848999,
      0.6344531178474426
    ]
  ],
  "target": [
    [
      0.48661008477211,
      0.6355764269828796
    ],
    [
      0.488770455121994,
      0.6365458369255066
    ],
    [
      0.4914185106754303,
      0.6372143626213074
    ],
    [
      0.4937278628349304,
      0.637657880783081
    ],
    [
      0.49542489647865295,
      0.6376945972442627
    ],
    [
      0.4973931312561035,
      0.6380864977836609
    ],
    [
      0.4998154044151306,
      0.6390731334686279
    ],
    [
      0.50165194272995,
      0.6398043632507324
    ],
    [
      0.5025789141654968,
      0.6401389837265015
    ],
    [
      0.5030540227890015,
      0.6404601335525513
    ],
    [
      0.5028775334358215,
      0.6407619714736938
    ],
    [
      0.5024150013923645,
      0.6410940289497375
    ],
    [
      0.5015691518783569,
      0.6414666175842285
    ],
    [
      0.49886244535446167,
      0.6418728828430176
    ],
    [
      0.4938364028930664,
      0.6423212289810181
    ]
  ],
  "meta": {
    "video_name": "test2.mp4",
    "video_stem": "test2",
    "video_path": "E:\\desktop\\open\\lstm-akf\\data\\video\\test2.mp4",
    "fps": 40.0,
    "segment_index": 116,
    "sample_index": 32,
    "start_frame_index": 22,
    "history_end_frame_index": 36,
    "target_end_frame_index": 51,
    "history_frame_indices": [
      22,
      23,
      24,
      25,
      26,
      27,
      28,
      29,
      30,
      31,
      32,
      33,
      34,
      35,
      36
    ],
    "target_frame_indices": [
      37,
      38,
      39,
      40,
      41,
      42,
      43,
      44,
      45,
      46,
      47,
      48,
      49,
      50,
      51
    ],
    "history_timestamps": [
      273.4485566929438,
      273.47355669294376,
      273.49855669294374,
      273.5235566929437,
      273.5485566929437,
      273.57355669294367,
      273.59855669294365,
      273.6235566929436,
      273.6485566929436,
      273.6735566929436,
      273.69855669294355,
      273.72355669294353,
      273.7485566929435,
      273.7735566929435,
      273.79855669294346
    ],
    "target_timestamps": [
      273.82355669294344,
      273.8485566929434,
      273.8735566929434,
      273.8985566929434,
      273.92355669294335,
      273.9485566929433,
      273.9735566929433,
      273.9985566929433,
      274.02355669294326,
      274.04855669294324,
      274.0735566929432,
      274.0985566929432,
      274.12355669294317,
      274.14855669294315,
      274.1735566929431
    ]
  }
}