{
  "input": [
    [
      0.5563746690750122,
      0.5659370422363281
    ],
    [
      0.5545554161071777,
      0.5650901794433594
    ],
    [
      0.5527433156967163,
      0.5642465949058533
    ],
    [
      0.5513284206390381,
      0.5635879039764404
    ],
    [
      0.5498991012573242,
      0.5629225373268127
    ],
    [
      0.5480799674987793,
      0.562075674533844
    ],
    [
      0.5463241338729858,
      0.5613565444946289
    ],
    [
      0.5456908345222473,
      0.5629013180732727
    ],
    [
      0.545050323009491,
      0.5643388032913208
    ],
    [
      0.5443152785301208,
      0.5643764138221741
    ],
    [
      0.5436224341392517,
      0.5644119381904602
    ],
    [
      0.5433619022369385,
      0.5644251704216003
    ],
    [
      0.5430986285209656,
      0.5644303560256958
    ]
  ],
  "target": [
    [
      0.5428122282028198,
      0.564367949962616
    ],
    [
      0.5425423383712769,
      0.5643187761306763
    ],
    [
      0.542388379573822,
      0.5643628239631653
    ],
    [
      0.5421798229217529,
      0.56440669298172
    ],
    [
      0.5416420698165894,
      0.5644496083259583
    ],
    [
      0.5411139130592346,
      0.5644717216491699
    ],
    [
      0.5406357049942017,
      0.5643850564956665
    ],
    [
      0.5401050448417664,
      0.5642918944358826
    ],
    [
      0.5393325686454773,
      0.56416916847229
    ],
    [
      0.5386145114898682,
      0.5640553832054138
    ],
    [
      0.538119912147522,
      0.5639784932136536
    ],
    [
      0.5376356840133667,
      0.5639188885688782
    ],
    [
      0.5371896624565125,
      0.5639229416847229
    ],
    [
      0.5367769598960876,
      0.5639265179634094
    ],
    [
      0.5364750623703003,
      0.5639286637306213
    ]
  ]
}