{
  "input": [
    [
      0.5586264729499817,
      0.7415833473205566
    ],
    [
      0.5684806704521179,
      0.7386729717254639
    ],
    [
      0.5524556040763855,
      0.7289792895317078
    ],
    [
      0.48571789264678955,
      0.705341100692749
    ],
    [
      0.4386301338672638,
      0.6919665336608887
    ],
    [
      0.41524621844291687,
      0.6864533424377441
    ],
    [
      0.41047582030296326,
      0.6864227652549744
    ],
    [
      0.4192286729812622,
      0.6894962191581726
    ],
    [
      0.4395850598812103,
      0.6950621008872986
    ],
    [
      0.45996522903442383,
      0.69998699426651
    ],
    [
      0.4789375960826874,
      0.7038362622261047
    ],
    [
      0.4950704872608185,
      0.7061751484870911
    ],
    [
      0.5074160099029541,
      0.7064365744590759
    ],
    [
      0.5184828639030457,
      0.7063314318656921
    ],
    [
      0.5285335183143616,
      0.7058703899383545
    ]
  ],
  "target": [
    [
      0.537830650806427,
      0.7050642967224121
    ],
    [
      0.5466180443763733,
      0.7034726142883301
    ],
    [
      0.5548507571220398,
      0.700993001461029
    ],
    [
      0.5626351237297058,
      0.6980121731758118
    ],
    [
      0.5700774788856506,
      0.6949172019958496
    ],
    [
      0.5773864388465881,
      0.6912349462509155
    ],
    [
      0.5844100117683411,
      0.6882493495941162
    ],
    [
      0.5654996037483215,
      0.6922175288200378
    ],
    [
      0.4950067698955536,
      0.70939701795578
    ],
    [
      0.4545948803424835,
      0.7246576547622681
    ],
    [
      0.4377352297306061,
      0.7346750497817993
    ],
    [
      0.4396169185638428,
      0.7401169538497925
    ],
    [
      0.4554290473461151,
      0.7416511178016663
    ],
    [
      0.4787568151950836,
      0.7400627732276917
    ],
    [
      0.5003079175949097,
      0.73851078748703
    ]
  ],
  "meta": {
    "video_name": "test1.mp4",
    "video_stem": "test1",
    "video_path": "E:\\desktop\\open\\lstm-akf\\data\\video\\test1.mp4",
    "fps": 40.0,
    "segment_index": 0,
    "sample_index": 219,
    "start_frame_index": 209,
    "history_end_frame_index": 223,
    "target_end_frame_index": 238,
    "history_frame_indices": [
      209,
      210,
      211,
      212,
      213,
      214,
      215,
      216,
      217,
      218,
      219,
      220,
      221,
      222,
      223
    ],
    "target_frame_indices": [
      224,
      225,
      226,
      227,
      228,
      229,
      230,
      231,
      232,
      233,
      234,
      235,
      236,
      237,
      238
    ],
    "history_timestamps": [
      5.925000000000005,
      5.950000000000005,
      5.975000000000005,
      6.000000000000004,
      6.025000000000005,
      6.050000000000005,
      6.075000000000005,
      6.100000000000005,
      6.125000000000005,
      6.150000000000005,
      6.175000000000005,
      6.2000000000000055,
      6.225000000000005,
      6.250000000000005,
      6.275000000000005
    ],
    "target_timestamps": [
      6.300000000000005,
      6.3250000000000055,
      6.350000000000005,
      6.375000000000005,
      6.400000000000005,
      6.425000000000005,
      6.4500000000000055,
      6.475000000000005,
      6.500000000000005,
      6.525000000000006,
      6.550000000000005,
      6.5750000000000055,
      6.600000000000006,
      6.625000000000005,
      6.650000000000006
    ]
  }
}