{
  "input": [
    [
      0.5402705669403076,
      0.560566246509552
    ],
    [
      0.539067804813385,
      0.5607993006706238
    ],
    [
      0.5378698110580444,
      0.5610314011573792
    ],
    [
      0.5369343757629395,
      0.5612126588821411
    ],
    [
      0.5360018014907837,
      0.5613622665405273
    ]
  ],
  "target": [
    [
      0.5351460576057434,
      0.5606548190116882
    ],
    [
      0.5343360304832458,
      0.5599797368049622
    ],
    [
      0.5343349575996399,
      0.5598771572113037
    ],
    [
      0.5343425273895264,
      0.5597814917564392
    ],
    [
      0.5344618558883667,
      0.5597761273384094
    ],
    [
      0.5346279144287109,
      0.5597800016403198
    ],
    [
      0.5352715849876404,
      0.5598782300949097
    ],
    [
      0.5359602570533752,
      0.5599874258041382
    ],
    [
      0.5370249152183533,
      0.5601881742477417
    ],
    [
      0.5381420254707336,
      0.5604017376899719
    ],
    [
      0.5396276712417603,
      0.5607049465179443
    ],
    [
      0.5411732792854309,
      0.5610227584838867
    ],
    [
      0.5430799126625061,
      0.5614284873008728
    ],
    [
      0.5450539588928223,
      0.5618506669998169
    ],
    [
      0.547381579875946,
      0.5623588562011719
    ]
  ],
  "meta": {
    "video_name": "test2.mp4",
    "video_stem": "test2",
    "video_path": "E:\\desktop\\open\\lstm-akf\\data\\video\\test2.mp4",
    "fps": 40.0,
    "segment_index": 45,
    "sample_index": 0,
    "start_frame_index": 0,
    "history_end_frame_index": 4,
    "target_end_frame_index": 19,
    "history_frame_indices": [
      0,
      1,
      2,
      3,
      4
    ],
    "target_frame_indices": [
      5,
      6,
      7,
      8,
      9,
      10,
      11,
      12,
      13,
      14,
      15,
      16,
      17,
      18,
      19
    ],
    "history_timestamps": [
      110.75508883398048,
      110.78008883398049,
      110.80508883398049,
      110.8300888339805,
      110.8550888339805
    ],
    "target_timestamps": [
      110.88008883398051,
      110.90508883398051,
      110.93008883398052,
      110.95508883398053,
      110.98008883398053,
      111.00508883398054,
      111.03008883398054,
      111.05508883398055,
      111.08008883398055,
      111.10508883398056,
      111.13008883398057,
      111.15508883398057,
      111.18008883398058,
      111.20508883398058,
      111.23008883398059
    ]
  }
}