{
  "input": [
    [
      0.4421049952507019,
      0.5655641555786133
    ],
    [
      0.4419228434562683,
      0.5656511783599854
    ],
    [
      0.4420909881591797,
      0.5656898617744446
    ],
    [
      0.4424329698085785,
      0.565655529499054
    ],
    [
      0.44300785660743713,
      0.5655233860015869
    ],
    [
      0.44354239106178284,
      0.5654457807540894
    ],
    [
      0.4440266489982605,
      0.5654361844062805
    ],
    [
      0.44477373361587524,
      0.5654579997062683
    ],
    [
      0.4458257257938385,
      0.5655162334442139
    ],
    [
      0.44710099697113037,
      0.5655438303947449
    ],
    [
      0.4486173689365387,
      0.5655382871627808
    ],
    [
      0.4498448073863983,
      0.5654159784317017
    ],
    [
      0.45078161358833313,
      0.5651761293411255
    ],
    [
      0.4518040716648102,
      0.5649998784065247
    ],
    [
      0.4529067575931549,
      0.5648831129074097
    ]
  ],
  "target": [
    [
      0.4544874429702759,
      0.5647892951965332
    ],
    [
      0.45648491382598877,
      0.5647153854370117
    ],
    [
      0.45809948444366455,
      0.5645321607589722
    ],
    [
      0.45940330624580383,
      0.5642601847648621
    ],
    [
      0.4616624712944031,
      0.5642996430397034
    ],
    [
      0.4646429121494293,
      0.5645742416381836
    ],
    [
      0.4670931398868561,
      0.564719557762146
    ],
    [
      0.46917128562927246,
      0.5647740364074707
    ],
    [
      0.4633404016494751,
      0.5640425682067871
    ],
    [
      0.4523545801639557,
      0.562798798084259
    ],
    [
      0.44570988416671753,
      0.562168300151825
    ],
    [
      0.4416898190975189,
      0.5619086623191833
    ],
    [
      0.4417019784450531,
      0.5613988637924194
    ],
    [
      0.44397222995758057,
      0.5607489347457886
    ],
    [
      0.44691765308380127,
      0.5603036880493164
    ]
  ]
}