{
  "input": [
    [
      0.5900284647941589,
      0.5613329410552979
    ],
    [
      0.5900287628173828,
      0.561328649520874
    ],
    [
      0.5900290608406067,
      0.5613245964050293
    ],
    [
      0.5900244116783142,
      0.5613481402397156
    ],
    [
      0.5900196433067322,
      0.5613722205162048
    ],
    [
      0.5900152921676636,
      0.5613738298416138
    ],
    [
      0.590010941028595,
      0.5613750219345093
    ],
    [
      0.5900049805641174,
      0.5613572597503662
    ],
    [
      0.5899991989135742,
      0.5613401532173157
    ],
    [
      0.5900000929832458,
      0.5613421201705933
    ],
    [
      0.5900009274482727,
      0.5613427758216858
    ],
    [
      0.5900013446807861,
      0.5613183379173279
    ],
    [
      0.5900020003318787,
      0.5612983107566833
    ],
    [
      0.5900062322616577,
      0.5613388419151306
    ],
    [
      0.5900106430053711,
      0.5613760352134705
    ]
  ],
  "target": [
    [
      0.5900166034698486,
      0.5613781809806824
    ],
    [
      0.5900217294692993,
      0.5613799691200256
    ],
    [
      0.5900196433067322,
      0.5613781213760376
    ],
    [
      0.590017557144165,
      0.5613726377487183
    ],
    [
      0.5900158286094666,
      0.5613411068916321
    ],
    [
      0.5900139808654785,
      0.561318039894104
    ],
    [
      0.590011715888977,
      0.5613465905189514
    ],
    [
      0.5900095105171204,
      0.5613714456558228
    ],
    [
      0.5900077819824219,
      0.5613764524459839
    ],
    [
      0.5900059342384338,
      0.5613827109336853
    ],
    [
      0.5900037288665771,
      0.5613951086997986
    ],
    [
      0.5900012254714966,
      0.5613968372344971
    ],
    [
      0.589997410774231,
      0.5613540410995483
    ],
    [
      0.5899950861930847,
      0.5613272190093994
    ],
    [
      0.5899983048439026,
      0.5613604187965393
    ]
  ]
}