{
  "input": [
    [
      0.5452027320861816,
      0.5925705432891846
    ],
    [
      0.5492120981216431,
      0.5916239619255066
    ],
    [
      0.5539137721061707,
      0.5904362797737122
    ],
    [
      0.5470800995826721,
      0.5909890532493591
    ],
    [
      0.5340415835380554,
      0.5924780964851379
    ],
    [
      0.5284318327903748,
      0.5924809575080872
    ],
    [
      0.5265135765075684,
      0.5917452573776245
    ],
    [
      0.5225279331207275,
      0.5917161107063293
    ],
    [
      0.5175954103469849,
      0.5920106768608093
    ],
    [
      0.5139713883399963,
      0.591691792011261
    ],
    [
      0.5108985304832458,
      0.5911145806312561
    ],
    [
      0.5072281360626221,
      0.5905051827430725
    ],
    [
      0.5033270120620728,
      0.5898833870887756
    ],
    [
      0.52314293384552,
      0.5853010416030884
    ],
    [
      0.5513237714767456,
      0.5793218016624451
    ]
  ],
  "target": [
    [
      0.5596339702606201,
      0.5771974325180054
    ],
    [
      0.5615680813789368,
      0.5763100385665894
    ],
    [
      0.5596268773078918,
      0.576133668422699
    ],
    [
      0.5565597414970398,
      0.5761639475822449
    ],
    [
      0.5558009147644043,
      0.5758332014083862
    ],
    [
      0.5556458234786987,
      0.5754081010818481
    ],
    [
      0.5446974039077759,
      0.5762844681739807
    ],
    [
      0.5312252044677734,
      0.5774651765823364
    ],
    [
      0.5221396684646606,
      0.5778121948242188
    ],
    [
      0.5139635801315308,
      0.5779863595962524
    ],
    [
      0.5024511218070984,
      0.5788429975509644
    ],
    [
      0.49033182859420776,
      0.5798237919807434
    ],
    [
      0.47577980160713196,
      0.5811405777931213
    ],
    [
      0.46084457635879517,
      0.5825102925300598
    ],
    [
      0.4434264898300171,
      0.5842229127883911
    ]
  ],
  "meta": {
    "video_name": "test2.mp4",
    "video_stem": "test2",
    "video_path": "E:\\desktop\\open\\lstm-akf\\data\\video\\test2.mp4",
    "fps": 40.0,
    "segment_index": 101,
    "sample_index": 414,
    "start_frame_index": 404,
    "history_end_frame_index": 418,
    "target_end_frame_index": 433,
    "history_frame_indices": [
      404,
      405,
      406,
      407,
      408,
      409,
      410,
      411,
      412,
      413,
      414,
      415,
      416,
      417,
      418
    ],
    "target_frame_indices": [
      419,
      420,
      421,
      422,
      423,
      424,
      425,
      426,
      427,
      428,
      429,
      430,
      431,
      432,
      433
    ],
    "history_timestamps": [
      230.02442248107852,
      230.04942248107852,
      230.07442248107853,
      230.09942248107853,
      230.12442248107854,
      230.14942248107855,
      230.17442248107855,
      230.19942248107856,
      230.22442248107856,
      230.24942248107857,
      230.27442248107857,
      230.29942248107858,
      230.32442248107859,
      230.3494224810786,
      230.3744224810786
    ],
    "target_timestamps": [
      230.3994224810786,
      230.4244224810786,
      230.4494224810786,
      230.47442248107862,
      230.49942248107862,
      230.52442248107863,
      230.54942248107864,
      230.57442248107864,
      230.59942248107865,
      230.62442248107865,
      230.64942248107866,
      230.67442248107866,
      230.69942248107867,
      230.72442248107868,
      230.74942248107868
    ]
  }
}