{
  "input": [
    [
      0.4853854477405548,
      0.7875335216522217
    ],
    [
      0.4877307713031769,
      0.7884659171104431
    ],
    [
      0.49288904666900635,
      0.7887848019599915
    ],
    [
      0.499622642993927,
      0.7887601256370544
    ],
    [
      0.5053902864456177,
      0.7887579202651978
    ],
    [
      0.5106576681137085,
      0.788767397403717
    ],
    [
      0.5192716121673584,
      0.7879054546356201
    ],
    [
      0.5294849872589111,
      0.7866270542144775
    ],
    [
      0.5380340814590454,
      0.7857410907745361
    ],
    [
      0.5458508133888245,
      0.7850278615951538
    ],
    [
      0.5533374547958374,
      0.7850021719932556
    ],
    [
      0.5606906414031982,
      0.785254180431366
    ],
    [
      0.563544511795044,
      0.7856202721595764
    ],
    [
      0.564734697341919,
      0.7860285639762878
    ],
    [
      0.5623958110809326,
      0.7852715849876404
    ]
  ],
  "target": [
    [
      0.5588671565055847,
      0.7841217517852783
    ],
    [
      0.5534133911132812,
      0.783428430557251
    ],
    [
      0.5473704934120178,
      0.7828748226165771
    ],
    [
      0.5438400506973267,
      0.7827684283256531
    ],
    [
      0.5410040616989136,
      0.7827856540679932
    ],
    [
      0.5410780310630798,
      0.7829254269599915
    ],
    [
      0.5418737530708313,
      0.7830954790115356
    ],
    [
      0.5459832549095154,
      0.7833584547042847
    ],
    [
      0.5508247017860413,
      0.7836419343948364
    ],
    [
      0.5557284355163574,
      0.7842400670051575
    ],
    [
      0.5606443285942078,
      0.7848995923995972
    ],
    [
      0.5701900124549866,
      0.7844434976577759
    ],
    [
      0.5805228352546692,
      0.7837976813316345
    ],
    [
      0.5887669920921326,
      0.7836858630180359
    ],
    [
      0.5967058539390564,
      0.7836520075798035
    ]
  ]
}