{
  "input": [
    [
      0.5584707856178284,
      0.5572696328163147
    ],
    [
      0.5584707856178284,
      0.5572696328163147
    ],
    [
      0.5584707856178284,
      0.5572696328163147
    ],
    [
      0.5584707856178284,
      0.5572696328163147
    ],
    [
      0.5584707856178284,
      0.5572696328163147
    ],
    [
      0.5584707856178284,
      0.5572696328163147
    ],
    [
      0.5584707856178284,
      0.5572696328163147
    ],
    [
      0.5584707856178284,
      0.5572696328163147
    ],
    [
      0.5588908791542053,
      0.557292103767395
    ],
    [
      0.5647894144058228,
      0.5576073527336121
    ],
    [
      0.5702207684516907,
      0.5578737258911133
    ]
  ],
  "target": [
    [
      0.5708720088005066,
      0.5576393604278564
    ],
    [
      0.5716584920883179,
      0.5573788285255432
    ],
    [
      0.573575496673584,
      0.556898832321167
    ],
    [
      0.5753422975540161,
      0.5564503073692322
    ],
    [
      0.5760539174079895,
      0.5562224984169006
    ],
    [
      0.577179491519928,
      0.5560210347175598
    ],
    [
      0.5807970762252808,
      0.5559782385826111
    ],
    [
      0.5844151973724365,
      0.5559378862380981
    ],
    [
      0.5880361199378967,
      0.5559101104736328
    ],
    [
      0.5917947888374329,
      0.5558986067771912
    ],
    [
      0.5961889624595642,
      0.555962085723877
    ],
    [
      0.6007346510887146,
      0.5560434460639954
    ],
    [
      0.6059020757675171,
      0.556198239326477
    ],
    [
      0.611234724521637,
      0.5563724637031555
    ],
    [
      0.6171754598617554,
      0.5566185116767883
    ]
  ],
  "meta": {
    "video_name": "test2.mp4",
    "video_stem": "test2",
    "video_path": "E:\\desktop\\open\\lstm-akf\\data\\video\\test2.mp4",
    "fps": 40.0,
    "segment_index": 2,
    "sample_index": 6,
    "start_frame_index": 0,
    "history_end_frame_index": 10,
    "target_end_frame_index": 25,
    "history_frame_indices": [
      0,
      1,
      2,
      3,
      4,
      5,
      6,
      7,
      8,
      9,
      10
    ],
    "target_frame_indices": [
      11,
      12,
      13,
      14,
      15,
      16,
      17,
      18,
      19,
      20,
      21,
      22,
      23,
      24,
      25
    ],
    "history_timestamps": [
      13.578028787700514,
      13.603028787700515,
      13.628028787700515,
      13.653028787700515,
      13.678028787700516,
      13.703028787700516,
      13.728028787700516,
      13.753028787700517,
      13.778028787700517,
      13.803028787700518,
      13.828028787700518
    ],
    "target_timestamps": [
      13.853028787700518,
      13.878028787700519,
      13.903028787700519,
      13.92802878770052,
      13.95302878770052,
      13.97802878770052,
      14.00302878770052,
      14.02802878770052,
      14.053028787700521,
      14.078028787700521,
      14.103028787700522,
      14.128028787700522,
      14.153028787700523,
      14.178028787700523,
      14.203028787700523
    ]
  }
}