{
  "input": [
    [
      0.9068447351455688,
      0.6225127577781677
    ],
    [
      0.91152024269104,
      0.621560275554657
    ],
    [
      0.9129873514175415,
      0.6205717921257019
    ],
    [
      0.911234438419342,
      0.6201475858688354
    ],
    [
      0.861291229724884,
      0.6281675100326538
    ],
    [
      0.8130953907966614,
      0.6360383033752441
    ],
    [
      0.7848740816116333,
      0.6422039270401001
    ],
    [
      0.7589461803436279,
      0.6480252742767334
    ],
    [
      0.7540679574012756,
      0.6506868004798889
    ],
    [
      0.7508801221847534,
      0.653181254863739
    ],
    [
      0.7605679035186768,
      0.6544027924537659
    ],
    [
      0.7718310952186584,
      0.655517578125
    ],
    [
      0.7932882308959961,
      0.6559416055679321
    ],
    [
      0.8138631582260132,
      0.6562791466712952
    ],
    [
      0.8295034766197205,
      0.6561329364776611
    ]
  ],
  "target": [
    [
      0.8448690176010132,
      0.65594482421875
    ],
    [
      0.8588880896568298,
      0.655551552772522
    ],
    [
      0.8714834451675415,
      0.6550664901733398
    ],
    [
      0.877900242805481,
      0.6541831493377686
    ],
    [
      0.8837938904762268,
      0.6534098982810974
    ],
    [
      0.8876596093177795,
      0.6530632972717285
    ],
    [
      0.8794258832931519,
      0.6499344706535339
    ],
    [
      0.8290068507194519,
      0.6371052265167236
    ],
    [
      0.7837667465209961,
      0.6258099675178528
    ],
    [
      0.7548643350601196,
      0.6193539500236511
    ],
    [
      0.7316650748252869,
      0.6141586303710938
    ],
    [
      0.7248250246047974,
      0.6125794053077698
    ],
    [
      0.7223584055900574,
      0.611778974533081
    ],
    [
      0.7313464879989624,
      0.6130183339118958
    ],
    [
      0.7427259683609009,
      0.6146628856658936
    ]
  ]
}