{
  "input": [
    [
      0.4434264898300171,
      0.5842229127883911
    ],
    [
      0.42567533254623413,
      0.5859816074371338
    ],
    [
      0.4053911566734314,
      0.5880901217460632
    ],
    [
      0.38482406735420227,
      0.5902377367019653
    ],
    [
      0.45519396662712097,
      0.589895486831665
    ],
    [
      0.5337598323822021,
      0.5893288850784302
    ],
    [
      0.5329450964927673,
      0.589776873588562
    ],
    [
      0.5266236662864685,
      0.5902951955795288
    ],
    [
      0.5213532447814941,
      0.5908565521240234
    ],
    [
      0.5161347389221191,
      0.5914201140403748
    ],
    [
      0.5092124342918396,
      0.5903729796409607
    ],
    [
      0.5022387504577637,
      0.5892772674560547
    ],
    [
      0.49254104495048523,
      0.5884402394294739
    ],
    [
      0.4830749034881592,
      0.5875759720802307
    ],
    [
      0.5147562623023987,
      0.5819849967956543
    ]
  ],
  "target": [
    [
      0.5457761287689209,
      0.5765039324760437
    ],
    [
      0.5500748157501221,
      0.5754644274711609
    ],
    [
      0.5541502237319946,
      0.5744605660438538
    ],
    [
      0.5531296730041504,
      0.5742694139480591
    ],
    [
      0.5520672798156738,
      0.5741028785705566
    ],
    [
      0.5503461956977844,
      0.5743229985237122
    ],
    [
      0.5487305521965027,
      0.5745576024055481
    ],
    [
      0.5483694076538086,
      0.5749646425247192
    ],
    [
      0.5480657815933228,
      0.5753531455993652
    ],
    [
      0.5483080744743347,
      0.5755659937858582
    ],
    [
      0.5487136840820312,
      0.5757499933242798
    ],
    [
      0.5503993630409241,
      0.5757080912590027
    ],
    [
      0.5520703196525574,
      0.5756757855415344
    ],
    [
      0.5536440014839172,
      0.5757073163986206
    ],
    [
      0.5553874969482422,
      0.5757130980491638
    ]
  ],
  "meta": {
    "video_name": "test2.mp4",
    "video_stem": "test2",
    "video_path": "E:\\desktop\\open\\lstm-akf\\data\\video\\test2.mp4",
    "fps": 40.0,
    "segment_index": 101,
    "sample_index": 443,
    "start_frame_index": 433,
    "history_end_frame_index": 447,
    "target_end_frame_index": 462,
    "history_frame_indices": [
      433,
      434,
      435,
      436,
      437,
      438,
      439,
      440,
      441,
      442,
      443,
      444,
      445,
      446,
      447
    ],
    "target_frame_indices": [
      448,
      449,
      450,
      451,
      452,
      453,
      454,
      455,
      456,
      457,
      458,
      459,
      460,
      461,
      462
    ],
    "history_timestamps": [
      230.74942248107868,
      230.7744224810787,
      230.7994224810787,
      230.8244224810787,
      230.8494224810787,
      230.8744224810787,
      230.89942248107872,
      230.92442248107872,
      230.94942248107873,
      230.97442248107873,
      230.99942248107874,
      231.02442248107874,
      231.04942248107875,
      231.07442248107876,
      231.09942248107876
    ],
    "target_timestamps": [
      231.12442248107877,
      231.14942248107877,
      231.17442248107878,
      231.19942248107878,
      231.2244224810788,
      231.2494224810788,
      231.2744224810788,
      231.2994224810788,
      231.3244224810788,
      231.34942248107882,
      231.37442248107882,
      231.39942248107883,
      231.42442248107884,
      231.44942248107884,
      231.47442248107885
    ]
  }
}