{
  "input": [
    [
      0.5449394583702087,
      0.5587210655212402
    ],
    [
      0.5419908761978149,
      0.5589149594306946
    ],
    [
      0.5396633148193359,
      0.55914306640625
    ],
    [
      0.537334144115448,
      0.5593686103820801
    ],
    [
      0.5343398451805115,
      0.5593062043190002
    ],
    [
      0.531341552734375,
      0.5592339634895325
    ],
    [
      0.528203010559082,
      0.5588153600692749
    ],
    [
      0.5249959230422974,
      0.5584068298339844
    ],
    [
      0.520350992679596,
      0.5582089424133301
    ],
    [
      0.5168900489807129,
      0.5582338571548462
    ],
    [
      0.5309612154960632,
      0.5615578293800354
    ],
    [
      0.544111430644989,
      0.5647077560424805
    ],
    [
      0.5468223094940186,
      0.5658842921257019
    ],
    [
      0.5492300987243652,
      0.5669456124305725
    ],
    [
      0.5488749146461487,
      0.5669564604759216
    ]
  ],
  "target": [
    [
      0.5484644770622253,
      0.5669428110122681
    ],
    [
      0.5476356744766235,
      0.5667440295219421
    ],
    [
      0.5468527674674988,
      0.5665522217750549
    ],
    [
      0.5463650822639465,
      0.5664048790931702
    ],
    [
      0.5460526943206787,
      0.5662843585014343
    ],
    [
      0.5467161536216736,
      0.5663132071495056
    ],
    [
      0.5474499464035034,
      0.5663753747940063
    ],
    [
      0.5485270619392395,
      0.5666001439094543
    ],
    [
      0.5497196316719055,
      0.5667880177497864
    ],
    [
      0.5514108538627625,
      0.5668167471885681
    ],
    [
      0.5529940724372864,
      0.5668835639953613
    ],
    [
      0.5541603565216064,
      0.5670974254608154
    ],
    [
      0.5555071234703064,
      0.5671626329421997
    ],
    [
      0.557481050491333,
      0.5667116045951843
    ],
    [
      0.5594666004180908,
      0.5663899183273315
    ]
  ]
}