{
  "input": [
    [
      0.38502809405326843,
      0.7107883095741272
    ],
    [
      0.40292301774024963,
      0.7136184573173523
    ],
    [
      0.42030149698257446,
      0.71624356508255
    ],
    [
      0.4363076984882355,
      0.718701958656311
    ],
    [
      0.4500857889652252,
      0.7210318446159363
    ],
    [
      0.46129992604255676,
      0.7225638628005981
    ],
    [
      0.4718921184539795,
      0.7242522239685059
    ],
    [
      0.482124924659729,
      0.725678563117981
    ],
    [
      0.4922608733177185,
      0.7264244556427002
    ],
    [
      0.5029984712600708,
      0.7264453172683716
    ],
    [
      0.5140722393989563,
      0.7262976765632629
    ],
    [
      0.5253956317901611,
      0.7256401777267456
    ],
    [
      0.5368820428848267,
      0.7241315245628357
    ],
    [
      0.5478601455688477,
      0.7199475765228271
    ],
    [
      0.557976245880127,
      0.7168585658073425
    ]
  ],
  "target": [
    [
      0.5428780913352966,
      0.7081849575042725
    ],
    [
      0.47821345925331116,
      0.6872472167015076
    ],
    [
      0.4322555661201477,
      0.6763573288917542
    ],
    [
      0.4087781310081482,
      0.671169102191925
    ],
    [
      0.40379923582077026,
      0.6704501509666443
    ],
    [
      0.4133369028568268,
      0.6729683876037598
    ],
    [
      0.43310850858688354,
      0.6792054772377014
    ],
    [
      0.45330825448036194,
      0.6839184761047363
    ],
    [
      0.4722389280796051,
      0.6873401999473572
    ],
    [
      0.48820316791534424,
      0.689703643321991
    ],
    [
      0.5005187392234802,
      0.6904535293579102
    ],
    [
      0.5112777352333069,
      0.6902303695678711
    ],
    [
      0.5206837058067322,
      0.6891993284225464
    ],
    [
      0.5289402604103088,
      0.6875255107879639
    ],
    [
      0.5374164581298828,
      0.6858952045440674
    ]
  ],
  "meta": {
    "video_name": "test1.mp4",
    "video_stem": "test1",
    "video_path": "E:\\desktop\\open\\lstm-akf\\data\\video\\test1.mp4",
    "fps": 40.0,
    "segment_index": 0,
    "sample_index": 510,
    "start_frame_index": 500,
    "history_end_frame_index": 514,
    "target_end_frame_index": 529,
    "history_frame_indices": [
      500,
      501,
      502,
      503,
      504,
      505,
      506,
      507,
      508,
      509,
      510,
      511,
      512,
      513,
      514
    ],
    "target_frame_indices": [
      515,
      516,
      517,
      518,
      519,
      520,
      521,
      522,
      523,
      524,
      525,
      526,
      527,
      528,
      529
    ],
    "history_timestamps": [
      13.20000000000001,
      13.22500000000001,
      13.25000000000001,
      13.275000000000011,
      13.300000000000011,
      13.32500000000001,
      13.35000000000001,
      13.37500000000001,
      13.400000000000011,
      13.425000000000011,
      13.45000000000001,
      13.47500000000001,
      13.50000000000001,
      13.525000000000011,
      13.550000000000011
    ],
    "target_timestamps": [
      13.57500000000001,
      13.60000000000001,
      13.62500000000001,
      13.650000000000011,
      13.675000000000011,
      13.70000000000001,
      13.72500000000001,
      13.75000000000001,
      13.775000000000011,
      13.800000000000011,
      13.825000000000012,
      13.85000000000001,
      13.87500000000001,
      13.900000000000011,
      13.925000000000011
    ]
  }
}