{
  "input": [
    [
      0.5051596164703369,
      0.5662594437599182
    ],
    [
      0.4905603229999542,
      0.5640678405761719
    ],
    [
      0.47438421845436096,
      0.561642587184906
    ],
    [
      0.47124961018562317,
      0.5609233975410461
    ],
    [
      0.46915850043296814,
      0.5603407621383667
    ],
    [
      0.47022321820259094,
      0.5598548650741577
    ],
    [
      0.47147610783576965,
      0.5593747496604919
    ],
    [
      0.473171204328537,
      0.5592902898788452
    ],
    [
      0.4748839735984802,
      0.5592216849327087
    ],
    [
      0.47614824771881104,
      0.5590779185295105
    ],
    [
      0.47740304470062256,
      0.5589325428009033
    ],
    [
      0.4782642126083374,
      0.5587484836578369
    ],
    [
      0.4791176915168762,
      0.5585708618164062
    ],
    [
      0.4795408844947815,
      0.5588224530220032
    ],
    [
      0.47997286915779114,
      0.5590633749961853
    ]
  ],
  "target": [
    [
      0.4806649684906006,
      0.5589891672134399
    ],
    [
      0.48133939504623413,
      0.558908998966217
    ],
    [
      0.4816822409629822,
      0.5587173700332642
    ],
    [
      0.4820341169834137,
      0.5585471391677856
    ],
    [
      0.4825092852115631,
      0.5586682558059692
    ],
    [
      0.4829576015472412,
      0.5587904453277588
    ],
    [
      0.48312121629714966,
      0.55892413854599
    ],
    [
      0.48193976283073425,
      0.5593337416648865
    ],
    [
      0.4691671133041382,
      0.5621206164360046
    ],
    [
      0.4574059844017029,
      0.564702033996582
    ],
    [
      0.45293980836868286,
      0.5658015608787537
    ],
    [
      0.44923707842826843,
      0.5667992234230042
    ],
    [
      0.4502403736114502,
      0.5671687722206116
    ],
    [
      0.45148563385009766,
      0.5674282312393188
    ],
    [
      0.4540262222290039,
      0.5670982599258423
    ]
  ]
}