{
  "input": [
    [
      0.5734357833862305,
      0.5797691941261292
    ],
    [
      0.5730710625648499,
      0.5800145864486694
    ],
    [
      0.5724611282348633,
      0.5799229741096497
    ],
    [
      0.5716854929924011,
      0.5796036720275879
    ],
    [
      0.5709596276283264,
      0.5794090628623962
    ],
    [
      0.5702650547027588,
      0.5792927145957947
    ],
    [
      0.5690771341323853,
      0.579269528388977
    ],
    [
      0.5676025152206421,
      0.5793005228042603
    ],
    [
      0.5662705898284912,
      0.5794018507003784
    ],
    [
      0.5650154948234558,
      0.5795409679412842
    ],
    [
      0.563004732131958,
      0.5797284245491028
    ],
    [
      0.5606184005737305,
      0.5799397826194763
    ],
    [
      0.5590866208076477,
      0.5798684358596802
    ],
    [
      0.5579461455345154,
      0.5796675682067871
    ],
    [
      0.5564144849777222,
      0.5796889066696167
    ]
  ],
  "target": [
    [
      0.554718017578125,
      0.5798038244247437
    ],
    [
      0.5535596013069153,
      0.5800356864929199
    ],
    [
      0.5526089668273926,
      0.5803126692771912
    ],
    [
      0.5516579151153564,
      0.5804928541183472
    ],
    [
      0.5507067441940308,
      0.5806388854980469
    ],
    [
      0.5503047108650208,
      0.5806768536567688
    ],
    [
      0.5500789284706116,
      0.5806801915168762
    ],
    [
      0.5500428676605225,
      0.5806685090065002
    ],
    [
      0.5500619411468506,
      0.5806525349617004
    ],
    [
      0.550134003162384,
      0.5805234909057617
    ],
    [
      0.5502199530601501,
      0.5803649425506592
    ],
    [
      0.5502723455429077,
      0.5801641345024109
    ],
    [
      0.5503169298171997,
      0.5799533724784851
    ],
    [
      0.5503270030021667,
      0.5797737836837769
    ],
    [
      0.5503299236297607,
      0.5796005725860596
    ]
  ]
}