{
  "input": [
    [
      0.5020885467529297,
      0.5758286714553833
    ],
    [
      0.4987167716026306,
      0.5755372047424316
    ],
    [
      0.49272939562797546,
      0.5757099390029907
    ],
    [
      0.486551970243454,
      0.5759164690971375
    ],
    [
      0.4782876968383789,
      0.5758504271507263
    ],
    [
      0.4699137210845947,
      0.5757700800895691
    ],
    [
      0.4631635248661041,
      0.5753628611564636
    ],
    [
      0.4564672112464905,
      0.5749448537826538
    ],
    [
      0.4741114675998688,
      0.5805759429931641
    ],
    [
      0.4920709431171417,
      0.5862835049629211
    ],
    [
      0.4991063177585602,
      0.5887475609779358
    ],
    [
      0.5059090852737427,
      0.5911639332771301
    ],
    [
      0.5020204782485962,
      0.5913905501365662
    ],
    [
      0.4980729818344116,
      0.5915886759757996
    ],
    [
      0.4926777184009552,
      0.5910879969596863
    ]
  ],
  "target": [
    [
      0.4871666729450226,
      0.5905908346176147
    ],
    [
      0.4797377586364746,
      0.5901511311531067
    ],
    [
      0.47252801060676575,
      0.5897001028060913
    ],
    [
      0.4680327773094177,
      0.5891094207763672
    ],
    [
      0.4634729325771332,
      0.5885432958602905
    ],
    [
      0.4582791328430176,
      0.588218092918396
    ],
    [
      0.4533723294734955,
      0.5878505706787109
    ],
    [
      0.4507797062397003,
      0.5871418714523315
    ],
    [
      0.44805291295051575,
      0.5865177512168884
    ],
    [
      0.44441312551498413,
      0.586469292640686
    ],
    [
      0.4409778416156769,
      0.5864916443824768
    ],
    [
      0.438739538192749,
      0.586928129196167
    ],
    [
      0.43656837940216064,
      0.5873035192489624
    ],
    [
      0.4347401559352875,
      0.5873671174049377
    ],
    [
      0.4373461604118347,
      0.5867454409599304
    ]
  ]
}