{
  "input": [
    [
      0.4960887134075165,
      0.5665693879127502
    ],
    [
      0.4979234039783478,
      0.5665150880813599
    ],
    [
      0.4992760717868805,
      0.566264271736145
    ],
    [
      0.5002046227455139,
      0.565840482711792
    ],
    [
      0.5019459128379822,
      0.5655451416969299
    ],
    [
      0.5043529868125916,
      0.5653549432754517
    ],
    [
      0.5062442421913147,
      0.5653142333030701
    ],
    [
      0.5077425837516785,
      0.565387487411499
    ],
    [
      0.5101616382598877,
      0.5652253031730652
    ],
    [
      0.5132328271865845,
      0.5648962259292603
    ],
    [
      0.5156952738761902,
      0.5647332072257996
    ],
    [
      0.5177571773529053,
      0.5646793246269226
    ],
    [
      0.5204521417617798,
      0.5643701553344727
    ],
    [
      0.5235335230827332,
      0.5639051795005798
    ],
    [
      0.5259532332420349,
      0.5637376308441162
    ]
  ],
  "target": [
    [
      0.5279988050460815,
      0.5637381672859192
    ],
    [
      0.5300074219703674,
      0.5636962652206421
    ],
    [
      0.5319966673851013,
      0.5636321902275085
    ],
    [
      0.5339069366455078,
      0.5635437965393066
    ],
    [
      0.5357789993286133,
      0.563443660736084
    ],
    [
      0.5390688180923462,
      0.5636377334594727
    ],
    [
      0.5429890155792236,
      0.5639626383781433
    ],
    [
      0.5457698106765747,
      0.5640276670455933
    ],
    [
      0.5480852723121643,
      0.563986599445343
    ],
    [
      0.552234947681427,
      0.5640008449554443
    ],
    [
      0.5570706129074097,
      0.5640358328819275
    ],
    [
      0.5602043271064758,
      0.5642606616020203
    ],
    [
      0.5627573728561401,
      0.5645501613616943
    ],
    [
      0.5652547478675842,
      0.5641915202140808
    ],
    [
      0.5677348971366882,
      0.5636320114135742
    ]
  ]
}