{
  "input": [
    [
      0.7068203091621399,
      0.5942281484603882
    ],
    [
      0.7124907970428467,
      0.5943007469177246
    ],
    [
      0.719226062297821,
      0.5942260026931763
    ],
    [
      0.7262480854988098,
      0.5941185355186462
    ],
    [
      0.7351723909378052,
      0.5937942862510681
    ],
    [
      0.7423701286315918,
      0.5935894846916199
    ],
    [
      0.739691436290741,
      0.5940678119659424
    ],
    [
      0.7375668883323669,
      0.5944525003433228
    ],
    [
      0.7382142543792725,
      0.5943686366081238
    ],
    [
      0.7388085126876831,
      0.5942248106002808
    ],
    [
      0.7391681671142578,
      0.5938159227371216
    ],
    [
      0.7395421266555786,
      0.5935094952583313
    ],
    [
      0.739972710609436,
      0.5936075448989868
    ],
    [
      0.7400948405265808,
      0.5936643481254578
    ],
    [
      0.7391232848167419,
      0.5935751795768738
    ]
  ],
  "target": [
    [
      0.7393752336502075,
      0.5933924913406372
    ],
    [
      0.7435480356216431,
      0.5929101705551147
    ],
    [
      0.7470927834510803,
      0.5923627018928528
    ],
    [
      0.7488086223602295,
      0.5916258096694946
    ],
    [
      0.7502771615982056,
      0.5910019278526306
    ],
    [
      0.7510883808135986,
      0.590678334236145
    ],
    [
      0.7518671751022339,
      0.5905048251152039
    ],
    [
      0.7525668144226074,
      0.5906965732574463
    ],
    [
      0.7531591057777405,
      0.5908030867576599
    ],
    [
      0.7535113096237183,
      0.5907192826271057
    ],
    [
      0.7537844181060791,
      0.5904087424278259
    ],
    [
      0.7538946866989136,
      0.5896313786506653
    ],
    [
      0.7538613080978394,
      0.5889782309532166
    ],
    [
      0.7535547614097595,
      0.5885611772537231
    ],
    [
      0.7531604170799255,
      0.5880953073501587
    ]
  ],
  "meta": {
    "video_name": "test2.mp4",
    "video_stem": "test2",
    "video_path": "E:\\desktop\\open\\lstm-akf\\data\\video\\test2.mp4",
    "fps": 40.0,
    "segment_index": 166,
    "sample_index": 467,
    "start_frame_index": 457,
    "history_end_frame_index": 471,
    "target_end_frame_index": 486,
    "history_frame_indices": [
      457,
      458,
      459,
      460,
      461,
      462,
      463,
      464,
      465,
      466,
      467,
      468,
      469,
      470,
      471
    ],
    "target_frame_indices": [
      472,
      473,
      474,
      475,
      476,
      477,
      478,
      479,
      480,
      481,
      482,
      483,
      484,
      485,
      486
    ],
    "history_timestamps": [
      400.3810144330602,
      400.4060144330602,
      400.43101443306017,
      400.45601443306015,
      400.4810144330601,
      400.5060144330601,
      400.5310144330601,
      400.55601443306006,
      400.58101443306003,
      400.60601443306,
      400.63101443306,
      400.65601443305997,
      400.68101443305994,
      400.7060144330599,
      400.7310144330599
    ],
    "target_timestamps": [
      400.7560144330599,
      400.78101443305985,
      400.80601443305983,
      400.8310144330598,
      400.8560144330598,
      400.88101443305976,
      400.90601443305974,
      400.9310144330597,
      400.9560144330597,
      400.98101443305967,
      401.00601443305965,
      401.0310144330596,
      401.0560144330596,
      401.0810144330596,
      401.10601443305956
    ]
  }
}