{
  "input": [
    [
      0.4059279263019562,
      0.5714201927185059
    ],
    [
      0.40617886185646057,
      0.5714759230613708
    ],
    [
      0.4064265787601471,
      0.5715378522872925
    ],
    [
      0.4067097008228302,
      0.5715840458869934
    ],
    [
      0.4070913791656494,
      0.5715862512588501
    ],
    [
      0.4076768159866333,
      0.571546196937561
    ],
    [
      0.40878093242645264,
      0.5713984370231628
    ],
    [
      0.40985238552093506,
      0.5712447762489319
    ],
    [
      0.41084742546081543,
      0.5710772275924683
    ],
    [
      0.4123060405254364,
      0.5709714293479919
    ],
    [
      0.41476044058799744,
      0.5709984302520752
    ],
    [
      0.41680458188056946,
      0.5712077617645264
    ],
    [
      0.4180360436439514,
      0.571778416633606
    ],
    [
      0.41941845417022705,
      0.5721659660339355
    ],
    [
      0.42107725143432617,
      0.5722182989120483
    ]
  ],
  "target": [
    [
      0.4225943088531494,
      0.5723655819892883
    ],
    [
      0.4238711893558502,
      0.5726737976074219
    ],
    [
      0.4255138635635376,
      0.5728774666786194
    ],
    [
      0.42773130536079407,
      0.5729168057441711
    ],
    [
      0.4294925034046173,
      0.5728650093078613
    ],
    [
      0.430588036775589,
      0.5726802349090576
    ],
    [
      0.4318355619907379,
      0.5726388096809387
    ],
    [
      0.4332890808582306,
      0.5727917551994324
    ],
    [
      0.4348315894603729,
      0.5728194713592529
    ],
    [
      0.43648624420166016,
      0.5726892948150635
    ],
    [
      0.43829527497291565,
      0.5721989870071411
    ],
    [
      0.44028544425964355,
      0.5712860226631165
    ],
    [
      0.44168275594711304,
      0.5706818103790283
    ],
    [
      0.44243231415748596,
      0.5704149007797241
    ],
    [
      0.4432526230812073,
      0.5704315304756165
    ]
  ]
}