{
  "input": [
    [
      0.4357103705406189,
      0.5759389400482178
    ],
    [
      0.4329099953174591,
      0.575123131275177
    ],
    [
      0.4316626489162445,
      0.5739333629608154
    ],
    [
      0.42963290214538574,
      0.5735433101654053
    ],
    [
      0.42742693424224854,
      0.5733333230018616
    ],
    [
      0.44427135586738586,
      0.576476514339447
    ],
    [
      0.4649070203304291,
      0.580286979675293
    ],
    [
      0.48483091592788696,
      0.5837858319282532
    ],
    [
      0.504630982875824,
      0.5872305035591125
    ],
    [
      0.5306286811828613,
      0.5915759801864624
    ],
    [
      0.5575554966926575,
      0.5960564017295837
    ],
    [
      0.5136275291442871,
      0.5919086337089539
    ],
    [
      0.46071234345436096,
      0.5866664052009583
    ],
    [
      0.45277953147888184,
      0.5871283411979675
    ],
    [
      0.44955527782440186,
      0.5881873369216919
    ]
  ],
  "target": [
    [
      0.4657748341560364,
      0.5810564756393433
    ],
    [
      0.48361533880233765,
      0.5732429027557373
    ],
    [
      0.4923241436481476,
      0.5681594014167786
    ],
    [
      0.5004588961601257,
      0.563247561454773
    ],
    [
      0.4893147945404053,
      0.5666934251785278
    ],
    [
      0.47733935713768005,
      0.5704997181892395
    ],
    [
      0.4721187353134155,
      0.5713010430335999
    ],
    [
      0.4670608937740326,
      0.5720299482345581
    ],
    [
      0.46423283219337463,
      0.5726402997970581
    ],
    [
      0.46138620376586914,
      0.5732557773590088
    ],
    [
      0.4559706449508667,
      0.5743441581726074
    ],
    [
      0.4505152702331543,
      0.575448751449585
    ],
    [
      0.4437685012817383,
      0.5770790576934814
    ],
    [
      0.437755823135376,
      0.5784968137741089
    ],
    [
      0.446401447057724,
      0.5756718516349792
    ]
  ],
  "meta": {
    "video_name": "test2.mp4",
    "video_stem": "test2",
    "video_path": "E:\\desktop\\open\\lstm-akf\\data\\video\\test2.mp4",
    "fps": 40.0,
    "segment_index": 101,
    "sample_index": 210,
    "start_frame_index": 200,
    "history_end_frame_index": 214,
    "target_end_frame_index": 229,
    "history_frame_indices": [
      200,
      201,
      202,
      203,
      204,
      205,
      206,
      207,
      208,
      209,
      210,
      211,
      212,
      213,
      214
    ],
    "target_frame_indices": [
      215,
      216,
      217,
      218,
      219,
      220,
      221,
      222,
      223,
      224,
      225,
      226,
      227,
      228,
      229
    ],
    "history_timestamps": [
      224.92442248107736,
      224.94942248107736,
      224.97442248107737,
      224.99942248107737,
      225.02442248107738,
      225.04942248107739,
      225.0744224810774,
      225.0994224810774,
      225.1244224810774,
      225.1494224810774,
      225.1744224810774,
      225.19942248107742,
      225.22442248107743,
      225.24942248107743,
      225.27442248107744
    ],
    "target_timestamps": [
      225.29942248107744,
      225.32442248107745,
      225.34942248107745,
      225.37442248107746,
      225.39942248107747,
      225.42442248107747,
      225.44942248107748,
      225.47442248107748,
      225.4994224810775,
      225.5244224810775,
      225.5494224810775,
      225.5744224810775,
      225.5994224810775,
      225.62442248107752,
      225.64942248107752
    ]
  }
}