{
  "input": [
    [
      0.5109729170799255,
      0.5893006920814514
    ],
    [
      0.5105290412902832,
      0.5896449685096741
    ],
    [
      0.511986494064331,
      0.5895828008651733
    ],
    [
      0.5133270025253296,
      0.5895722508430481
    ],
    [
      0.5141783356666565,
      0.5897772312164307
    ],
    [
      0.5149081945419312,
      0.5899465680122375
    ],
    [
      0.5151832103729248,
      0.589982271194458
    ],
    [
      0.5154082775115967,
      0.5900067687034607
    ],
    [
      0.5154648423194885,
      0.5899932980537415
    ],
    [
      0.5155477523803711,
      0.5899301767349243
    ],
    [
      0.5157110095024109,
      0.5897154211997986
    ],
    [
      0.5158566832542419,
      0.5895576477050781
    ],
    [
      0.5159534215927124,
      0.589558482170105
    ],
    [
      0.5161353945732117,
      0.5895159244537354
    ],
    [
      0.5165345072746277,
      0.5893628001213074
    ]
  ],
  "target": [
    [
      0.5169029235839844,
      0.5892795324325562
    ],
    [
      0.5171998143196106,
      0.5893595814704895
    ],
    [
      0.5175632834434509,
      0.5894528031349182
    ],
    [
      0.5180697441101074,
      0.5895744562149048
    ],
    [
      0.5184747576713562,
      0.5896837115287781
    ],
    [
      0.5186788439750671,
      0.5897684097290039
    ],
    [
      0.5189094543457031,
      0.5898494124412537
    ],
    [
      0.5191885828971863,
      0.5899237990379333
    ],
    [
      0.5194408893585205,
      0.590083122253418
    ],
    [
      0.5196476578712463,
      0.5903864502906799
    ],
    [
      0.5201635360717773,
      0.590783417224884
    ],
    [
      0.5211653709411621,
      0.5913273692131042
    ],
    [
      0.5221542716026306,
      0.5917993783950806
    ],
    [
      0.5231243371963501,
      0.5921662449836731
    ],
    [
      0.5241647958755493,
      0.5925992131233215
    ]
  ],
  "meta": {
    "video_name": "test2.mp4",
    "video_stem": "test2",
    "video_path": "E:\\desktop\\open\\lstm-akf\\data\\video\\test2.mp4",
    "fps": 40.0,
    "segment_index": 167,
    "sample_index": 140,
    "start_frame_index": 130,
    "history_end_frame_index": 144,
    "target_end_frame_index": 159,
    "history_frame_indices": [
      130,
      131,
      132,
      133,
      134,
      135,
      136,
      137,
      138,
      139,
      140,
      141,
      142,
      143,
      144
    ],
    "target_frame_indices": [
      145,
      146,
      147,
      148,
      149,
      150,
      151,
      152,
      153,
      154,
      155,
      156,
      157,
      158,
      159
    ],
    "history_timestamps": [
      404.74339137937505,
      404.76839137937503,
      404.793391379375,
      404.818391379375,
      404.84339137937496,
      404.86839137937494,
      404.8933913793749,
      404.9183913793749,
      404.9433913793749,
      404.96839137937485,
      404.9933913793748,
      405.0183913793748,
      405.0433913793748,
      405.06839137937476,
      405.09339137937474
    ],
    "target_timestamps": [
      405.1183913793747,
      405.1433913793747,
      405.16839137937467,
      405.19339137937465,
      405.2183913793746,
      405.2433913793746,
      405.2683913793746,
      405.29339137937455,
      405.31839137937453,
      405.3433913793745,
      405.3683913793745,
      405.39339137937446,
      405.41839137937444,
      405.4433913793744,
      405.4683913793744
    ]
  }
}