{
  "input": [
    [
      0.5468935966491699,
      0.6125320792198181
    ],
    [
      0.5481980443000793,
      0.6128597855567932
    ],
    [
      0.5500302910804749,
      0.6131086945533752
    ],
    [
      0.5593923330307007,
      0.6122334599494934
    ],
    [
      0.5683166980743408,
      0.6113930344581604
    ],
    [
      0.5724239945411682,
      0.610936164855957
    ],
    [
      0.5765037536621094,
      0.6105161905288696
    ],
    [
      0.580338180065155,
      0.6104248762130737
    ],
    [
      0.584184467792511,
      0.6102322340011597
    ],
    [
      0.5881187319755554,
      0.6092890501022339
    ],
    [
      0.592006504535675,
      0.6084010004997253
    ],
    [
      0.5956005454063416,
      0.6078608632087708
    ],
    [
      0.5996813178062439,
      0.6071580648422241
    ],
    [
      0.6064249277114868,
      0.6055653691291809
    ],
    [
      0.6127281188964844,
      0.604078471660614
    ]
  ],
  "target": [
    [
      0.6169158220291138,
      0.6030998229980469
    ],
    [
      0.6211372017860413,
      0.6021681427955627
    ],
    [
      0.6255017518997192,
      0.6014367341995239
    ],
    [
      0.6235246062278748,
      0.5995315909385681
    ],
    [
      0.5973923802375793,
      0.5931556820869446
    ],
    [
      0.5736958384513855,
      0.5874805450439453
    ],
    [
      0.558352530002594,
      0.5842088460922241
    ],
    [
      0.5457184314727783,
      0.5815045237541199
    ],
    [
      0.5414983034133911,
      0.5805624723434448
    ],
    [
      0.5459239482879639,
      0.5809703469276428
    ],
    [
      0.574783444404602,
      0.5851932764053345
    ],
    [
      0.600195586681366,
      0.5889707207679749
    ],
    [
      0.6167067289352417,
      0.591597855091095
    ],
    [
      0.6191514730453491,
      0.5920776724815369
    ],
    [
      0.5882973074913025,
      0.5874741673469543
    ]
  ],
  "meta": {
    "video_name": "test2.mp4",
    "video_stem": "test2",
    "video_path": "E:\\desktop\\open\\lstm-akf\\data\\video\\test2.mp4",
    "fps": 40.0,
    "segment_index": 111,
    "sample_index": 238,
    "start_frame_index": 228,
    "history_end_frame_index": 242,
    "target_end_frame_index": 257,
    "history_frame_indices": [
      228,
      229,
      230,
      231,
      232,
      233,
      234,
      235,
      236,
      237,
      238,
      239,
      240,
      241,
      242
    ],
    "target_frame_indices": [
      243,
      244,
      245,
      246,
      247,
      248,
      249,
      250,
      251,
      252,
      253,
      254,
      255,
      256,
      257
    ],
    "history_timestamps": [
      259.51993960073867,
      259.54493960073864,
      259.5699396007387,
      259.5949396007387,
      259.6199396007387,
      259.64493960073867,
      259.6699396007387,
      259.69493960073873,
      259.7199396007387,
      259.7449396007387,
      259.7699396007387,
      259.79493960073876,
      259.81993960073873,
      259.8449396007387,
      259.86993960073875
    ],
    "target_timestamps": [
      259.8949396007388,
      259.91993960073876,
      259.94493960073873,
      259.96993960073877,
      259.9949396007388,
      260.0199396007388,
      260.04493960073876,
      260.0699396007388,
      260.0949396007388,
      260.1199396007388,
      260.1449396007388,
      260.1699396007388,
      260.19493960073885,
      260.2199396007388,
      260.2449396007388
    ]
  }
}