{
  "input": [
    [
      0.5162591338157654,
      0.5605490207672119
    ],
    [
      0.5163323283195496,
      0.5604808330535889
    ],
    [
      0.5163622498512268,
      0.5604076981544495
    ],
    [
      0.5163376927375793,
      0.5603283643722534
    ],
    [
      0.5163044333457947,
      0.5602942705154419
    ],
    [
      0.5162610411643982,
      0.5603132247924805
    ],
    [
      0.5162374973297119,
      0.5603973865509033
    ],
    [
      0.5162356495857239,
      0.5605525374412537
    ],
    [
      0.5162155032157898,
      0.5606911778450012
    ],
    [
      0.516176700592041,
      0.5608130693435669
    ],
    [
      0.5161118507385254,
      0.5609055757522583
    ],
    [
      0.5160223841667175,
      0.5609704256057739
    ],
    [
      0.5159195065498352,
      0.5610249638557434
    ],
    [
      0.5158048868179321,
      0.561070442199707
    ],
    [
      0.5156965851783752,
      0.5609049797058105
    ]
  ],
  "target": [
    [
      0.5155935287475586,
      0.5605666041374207
    ],
    [
      0.515544056892395,
      0.5602502226829529
    ],
    [
      0.5155354738235474,
      0.5599504709243774
    ],
    [
      0.515419065952301,
      0.560091495513916
    ],
    [
      0.5152261853218079,
      0.5605447888374329
    ],
    [
      0.5149557590484619,
      0.5607815980911255
    ],
    [
      0.5146342515945435,
      0.5608759522438049
    ],
    [
      0.5140825510025024,
      0.5610026717185974
    ],
    [
      0.5133904814720154,
      0.5611491799354553
    ],
    [
      0.5127122402191162,
      0.5612984299659729
    ],
    [
      0.5120418667793274,
      0.5614492297172546
    ],
    [
      0.51158607006073,
      0.5614073872566223
    ],
    [
      0.5112425088882446,
      0.5612648129463196
    ],
    [
      0.5106879472732544,
      0.5611885190010071
    ],
    [
      0.5100315809249878,
      0.5611442923545837
    ]
  ]
}