{
  "input": [
    [
      0.5261090993881226,
      0.5613192319869995
    ],
    [
      0.5256291627883911,
      0.5611906051635742
    ],
    [
      0.5256667137145996,
      0.561197817325592
    ],
    [
      0.5257654190063477,
      0.5612021088600159
    ],
    [
      0.5260245203971863,
      0.5611990690231323
    ],
    [
      0.5263028144836426,
      0.5611951351165771
    ],
    [
      0.5266274809837341,
      0.5611891150474548
    ],
    [
      0.5270131230354309,
      0.5611949563026428
    ],
    [
      0.5275331735610962,
      0.5612267255783081
    ],
    [
      0.5279379487037659,
      0.5612518787384033
    ],
    [
      0.5281082391738892,
      0.5612634420394897
    ],
    [
      0.5282431840896606,
      0.561314582824707
    ],
    [
      0.5283117294311523,
      0.5614399313926697
    ],
    [
      0.5284180045127869,
      0.5615808367729187
    ],
    [
      0.5285897850990295,
      0.5617486238479614
    ]
  ],
  "target": [
    [
      0.5288004875183105,
      0.561830461025238
    ],
    [
      0.5290738344192505,
      0.5617738366127014
    ],
    [
      0.5294237732887268,
      0.5617729425430298
    ],
    [
      0.5298882722854614,
      0.5618554353713989
    ],
    [
      0.5305428504943848,
      0.5619617104530334
    ],
    [
      0.5314613580703735,
      0.5621010065078735
    ],
    [
      0.5322173237800598,
      0.5621868968009949
    ],
    [
      0.5327636003494263,
      0.5622039437294006
    ],
    [
      0.5334557890892029,
      0.5623054504394531
    ],
    [
      0.5343231558799744,
      0.5625084042549133
    ],
    [
      0.5351080298423767,
      0.562552809715271
    ],
    [
      0.5358006954193115,
      0.5624200105667114
    ],
    [
      0.5368809700012207,
      0.5622923374176025
    ],
    [
      0.5383647680282593,
      0.562170147895813
    ],
    [
      0.5394960641860962,
      0.5621224641799927
    ]
  ]
}