{
  "input": [
    [
      0.5721620917320251,
      0.5581972002983093
    ],
    [
      0.5720614790916443,
      0.557666540145874
    ],
    [
      0.5719209909439087,
      0.5571210384368896
    ],
    [
      0.5714473724365234,
      0.5564518570899963
    ],
    [
      0.5710642337799072,
      0.5560713410377502
    ],
    [
      0.5713164806365967,
      0.5577179789543152
    ],
    [
      0.5714259743690491,
      0.559144914150238
    ],
    [
      0.5706765055656433,
      0.559248685836792
    ],
    [
      0.5698803663253784,
      0.559359610080719
    ],
    [
      0.5688397884368896,
      0.5595077872276306
    ],
    [
      0.5677474141120911,
      0.5596638917922974
    ],
    [
      0.5664157271385193,
      0.5598564147949219
    ],
    [
      0.5650269985198975,
      0.5600576400756836
    ],
    [
      0.5634042024612427,
      0.5602945685386658
    ],
    [
      0.5617192387580872,
      0.5605409741401672
    ]
  ],
  "target": [
    [
      0.5598053336143494,
      0.5608222484588623
    ],
    [
      0.5579097270965576,
      0.5607143044471741
    ],
    [
      0.556074857711792,
      0.5593140125274658
    ],
    [
      0.5541048049926758,
      0.5582167506217957
    ],
    [
      0.5517276525497437,
      0.5580320954322815
    ],
    [
      0.5492771863937378,
      0.5578383803367615
    ],
    [
      0.5466257333755493,
      0.5576198697090149
    ],
    [
      0.5438961386680603,
      0.5573916435241699
    ],
    [
      0.5409703254699707,
      0.5571392178535461
    ],
    [
      0.5379615426063538,
      0.5568764805793762
    ],
    [
      0.5347614288330078,
      0.5565900802612305
    ],
    [
      0.5381256937980652,
      0.5578010678291321
    ],
    [
      0.5554068684577942,
      0.562186598777771
    ],
    [
      0.5660532712936401,
      0.5650971531867981
    ],
    [
      0.5637232661247253,
      0.5651229023933411
    ]
  ],
  "meta": {
    "video_name": "test2.mp4",
    "video_stem": "test2",
    "video_path": "E:\\desktop\\open\\lstm-akf\\data\\video\\test2.mp4",
    "fps": 40.0,
    "segment_index": 27,
    "sample_index": 20,
    "start_frame_index": 10,
    "history_end_frame_index": 24,
    "target_end_frame_index": 39,
    "history_frame_indices": [
      10,
      11,
      12,
      13,
      14,
      15,
      16,
      17,
      18,
      19,
      20,
      21,
      22,
      23,
      24
    ],
    "target_frame_indices": [
      25,
      26,
      27,
      28,
      29,
      30,
      31,
      32,
      33,
      34,
      35,
      36,
      37,
      38,
      39
    ],
    "history_timestamps": [
      63.03599443071733,
      63.06099443071733,
      63.08599443071733,
      63.11099443071733,
      63.135994430717325,
      63.160994430717324,
      63.18599443071732,
      63.21099443071732,
      63.23599443071732,
      63.26099443071732,
      63.28599443071732,
      63.310994430717315,
      63.335994430717314,
      63.36099443071731,
      63.38599443071731
    ],
    "target_timestamps": [
      63.41099443071731,
      63.43599443071731,
      63.46099443071731,
      63.485994430717305,
      63.510994430717304,
      63.5359944307173,
      63.5609944307173,
      63.5859944307173,
      63.6109944307173,
      63.6359944307173,
      63.660994430717295,
      63.685994430717294,
      63.71099443071729,
      63.73599443071729,
      63.76099443071729
    ]
  }
}