{
  "input": [
    [
      0.5205950140953064,
      0.5792032480239868
    ],
    [
      0.5231935381889343,
      0.5790941715240479
    ],
    [
      0.5264081954956055,
      0.5787253975868225
    ],
    [
      0.5295653343200684,
      0.5788140296936035
    ],
    [
      0.5326864123344421,
      0.5791894197463989
    ],
    [
      0.5356250405311584,
      0.5796272158622742
    ],
    [
      0.5384576320648193,
      0.5801013112068176
    ],
    [
      0.5424355864524841,
      0.5803124308586121
    ],
    [
      0.5470295548439026,
      0.5803821086883545
    ],
    [
      0.5504566431045532,
      0.580371618270874
    ],
    [
      0.5533038973808289,
      0.5803213119506836
    ],
    [
      0.5569989085197449,
      0.5799946188926697
    ],
    [
      0.5610821843147278,
      0.5795413851737976
    ],
    [
      0.5640120506286621,
      0.5795407295227051
    ],
    [
      0.566456139087677,
      0.5797306895256042
    ]
  ],
  "target": [
    [
      0.5672411322593689,
      0.5798746347427368
    ],
    [
      0.5673855543136597,
      0.5800008177757263
    ],
    [
      0.5683342218399048,
      0.5801051259040833
    ],
    [
      0.5695664882659912,
      0.5802017450332642
    ],
    [
      0.5713958144187927,
      0.5796942710876465
    ],
    [
      0.5734166502952576,
      0.578993022441864
    ],
    [
      0.5609699487686157,
      0.5759879946708679
    ],
    [
      0.5443199872970581,
      0.5723136067390442
    ],
    [
      0.5290286540985107,
      0.5687752366065979
    ],
    [
      0.514092743396759,
      0.5652724504470825
    ],
    [
      0.49527260661125183,
      0.560985267162323
    ],
    [
      0.4755442142486572,
      0.5565146207809448
    ],
    [
      0.45184630155563354,
      0.5512422919273376
    ],
    [
      0.42732545733451843,
      0.5458038449287415
    ],
    [
      0.3987497091293335,
      0.5395464301109314
    ]
  ],
  "meta": {
    "video_name": "test2.mp4",
    "video_stem": "test2",
    "video_path": "E:\\desktop\\open\\lstm-akf\\data\\video\\test2.mp4",
    "fps": 40.0,
    "segment_index": 111,
    "sample_index": 410,
    "start_frame_index": 400,
    "history_end_frame_index": 414,
    "target_end_frame_index": 429,
    "history_frame_indices": [
      400,
      401,
      402,
      403,
      404,
      405,
      406,
      407,
      408,
      409,
      410,
      411,
      412,
      413,
      414
    ],
    "target_frame_indices": [
      415,
      416,
      417,
      418,
      419,
      420,
      421,
      422,
      423,
      424,
      425,
      426,
      427,
      428,
      429
    ],
    "history_timestamps": [
      263.81993960073964,
      263.8449396007396,
      263.86993960073966,
      263.8949396007397,
      263.91993960073967,
      263.94493960073964,
      263.9699396007397,
      263.9949396007397,
      264.0199396007397,
      264.04493960073967,
      264.0699396007397,
      264.09493960073974,
      264.1199396007397,
      264.1449396007397,
      264.1699396007397
    ],
    "target_timestamps": [
      264.19493960073976,
      264.21993960073974,
      264.2449396007397,
      264.26993960073975,
      264.2949396007398,
      264.31993960073976,
      264.34493960073974,
      264.36993960073977,
      264.3949396007398,
      264.4199396007398,
      264.44493960073976,
      264.4699396007398,
      264.4949396007398,
      264.5199396007398,
      264.5449396007398
    ]
  }
}