{
  "input": [
    [
      0.447040855884552,
      0.5739883780479431
    ],
    [
      0.4489738643169403,
      0.5739930868148804
    ],
    [
      0.45095095038414,
      0.5740063190460205
    ],
    [
      0.4553599953651428,
      0.574489414691925
    ],
    [
      0.45971226692199707,
      0.5749509930610657
    ]
  ],
  "target": [
    [
      0.46252694725990295,
      0.5748293995857239
    ],
    [
      0.46526315808296204,
      0.5746771097183228
    ],
    [
      0.4666082561016083,
      0.5739803910255432
    ],
    [
      0.4687032401561737,
      0.5734420418739319
    ],
    [
      0.48057642579078674,
      0.5749691128730774
    ],
    [
      0.49212849140167236,
      0.576400637626648
    ],
    [
      0.500394344329834,
      0.5768536329269409
    ],
    [
      0.5087994933128357,
      0.5773143172264099
    ],
    [
      0.5183693766593933,
      0.5778391361236572
    ],
    [
      0.5281016826629639,
      0.5783728957176208
    ],
    [
      0.5389755368232727,
      0.5789694786071777
    ],
    [
      0.5500350594520569,
      0.579576313495636
    ],
    [
      0.5622128248214722,
      0.5802446603775024
    ],
    [
      0.5690345764160156,
      0.5803835988044739
    ],
    [
      0.547789990901947,
      0.5777482986450195
    ]
  ],
  "meta": {
    "video_name": "test2.mp4",
    "video_stem": "test2",
    "video_path": "E:\\desktop\\open\\lstm-akf\\data\\video\\test2.mp4",
    "fps": 40.0,
    "segment_index": 172,
    "sample_index": 0,
    "start_frame_index": 0,
    "history_end_frame_index": 4,
    "target_end_frame_index": 19,
    "history_frame_indices": [
      0,
      1,
      2,
      3,
      4
    ],
    "target_frame_indices": [
      5,
      6,
      7,
      8,
      9,
      10,
      11,
      12,
      13,
      14,
      15,
      16,
      17,
      18,
      19
    ],
    "history_timestamps": [
      416.4094011060125,
      416.4344011060125,
      416.4594011060125,
      416.48440110601246,
      416.50940110601243
    ],
    "target_timestamps": [
      416.5344011060124,
      416.5594011060124,
      416.58440110601236,
      416.60940110601234,
      416.6344011060123,
      416.6594011060123,
      416.6844011060123,
      416.70940110601225,
      416.7344011060122,
      416.7594011060122,
      416.7844011060122,
      416.80940110601216,
      416.83440110601214,
      416.8594011060121,
      416.8844011060121
    ]
  }
}