{
  "input": [
    [
      0.5876830220222473,
      0.5684926509857178
    ],
    [
      0.5852519273757935,
      0.5684632658958435
    ],
    [
      0.5816525816917419,
      0.5689011216163635
    ],
    [
      0.5782982707023621,
      0.5692306756973267
    ],
    [
      0.5757573843002319,
      0.569200873374939
    ],
    [
      0.572851300239563,
      0.569211483001709
    ],
    [
      0.5688455104827881,
      0.5693438649177551
    ],
    [
      0.5648413300514221,
      0.5694703459739685
    ],
    [
      0.5608416199684143,
      0.5695809125900269
    ],
    [
      0.5567398071289062,
      0.5696902275085449
    ],
    [
      0.5523817539215088,
      0.5697965621948242
    ],
    [
      0.5479152202606201,
      0.5699015855789185
    ],
    [
      0.5431987643241882,
      0.5700036883354187
    ],
    [
      0.538367509841919,
      0.5701044201850891
    ],
    [
      0.5332927703857422,
      0.5702022910118103
    ]
  ],
  "target": [
    [
      0.5280967950820923,
      0.5702987313270569
    ],
    [
      0.5226636528968811,
      0.5703924298286438
    ],
    [
      0.5203540921211243,
      0.5707411766052246
    ],
    [
      0.5236920714378357,
      0.5715511441230774
    ],
    [
      0.5245741009712219,
      0.5718933939933777
    ],
    [
      0.5213441848754883,
      0.5714525580406189
    ],
    [
      0.5181416869163513,
      0.5709459781646729
    ],
    [
      0.5149816870689392,
      0.5703373551368713
    ],
    [
      0.5118422508239746,
      0.5696285367012024
    ],
    [
      0.5087323784828186,
      0.5687752366065979
    ],
    [
      0.505643904209137,
      0.5678173899650574
    ],
    [
      0.5025840997695923,
      0.5667194724082947
    ],
    [
      0.49566251039505005,
      0.5675707459449768
    ],
    [
      0.4839273989200592,
      0.5708515644073486
    ],
    [
      0.4744560718536377,
      0.5728318691253662
    ]
  ],
  "meta": {
    "video_name": "test2.mp4",
    "video_stem": "test2",
    "video_path": "E:\\desktop\\open\\lstm-akf\\data\\video\\test2.mp4",
    "fps": 40.0,
    "segment_index": 94,
    "sample_index": 33,
    "start_frame_index": 23,
    "history_end_frame_index": 37,
    "target_end_frame_index": 52,
    "history_frame_indices": [
      23,
      24,
      25,
      26,
      27,
      28,
      29,
      30,
      31,
      32,
      33,
      34,
      35,
      36,
      37
    ],
    "target_frame_indices": [
      38,
      39,
      40,
      41,
      42,
      43,
      44,
      45,
      46,
      47,
      48,
      49,
      50,
      51,
      52
    ],
    "history_timestamps": [
      210.83622681099752,
      210.86122681099752,
      210.88622681099753,
      210.91122681099753,
      210.93622681099754,
      210.96122681099754,
      210.98622681099755,
      211.01122681099756,
      211.03622681099756,
      211.06122681099757,
      211.08622681099757,
      211.11122681099758,
      211.13622681099758,
      211.1612268109976,
      211.1862268109976
    ],
    "target_timestamps": [
      211.2112268109976,
      211.2362268109976,
      211.2612268109976,
      211.28622681099762,
      211.31122681099762,
      211.33622681099763,
      211.36122681099764,
      211.38622681099764,
      211.41122681099765,
      211.43622681099765,
      211.46122681099766,
      211.48622681099766,
      211.51122681099767,
      211.53622681099768,
      211.56122681099768
    ]
  }
}