{
  "input": [
    [
      0.5851355791091919,
      0.5576123595237732
    ],
    [
      0.5836671590805054,
      0.5574374198913574
    ],
    [
      0.5824185013771057,
      0.5575024485588074
    ],
    [
      0.5808493494987488,
      0.5575636029243469
    ],
    [
      0.5786532163619995,
      0.5576170682907104
    ],
    [
      0.5767675638198853,
      0.5574759244918823
    ],
    [
      0.5754432678222656,
      0.5569829344749451
    ],
    [
      0.5741608142852783,
      0.5564772486686707
    ],
    [
      0.5729483962059021,
      0.5559501051902771
    ],
    [
      0.5721249580383301,
      0.5555323362350464
    ],
    [
      0.5719054937362671,
      0.5552842617034912
    ],
    [
      0.5717071294784546,
      0.5550849437713623
    ],
    [
      0.5715391635894775,
      0.5549559593200684
    ],
    [
      0.5714495182037354,
      0.5551875233650208
    ],
    [
      0.5714647769927979,
      0.5559020638465881
    ]
  ],
  "target": [
    [
      0.5713369846343994,
      0.5563021898269653
    ],
    [
      0.5710309147834778,
      0.5563102960586548
    ],
    [
      0.5705718994140625,
      0.5563976764678955
    ],
    [
      0.5699355006217957,
      0.5565771460533142
    ],
    [
      0.5692228078842163,
      0.556819498538971
    ],
    [
      0.5684278011322021,
      0.5571298599243164
    ],
    [
      0.5676335096359253,
      0.5574699640274048
    ],
    [
      0.5668399930000305,
      0.55784010887146
    ],
    [
      0.5659735798835754,
      0.5582428574562073
    ],
    [
      0.5650389790534973,
      0.5586761236190796
    ],
    [
      0.5638912320137024,
      0.5583950877189636
    ],
    [
      0.5625576972961426,
      0.5574911832809448
    ],
    [
      0.5612117648124695,
      0.5569781064987183
    ],
    [
      0.5598558187484741,
      0.5567822456359863
    ],
    [
      0.5584025979042053,
      0.5565308928489685
    ]
  ],
  "meta": {
    "video_name": "test2.mp4",
    "video_stem": "test2",
    "video_path": "E:\\desktop\\open\\lstm-akf\\data\\video\\test2.mp4",
    "fps": 40.0,
    "segment_index": 0,
    "sample_index": 45,
    "start_frame_index": 35,
    "history_end_frame_index": 49,
    "target_end_frame_index": 64,
    "history_frame_indices": [
      35,
      36,
      37,
      38,
      39,
      40,
      41,
      42,
      43,
      44,
      45,
      46,
      47,
      48,
      49
    ],
    "target_frame_indices": [
      50,
      51,
      52,
      53,
      54,
      55,
      56,
      57,
      58,
      59,
      60,
      61,
      62,
      63,
      64
    ],
    "history_timestamps": [
      5.285381613523173,
      5.310381613523173,
      5.3353816135231735,
      5.360381613523174,
      5.385381613523174,
      5.410381613523175,
      5.435381613523175,
      5.460381613523175,
      5.485381613523176,
      5.510381613523176,
      5.535381613523176,
      5.560381613523177,
      5.585381613523177,
      5.610381613523177,
      5.635381613523178
    ],
    "target_timestamps": [
      5.660381613523178,
      5.6853816135231785,
      5.710381613523179,
      5.735381613523179,
      5.76038161352318,
      5.78538161352318,
      5.81038161352318,
      5.835381613523181,
      5.860381613523181,
      5.885381613523181,
      5.910381613523182,
      5.935381613523182,
      5.960381613523182,
      5.985381613523183,
      6.010381613523183
    ]
  }
}