{
  "input": [
    [
      0.5457943081855774,
      0.5591132044792175
    ],
    [
      0.5453760623931885,
      0.5576434135437012
    ],
    [
      0.5450919270515442,
      0.5578290224075317
    ],
    [
      0.5445300340652466,
      0.5578656196594238
    ],
    [
      0.5435367822647095,
      0.5576706528663635
    ],
    [
      0.5427440404891968,
      0.5574554800987244
    ],
    [
      0.542240560054779,
      0.5572110414505005
    ],
    [
      0.5415360331535339,
      0.5571476221084595
    ],
    [
      0.5405621528625488,
      0.5573266744613647
    ],
    [
      0.5396125316619873,
      0.5574681758880615
    ],
    [
      0.5386931896209717,
      0.5575628876686096
    ],
    [
      0.538000762462616,
      0.5575858950614929
    ],
    [
      0.5375716090202332,
      0.5575256943702698
    ],
    [
      0.5368756055831909,
      0.5574103593826294
    ],
    [
      0.5358914136886597,
      0.5572355389595032
    ]
  ],
  "target": [
    [
      0.5346343517303467,
      0.5569887161254883
    ],
    [
      0.5331027507781982,
      0.5566694736480713
    ],
    [
      0.5318526029586792,
      0.5563569068908691
    ],
    [
      0.5308661460876465,
      0.5560505986213684
    ],
    [
      0.529384195804596,
      0.5558944940567017
    ],
    [
      0.5274701714515686,
      0.5558693408966064
    ],
    [
      0.5259557962417603,
      0.5559884309768677
    ],
    [
      0.52476567029953,
      0.5562244057655334
    ],
    [
      0.5233177542686462,
      0.5564461350440979
    ],
    [
      0.521675169467926,
      0.5566569566726685
    ],
    [
      0.5202417373657227,
      0.5565924644470215
    ],
    [
      0.5189551711082458,
      0.5563346743583679
    ],
    [
      0.5174091458320618,
      0.5558571219444275
    ],
    [
      0.5156939029693604,
      0.5552363395690918
    ],
    [
      0.5142188668251038,
      0.5549270510673523
    ]
  ]
}