{
  "input": [
    [
      0.5666497349739075,
      0.5814496874809265
    ],
    [
      0.5679016709327698,
      0.5819271206855774
    ],
    [
      0.5692442655563354,
      0.5824581384658813
    ],
    [
      0.5713675022125244,
      0.5834512710571289
    ],
    [
      0.5734429359436035,
      0.5843517780303955
    ],
    [
      0.5751731395721436,
      0.5845848321914673
    ],
    [
      0.576973021030426,
      0.5849475860595703
    ],
    [
      0.5792019367218018,
      0.5861099362373352
    ],
    [
      0.581339955329895,
      0.587195098400116
    ],
    [
      0.5829914212226868,
      0.5878669619560242
    ],
    [
      0.5848919153213501,
      0.5885365009307861
    ],
    [
      0.5879652500152588,
      0.5891947150230408
    ],
    [
      0.5908882021903992,
      0.5898614525794983
    ],
    [
      0.5931822657585144,
      0.5905635952949524
    ],
    [
      0.5957379937171936,
      0.5911526679992676
    ]
  ],
  "target": [
    [
      0.599273681640625,
      0.5913183093070984
    ],
    [
      0.6025853753089905,
      0.5915715098381042
    ],
    [
      0.6051413416862488,
      0.5921204090118408
    ],
    [
      0.608369767665863,
      0.5928757190704346
    ],
    [
      0.6136544942855835,
      0.5942620635032654
    ],
    [
      0.6187288165092468,
      0.5954853296279907
    ],
    [
      0.6232172846794128,
      0.5962541699409485
    ],
    [
      0.6285345554351807,
      0.5971458554267883
    ],
    [
      0.6359615325927734,
      0.5983499884605408
    ],
    [
      0.6426218152046204,
      0.5995070934295654
    ],
    [
      0.6474919319152832,
      0.6005544066429138
    ],
    [
      0.6529065370559692,
      0.601550281047821
    ],
    [
      0.6594907641410828,
      0.6024357676506042
    ],
    [
      0.665233850479126,
      0.6030709147453308
    ],
    [
      0.6693106889724731,
      0.6032102704048157
    ]
  ]
}