{
  "input": [
    [
      0.6085965037345886,
      0.5618395209312439
    ],
    [
      0.6088140606880188,
      0.5613600611686707
    ],
    [
      0.6091764569282532,
      0.5608351230621338
    ],
    [
      0.6099543571472168,
      0.560179591178894
    ],
    [
      0.6077096462249756,
      0.5594313740730286
    ],
    [
      0.5975480079650879,
      0.5584402680397034
    ],
    [
      0.5904014706611633,
      0.5577130317687988
    ],
    [
      0.5904912948608398,
      0.5576192140579224
    ],
    [
      0.5911462903022766,
      0.5575640201568604
    ],
    [
      0.593048095703125,
      0.5575941205024719
    ],
    [
      0.5950045585632324,
      0.5576821565628052
    ],
    [
      0.5970721244812012,
      0.5578880310058594
    ],
    [
      0.5993825793266296,
      0.5581140518188477
    ],
    [
      0.6021489500999451,
      0.5583779811859131
    ],
    [
      0.6049927473068237,
      0.558434784412384
    ]
  ],
  "target": [
    [
      0.6079708933830261,
      0.558131754398346
    ],
    [
      0.6099998950958252,
      0.5578940510749817
    ],
    [
      0.6105008125305176,
      0.5577616095542908
    ],
    [
      0.6118960976600647,
      0.5576618313789368
    ],
    [
      0.6146276593208313,
      0.5576108694076538
    ],
    [
      0.6167334318161011,
      0.5575078725814819
    ],
    [
      0.6179706454277039,
      0.5573325157165527
    ],
    [
      0.619390070438385,
      0.5571698546409607
    ],
    [
      0.6210446357727051,
      0.5570234656333923
    ],
    [
      0.6169949769973755,
      0.5578925609588623
    ],
    [
      0.6060952544212341,
      0.5599812269210815
    ],
    [
      0.5994256734848022,
      0.561375617980957
    ],
    [
      0.597484827041626,
      0.5619940161705017
    ],
    [
      0.5970221161842346,
      0.5622488260269165
    ],
    [
      0.5980979800224304,
      0.5621251463890076
    ]
  ]
}