{
  "input": [
    [
      0.5270111560821533,
      0.5570270419120789
    ],
    [
      0.5134684443473816,
      0.5601666569709778
    ],
    [
      0.5073837637901306,
      0.561854898929596
    ],
    [
      0.5074939131736755,
      0.5623375773429871
    ],
    [
      0.5089860558509827,
      0.5624585747718811
    ],
    [
      0.51154625415802,
      0.5623000860214233
    ],
    [
      0.5138377547264099,
      0.5622009038925171
    ],
    [
      0.5159361958503723,
      0.56214439868927
    ],
    [
      0.5185355544090271,
      0.5620428323745728
    ],
    [
      0.5214693546295166,
      0.5619112253189087
    ],
    [
      0.5235596895217896,
      0.5619212985038757
    ],
    [
      0.5251275300979614,
      0.5620191693305969
    ],
    [
      0.5275939702987671,
      0.5619499683380127
    ],
    [
      0.5305761694908142,
      0.5617848634719849
    ],
    [
      0.5338245630264282,
      0.5615718364715576
    ]
  ],
  "target": [
    [
      0.5372142791748047,
      0.5613333582878113
    ],
    [
      0.5286136865615845,
      0.5588418841362
    ],
    [
      0.5141314268112183,
      0.5552452802658081
    ],
    [
      0.5098013877868652,
      0.5537914037704468
    ],
    [
      0.5100600123405457,
      0.5533061027526855
    ],
    [
      0.5120024681091309,
      0.5539184212684631
    ],
    [
      0.5146444439888,
      0.5549867153167725
    ],
    [
      0.5168742537498474,
      0.5553694367408752
    ],
    [
      0.5189471244812012,
      0.5554911494255066
    ],
    [
      0.5213862657546997,
      0.5554829239845276
    ],
    [
      0.5239526629447937,
      0.5554296374320984
    ],
    [
      0.5257596969604492,
      0.5552842617034912
    ],
    [
      0.5273268818855286,
      0.5551098585128784
    ],
    [
      0.5293760299682617,
      0.5549378395080566
    ],
    [
      0.5315629243850708,
      0.5547665357589722
    ]
  ]
}