{
  "input": [
    [
      0.5125144720077515,
      0.5582084655761719
    ],
    [
      0.5128499269485474,
      0.5578925013542175
    ],
    [
      0.5131828188896179,
      0.5575775504112244
    ],
    [
      0.5133753418922424,
      0.5573197603225708
    ],
    [
      0.5135648250579834,
      0.5570793747901917
    ]
  ],
  "target": [
    [
      0.5136715173721313,
      0.5573118329048157
    ],
    [
      0.5137795805931091,
      0.5575215816497803
    ],
    [
      0.5139124989509583,
      0.5573289394378662
    ],
    [
      0.5140366554260254,
      0.5571475028991699
    ],
    [
      0.5140459537506104,
      0.5571118593215942
    ],
    [
      0.5140348672866821,
      0.557069718837738
    ],
    [
      0.5138146281242371,
      0.5569612979888916
    ],
    [
      0.5136064291000366,
      0.5568661689758301
    ],
    [
      0.5134991407394409,
      0.5568825006484985
    ],
    [
      0.5133848786354065,
      0.5568813681602478
    ],
    [
      0.5132210850715637,
      0.5567578077316284
    ],
    [
      0.5130818486213684,
      0.5566295385360718
    ],
    [
      0.5130903124809265,
      0.5564728379249573
    ],
    [
      0.5130711793899536,
      0.5563281178474426
    ],
    [
      0.5129076838493347,
      0.5562463402748108
    ]
  ]
}