{
  "input": [
    [
      0.4977472722530365,
      0.5757250189781189
    ],
    [
      0.4874230623245239,
      0.57796710729599
    ],
    [
      0.4768065810203552,
      0.5802720189094543
    ],
    [
      0.4648408591747284,
      0.5828667283058167
    ],
    [
      0.4612749218940735,
      0.5837063789367676
    ],
    [
      0.4921945333480835,
      0.577340304851532
    ],
    [
      0.5166172385215759,
      0.5723277926445007
    ],
    [
      0.5171308517456055,
      0.572296679019928
    ],
    [
      0.5174362659454346,
      0.5722963213920593
    ],
    [
      0.5170506238937378,
      0.5723982453346252
    ],
    [
      0.5168330669403076,
      0.5724648833274841
    ],
    [
      0.5171218514442444,
      0.5724253058433533
    ],
    [
      0.5173972845077515,
      0.5723835229873657
    ],
    [
      0.5176362991333008,
      0.5723356008529663
    ],
    [
      0.5178611278533936,
      0.5722852945327759
    ]
  ],
  "target": [
    [
      0.5180504322052002,
      0.5722289681434631
    ],
    [
      0.5173580050468445,
      0.5724372863769531
    ],
    [
      0.5146345496177673,
      0.5732553005218506
    ],
    [
      0.512413501739502,
      0.5739107728004456
    ],
    [
      0.5112575888633728,
      0.5742217302322388
    ],
    [
      0.5100088119506836,
      0.574553370475769
    ],
    [
      0.5085785388946533,
      0.5749251842498779
    ],
    [
      0.5070505738258362,
      0.5753187537193298
    ],
    [
      0.5053460001945496,
      0.5757514834403992
    ],
    [
      0.5035388469696045,
      0.5762069821357727
    ],
    [
      0.5015599131584167,
      0.5767005681991577
    ],
    [
      0.5039209127426147,
      0.576420247554779
    ],
    [
      0.5130208134651184,
      0.574938178062439
    ],
    [
      0.5193729996681213,
      0.5742347836494446
    ],
    [
      0.5217635631561279,
      0.5746539235115051
    ]
  ],
  "meta": {
    "video_name": "test2.mp4",
    "video_stem": "test2",
    "video_path": "E:\\desktop\\open\\lstm-akf\\data\\video\\test2.mp4",
    "fps": 40.0,
    "segment_index": 33,
    "sample_index": 28,
    "start_frame_index": 18,
    "history_end_frame_index": 32,
    "target_end_frame_index": 47,
    "history_frame_indices": [
      18,
      19,
      20,
      21,
      22,
      23,
      24,
      25,
      26,
      27,
      28,
      29,
      30,
      31,
      32
    ],
    "target_frame_indices": [
      33,
      34,
      35,
      36,
      37,
      38,
      39,
      40,
      41,
      42,
      43,
      44,
      45,
      46,
      47
    ],
    "history_timestamps": [
      74.53450013727117,
      74.55950013727117,
      74.58450013727118,
      74.60950013727118,
      74.63450013727119,
      74.6595001372712,
      74.6845001372712,
      74.7095001372712,
      74.73450013727121,
      74.75950013727122,
      74.78450013727122,
      74.80950013727123,
      74.83450013727123,
      74.85950013727124,
      74.88450013727125
    ],
    "target_timestamps": [
      74.90950013727125,
      74.93450013727126,
      74.95950013727126,
      74.98450013727127,
      75.00950013727127,
      75.03450013727128,
      75.05950013727129,
      75.08450013727129,
      75.1095001372713,
      75.1345001372713,
      75.15950013727131,
      75.18450013727131,
      75.20950013727132,
      75.23450013727133,
      75.25950013727133
    ]
  }
}