{
  "input": [
    [
      0.49108344316482544,
      0.5647096037864685
    ],
    [
      0.49117815494537354,
      0.5647537708282471
    ],
    [
      0.4912986159324646,
      0.5647929906845093
    ],
    [
      0.4914896786212921,
      0.5648185610771179
    ],
    [
      0.49180224537849426,
      0.564771831035614
    ],
    [
      0.49241989850997925,
      0.564543604850769
    ],
    [
      0.4930422902107239,
      0.5643323063850403
    ],
    [
      0.4936756491661072,
      0.5641599893569946
    ],
    [
      0.49427926540374756,
      0.5640237927436829
    ],
    [
      0.49481987953186035,
      0.5639641284942627
    ],
    [
      0.4953831136226654,
      0.5639309883117676
    ],
    [
      0.4959905743598938,
      0.5639495849609375
    ],
    [
      0.49669817090034485,
      0.5640830397605896
    ],
    [
      0.49758681654930115,
      0.5644242167472839
    ],
    [
      0.4984742999076843,
      0.5647092461585999
    ]
  ],
  "target": [
    [
      0.49935975670814514,
      0.5649003386497498
    ],
    [
      0.5003556609153748,
      0.5650648474693298
    ],
    [
      0.5015231370925903,
      0.5651882290840149
    ],
    [
      0.5026317238807678,
      0.5652266144752502
    ],
    [
      0.5036553740501404,
      0.5651425123214722
    ],
    [
      0.5051453709602356,
      0.5650767683982849
    ],
    [
      0.5072603821754456,
      0.5650357604026794
    ],
    [
      0.5090214014053345,
      0.5649716258049011
    ],
    [
      0.5103411674499512,
      0.5648787617683411
    ],
    [
      0.5116191506385803,
      0.5650632977485657
    ],
    [
      0.5128487348556519,
      0.5655695796012878
    ],
    [
      0.5138705968856812,
      0.5659409761428833
    ],
    [
      0.5146682858467102,
      0.5661666393280029
    ],
    [
      0.515588641166687,
      0.5663099884986877
    ],
    [
      0.5166324377059937,
      0.5663704872131348
    ]
  ]
}