{
  "input": [
    [
      0.48702678084373474,
      0.5730125904083252
    ],
    [
      0.48680412769317627,
      0.5728887319564819
    ],
    [
      0.504926323890686,
      0.5751776695251465
    ],
    [
      0.5241296887397766,
      0.5776088237762451
    ],
    [
      0.5330422520637512,
      0.5786827802658081
    ],
    [
      0.5415500998497009,
      0.5797034502029419
    ],
    [
      0.5427781939506531,
      0.5796880125999451
    ],
    [
      0.5438573956489563,
      0.5796513557434082
    ],
    [
      0.5417993068695068,
      0.5793761014938354
    ],
    [
      0.5397320985794067,
      0.5791001319885254
    ],
    [
      0.5375292897224426,
      0.5788186192512512
    ],
    [
      0.535352349281311,
      0.5785360932350159
    ],
    [
      0.5339258313179016,
      0.578223466873169
    ],
    [
      0.5325142741203308,
      0.5779127478599548
    ],
    [
      0.5313807725906372,
      0.57763671875
    ]
  ],
  "target": [
    [
      0.5302900075912476,
      0.5773774981498718
    ],
    [
      0.5297761559486389,
      0.577345073223114
    ],
    [
      0.5293015241622925,
      0.5772918462753296
    ],
    [
      0.5292398929595947,
      0.5770201683044434
    ],
    [
      0.5292101502418518,
      0.576756477355957
    ],
    [
      0.5294533967971802,
      0.5765606164932251
    ],
    [
      0.529718816280365,
      0.5763233304023743
    ],
    [
      0.5301430225372314,
      0.575789213180542
    ],
    [
      0.5305819511413574,
      0.5753146409988403
    ],
    [
      0.5311105251312256,
      0.5752050280570984
    ],
    [
      0.5317705869674683,
      0.5750402212142944
    ],
    [
      0.5331310033798218,
      0.5745814442634583
    ],
    [
      0.5344580411911011,
      0.5741804242134094
    ],
    [
      0.5356288552284241,
      0.5740501284599304
    ],
    [
      0.5369917750358582,
      0.5739368796348572
    ]
  ]
}