{
  "input": [
    [
      0.5694578289985657,
      0.5590420961380005
    ],
    [
      0.570277988910675,
      0.5593900084495544
    ],
    [
      0.5710921883583069,
      0.5597386956214905
    ],
    [
      0.5715786218643188,
      0.5601273775100708
    ],
    [
      0.5721087455749512,
      0.5605040192604065
    ]
  ],
  "target": [
    [
      0.5738242268562317,
      0.5605525970458984
    ],
    [
      0.5755305886268616,
      0.5606009364128113
    ],
    [
      0.5770754218101501,
      0.5606443881988525
    ],
    [
      0.5786680579185486,
      0.5606732964515686
    ],
    [
      0.5808843970298767,
      0.5605126023292542
    ],
    [
      0.5831425189971924,
      0.5603379607200623
    ],
    [
      0.5858281850814819,
      0.560020387172699
    ],
    [
      0.5886901617050171,
      0.5597941279411316
    ],
    [
      0.5930253267288208,
      0.5603312253952026
    ],
    [
      0.597350537776947,
      0.5607901215553284
    ],
    [
      0.6016057133674622,
      0.5606994032859802
    ],
    [
      0.6059461832046509,
      0.5606021881103516
    ],
    [
      0.61080002784729,
      0.5604654550552368
    ],
    [
      0.6157498359680176,
      0.5603213310241699
    ],
    [
      0.6212023496627808,
      0.5601385235786438
    ]
  ],
  "meta": {
    "video_name": "test2.mp4",
    "video_stem": "test2",
    "video_path": "E:\\desktop\\open\\lstm-akf\\data\\video\\test2.mp4",
    "fps": 40.0,
    "segment_index": 151,
    "sample_index": 0,
    "start_frame_index": 0,
    "history_end_frame_index": 4,
    "target_end_frame_index": 19,
    "history_frame_indices": [
      0,
      1,
      2,
      3,
      4
    ],
    "target_frame_indices": [
      5,
      6,
      7,
      8,
      9,
      10,
      11,
      12,
      13,
      14,
      15,
      16,
      17,
      18,
      19
    ],
    "history_timestamps": [
      357.3895752441464,
      357.41457524414636,
      357.43957524414634,
      357.4645752441463,
      357.4895752441463
    ],
    "target_timestamps": [
      357.5145752441463,
      357.53957524414625,
      357.5645752441462,
      357.5895752441462,
      357.6145752441462,
      357.63957524414616,
      357.66457524414614,
      357.6895752441461,
      357.7145752441461,
      357.73957524414607,
      357.76457524414604,
      357.789575244146,
      357.814575244146,
      357.839575244146,
      357.86457524414595
    ]
  }
}