{
  "input": [
    [
      0.5456440448760986,
      0.5605234503746033
    ],
    [
      0.5451862812042236,
      0.5606769323348999
    ],
    [
      0.5447241067886353,
      0.5608381032943726
    ],
    [
      0.5441252589225769,
      0.5609480738639832
    ],
    [
      0.5435226559638977,
      0.5610566735267639
    ],
    [
      0.5426085591316223,
      0.5610349178314209
    ],
    [
      0.5416942238807678,
      0.5610102415084839
    ],
    [
      0.541043758392334,
      0.5607951879501343
    ],
    [
      0.5403774976730347,
      0.560586154460907
    ],
    [
      0.5391408205032349,
      0.5605959296226501
    ],
    [
      0.537922203540802,
      0.5605983734130859
    ],
    [
      0.537089467048645,
      0.5604441165924072
    ],
    [
      0.5362000465393066,
      0.5603013038635254
    ],
    [
      0.5344627499580383,
      0.5603299140930176
    ],
    [
      0.5327571034431458,
      0.5603524446487427
    ]
  ],
  "target": [
    [
      0.5314133763313293,
      0.5603049993515015
    ],
    [
      0.5300971269607544,
      0.560248613357544
    ],
    [
      0.5290326476097107,
      0.5601102113723755
    ],
    [
      0.5279864072799683,
      0.5599654316902161
    ],
    [
      0.5270787477493286,
      0.5597721934318542
    ],
    [
      0.5260549783706665,
      0.5596346855163574
    ],
    [
      0.5242800712585449,
      0.5598577260971069
    ],
    [
      0.5225457549095154,
      0.5600507259368896
    ],
    [
      0.5210381746292114,
      0.5600758194923401
    ],
    [
      0.5193766951560974,
      0.5600678324699402
    ],
    [
      0.5169612169265747,
      0.5598978400230408
    ],
    [
      0.5146670937538147,
      0.5597531199455261
    ],
    [
      0.5128996968269348,
      0.5597180724143982
    ],
    [
      0.5110034942626953,
      0.5597500205039978
    ],
    [
      0.5086082220077515,
      0.5600414276123047
    ]
  ]
}