{
  "input": [
    [
      0.593794584274292,
      0.5580085515975952
    ],
    [
      0.593794584274292,
      0.5580085515975952
    ],
    [
      0.593794584274292,
      0.5580085515975952
    ],
    [
      0.593794584274292,
      0.5580085515975952
    ],
    [
      0.5938507914543152,
      0.5580422878265381
    ],
    [
      0.5954285860061646,
      0.5589895844459534
    ],
    [
      0.5969743728637695,
      0.5599176287651062
    ]
  ],
  "target": [
    [
      0.5979523658752441,
      0.5605048537254333
    ],
    [
      0.5989470481872559,
      0.561102032661438
    ],
    [
      0.600159764289856,
      0.5618301630020142
    ],
    [
      0.6013197302818298,
      0.5623735785484314
    ],
    [
      0.6019402146339417,
      0.5610276460647583
    ],
    [
      0.6025298833847046,
      0.5597540736198425
    ],
    [
      0.6028621196746826,
      0.5590850114822388
    ],
    [
      0.6031354069709778,
      0.5584778189659119
    ],
    [
      0.6029952168464661,
      0.5583052635192871
    ],
    [
      0.6028321385383606,
      0.5581891536712646
    ],
    [
      0.6025316715240479,
      0.5584126114845276
    ],
    [
      0.6021406054496765,
      0.5586128830909729
    ],
    [
      0.601274847984314,
      0.5586920976638794
    ],
    [
      0.6004412174224854,
      0.5588140487670898
    ],
    [
      0.5997560620307922,
      0.5591335892677307
    ]
  ],
  "meta": {
    "video_name": "test2.mp4",
    "video_stem": "test2",
    "video_path": "E:\\desktop\\open\\lstm-akf\\data\\video\\test2.mp4",
    "fps": 40.0,
    "segment_index": 0,
    "sample_index": 2,
    "start_frame_index": 0,
    "history_end_frame_index": 6,
    "target_end_frame_index": 21,
    "history_frame_indices": [
      0,
      1,
      2,
      3,
      4,
      5,
      6
    ],
    "target_frame_indices": [
      7,
      8,
      9,
      10,
      11,
      12,
      13,
      14,
      15,
      16,
      17,
      18,
      19,
      20,
      21
    ],
    "history_timestamps": [
      4.41038161352316,
      4.435381613523161,
      4.460381613523161,
      4.4853816135231614,
      4.510381613523162,
      4.535381613523162,
      4.5603816135231625
    ],
    "target_timestamps": [
      4.585381613523163,
      4.610381613523163,
      4.635381613523164,
      4.660381613523164,
      4.685381613523164,
      4.710381613523165,
      4.735381613523165,
      4.760381613523165,
      4.785381613523166,
      4.810381613523166,
      4.835381613523166,
      4.860381613523167,
      4.885381613523167,
      4.9103816135231675,
      4.935381613523168
    ]
  }
}