{
  "input": [
    [
      0.5630893111228943,
      0.5606735944747925
    ],
    [
      0.5648038983345032,
      0.5605790019035339
    ],
    [
      0.5665990710258484,
      0.5604683756828308
    ],
    [
      0.5681347846984863,
      0.5601478815078735
    ],
    [
      0.5696569681167603,
      0.5598163604736328
    ],
    [
      0.570885956287384,
      0.5596752762794495
    ],
    [
      0.5721052885055542,
      0.5595404505729675
    ],
    [
      0.5734420418739319,
      0.5592693090438843
    ],
    [
      0.5747817158699036,
      0.5589982271194458
    ],
    [
      0.5764908194541931,
      0.5592990517616272
    ],
    [
      0.5782255530357361,
      0.5595946311950684
    ],
    [
      0.5811392068862915,
      0.5596479177474976
    ],
    [
      0.5840050578117371,
      0.5597037672996521
    ],
    [
      0.5856971144676208,
      0.559822678565979
    ],
    [
      0.5874447226524353,
      0.5599322319030762
    ]
  ],
  "target": [
    [
      0.5901126861572266,
      0.5598869323730469
    ],
    [
      0.5927110910415649,
      0.5598354935646057
    ],
    [
      0.5944483876228333,
      0.5597087144851685
    ],
    [
      0.5962114930152893,
      0.5596266388893127
    ],
    [
      0.5982277393341064,
      0.5599825978279114
    ],
    [
      0.6001507043838501,
      0.5603237152099609
    ],
    [
      0.6013206243515015,
      0.5605449080467224
    ],
    [
      0.6025129556655884,
      0.560734212398529
    ],
    [
      0.6038581132888794,
      0.5607061982154846
    ],
    [
      0.6051411628723145,
      0.5606775879859924
    ],
    [
      0.6060608625411987,
      0.5606456995010376
    ],
    [
      0.6070742011070251,
      0.5606274604797363
    ],
    [
      0.6085658073425293,
      0.5606789588928223
    ],
    [
      0.6099969148635864,
      0.560688316822052
    ],
    [
      0.6111552119255066,
      0.5605073571205139
    ]
  ]
}