{
  "input": [
    [
      0.43253806233406067,
      0.5617528557777405
    ],
    [
      0.4340619444847107,
      0.5619760751724243
    ],
    [
      0.43594789505004883,
      0.5619750618934631
    ],
    [
      0.43803662061691284,
      0.5618484616279602
    ],
    [
      0.43955522775650024,
      0.561613142490387
    ],
    [
      0.44077861309051514,
      0.561321496963501
    ],
    [
      0.4420659840106964,
      0.5611892938613892
    ],
    [
      0.44338396191596985,
      0.5611332654953003
    ],
    [
      0.4444120526313782,
      0.5612224340438843
    ],
    [
      0.44531261920928955,
      0.5613755583763123
    ],
    [
      0.4472108483314514,
      0.5613494515419006
    ],
    [
      0.4495121240615845,
      0.5612509250640869
    ],
    [
      0.45095235109329224,
      0.5609702467918396
    ],
    [
      0.4520741403102875,
      0.5606221556663513
    ],
    [
      0.45423001050949097,
      0.5603038668632507
    ]
  ],
  "target": [
    [
      0.4567345380783081,
      0.559995710849762
    ],
    [
      0.45871078968048096,
      0.5597928762435913
    ],
    [
      0.46052536368370056,
      0.5596222877502441
    ],
    [
      0.463267058134079,
      0.5600890517234802
    ],
    [
      0.4662649929523468,
      0.5607320070266724
    ],
    [
      0.46881383657455444,
      0.5611090064048767
    ],
    [
      0.4712512791156769,
      0.5614200234413147
    ],
    [
      0.4744093418121338,
      0.5611870288848877
    ],
    [
      0.477726548910141,
      0.5608338117599487
    ],
    [
      0.48060208559036255,
      0.5607975125312805
    ],
    [
      0.48339155316352844,
      0.5608230829238892
    ],
    [
      0.4868522584438324,
      0.5609531998634338
    ],
    [
      0.4904271066188812,
      0.5611011385917664
    ],
    [
      0.4931676387786865,
      0.5611636638641357
    ],
    [
      0.49578621983528137,
      0.5612137913703918
    ]
  ]
}