{
  "input": [
    [
      0.49096906185150146,
      0.6067339777946472
    ],
    [
      0.49237287044525146,
      0.6071637868881226
    ],
    [
      0.4936057925224304,
      0.6075738072395325
    ],
    [
      0.4953390657901764,
      0.6079016327857971
    ],
    [
      0.4983282685279846,
      0.6080232262611389
    ],
    [
      0.5014011859893799,
      0.6082469820976257
    ],
    [
      0.5046669244766235,
      0.6087061762809753
    ],
    [
      0.5075458288192749,
      0.609184205532074
    ],
    [
      0.5096046924591064,
      0.6097024083137512
    ],
    [
      0.5115955471992493,
      0.610151469707489
    ],
    [
      0.513453483581543,
      0.6104654669761658
    ],
    [
      0.5152608156204224,
      0.6108865737915039
    ],
    [
      0.5169765949249268,
      0.6115013957023621
    ],
    [
      0.5186569690704346,
      0.6121042370796204
    ],
    [
      0.5202780365943909,
      0.6126869916915894
    ]
  ],
  "target": [
    [
      0.5218267440795898,
      0.6132912039756775
    ],
    [
      0.5232632756233215,
      0.6139287352561951
    ],
    [
      0.5246242880821228,
      0.614588737487793
    ],
    [
      0.5258763432502747,
      0.6152811050415039
    ],
    [
      0.5301826596260071,
      0.6160739064216614
    ],
    [
      0.5385818481445312,
      0.6170014142990112
    ],
    [
      0.5450689792633057,
      0.6180760264396667
    ],
    [
      0.5491728782653809,
      0.6193340420722961
    ],
    [
      0.5525413155555725,
      0.6203479766845703
    ],
    [
      0.5550565123558044,
      0.6210787892341614
    ],
    [
      0.5581608414649963,
      0.6218895316123962
    ],
    [
      0.5619013905525208,
      0.6227865219116211
    ],
    [
      0.5651178956031799,
      0.6234498620033264
    ],
    [
      0.5678073763847351,
      0.6238783001899719
    ],
    [
      0.5701947808265686,
      0.6245610117912292
    ]
  ],
  "meta": {
    "video_name": "test2.mp4",
    "video_stem": "test2",
    "video_path": "E:\\desktop\\open\\lstm-akf\\data\\video\\test2.mp4",
    "fps": 40.0,
    "segment_index": 111,
    "sample_index": 39,
    "start_frame_index": 29,
    "history_end_frame_index": 43,
    "target_end_frame_index": 58,
    "history_frame_indices": [
      29,
      30,
      31,
      32,
      33,
      34,
      35,
      36,
      37,
      38,
      39,
      40,
      41,
      42,
      43
    ],
    "target_frame_indices": [
      44,
      45,
      46,
      47,
      48,
      49,
      50,
      51,
      52,
      53,
      54,
      55,
      56,
      57,
      58
    ],
    "history_timestamps": [
      254.54493960073754,
      254.56993960073754,
      254.59493960073755,
      254.61993960073755,
      254.64493960073756,
      254.66993960073756,
      254.69493960073757,
      254.71993960073758,
      254.74493960073758,
      254.7699396007376,
      254.7949396007376,
      254.8199396007376,
      254.8449396007376,
      254.8699396007376,
      254.89493960073762
    ],
    "target_timestamps": [
      254.91993960073762,
      254.94493960073763,
      254.96993960073763,
      254.99493960073764,
      255.01993960073764,
      255.04493960073765,
      255.06993960073765,
      255.09493960073766,
      255.11993960073767,
      255.14493960073767,
      255.16993960073768,
      255.19493960073768,
      255.2199396007377,
      255.2449396007377,
      255.2699396007377
    ]
  }
}