{
  "input": [
    [
      0.5554994940757751,
      0.5618142485618591
    ],
    [
      0.5555714964866638,
      0.5617763996124268
    ],
    [
      0.5556046366691589,
      0.5617536902427673
    ],
    [
      0.5555768013000488,
      0.5617548823356628
    ],
    [
      0.5552918314933777,
      0.5617197155952454
    ],
    [
      0.5546318292617798,
      0.561631441116333
    ],
    [
      0.5540001392364502,
      0.5614758729934692
    ],
    [
      0.5534068942070007,
      0.5612290501594543
    ],
    [
      0.5525085926055908,
      0.5610946416854858
    ],
    [
      0.551225483417511,
      0.5611019730567932
    ],
    [
      0.5500479936599731,
      0.5610296726226807
    ],
    [
      0.548994243144989,
      0.5608638525009155
    ],
    [
      0.5477844476699829,
      0.560703694820404
    ],
    [
      0.5464041233062744,
      0.5605497360229492
    ],
    [
      0.5453945994377136,
      0.5605028867721558
    ]
  ],
  "target": [
    [
      0.5447621941566467,
      0.5605650544166565
    ],
    [
      0.5444055795669556,
      0.5606188178062439
    ],
    [
      0.5443102121353149,
      0.560664713382721
    ],
    [
      0.5444052219390869,
      0.5606452226638794
    ],
    [
      0.5446681976318359,
      0.56056809425354
    ],
    [
      0.5450687408447266,
      0.5605020523071289
    ],
    [
      0.5455822944641113,
      0.5604450106620789
    ],
    [
      0.5461180210113525,
      0.5604130625724792
    ],
    [
      0.5466707348823547,
      0.5604002475738525
    ],
    [
      0.5477942228317261,
      0.5606508255004883
    ],
    [
      0.5493230223655701,
      0.5610885620117188
    ],
    [
      0.5506274700164795,
      0.5612831711769104
    ],
    [
      0.5517839193344116,
      0.561317503452301
    ],
    [
      0.5532168745994568,
      0.5614667534828186
    ],
    [
      0.5548191070556641,
      0.5616863369941711
    ]
  ]
}