{
  "input": [
    [
      0.6171518564224243,
      0.5820077061653137
    ],
    [
      0.6111862659454346,
      0.5768316984176636
    ],
    [
      0.6218698024749756,
      0.5765573382377625
    ],
    [
      0.6327934265136719,
      0.5762634873390198
    ],
    [
      0.645724356174469,
      0.575806200504303
    ],
    [
      0.6589354276657104,
      0.575326144695282
    ],
    [
      0.6741137504577637,
      0.5746859312057495
    ],
    [
      0.6803895235061646,
      0.5751760005950928
    ],
    [
      0.6330708265304565,
      0.582470715045929
    ],
    [
      0.5939074754714966,
      0.588613748550415
    ],
    [
      0.5974789261817932,
      0.5887215733528137
    ],
    [
      0.6025550365447998,
      0.5888950824737549
    ],
    [
      0.6145768165588379,
      0.5893718004226685
    ],
    [
      0.6257956624031067,
      0.5897746682167053
    ],
    [
      0.6337178945541382,
      0.589874267578125
    ]
  ],
  "target": [
    [
      0.6425654888153076,
      0.5899166464805603
    ],
    [
      0.6548182964324951,
      0.5897485613822937
    ],
    [
      0.6639076471328735,
      0.5895572900772095
    ],
    [
      0.6624942421913147,
      0.5892893075942993
    ],
    [
      0.6635540723800659,
      0.588843822479248
    ],
    [
      0.6720620393753052,
      0.587864100933075
    ],
    [
      0.68053138256073,
      0.5868270993232727
    ],
    [
      0.688894510269165,
      0.585632860660553
    ],
    [
      0.6973981261253357,
      0.5843393802642822
    ],
    [
      0.7062541246414185,
      0.5827966332435608
    ],
    [
      0.7152593731880188,
      0.5811483263969421
    ],
    [
      0.7246082425117493,
      0.5792570114135742
    ],
    [
      0.7341150641441345,
      0.5772539973258972
    ],
    [
      0.7439568042755127,
      0.5750141143798828
    ],
    [
      0.7539653182029724,
      0.5726562738418579
    ]
  ],
  "meta": {
    "video_name": "test2.mp4",
    "video_stem": "test2",
    "video_path": "E:\\desktop\\open\\lstm-akf\\data\\video\\test2.mp4",
    "fps": 40.0,
    "segment_index": 168,
    "sample_index": 19,
    "start_frame_index": 9,
    "history_end_frame_index": 23,
    "target_end_frame_index": 38,
    "history_frame_indices": [
      9,
      10,
      11,
      12,
      13,
      14,
      15,
      16,
      17,
      18,
      19,
      20,
      21,
      22,
      23
    ],
    "target_frame_indices": [
      24,
      25,
      26,
      27,
      28,
      29,
      30,
      31,
      32,
      33,
      34,
      35,
      36,
      37,
      38
    ],
    "history_timestamps": [
      409.44894791544084,
      409.4739479154408,
      409.4989479154408,
      409.5239479154408,
      409.54894791544075,
      409.5739479154407,
      409.5989479154407,
      409.6239479154407,
      409.64894791544066,
      409.67394791544064,
      409.6989479154406,
      409.7239479154406,
      409.74894791544057,
      409.77394791544054,
      409.7989479154405
    ],
    "target_timestamps": [
      409.8239479154405,
      409.8489479154405,
      409.87394791544045,
      409.89894791544043,
      409.9239479154404,
      409.9489479154404,
      409.97394791544036,
      409.99894791544034,
      410.0239479154403,
      410.0489479154403,
      410.07394791544027,
      410.09894791544025,
      410.1239479154402,
      410.1489479154402,
      410.1739479154402
    ]
  }
}