{
  "input": [
    [
      0.4930711090564728,
      0.5581201910972595
    ],
    [
      0.49145737290382385,
      0.5586540699005127
    ],
    [
      0.48965901136398315,
      0.5592523217201233
    ],
    [
      0.48785051703453064,
      0.5598540902137756
    ],
    [
      0.48572972416877747,
      0.5606188774108887
    ],
    [
      0.4835977852344513,
      0.5613895058631897
    ],
    [
      0.48114776611328125,
      0.5623261332511902
    ],
    [
      0.478712260723114,
      0.5632643699645996
    ],
    [
      0.49207407236099243,
      0.5633004903793335
    ],
    [
      0.5051673650741577,
      0.563337504863739
    ],
    [
      0.5044394135475159,
      0.5634199380874634
    ],
    [
      0.5035945773124695,
      0.563505232334137
    ],
    [
      0.49969545006752014,
      0.563665509223938
    ],
    [
      0.49585843086242676,
      0.5638172626495361
    ],
    [
      0.4930957853794098,
      0.5638208389282227
    ]
  ],
  "target": [
    [
      0.490279883146286,
      0.563805878162384
    ],
    [
      0.48678240180015564,
      0.563552975654602
    ],
    [
      0.4834427535533905,
      0.5633241534233093
    ],
    [
      0.4816935956478119,
      0.5633386969566345
    ],
    [
      0.4798205494880676,
      0.5633317232131958
    ],
    [
      0.47692540287971497,
      0.5631468296051025
    ],
    [
      0.474019318819046,
      0.5629542469978333
    ],
    [
      0.4710374176502228,
      0.5627081990242004
    ],
    [
      0.4680430293083191,
      0.5624533295631409
    ],
    [
      0.46497440338134766,
      0.5621460676193237
    ],
    [
      0.4618917405605316,
      0.5618289113044739
    ],
    [
      0.4587363600730896,
      0.5614604353904724
    ],
    [
      0.4555654227733612,
      0.5610809922218323
    ],
    [
      0.4523232877254486,
      0.5606513619422913
    ],
    [
      0.44972026348114014,
      0.5603063702583313
    ]
  ]
}