{
  "input": [
    [
      0.6092016100883484,
      0.5630695819854736
    ],
    [
      0.6140559911727905,
      0.5632120966911316
    ],
    [
      0.6193698644638062,
      0.5633963942527771
    ],
    [
      0.6240246891975403,
      0.5637642741203308
    ],
    [
      0.6286206245422363,
      0.5641485452651978
    ],
    [
      0.6340936422348022,
      0.5642572641372681
    ],
    [
      0.6396268606185913,
      0.5643470883369446
    ],
    [
      0.6410943865776062,
      0.5641632080078125
    ],
    [
      0.642363965511322,
      0.5639660358428955
    ],
    [
      0.6420373320579529,
      0.5640002489089966
    ],
    [
      0.641663670539856,
      0.564041256904602
    ],
    [
      0.6410870552062988,
      0.5640223622322083
    ],
    [
      0.6405091881752014,
      0.5640035271644592
    ],
    [
      0.6400620341300964,
      0.5640803575515747
    ],
    [
      0.6396138668060303,
      0.5641599893569946
    ]
  ],
  "target": [
    [
      0.6391262412071228,
      0.5643509030342102
    ],
    [
      0.6386125683784485,
      0.5645297765731812
    ],
    [
      0.6375126242637634,
      0.5644386410713196
    ],
    [
      0.6364282369613647,
      0.5643451809883118
    ],
    [
      0.6355850100517273,
      0.5642165541648865
    ],
    [
      0.6347237825393677,
      0.5641003251075745
    ],
    [
      0.633649468421936,
      0.5641303062438965
    ],
    [
      0.6326091885566711,
      0.5641692876815796
    ],
    [
      0.6318886280059814,
      0.5642926096916199
    ],
    [
      0.6311991214752197,
      0.5644094347953796
    ],
    [
      0.63075190782547,
      0.5644755959510803
    ],
    [
      0.6303403377532959,
      0.564538836479187
    ],
    [
      0.6301636099815369,
      0.5645833611488342
    ],
    [
      0.6299662590026855,
      0.564620316028595
    ],
    [
      0.6296512484550476,
      0.5646141171455383
    ]
  ]
}