{
  "input": [
    [
      0.5331940650939941,
      0.5681350827217102
    ],
    [
      0.5376512408256531,
      0.5682359933853149
    ],
    [
      0.5417213439941406,
      0.568271815776825
    ],
    [
      0.5244377255439758,
      0.5647144317626953
    ],
    [
      0.5067558884620667,
      0.5610818862915039
    ],
    [
      0.4782898426055908,
      0.5554140210151672
    ],
    [
      0.4492254853248596,
      0.5496332049369812
    ],
    [
      0.4095589220523834,
      0.5418515801429749
    ],
    [
      0.3690946400165558,
      0.5339194536209106
    ]
  ],
  "target": [
    [
      0.3182276487350464,
      0.524024248123169
    ],
    [
      0.2663634419441223,
      0.5139407515525818
    ],
    [
      0.20429593324661255,
      0.5019318461418152
    ],
    [
      0.14103181660175323,
      0.48969706892967224
    ],
    [
      0.06776383519172668,
      0.47557443380355835
    ],
    [
      0.038329992443323135,
      0.4694584012031555
    ],
    [
      0.3167420029640198,
      0.5195723176002502
    ],
    [
      0.5534542202949524,
      0.5629595518112183
    ],
    [
      0.5391292572021484,
      0.5658513903617859
    ],
    [
      0.5268071889877319,
      0.5683413147926331
    ],
    [
      0.5249802470207214,
      0.5687256455421448
    ],
    [
      0.5242422223091125,
      0.5690116882324219
    ],
    [
      0.5285307765007019,
      0.5688440203666687
    ],
    [
      0.5320483446121216,
      0.5686745643615723
    ],
    [
      0.5324006676673889,
      0.5684979557991028
    ]
  ],
  "meta": {
    "video_name": "test2.mp4",
    "video_stem": "test2",
    "video_path": "E:\\desktop\\open\\lstm-akf\\data\\video\\test2.mp4",
    "fps": 40.0,
    "segment_index": 28,
    "sample_index": 4,
    "start_frame_index": 0,
    "history_end_frame_index": 8,
    "target_end_frame_index": 23,
    "history_frame_indices": [
      0,
      1,
      2,
      3,
      4,
      5,
      6,
      7,
      8
    ],
    "target_frame_indices": [
      9,
      10,
      11,
      12,
      13,
      14,
      15,
      16,
      17,
      18,
      19,
      20,
      21,
      22,
      23
    ],
    "history_timestamps": [
      64.96640781268385,
      64.99140781268386,
      65.01640781268387,
      65.04140781268387,
      65.06640781268388,
      65.09140781268388,
      65.11640781268389,
      65.1414078126839,
      65.1664078126839
    ],
    "target_timestamps": [
      65.1914078126839,
      65.21640781268391,
      65.24140781268392,
      65.26640781268392,
      65.29140781268393,
      65.31640781268393,
      65.34140781268394,
      65.36640781268395,
      65.39140781268395,
      65.41640781268396,
      65.44140781268396,
      65.46640781268397,
      65.49140781268397,
      65.51640781268398,
      65.54140781268399
    ]
  }
}