{
  "input": [
    [
      0.5660575032234192,
      0.5736678838729858
    ],
    [
      0.567061185836792,
      0.5735530853271484
    ],
    [
      0.5683048367500305,
      0.5733377933502197
    ],
    [
      0.5695468187332153,
      0.5731202363967896
    ],
    [
      0.5707708597183228,
      0.5728793144226074
    ],
    [
      0.571992814540863,
      0.5726356506347656
    ],
    [
      0.5731972455978394,
      0.5723689794540405
    ],
    [
      0.5743992924690247,
      0.5720992684364319
    ],
    [
      0.5755840539932251,
      0.5718069672584534
    ],
    [
      0.572050929069519,
      0.5727699995040894
    ],
    [
      0.5394359230995178,
      0.5814709067344666
    ],
    [
      0.5118207335472107,
      0.5888701677322388
    ],
    [
      0.5109729170799255,
      0.5893006920814514
    ],
    [
      0.5105290412902832,
      0.5896449685096741
    ],
    [
      0.511986494064331,
      0.5895828008651733
    ]
  ],
  "target": [
    [
      0.5133270025253296,
      0.5895722508430481
    ],
    [
      0.5141783356666565,
      0.5897772312164307
    ],
    [
      0.5149081945419312,
      0.5899465680122375
    ],
    [
      0.5151832103729248,
      0.589982271194458
    ],
    [
      0.5154082775115967,
      0.5900067687034607
    ],
    [
      0.5154648423194885,
      0.5899932980537415
    ],
    [
      0.5155477523803711,
      0.5899301767349243
    ],
    [
      0.5157110095024109,
      0.5897154211997986
    ],
    [
      0.5158566832542419,
      0.5895576477050781
    ],
    [
      0.5159534215927124,
      0.589558482170105
    ],
    [
      0.5161353945732117,
      0.5895159244537354
    ],
    [
      0.5165345072746277,
      0.5893628001213074
    ],
    [
      0.5169029235839844,
      0.5892795324325562
    ],
    [
      0.5171998143196106,
      0.5893595814704895
    ],
    [
      0.5175632834434509,
      0.5894528031349182
    ]
  ],
  "meta": {
    "video_name": "test2.mp4",
    "video_stem": "test2",
    "video_path": "E:\\desktop\\open\\lstm-akf\\data\\video\\test2.mp4",
    "fps": 40.0,
    "segment_index": 167,
    "sample_index": 128,
    "start_frame_index": 118,
    "history_end_frame_index": 132,
    "target_end_frame_index": 147,
    "history_frame_indices": [
      118,
      119,
      120,
      121,
      122,
      123,
      124,
      125,
      126,
      127,
      128,
      129,
      130,
      131,
      132
    ],
    "target_frame_indices": [
      133,
      134,
      135,
      136,
      137,
      138,
      139,
      140,
      141,
      142,
      143,
      144,
      145,
      146,
      147
    ],
    "history_timestamps": [
      404.4433913793753,
      404.4683913793753,
      404.4933913793753,
      404.51839137937526,
      404.54339137937524,
      404.5683913793752,
      404.5933913793752,
      404.61839137937517,
      404.64339137937515,
      404.6683913793751,
      404.6933913793751,
      404.7183913793751,
      404.74339137937505,
      404.76839137937503,
      404.793391379375
    ],
    "target_timestamps": [
      404.818391379375,
      404.84339137937496,
      404.86839137937494,
      404.8933913793749,
      404.9183913793749,
      404.9433913793749,
      404.96839137937485,
      404.9933913793748,
      405.0183913793748,
      405.0433913793748,
      405.06839137937476,
      405.09339137937474,
      405.1183913793747,
      405.1433913793747,
      405.16839137937467
    ]
  }
}