{
  "input": [
    [
      0.5638036131858826,
      0.5655168294906616
    ],
    [
      0.5631464123725891,
      0.5654612183570862
    ],
    [
      0.5624294281005859,
      0.5653930902481079
    ],
    [
      0.5612127184867859,
      0.5652203559875488
    ],
    [
      0.5600108504295349,
      0.5650316476821899
    ],
    [
      0.5589130520820618,
      0.5647311210632324
    ],
    [
      0.5578343868255615,
      0.5644915103912354
    ],
    [
      0.5568710565567017,
      0.5646186470985413
    ],
    [
      0.5558770895004272,
      0.564712643623352
    ],
    [
      0.5547228455543518,
      0.5646328330039978
    ],
    [
      0.5535494089126587,
      0.5645590424537659
    ],
    [
      0.5522873401641846,
      0.5645126104354858
    ],
    [
      0.551012396812439,
      0.5644719004631042
    ],
    [
      0.549684464931488,
      0.5644546747207642
    ],
    [
      0.5520479679107666,
      0.5639627575874329
    ]
  ],
  "target": [
    [
      0.567996084690094,
      0.5617243051528931
    ],
    [
      0.5803977847099304,
      0.5599033832550049
    ],
    [
      0.581025242805481,
      0.5594686269760132
    ],
    [
      0.5811306238174438,
      0.5591491460800171
    ],
    [
      0.5796639919281006,
      0.5591768622398376
    ],
    [
      0.5784881114959717,
      0.5591517686843872
    ],
    [
      0.5781099796295166,
      0.558981716632843
    ],
    [
      0.5772397518157959,
      0.5590393543243408
    ],
    [
      0.5751343965530396,
      0.5596684813499451
    ],
    [
      0.5735025405883789,
      0.5601553320884705
    ],
    [
      0.5729613304138184,
      0.5603145360946655
    ],
    [
      0.5726338624954224,
      0.560438334941864
    ],
    [
      0.5727595686912537,
      0.5604868531227112
    ],
    [
      0.5730591416358948,
      0.5605010986328125
    ],
    [
      0.5736989378929138,
      0.560448169708252
    ]
  ],
  "meta": {
    "video_name": "test2.mp4",
    "video_stem": "test2",
    "video_path": "E:\\desktop\\open\\lstm-akf\\data\\video\\test2.mp4",
    "fps": 40.0,
    "segment_index": 121,
    "sample_index": 20,
    "start_frame_index": 10,
    "history_end_frame_index": 24,
    "target_end_frame_index": 39,
    "history_frame_indices": [
      10,
      11,
      12,
      13,
      14,
      15,
      16,
      17,
      18,
      19,
      20,
      21,
      22,
      23,
      24
    ],
    "target_frame_indices": [
      25,
      26,
      27,
      28,
      29,
      30,
      31,
      32,
      33,
      34,
      35,
      36,
      37,
      38,
      39
    ],
    "history_timestamps": [
      309.7200356904732,
      309.7450356904732,
      309.77003569047315,
      309.7950356904731,
      309.8200356904731,
      309.8450356904731,
      309.87003569047306,
      309.89503569047304,
      309.920035690473,
      309.945035690473,
      309.97003569047297,
      309.99503569047295,
      310.0200356904729,
      310.0450356904729,
      310.0700356904729
    ],
    "target_timestamps": [
      310.09503569047286,
      310.12003569047283,
      310.1450356904728,
      310.1700356904728,
      310.19503569047276,
      310.22003569047274,
      310.2450356904727,
      310.2700356904727,
      310.2950356904727,
      310.32003569047265,
      310.3450356904726,
      310.3700356904726,
      310.3950356904726,
      310.42003569047256,
      310.44503569047254
    ]
  }
}