{
  "input": [
    [
      0.5893176198005676,
      0.587276041507721
    ],
    [
      0.598906934261322,
      0.5862236022949219
    ],
    [
      0.6033801436424255,
      0.5859583020210266
    ],
    [
      0.6078078746795654,
      0.5856918096542358
    ],
    [
      0.6102092266082764,
      0.5851942896842957
    ],
    [
      0.6125181913375854,
      0.5847082138061523
    ],
    [
      0.612098217010498,
      0.5845604538917542
    ],
    [
      0.6116130948066711,
      0.5844197273254395
    ],
    [
      0.6099035143852234,
      0.5844117403030396
    ],
    [
      0.6082239151000977,
      0.5844053626060486
    ],
    [
      0.6069517135620117,
      0.5844208598136902
    ],
    [
      0.6056833267211914,
      0.5844399929046631
    ],
    [
      0.6044549942016602,
      0.58449786901474
    ],
    [
      0.6033205986022949,
      0.5845587253570557
    ],
    [
      0.602995753288269,
      0.5846453309059143
    ]
  ],
  "target": [
    [
      0.6027371883392334,
      0.5847157835960388
    ],
    [
      0.6029564738273621,
      0.5846692323684692
    ],
    [
      0.603191614151001,
      0.5846258997917175
    ],
    [
      0.6035241484642029,
      0.584602415561676
    ],
    [
      0.603897213935852,
      0.5845621228218079
    ],
    [
      0.6044869422912598,
      0.5844314694404602
    ],
    [
      0.6051005125045776,
      0.5842960476875305
    ],
    [
      0.6058265566825867,
      0.5841385126113892
    ],
    [
      0.6066291928291321,
      0.5839797854423523
    ],
    [
      0.6077523231506348,
      0.5838161706924438
    ],
    [
      0.6088133454322815,
      0.583642303943634
    ],
    [
      0.6096418499946594,
      0.5834302306175232
    ],
    [
      0.6105021834373474,
      0.5832400918006897
    ],
    [
      0.6114699840545654,
      0.5831242799758911
    ],
    [
      0.6123113036155701,
      0.582977294921875
    ]
  ],
  "meta": {
    "video_name": "test2.mp4",
    "video_stem": "test2",
    "video_path": "E:\\desktop\\open\\lstm-akf\\data\\video\\test2.mp4",
    "fps": 40.0,
    "segment_index": 101,
    "sample_index": 120,
    "start_frame_index": 110,
    "history_end_frame_index": 124,
    "target_end_frame_index": 139,
    "history_frame_indices": [
      110,
      111,
      112,
      113,
      114,
      115,
      116,
      117,
      118,
      119,
      120,
      121,
      122,
      123,
      124
    ],
    "target_frame_indices": [
      125,
      126,
      127,
      128,
      129,
      130,
      131,
      132,
      133,
      134,
      135,
      136,
      137,
      138,
      139
    ],
    "history_timestamps": [
      222.67442248107685,
      222.69942248107685,
      222.72442248107686,
      222.74942248107686,
      222.77442248107687,
      222.79942248107687,
      222.82442248107688,
      222.84942248107689,
      222.8744224810769,
      222.8994224810769,
      222.9244224810769,
      222.9494224810769,
      222.9744224810769,
      222.99942248107692,
      223.02442248107693
    ],
    "target_timestamps": [
      223.04942248107693,
      223.07442248107694,
      223.09942248107694,
      223.12442248107695,
      223.14942248107695,
      223.17442248107696,
      223.19942248107697,
      223.22442248107697,
      223.24942248107698,
      223.27442248107698,
      223.299422481077,
      223.324422481077,
      223.349422481077,
      223.374422481077,
      223.399422481077
    ]
  }
}