{
  "input": [
    [
      0.4795415699481964,
      0.5639822483062744
    ],
    [
      0.4794846773147583,
      0.5639654397964478
    ],
    [
      0.47941675782203674,
      0.5639389157295227
    ],
    [
      0.479204922914505,
      0.5637863874435425
    ],
    [
      0.4789758026599884,
      0.5636483430862427
    ],
    [
      0.47856974601745605,
      0.5636576414108276
    ],
    [
      0.4781494736671448,
      0.5636523962020874
    ],
    [
      0.4776102900505066,
      0.5635250210762024
    ],
    [
      0.47705090045928955,
      0.5633916258811951
    ],
    [
      0.476349413394928,
      0.5632157325744629
    ],
    [
      0.4756823778152466,
      0.5631688237190247
    ],
    [
      0.47522270679473877,
      0.5638986825942993
    ],
    [
      0.474683940410614,
      0.5645232200622559
    ],
    [
      0.47373077273368835,
      0.5645955204963684
    ],
    [
      0.47281259298324585,
      0.5646334290504456
    ]
  ],
  "target": [
    [
      0.4720557928085327,
      0.5645124912261963
    ],
    [
      0.4713456928730011,
      0.5644260048866272
    ],
    [
      0.4708271026611328,
      0.5644810199737549
    ],
    [
      0.47018277645111084,
      0.5645636320114136
    ],
    [
      0.46907567977905273,
      0.5647476315498352
    ],
    [
      0.4680391252040863,
      0.5648955702781677
    ],
    [
      0.46723681688308716,
      0.564923882484436
    ],
    [
      0.4664064049720764,
      0.5649636387825012
    ],
    [
      0.46549126505851746,
      0.5650377869606018
    ],
    [
      0.4646587371826172,
      0.5650467276573181
    ],
    [
      0.46405282616615295,
      0.5648766160011292
    ],
    [
      0.46316275000572205,
      0.564712643623352
    ],
    [
      0.46155935525894165,
      0.5645641684532166
    ],
    [
      0.4600779414176941,
      0.5644463300704956
    ],
    [
      0.45887744426727295,
      0.5643988847732544
    ]
  ]
}