{
  "input": [
    [
      0.8240798711776733,
      0.5978361368179321
    ],
    [
      0.8251940608024597,
      0.5978599190711975
    ],
    [
      0.8264025449752808,
      0.5978608131408691
    ],
    [
      0.8279579281806946,
      0.5977773666381836
    ],
    [
      0.8293548226356506,
      0.5976696610450745
    ],
    [
      0.8302255868911743,
      0.5974814295768738
    ],
    [
      0.8309776782989502,
      0.5972630977630615
    ],
    [
      0.8313723802566528,
      0.5969542860984802
    ],
    [
      0.83509361743927,
      0.5969405770301819
    ],
    [
      0.847943127155304,
      0.597736656665802
    ],
    [
      0.8589408993721008,
      0.5983357429504395
    ],
    [
      0.8652907609939575,
      0.5984402894973755
    ],
    [
      0.8719373345375061,
      0.5985502004623413
    ],
    [
      0.8792673945426941,
      0.5986722111701965
    ],
    [
      0.8869115710258484,
      0.5987997651100159
    ]
  ],
  "target": [
    [
      0.8952217698097229,
      0.5989391803741455
    ],
    [
      0.902743935585022,
      0.5988747477531433
    ],
    [
      0.908724844455719,
      0.5984114408493042
    ],
    [
      0.8975404500961304,
      0.5996942520141602
    ],
    [
      0.855320394039154,
      0.6041340231895447
    ],
    [
      0.8243432641029358,
      0.607886016368866
    ],
    [
      0.8121904730796814,
      0.6104865074157715
    ],
    [
      0.8209899663925171,
      0.6105268001556396
    ],
    [
      0.8623232245445251,
      0.6065917015075684
    ],
    [
      0.8829694390296936,
      0.6054425835609436
    ],
    [
      0.8737897276878357,
      0.6083102226257324
    ],
    [
      0.8673461079597473,
      0.6106500029563904
    ],
    [
      0.8645688891410828,
      0.6122825741767883
    ],
    [
      0.863207221031189,
      0.6134172081947327
    ],
    [
      0.8636099696159363,
      0.6139312982559204
    ]
  ],
  "meta": {
    "video_name": "test2.mp4",
    "video_stem": "test2",
    "video_path": "E:\\desktop\\open\\lstm-akf\\data\\video\\test2.mp4",
    "fps": 40.0,
    "segment_index": 107,
    "sample_index": 32,
    "start_frame_index": 22,
    "history_end_frame_index": 36,
    "target_end_frame_index": 51,
    "history_frame_indices": [
      22,
      23,
      24,
      25,
      26,
      27,
      28,
      29,
      30,
      31,
      32,
      33,
      34,
      35,
      36
    ],
    "target_frame_indices": [
      37,
      38,
      39,
      40,
      41,
      42,
      43,
      44,
      45,
      46,
      47,
      48,
      49,
      50,
      51
    ],
    "history_timestamps": [
      242.8732144958232,
      242.8982144958232,
      242.9232144958232,
      242.9482144958232,
      242.9732144958232,
      242.99821449582322,
      243.02321449582323,
      243.04821449582323,
      243.07321449582324,
      243.09821449582324,
      243.12321449582325,
      243.14821449582325,
      243.17321449582326,
      243.19821449582327,
      243.22321449582327
    ],
    "target_timestamps": [
      243.24821449582328,
      243.27321449582328,
      243.2982144958233,
      243.3232144958233,
      243.3482144958233,
      243.3732144958233,
      243.3982144958233,
      243.42321449582332,
      243.44821449582332,
      243.47321449582333,
      243.49821449582333,
      243.52321449582334,
      243.54821449582334,
      243.57321449582335,
      243.59821449582336
    ]
  }
}