{
  "input": [
    [
      0.46933192014694214,
      0.6000515222549438
    ],
    [
      0.4722053110599518,
      0.6003554463386536
    ],
    [
      0.47530630230903625,
      0.6006265878677368
    ],
    [
      0.4784615635871887,
      0.6008899211883545
    ],
    [
      0.48183944821357727,
      0.6011212468147278
    ],
    [
      0.48527655005455017,
      0.6013439893722534
    ],
    [
      0.4889313578605652,
      0.6015353798866272
    ],
    [
      0.491436243057251,
      0.6022086143493652
    ],
    [
      0.4901232421398163,
      0.6044816374778748
    ],
    [
      0.48950302600860596,
      0.606296956539154
    ],
    [
      0.49096906185150146,
      0.6067339777946472
    ],
    [
      0.49237287044525146,
      0.6071637868881226
    ],
    [
      0.4936057925224304,
      0.6075738072395325
    ],
    [
      0.4953390657901764,
      0.6079016327857971
    ],
    [
      0.4983282685279846,
      0.6080232262611389
    ]
  ],
  "target": [
    [
      0.5014011859893799,
      0.6082469820976257
    ],
    [
      0.5046669244766235,
      0.6087061762809753
    ],
    [
      0.5075458288192749,
      0.609184205532074
    ],
    [
      0.5096046924591064,
      0.6097024083137512
    ],
    [
      0.5115955471992493,
      0.610151469707489
    ],
    [
      0.513453483581543,
      0.6104654669761658
    ],
    [
      0.5152608156204224,
      0.6108865737915039
    ],
    [
      0.5169765949249268,
      0.6115013957023621
    ],
    [
      0.5186569690704346,
      0.6121042370796204
    ],
    [
      0.5202780365943909,
      0.6126869916915894
    ],
    [
      0.5218267440795898,
      0.6132912039756775
    ],
    [
      0.5232632756233215,
      0.6139287352561951
    ],
    [
      0.5246242880821228,
      0.614588737487793
    ],
    [
      0.5258763432502747,
      0.6152811050415039
    ],
    [
      0.5301826596260071,
      0.6160739064216614
    ]
  ],
  "meta": {
    "video_name": "test2.mp4",
    "video_stem": "test2",
    "video_path": "E:\\desktop\\open\\lstm-akf\\data\\video\\test2.mp4",
    "fps": 40.0,
    "segment_index": 111,
    "sample_index": 29,
    "start_frame_index": 19,
    "history_end_frame_index": 33,
    "target_end_frame_index": 48,
    "history_frame_indices": [
      19,
      20,
      21,
      22,
      23,
      24,
      25,
      26,
      27,
      28,
      29,
      30,
      31,
      32,
      33
    ],
    "target_frame_indices": [
      34,
      35,
      36,
      37,
      38,
      39,
      40,
      41,
      42,
      43,
      44,
      45,
      46,
      47,
      48
    ],
    "history_timestamps": [
      254.29493960073748,
      254.31993960073748,
      254.3449396007375,
      254.3699396007375,
      254.3949396007375,
      254.4199396007375,
      254.4449396007375,
      254.46993960073752,
      254.49493960073752,
      254.51993960073753,
      254.54493960073754,
      254.56993960073754,
      254.59493960073755,
      254.61993960073755,
      254.64493960073756
    ],
    "target_timestamps": [
      254.66993960073756,
      254.69493960073757,
      254.71993960073758,
      254.74493960073758,
      254.7699396007376,
      254.7949396007376,
      254.8199396007376,
      254.8449396007376,
      254.8699396007376,
      254.89493960073762,
      254.91993960073762,
      254.94493960073763,
      254.96993960073763,
      254.99493960073764,
      255.01993960073764
    ]
  }
}