{
  "input": [
    [
      0.5515050292015076,
      0.5785927772521973
    ],
    [
      0.5512533783912659,
      0.578671395778656
    ],
    [
      0.5511488318443298,
      0.5787530541419983
    ],
    [
      0.5511322617530823,
      0.578768253326416
    ],
    [
      0.5511837601661682,
      0.5787320733070374
    ],
    [
      0.5512309074401855,
      0.578591525554657
    ],
    [
      0.5512748956680298,
      0.578376054763794
    ],
    [
      0.5512884855270386,
      0.5782164335250854
    ],
    [
      0.5512819290161133,
      0.5780941247940063
    ],
    [
      0.5514222383499146,
      0.5779889225959778
    ],
    [
      0.5516535639762878,
      0.5778943300247192
    ],
    [
      0.5519199967384338,
      0.5778578519821167
    ],
    [
      0.5522065162658691,
      0.5778546929359436
    ],
    [
      0.5525414347648621,
      0.5778920650482178
    ],
    [
      0.5529019832611084,
      0.5779509544372559
    ]
  ],
  "target": [
    [
      0.5533252358436584,
      0.5780091285705566
    ],
    [
      0.5537792444229126,
      0.5780670046806335
    ],
    [
      0.5543026328086853,
      0.5783933401107788
    ],
    [
      0.5548573732376099,
      0.5788410902023315
    ],
    [
      0.555243730545044,
      0.5791385173797607
    ],
    [
      0.5555601119995117,
      0.5793735384941101
    ],
    [
      0.5558131337165833,
      0.5794227719306946
    ],
    [
      0.5560420155525208,
      0.5794012546539307
    ],
    [
      0.556205153465271,
      0.5793002247810364
    ],
    [
      0.5563454031944275,
      0.5791715383529663
    ],
    [
      0.5564315319061279,
      0.5790367722511292
    ],
    [
      0.5565004944801331,
      0.5789000391960144
    ],
    [
      0.5565858483314514,
      0.5788602232933044
    ],
    [
      0.5566758513450623,
      0.5788480639457703
    ],
    [
      0.5412084460258484,
      0.5754672884941101
    ]
  ],
  "meta": {
    "video_name": "test2.mp4",
    "video_stem": "test2",
    "video_path": "E:\\desktop\\open\\lstm-akf\\data\\video\\test2.mp4",
    "fps": 40.0,
    "segment_index": 34,
    "sample_index": 293,
    "start_frame_index": 283,
    "history_end_frame_index": 297,
    "target_end_frame_index": 312,
    "history_frame_indices": [
      283,
      284,
      285,
      286,
      287,
      288,
      289,
      290,
      291,
      292,
      293,
      294,
      295,
      296,
      297
    ],
    "target_frame_indices": [
      298,
      299,
      300,
      301,
      302,
      303,
      304,
      305,
      306,
      307,
      308,
      309,
      310,
      311,
      312
    ],
    "history_timestamps": [
      84.33101051104212,
      84.35601051104213,
      84.38101051104213,
      84.40601051104214,
      84.43101051104215,
      84.45601051104215,
      84.48101051104216,
      84.50601051104216,
      84.53101051104217,
      84.55601051104217,
      84.58101051104218,
      84.60601051104219,
      84.63101051104219,
      84.6560105110422,
      84.6810105110422
    ],
    "target_timestamps": [
      84.70601051104221,
      84.73101051104221,
      84.75601051104222,
      84.78101051104223,
      84.80601051104223,
      84.83101051104224,
      84.85601051104224,
      84.88101051104225,
      84.90601051104225,
      84.93101051104226,
      84.95601051104227,
      84.98101051104227,
      85.00601051104228,
      85.03101051104228,
      85.05601051104229
    ]
  }
}