{
  "input": [
    [
      0.501176655292511,
      0.6679951548576355
    ],
    [
      0.5058878660202026,
      0.6672115921974182
    ],
    [
      0.5106967091560364,
      0.6665651202201843
    ],
    [
      0.5157976150512695,
      0.6658117175102234
    ],
    [
      0.5213849544525146,
      0.6647074222564697
    ],
    [
      0.5268070101737976,
      0.6638391017913818
    ],
    [
      0.5322133898735046,
      0.6626269817352295
    ],
    [
      0.5373203754425049,
      0.6609933972358704
    ],
    [
      0.541844367980957,
      0.6588608026504517
    ],
    [
      0.4763566255569458,
      0.6757025718688965
    ],
    [
      0.4246569275856018,
      0.6920047998428345
    ],
    [
      0.3917195796966553,
      0.7056317925453186
    ],
    [
      0.3825186789035797,
      0.714448094367981
    ],
    [
      0.39338263869285583,
      0.7203896045684814
    ],
    [
      0.4110555350780487,
      0.7240959405899048
    ]
  ],
  "target": [
    [
      0.4317972660064697,
      0.7263484001159668
    ],
    [
      0.45186784863471985,
      0.7279285788536072
    ],
    [
      0.46709850430488586,
      0.7293713688850403
    ],
    [
      0.4804132580757141,
      0.7311497926712036
    ],
    [
      0.4921238422393799,
      0.7326326966285706
    ],
    [
      0.5025420784950256,
      0.7331887483596802
    ],
    [
      0.5120752453804016,
      0.7330974340438843
    ],
    [
      0.5217294096946716,
      0.732113242149353
    ],
    [
      0.5315420031547546,
      0.7306391000747681
    ],
    [
      0.5415503978729248,
      0.7290777564048767
    ],
    [
      0.5518523454666138,
      0.7258509397506714
    ],
    [
      0.5617206692695618,
      0.7233386039733887
    ],
    [
      0.5463891625404358,
      0.7145610451698303
    ],
    [
      0.48109185695648193,
      0.6925386786460876
    ],
    [
      0.4369734823703766,
      0.6806128025054932
    ]
  ],
  "meta": {
    "video_name": "test1.mp4",
    "video_stem": "test1",
    "video_path": "E:\\desktop\\open\\lstm-akf\\data\\video\\test1.mp4",
    "fps": 40.0,
    "segment_index": 0,
    "sample_index": 422,
    "start_frame_index": 412,
    "history_end_frame_index": 426,
    "target_end_frame_index": 441,
    "history_frame_indices": [
      412,
      413,
      414,
      415,
      416,
      417,
      418,
      419,
      420,
      421,
      422,
      423,
      424,
      425,
      426
    ],
    "target_frame_indices": [
      427,
      428,
      429,
      430,
      431,
      432,
      433,
      434,
      435,
      436,
      437,
      438,
      439,
      440,
      441
    ],
    "history_timestamps": [
      11.000000000000009,
      11.02500000000001,
      11.050000000000008,
      11.075000000000008,
      11.100000000000009,
      11.125000000000009,
      11.15000000000001,
      11.175000000000008,
      11.200000000000008,
      11.225000000000009,
      11.250000000000009,
      11.27500000000001,
      11.300000000000008,
      11.325000000000008,
      11.350000000000009
    ],
    "target_timestamps": [
      11.375000000000009,
      11.40000000000001,
      11.42500000000001,
      11.450000000000008,
      11.475000000000009,
      11.500000000000009,
      11.52500000000001,
      11.55000000000001,
      11.575000000000008,
      11.600000000000009,
      11.625000000000009,
      11.65000000000001,
      11.67500000000001,
      11.70000000000001,
      11.725000000000009
    ]
  }
}