{
  "input": [
    [
      0.47546401619911194,
      0.5710472464561462
    ],
    [
      0.4754141867160797,
      0.5708125233650208
    ],
    [
      0.47537457942962646,
      0.5705972909927368
    ],
    [
      0.4753405749797821,
      0.5703925490379333
    ],
    [
      0.47544437646865845,
      0.5702628493309021
    ],
    [
      0.47561752796173096,
      0.5701708793640137
    ],
    [
      0.4759046137332916,
      0.570144772529602
    ],
    [
      0.47624459862709045,
      0.5701492428779602
    ],
    [
      0.4769708514213562,
      0.5700963139533997
    ],
    [
      0.47786200046539307,
      0.5700188279151917
    ],
    [
      0.47874295711517334,
      0.5701173543930054
    ],
    [
      0.4796198904514313,
      0.5702847838401794
    ],
    [
      0.48109811544418335,
      0.5701591968536377
    ],
    [
      0.48279160261154175,
      0.569928765296936
    ],
    [
      0.48406046628952026,
      0.5699387192726135
    ]
  ],
  "target": [
    [
      0.4851909279823303,
      0.5700269937515259
    ],
    [
      0.48670488595962524,
      0.5698739886283875
    ],
    [
      0.4883321225643158,
      0.5696498155593872
    ],
    [
      0.4895274341106415,
      0.569508969783783
    ],
    [
      0.4906078279018402,
      0.5693903565406799
    ],
    [
      0.49250680208206177,
      0.5689581632614136
    ],
    [
      0.4946008026599884,
      0.5684512257575989
    ],
    [
      0.4962175786495209,
      0.5684335827827454
    ],
    [
      0.497733473777771,
      0.5685194134712219
    ],
    [
      0.4996366500854492,
      0.5686706900596619
    ],
    [
      0.5016118884086609,
      0.5688340663909912
    ],
    [
      0.5031520128250122,
      0.5685730576515198
    ],
    [
      0.5046219229698181,
      0.5682435631752014
    ],
    [
      0.5062435269355774,
      0.5680456757545471
    ],
    [
      0.5078860521316528,
      0.5678659081459045
    ]
  ]
}