{
  "input": [
    [
      0.5447559952735901,
      0.5559549331665039
    ],
    [
      0.5443578362464905,
      0.5555782914161682
    ],
    [
      0.5439100861549377,
      0.5552486181259155
    ],
    [
      0.542992353439331,
      0.5553639531135559
    ],
    [
      0.5420836806297302,
      0.555493950843811
    ],
    [
      0.5412452220916748,
      0.5557387471199036
    ],
    [
      0.5402796268463135,
      0.5559759140014648
    ],
    [
      0.538470983505249,
      0.5561622381210327
    ],
    [
      0.536733865737915,
      0.5562991499900818
    ],
    [
      0.5354058146476746,
      0.556153416633606
    ],
    [
      0.533898651599884,
      0.5559551119804382
    ],
    [
      0.5314953923225403,
      0.555493950843811
    ],
    [
      0.5292094945907593,
      0.5550344586372375
    ],
    [
      0.527442455291748,
      0.554582417011261
    ],
    [
      0.5257732272148132,
      0.5542052984237671
    ]
  ],
  "target": [
    [
      0.5244900584220886,
      0.5541240572929382
    ],
    [
      0.5232346653938293,
      0.5541160106658936
    ],
    [
      0.5220777988433838,
      0.55436772108078
    ],
    [
      0.5209288597106934,
      0.5546046495437622
    ],
    [
      0.5198051929473877,
      0.5547943711280823
    ],
    [
      0.5187260508537292,
      0.5550168752670288
    ],
    [
      0.5177767276763916,
      0.5553348064422607
    ],
    [
      0.5196520090103149,
      0.5566557049751282
    ],
    [
      0.5290325284004211,
      0.5606415271759033
    ],
    [
      0.5354258418083191,
      0.5635481476783752
    ],
    [
      0.5345499515533447,
      0.5638284683227539
    ],
    [
      0.5325212478637695,
      0.5639531016349792
    ],
    [
      0.5279151797294617,
      0.5637298226356506
    ],
    [
      0.523789644241333,
      0.563603401184082
    ],
    [
      0.5206537842750549,
      0.5636765956878662
    ]
  ]
}