{
  "input": [
    [
      0.6214804649353027,
      0.5596318244934082
    ],
    [
      0.6158578991889954,
      0.5589815378189087
    ],
    [
      0.6056212782859802,
      0.557885468006134
    ],
    [
      0.599441409111023,
      0.5572393536567688
    ],
    [
      0.5959374904632568,
      0.5568901300430298
    ],
    [
      0.5951344966888428,
      0.5566301941871643
    ],
    [
      0.5959844589233398,
      0.5564250349998474
    ],
    [
      0.5973594784736633,
      0.5564206838607788
    ],
    [
      0.5990322232246399,
      0.556530237197876
    ],
    [
      0.6008584499359131,
      0.5568091869354248
    ],
    [
      0.6027652025222778,
      0.557176947593689
    ],
    [
      0.604231059551239,
      0.5571615695953369
    ],
    [
      0.6054834723472595,
      0.5569606423377991
    ],
    [
      0.6068761348724365,
      0.5568631887435913
    ],
    [
      0.6083313822746277,
      0.5568118095397949
    ]
  ],
  "target": [
    [
      0.6092959642410278,
      0.5567543506622314
    ],
    [
      0.6100594997406006,
      0.5566943287849426
    ],
    [
      0.6113135814666748,
      0.5565841794013977
    ],
    [
      0.6127517819404602,
      0.5564552545547485
    ],
    [
      0.6139886379241943,
      0.5562239289283752
    ],
    [
      0.6151566505432129,
      0.555957555770874
    ],
    [
      0.6075552105903625,
      0.5577565431594849
    ],
    [
      0.5972267389297485,
      0.5601977109909058
    ],
    [
      0.5921058058738708,
      0.5616211891174316
    ],
    [
      0.5884485840797424,
      0.5627586841583252
    ],
    [
      0.5887995958328247,
      0.5633338689804077
    ],
    [
      0.5901626348495483,
      0.5637670755386353
    ],
    [
      0.5925329923629761,
      0.5638471245765686
    ],
    [
      0.5951300859451294,
      0.5638476014137268
    ],
    [
      0.5984417200088501,
      0.5635120272636414
    ]
  ]
}