{
  "input": [
    [
      0.46709170937538147,
      0.6682546138763428
    ],
    [
      0.47543320059776306,
      0.6696894764900208
    ],
    [
      0.48200830817222595,
      0.6699238419532776
    ],
    [
      0.4874219596385956,
      0.6694614887237549
    ],
    [
      0.4922426640987396,
      0.6690062880516052
    ],
    [
      0.49698910117149353,
      0.6685659885406494
    ],
    [
      0.5021799802780151,
      0.6681483387947083
    ],
    [
      0.5081380605697632,
      0.6681084632873535
    ],
    [
      0.5140528082847595,
      0.6670740842819214
    ],
    [
      0.5198757648468018,
      0.6655709743499756
    ],
    [
      0.5255582928657532,
      0.6641248464584351
    ],
    [
      0.5303285121917725,
      0.6625644564628601
    ],
    [
      0.5350878238677979,
      0.661401093006134
    ],
    [
      0.539599597454071,
      0.6608325839042664
    ],
    [
      0.5436273217201233,
      0.6610565781593323
    ]
  ],
  "target": [
    [
      0.47398385405540466,
      0.6830613613128662
    ],
    [
      0.4212499260902405,
      0.7032119035720825
    ],
    [
      0.3885713219642639,
      0.7193386554718018
    ],
    [
      0.37909388542175293,
      0.7292718887329102
    ],
    [
      0.3918706178665161,
      0.7318581342697144
    ],
    [
      0.41005048155784607,
      0.7323986291885376
    ],
    [
      0.4302482306957245,
      0.731955349445343
    ],
    [
      0.44907861948013306,
      0.7315903306007385
    ],
    [
      0.4638414978981018,
      0.7319661378860474
    ],
    [
      0.47709885239601135,
      0.7327273488044739
    ],
    [
      0.489307165145874,
      0.7335976362228394
    ],
    [
      0.5009228587150574,
      0.7343004941940308
    ],
    [
      0.5124028921127319,
      0.7349050641059875
    ],
    [
      0.5237823724746704,
      0.735027015209198
    ],
    [
      0.5352189540863037,
      0.7355139851570129
    ]
  ]
}