{
  "input": [
    [
      0.6080808043479919,
      0.5671291351318359
    ],
    [
      0.6076686382293701,
      0.5669385194778442
    ],
    [
      0.6072673797607422,
      0.5668966770172119
    ],
    [
      0.6068373918533325,
      0.5668516755104065
    ],
    [
      0.6062694787979126,
      0.5667915344238281
    ],
    [
      0.6057224273681641,
      0.5667347311973572
    ],
    [
      0.6052644848823547,
      0.5666921734809875
    ],
    [
      0.6047912836074829,
      0.5666897296905518
    ],
    [
      0.6042600274085999,
      0.5668397545814514
    ],
    [
      0.6037734150886536,
      0.5669606328010559
    ],
    [
      0.6034398674964905,
      0.5669815540313721
    ],
    [
      0.6030910611152649,
      0.5669882297515869
    ],
    [
      0.6026946902275085,
      0.5669506788253784
    ],
    [
      0.6023562550544739,
      0.5669268369674683
    ],
    [
      0.6021814346313477,
      0.5669416189193726
    ]
  ],
  "target": [
    [
      0.6019874811172485,
      0.5670401453971863
    ],
    [
      0.6017444133758545,
      0.5673549175262451
    ],
    [
      0.6014981865882874,
      0.5676077008247375
    ],
    [
      0.6012445688247681,
      0.5677139759063721
    ],
    [
      0.6009328365325928,
      0.5677921175956726
    ],
    [
      0.6004945635795593,
      0.567808985710144
    ],
    [
      0.6001210808753967,
      0.5678368210792542
    ],
    [
      0.5998775959014893,
      0.5678867697715759
    ],
    [
      0.5996344089508057,
      0.5679682493209839
    ],
    [
      0.5993918776512146,
      0.5681082010269165
    ],
    [
      0.5991823673248291,
      0.5682264566421509
    ],
    [
      0.5990296602249146,
      0.5683075189590454
    ],
    [
      0.5989349484443665,
      0.568284273147583
    ],
    [
      0.598932683467865,
      0.5680950284004211
    ],
    [
      0.5988860130310059,
      0.5679663419723511
    ]
  ]
}