{
  "input": [
    [
      0.5573696494102478,
      0.6917089223861694
    ],
    [
      0.5642117857933044,
      0.6884781122207642
    ],
    [
      0.5714108347892761,
      0.6846940517425537
    ],
    [
      0.5785843133926392,
      0.6804782748222351
    ],
    [
      0.5589330196380615,
      0.6840246319770813
    ],
    [
      0.48565760254859924,
      0.7035268545150757
    ],
    [
      0.4500192105770111,
      0.717231035232544
    ],
    [
      0.4365091621875763,
      0.7260684370994568
    ],
    [
      0.44017043709754944,
      0.7309618592262268
    ],
    [
      0.456045925617218,
      0.7328340411186218
    ],
    [
      0.4783115088939667,
      0.7314494848251343
    ],
    [
      0.4977709650993347,
      0.7297382950782776
    ],
    [
      0.5145200490951538,
      0.7282080054283142
    ],
    [
      0.5286546349525452,
      0.727366030216217
    ],
    [
      0.5395691990852356,
      0.7273194193840027
    ]
  ],
  "target": [
    [
      0.5491628646850586,
      0.7257527112960815
    ],
    [
      0.5577904582023621,
      0.7231950163841248
    ],
    [
      0.5658071041107178,
      0.7201753258705139
    ],
    [
      0.5737418532371521,
      0.7171270251274109
    ],
    [
      0.5815309286117554,
      0.7126489281654358
    ],
    [
      0.5646647810935974,
      0.6998021006584167
    ],
    [
      0.4986339807510376,
      0.6716475486755371
    ],
    [
      0.4538505971431732,
      0.6559252142906189
    ],
    [
      0.4301231801509857,
      0.648122251033783
    ],
    [
      0.4228799641132355,
      0.6461846828460693
    ],
    [
      0.42754924297332764,
      0.6480585932731628
    ],
    [
      0.44179749488830566,
      0.6529631614685059
    ],
    [
      0.45603176951408386,
      0.656943678855896
    ],
    [
      0.46895554661750793,
      0.6607745289802551
    ],
    [
      0.4792722463607788,
      0.6652300357818604
    ]
  ],
  "meta": {
    "video_name": "test1.mp4",
    "video_stem": "test1",
    "video_path": "E:\\desktop\\open\\lstm-akf\\data\\video\\test1.mp4",
    "fps": 40.0,
    "segment_index": 0,
    "sample_index": 389,
    "start_frame_index": 379,
    "history_end_frame_index": 393,
    "target_end_frame_index": 408,
    "history_frame_indices": [
      379,
      380,
      381,
      382,
      383,
      384,
      385,
      386,
      387,
      388,
      389,
      390,
      391,
      392,
      393
    ],
    "target_frame_indices": [
      394,
      395,
      396,
      397,
      398,
      399,
      400,
      401,
      402,
      403,
      404,
      405,
      406,
      407,
      408
    ],
    "history_timestamps": [
      10.175000000000008,
      10.200000000000008,
      10.225000000000009,
      10.250000000000007,
      10.275000000000007,
      10.300000000000008,
      10.325000000000008,
      10.350000000000009,
      10.375000000000007,
      10.400000000000007,
      10.425000000000008,
      10.450000000000008,
      10.475000000000009,
      10.500000000000007,
      10.525000000000007
    ],
    "target_timestamps": [
      10.550000000000008,
      10.575000000000008,
      10.600000000000009,
      10.625000000000009,
      10.650000000000007,
      10.675000000000008,
      10.700000000000008,
      10.725000000000009,
      10.750000000000009,
      10.775000000000007,
      10.800000000000008,
      10.825000000000008,
      10.850000000000009,
      10.875000000000009,
      10.90000000000001
    ]
  }
}