{
  "input": [
    [
      0.5749120712280273,
      0.5765274167060852
    ],
    [
      0.574874222278595,
      0.5765989422798157
    ],
    [
      0.5748557448387146,
      0.576637327671051
    ],
    [
      0.5748511552810669,
      0.5766521096229553
    ],
    [
      0.5748886466026306,
      0.5766918063163757
    ],
    [
      0.5749538540840149,
      0.5767478942871094
    ],
    [
      0.575027585029602,
      0.5767456293106079
    ],
    [
      0.5751065015792847,
      0.576707661151886
    ],
    [
      0.5751546025276184,
      0.5766624808311462
    ],
    [
      0.575185239315033,
      0.5766131281852722
    ],
    [
      0.5752310156822205,
      0.5766004323959351
    ],
    [
      0.5752847194671631,
      0.5766069889068604
    ],
    [
      0.5753276944160461,
      0.5766159296035767
    ],
    [
      0.5753655433654785,
      0.5766260027885437
    ],
    [
      0.5754498243331909,
      0.5765958428382874
    ]
  ],
  "target": [
    [
      0.5755549073219299,
      0.5765477418899536
    ],
    [
      0.5755828619003296,
      0.576597273349762
    ],
    [
      0.5755792856216431,
      0.5766867995262146
    ],
    [
      0.5755931735038757,
      0.5767776966094971
    ],
    [
      0.5756135582923889,
      0.5768691301345825
    ],
    [
      0.5755332112312317,
      0.5769102573394775
    ],
    [
      0.5754184126853943,
      0.5769341588020325
    ],
    [
      0.575404167175293,
      0.5769702196121216
    ],
    [
      0.575421154499054,
      0.5770100951194763
    ],
    [
      0.5756096839904785,
      0.5770536661148071
    ],
    [
      0.5758464932441711,
      0.5770982503890991
    ],
    [
      0.5763441920280457,
      0.5770575404167175
    ],
    [
      0.5769078135490417,
      0.576995313167572
    ],
    [
      0.5772861242294312,
      0.5770485997200012
    ],
    [
      0.577622652053833,
      0.5771278738975525
    ]
  ],
  "meta": {
    "video_name": "test2.mp4",
    "video_stem": "test2",
    "video_path": "E:\\desktop\\open\\lstm-akf\\data\\video\\test2.mp4",
    "fps": 40.0,
    "segment_index": 34,
    "sample_index": 185,
    "start_frame_index": 175,
    "history_end_frame_index": 189,
    "target_end_frame_index": 204,
    "history_frame_indices": [
      175,
      176,
      177,
      178,
      179,
      180,
      181,
      182,
      183,
      184,
      185,
      186,
      187,
      188,
      189
    ],
    "target_frame_indices": [
      190,
      191,
      192,
      193,
      194,
      195,
      196,
      197,
      198,
      199,
      200,
      201,
      202,
      203,
      204
    ],
    "history_timestamps": [
      81.63101051104151,
      81.65601051104152,
      81.68101051104152,
      81.70601051104153,
      81.73101051104153,
      81.75601051104154,
      81.78101051104154,
      81.80601051104155,
      81.83101051104155,
      81.85601051104156,
      81.88101051104157,
      81.90601051104157,
      81.93101051104158,
      81.95601051104158,
      81.98101051104159
    ],
    "target_timestamps": [
      82.0060105110416,
      82.0310105110416,
      82.0560105110416,
      82.08101051104161,
      82.10601051104162,
      82.13101051104162,
      82.15601051104163,
      82.18101051104163,
      82.20601051104164,
      82.23101051104165,
      82.25601051104165,
      82.28101051104166,
      82.30601051104166,
      82.33101051104167,
      82.35601051104167
    ]
  }
}