{
  "input": [
    [
      0.5539165139198303,
      0.5635870099067688
    ],
    [
      0.5539165139198303,
      0.5635870099067688
    ],
    [
      0.5539165139198303,
      0.5635870099067688
    ],
    [
      0.5539165139198303,
      0.5635870099067688
    ],
    [
      0.5539165139198303,
      0.5635870099067688
    ],
    [
      0.5539165139198303,
      0.5635870099067688
    ],
    [
      0.5530046820640564,
      0.5637627243995667
    ],
    [
      0.5359348654747009,
      0.5670521259307861
    ],
    [
      0.5201157927513123,
      0.5701227188110352
    ],
    [
      0.5206068754196167,
      0.5703386664390564
    ],
    [
      0.5230573415756226,
      0.5702484846115112
    ],
    [
      0.5455558896064758,
      0.567024827003479
    ]
  ],
  "target": [
    [
      0.5660160779953003,
      0.564091682434082
    ],
    [
      0.5694358348846436,
      0.5635867714881897
    ],
    [
      0.5722454786300659,
      0.5631662011146545
    ],
    [
      0.5707703232765198,
      0.5633384585380554
    ],
    [
      0.5692774653434753,
      0.5635039210319519
    ],
    [
      0.5676777958869934,
      0.5636286735534668
    ],
    [
      0.5661017894744873,
      0.5637952089309692
    ],
    [
      0.5646498203277588,
      0.5641805529594421
    ],
    [
      0.5632911920547485,
      0.5645400881767273
    ],
    [
      0.5623634457588196,
      0.5647802352905273
    ],
    [
      0.5578866004943848,
      0.5654699802398682
    ],
    [
      0.5388385057449341,
      0.5680058002471924
    ],
    [
      0.5221898555755615,
      0.5702150464057922
    ],
    [
      0.5143711566925049,
      0.5712223649024963
    ],
    [
      0.5049377083778381,
      0.5724510550498962
    ]
  ],
  "meta": {
    "video_name": "test2.mp4",
    "video_stem": "test2",
    "video_path": "E:\\desktop\\open\\lstm-akf\\data\\video\\test2.mp4",
    "fps": 40.0,
    "segment_index": 32,
    "sample_index": 7,
    "start_frame_index": 0,
    "history_end_frame_index": 11,
    "target_end_frame_index": 26,
    "history_frame_indices": [
      0,
      1,
      2,
      3,
      4,
      5,
      6,
      7,
      8,
      9,
      10,
      11
    ],
    "target_frame_indices": [
      12,
      13,
      14,
      15,
      16,
      17,
      18,
      19,
      20,
      21,
      22,
      23,
      24,
      25,
      26
    ],
    "history_timestamps": [
      72.7960740479272,
      72.82107404792721,
      72.84607404792722,
      72.87107404792722,
      72.89607404792723,
      72.92107404792723,
      72.94607404792724,
      72.97107404792725,
      72.99607404792725,
      73.02107404792726,
      73.04607404792726,
      73.07107404792727
    ],
    "target_timestamps": [
      73.09607404792727,
      73.12107404792728,
      73.14607404792729,
      73.17107404792729,
      73.1960740479273,
      73.2210740479273,
      73.24607404792731,
      73.27107404792731,
      73.29607404792732,
      73.32107404792733,
      73.34607404792733,
      73.37107404792734,
      73.39607404792734,
      73.42107404792735,
      73.44607404792735
    ]
  }
}