{
  "input": [
    [
      0.5347009897232056,
      0.555151641368866
    ],
    [
      0.5354622006416321,
      0.5551939010620117
    ],
    [
      0.5364471077919006,
      0.5552359223365784
    ],
    [
      0.5373463034629822,
      0.5552711486816406
    ],
    [
      0.538045346736908,
      0.555290699005127
    ],
    [
      0.5389329195022583,
      0.5553117394447327
    ],
    [
      0.540225625038147,
      0.5553359389305115
    ],
    [
      0.5413873195648193,
      0.5553064942359924
    ],
    [
      0.5422893166542053,
      0.5551707148551941
    ],
    [
      0.5432103872299194,
      0.5550596117973328
    ],
    [
      0.5441662669181824,
      0.5549936294555664
    ],
    [
      0.5451552271842957,
      0.5550376176834106
    ],
    [
      0.546200156211853,
      0.5552680492401123
    ],
    [
      0.5470894575119019,
      0.555534839630127
    ],
    [
      0.5477342009544373,
      0.5558587312698364
    ]
  ],
  "target": [
    [
      0.547753095626831,
      0.5559583902359009
    ],
    [
      0.546859085559845,
      0.5557309985160828
    ],
    [
      0.5465677380561829,
      0.5555242300033569
    ],
    [
      0.5470935702323914,
      0.5553455352783203
    ],
    [
      0.548846423625946,
      0.5555837750434875
    ],
    [
      0.5521466732025146,
      0.5563477277755737
    ],
    [
      0.5549643039703369,
      0.557037889957428
    ],
    [
      0.557215690612793,
      0.5576413869857788
    ],
    [
      0.5588279366493225,
      0.5579473376274109
    ],
    [
      0.5597419142723083,
      0.5579282641410828
    ],
    [
      0.5606756210327148,
      0.5578122735023499
    ],
    [
      0.5616293549537659,
      0.5575976967811584
    ],
    [
      0.5623201727867126,
      0.5574470162391663
    ],
    [
      0.5627619028091431,
      0.5573568940162659
    ],
    [
      0.5635254383087158,
      0.5574731230735779
    ]
  ]
}