{
  "input": [
    [
      0.531305193901062,
      0.5671778321266174
    ],
    [
      0.5328016877174377,
      0.5671164393424988
    ],
    [
      0.5342923402786255,
      0.5670552253723145
    ],
    [
      0.5354562401771545,
      0.5670074820518494
    ],
    [
      0.5366320013999939,
      0.5669592022895813
    ]
  ],
  "target": [
    [
      0.5381284952163696,
      0.5668978095054626
    ],
    [
      0.5387649536132812,
      0.5666377544403076
    ],
    [
      0.5241618752479553,
      0.5628581047058105
    ],
    [
      0.5100507736206055,
      0.5591830611228943
    ],
    [
      0.5023542642593384,
      0.5568718910217285
    ],
    [
      0.4944923222064972,
      0.5545154809951782
    ],
    [
      0.48493778705596924,
      0.55169677734375
    ],
    [
      0.47518473863601685,
      0.5488238334655762
    ],
    [
      0.46377214789390564,
      0.5454975962638855
    ],
    [
      0.45212796330451965,
      0.5421081185340881
    ],
    [
      0.4388573467731476,
      0.5382744073867798
    ],
    [
      0.4253220558166504,
      0.5343683958053589
    ],
    [
      0.41019341349601746,
      0.5300270915031433
    ],
    [
      0.4096774756908417,
      0.5292661786079407
    ],
    [
      0.48573359847068787,
      0.54726642370224
    ]
  ],
  "meta": {
    "video_name": "test2.mp4",
    "video_stem": "test2",
    "video_path": "E:\\desktop\\open\\lstm-akf\\data\\video\\test2.mp4",
    "fps": 40.0,
    "segment_index": 134,
    "sample_index": 0,
    "start_frame_index": 0,
    "history_end_frame_index": 4,
    "target_end_frame_index": 19,
    "history_frame_indices": [
      0,
      1,
      2,
      3,
      4
    ],
    "target_frame_indices": [
      5,
      6,
      7,
      8,
      9,
      10,
      11,
      12,
      13,
      14,
      15,
      16,
      17,
      18,
      19
    ],
    "history_timestamps": [
      320.9667607953877,
      320.9917607953877,
      321.01676079538765,
      321.04176079538763,
      321.0667607953876
    ],
    "target_timestamps": [
      321.0917607953876,
      321.11676079538756,
      321.14176079538754,
      321.1667607953875,
      321.1917607953875,
      321.2167607953875,
      321.24176079538745,
      321.2667607953874,
      321.2917607953874,
      321.3167607953874,
      321.34176079538736,
      321.36676079538734,
      321.3917607953873,
      321.4167607953873,
      321.44176079538727
    ]
  }
}