{
  "input": [
    [
      0.528447687625885,
      0.564544677734375
    ],
    [
      0.530138373374939,
      0.5646479725837708
    ],
    [
      0.5319119095802307,
      0.5641860365867615
    ],
    [
      0.5332659482955933,
      0.5638288259506226
    ],
    [
      0.5340524911880493,
      0.5636131763458252
    ],
    [
      0.5271992087364197,
      0.5648385286331177
    ],
    [
      0.5107367634773254,
      0.567876398563385
    ],
    [
      0.49903473258018494,
      0.5702096819877625
    ],
    [
      0.4929048418998718,
      0.571718156337738
    ],
    [
      0.49051913619041443,
      0.5724612474441528
    ],
    [
      0.4922136962413788,
      0.5723701119422913
    ],
    [
      0.4948626756668091,
      0.5721253156661987
    ],
    [
      0.4984801709651947,
      0.571724534034729
    ],
    [
      0.5027674436569214,
      0.5714646577835083
    ],
    [
      0.507687509059906,
      0.5713379979133606
    ]
  ],
  "target": [
    [
      0.5114085674285889,
      0.5712934732437134
    ],
    [
      0.5140745639801025,
      0.5713213086128235
    ],
    [
      0.5170944333076477,
      0.5713228583335876
    ],
    [
      0.5204041600227356,
      0.5713027715682983
    ],
    [
      0.5227389931678772,
      0.5714575052261353
    ],
    [
      0.5243310928344727,
      0.5717454552650452
    ],
    [
      0.5261507034301758,
      0.5715613961219788
    ],
    [
      0.5281315445899963,
      0.5710430145263672
    ],
    [
      0.5194600820541382,
      0.5692530274391174
    ],
    [
      0.5037803649902344,
      0.5666264891624451
    ],
    [
      0.4943476617336273,
      0.5653376579284668
    ],
    [
      0.4887279272079468,
      0.5648652911186218
    ],
    [
      0.4868128299713135,
      0.5647956728935242
    ],
    [
      0.4869926869869232,
      0.5649537444114685
    ],
    [
      0.4897036850452423,
      0.5650807619094849
    ]
  ]
}