{
  "input": [
    [
      0.5842083692550659,
      0.5596141815185547
    ],
    [
      0.5842083692550659,
      0.5596141815185547
    ],
    [
      0.5842511653900146,
      0.5596132278442383
    ],
    [
      0.5866531133651733,
      0.5595600008964539
    ],
    [
      0.5890148878097534,
      0.5595120191574097
    ],
    [
      0.5902901887893677,
      0.559605062007904
    ],
    [
      0.5915775299072266,
      0.5597012042999268
    ],
    [
      0.5930774211883545,
      0.5598525404930115
    ],
    [
      0.5945932865142822,
      0.5600080490112305
    ]
  ],
  "target": [
    [
      0.5963172316551208,
      0.5602177381515503
    ],
    [
      0.5980610847473145,
      0.5604326725006104
    ],
    [
      0.6000090837478638,
      0.5607008337974548
    ],
    [
      0.6018922328948975,
      0.5608553290367126
    ],
    [
      0.6032330393791199,
      0.560059666633606
    ],
    [
      0.604576826095581,
      0.5593525767326355
    ],
    [
      0.6059412956237793,
      0.5592672228813171
    ],
    [
      0.6071388721466064,
      0.5591760873794556
    ],
    [
      0.6073316335678101,
      0.5590501427650452
    ],
    [
      0.6074644923210144,
      0.5589404702186584
    ],
    [
      0.6072835922241211,
      0.5589157342910767
    ],
    [
      0.6070964336395264,
      0.5588918328285217
    ],
    [
      0.6068806052207947,
      0.5588716864585876
    ],
    [
      0.6066431403160095,
      0.5588575005531311
    ],
    [
      0.6063169240951538,
      0.5588679313659668
    ]
  ],
  "meta": {
    "video_name": "test2.mp4",
    "video_stem": "test2",
    "video_path": "E:\\desktop\\open\\lstm-akf\\data\\video\\test2.mp4",
    "fps": 40.0,
    "segment_index": 50,
    "sample_index": 4,
    "start_frame_index": 0,
    "history_end_frame_index": 8,
    "target_end_frame_index": 23,
    "history_frame_indices": [
      0,
      1,
      2,
      3,
      4,
      5,
      6,
      7,
      8
    ],
    "target_frame_indices": [
      9,
      10,
      11,
      12,
      13,
      14,
      15,
      16,
      17,
      18,
      19,
      20,
      21,
      22,
      23
    ],
    "history_timestamps": [
      118.18831627250266,
      118.21331627250267,
      118.23831627250267,
      118.26331627250268,
      118.28831627250268,
      118.31331627250269,
      118.3383162725027,
      118.3633162725027,
      118.3883162725027
    ],
    "target_timestamps": [
      118.41331627250271,
      118.43831627250272,
      118.46331627250272,
      118.48831627250273,
      118.51331627250273,
      118.53831627250274,
      118.56331627250275,
      118.58831627250275,
      118.61331627250276,
      118.63831627250276,
      118.66331627250277,
      118.68831627250277,
      118.71331627250278,
      118.73831627250279,
      118.76331627250279
    ]
  }
}