{
  "input": [
    [
      0.5432468056678772,
      0.5605714321136475
    ],
    [
      0.5457763075828552,
      0.5609055757522583
    ],
    [
      0.5482960343360901,
      0.5612319707870483
    ],
    [
      0.5502804517745972,
      0.5611334443092346
    ],
    [
      0.5522869825363159,
      0.561037003993988
    ],
    [
      0.5548937916755676,
      0.5609984397888184
    ],
    [
      0.5574617981910706,
      0.5609743595123291
    ],
    [
      0.5593432784080505,
      0.5612072348594666
    ],
    [
      0.5612845420837402,
      0.5613516569137573
    ],
    [
      0.5640057325363159,
      0.5603423714637756
    ],
    [
      0.566723108291626,
      0.5593383312225342
    ],
    [
      0.5694018006324768,
      0.5583885312080383
    ],
    [
      0.5704551935195923,
      0.5573121309280396
    ],
    [
      0.5579206347465515,
      0.5551772117614746
    ],
    [
      0.546807587146759,
      0.5532727837562561
    ]
  ],
  "target": [
    [
      0.5456774234771729,
      0.5529869198799133
    ],
    [
      0.545015275478363,
      0.5528707504272461
    ],
    [
      0.5471710562705994,
      0.5537760257720947
    ],
    [
      0.5493161082267761,
      0.5546250343322754
    ],
    [
      0.551405131816864,
      0.5551797151565552
    ],
    [
      0.5536041259765625,
      0.5558228492736816
    ],
    [
      0.5563106536865234,
      0.5568743348121643
    ],
    [
      0.5592450499534607,
      0.5580130815505981
    ],
    [
      0.5631148219108582,
      0.559509813785553
    ],
    [
      0.5672330856323242,
      0.5611017346382141
    ],
    [
      0.5722659826278687,
      0.5630437135696411
    ],
    [
      0.5775681734085083,
      0.56508868932724
    ],
    [
      0.5837642550468445,
      0.5674759149551392
    ],
    [
      0.5827030539512634,
      0.5680868029594421
    ],
    [
      0.5597865581512451,
      0.5633484125137329
    ]
  ]
}