{
  "input": [
    [
      0.47478848695755005,
      0.5644268989562988
    ],
    [
      0.47542932629585266,
      0.5642817616462708
    ],
    [
      0.47606581449508667,
      0.5641384124755859
    ],
    [
      0.47646164894104004,
      0.5640975832939148
    ],
    [
      0.4768710434436798,
      0.5640631318092346
    ],
    [
      0.4776475727558136,
      0.5642011761665344
    ],
    [
      0.4783974587917328,
      0.5643364191055298
    ],
    [
      0.4786747694015503,
      0.5644225478172302
    ],
    [
      0.47898951172828674,
      0.5644803047180176
    ],
    [
      0.4797925055027008,
      0.5641682744026184
    ],
    [
      0.4805763363838196,
      0.563866913318634
    ],
    [
      0.48116421699523926,
      0.5636752247810364
    ],
    [
      0.48182111978530884,
      0.5635064840316772
    ],
    [
      0.483055055141449,
      0.5635300874710083
    ]
  ],
  "target": [
    [
      0.4842216372489929,
      0.5635745525360107
    ],
    [
      0.48491528630256653,
      0.5637655258178711
    ],
    [
      0.4856744706630707,
      0.5639616250991821
    ],
    [
      0.48682817816734314,
      0.5641888380050659
    ],
    [
      0.4879063665866852,
      0.5643836259841919
    ],
    [
      0.48858878016471863,
      0.5644084215164185
    ],
    [
      0.4892251491546631,
      0.5644330382347107
    ],
    [
      0.4896489977836609,
      0.5644569993019104
    ],
    [
      0.49005526304244995,
      0.5644971132278442
    ],
    [
      0.49038922786712646,
      0.564603328704834
    ],
    [
      0.49068281054496765,
      0.5646893382072449
    ],
    [
      0.4908278286457062,
      0.5647008419036865
    ],
    [
      0.49095335602760315,
      0.564708411693573
    ],
    [
      0.49101418256759644,
      0.5647028088569641
    ],
    [
      0.49108344316482544,
      0.5647096037864685
    ]
  ]
}