{
  "input": [
    [
      0.6184948682785034,
      0.5876886248588562
    ],
    [
      0.6203275322914124,
      0.5878281593322754
    ],
    [
      0.6220377683639526,
      0.588007926940918
    ],
    [
      0.6233968138694763,
      0.5883030295372009
    ],
    [
      0.6251195669174194,
      0.5884529948234558
    ],
    [
      0.6277948021888733,
      0.588222861289978
    ],
    [
      0.6302976012229919,
      0.587983250617981
    ],
    [
      0.6323865056037903,
      0.5877209901809692
    ],
    [
      0.6349002718925476,
      0.5875058174133301
    ],
    [
      0.6383511424064636,
      0.587394654750824
    ],
    [
      0.6413455009460449,
      0.5872794389724731
    ],
    [
      0.6434118747711182,
      0.5871562361717224
    ],
    [
      0.64581698179245,
      0.586974561214447
    ],
    [
      0.6488578915596008,
      0.5866832137107849
    ],
    [
      0.6513283848762512,
      0.5863347053527832
    ]
  ],
  "target": [
    [
      0.6528079509735107,
      0.5858868956565857
    ],
    [
      0.6541375517845154,
      0.5854242444038391
    ],
    [
      0.6552257537841797,
      0.584937572479248
    ],
    [
      0.6563538908958435,
      0.5845794677734375
    ],
    [
      0.6575416326522827,
      0.5844134092330933
    ],
    [
      0.6587944030761719,
      0.5842462778091431
    ],
    [
      0.6601373553276062,
      0.5840775966644287
    ],
    [
      0.6610758304595947,
      0.5837751626968384
    ],
    [
      0.6614921689033508,
      0.5833001732826233
    ],
    [
      0.6512836217880249,
      0.5813737511634827
    ],
    [
      0.6283161044120789,
      0.5777042508125305
    ],
    [
      0.610615611076355,
      0.5749090313911438
    ],
    [
      0.598802924156189,
      0.5730910897254944
    ],
    [
      0.5915248990058899,
      0.571990966796875
    ],
    [
      0.5889670848846436,
      0.5716381669044495
    ]
  ]
}