{
  "input": [
    [
      0.5617192387580872,
      0.5605409741401672
    ],
    [
      0.5598053336143494,
      0.5608222484588623
    ],
    [
      0.5579097270965576,
      0.5607143044471741
    ],
    [
      0.556074857711792,
      0.5593140125274658
    ],
    [
      0.5541048049926758,
      0.5582167506217957
    ],
    [
      0.5517276525497437,
      0.5580320954322815
    ],
    [
      0.5492771863937378,
      0.5578383803367615
    ],
    [
      0.5466257333755493,
      0.5576198697090149
    ],
    [
      0.5438961386680603,
      0.5573916435241699
    ],
    [
      0.5409703254699707,
      0.5571392178535461
    ],
    [
      0.5379615426063538,
      0.5568764805793762
    ],
    [
      0.5347614288330078,
      0.5565900802612305
    ],
    [
      0.5381256937980652,
      0.5578010678291321
    ],
    [
      0.5554068684577942,
      0.562186598777771
    ],
    [
      0.5660532712936401,
      0.5650971531867981
    ]
  ],
  "target": [
    [
      0.5637232661247253,
      0.5651229023933411
    ],
    [
      0.5610147714614868,
      0.5651084184646606
    ],
    [
      0.557621955871582,
      0.5650212168693542
    ],
    [
      0.5544537901878357,
      0.5650749206542969
    ],
    [
      0.5516615509986877,
      0.5653644800186157
    ],
    [
      0.548654317855835,
      0.5657721757888794
    ],
    [
      0.5453130602836609,
      0.5663632154464722
    ],
    [
      0.5415819883346558,
      0.5669073462486267
    ],
    [
      0.5372887849807739,
      0.567383885383606
    ],
    [
      0.5327262878417969,
      0.5678959488868713
    ],
    [
      0.5278029441833496,
      0.5684558153152466
    ],
    [
      0.5225991010665894,
      0.5690527558326721
    ],
    [
      0.5170456767082214,
      0.5696959495544434
    ],
    [
      0.5243580937385559,
      0.5677151083946228
    ],
    [
      0.5465953350067139,
      0.5626903176307678
    ]
  ],
  "meta": {
    "video_name": "test2.mp4",
    "video_stem": "test2",
    "video_path": "E:\\desktop\\open\\lstm-akf\\data\\video\\test2.mp4",
    "fps": 40.0,
    "segment_index": 27,
    "sample_index": 34,
    "start_frame_index": 24,
    "history_end_frame_index": 38,
    "target_end_frame_index": 53,
    "history_frame_indices": [
      24,
      25,
      26,
      27,
      28,
      29,
      30,
      31,
      32,
      33,
      34,
      35,
      36,
      37,
      38
    ],
    "target_frame_indices": [
      39,
      40,
      41,
      42,
      43,
      44,
      45,
      46,
      47,
      48,
      49,
      50,
      51,
      52,
      53
    ],
    "history_timestamps": [
      63.38599443071731,
      63.41099443071731,
      63.43599443071731,
      63.46099443071731,
      63.485994430717305,
      63.510994430717304,
      63.5359944307173,
      63.5609944307173,
      63.5859944307173,
      63.6109944307173,
      63.6359944307173,
      63.660994430717295,
      63.685994430717294,
      63.71099443071729,
      63.73599443071729
    ],
    "target_timestamps": [
      63.76099443071729,
      63.78599443071729,
      63.81099443071729,
      63.835994430717285,
      63.860994430717284,
      63.88599443071728,
      63.91099443071728,
      63.93599443071728,
      63.96099443071728,
      63.98599443071728,
      64.01099443071728,
      64.03599443071727,
      64.06099443071727,
      64.08599443071728,
      64.11099443071727
    ]
  }
}