{
  "input": [
    [
      0.7970437407493591,
      0.6888632774353027
    ],
    [
      0.8153411746025085,
      0.6890547275543213
    ],
    [
      0.8381673693656921,
      0.688839852809906
    ],
    [
      0.8644936680793762,
      0.6883110404014587
    ],
    [
      0.8850827217102051,
      0.6874758005142212
    ],
    [
      0.9015489816665649,
      0.6864205002784729
    ],
    [
      0.9136284589767456,
      0.6855016350746155
    ],
    [
      0.9227795004844666,
      0.6846739053726196
    ],
    [
      0.9271726012229919,
      0.6837264895439148
    ],
    [
      0.9286182522773743,
      0.6827049851417542
    ],
    [
      0.9283530712127686,
      0.6816863417625427
    ],
    [
      0.927105724811554,
      0.680669367313385
    ],
    [
      0.9254838824272156,
      0.6800714731216431
    ],
    [
      0.9236631989479065,
      0.6796962022781372
    ],
    [
      0.9220213890075684,
      0.6792013645172119
    ]
  ],
  "target": [
    [
      0.9204673171043396,
      0.6786479353904724
    ],
    [
      0.9195516109466553,
      0.6783124804496765
    ],
    [
      0.9189244508743286,
      0.6780755519866943
    ],
    [
      0.9187759757041931,
      0.6783604025840759
    ],
    [
      0.9188264012336731,
      0.6788620352745056
    ],
    [
      0.9190823435783386,
      0.6790815591812134
    ],
    [
      0.9194164872169495,
      0.6791936755180359
    ],
    [
      0.9198718667030334,
      0.6792375445365906
    ],
    [
      0.9203693866729736,
      0.6792576909065247
    ],
    [
      0.9211052060127258,
      0.6793648600578308
    ],
    [
      0.9219163656234741,
      0.6794995069503784
    ],
    [
      0.9238821864128113,
      0.6794099807739258
    ],
    [
      0.926177978515625,
      0.6792563796043396
    ],
    [
      0.9277312755584717,
      0.6796099543571472
    ],
    [
      0.9290937185287476,
      0.6800938844680786
    ]
  ]
}