{
  "input": [
    [
      0.5805813670158386,
      0.5669690370559692
    ],
    [
      0.5807323455810547,
      0.5669400095939636
    ],
    [
      0.5810872316360474,
      0.5669230818748474
    ],
    [
      0.5814881324768066,
      0.566840410232544
    ],
    [
      0.5819133520126343,
      0.5667226910591125
    ],
    [
      0.5824465155601501,
      0.566568911075592
    ],
    [
      0.5830325484275818,
      0.5663974285125732
    ],
    [
      0.5835222601890564,
      0.5663609504699707
    ],
    [
      0.583968460559845,
      0.5663855671882629
    ],
    [
      0.5847556591033936,
      0.5668129920959473
    ],
    [
      0.5856845378875732,
      0.5674077272415161
    ],
    [
      0.5867599844932556,
      0.5679726600646973
    ],
    [
      0.587891161441803,
      0.5685262680053711
    ],
    [
      0.5742080211639404,
      0.5660557746887207
    ],
    [
      0.5553772449493408,
      0.562534511089325
    ]
  ],
  "target": [
    [
      0.5483533143997192,
      0.5611952543258667
    ],
    [
      0.5450592637062073,
      0.5605452060699463
    ],
    [
      0.5445882678031921,
      0.5604318976402283
    ],
    [
      0.5449240207672119,
      0.5604719519615173
    ],
    [
      0.545893132686615,
      0.5606105327606201
    ],
    [
      0.5470249652862549,
      0.5607745051383972
    ],
    [
      0.5478566884994507,
      0.5609434247016907
    ],
    [
      0.5486196279525757,
      0.5611134171485901
    ],
    [
      0.5489877462387085,
      0.5612094402313232
    ],
    [
      0.5492756962776184,
      0.5612903833389282
    ],
    [
      0.5492920875549316,
      0.5613014698028564
    ],
    [
      0.5492602586746216,
      0.5613000988960266
    ],
    [
      0.5491136312484741,
      0.5612648725509644
    ],
    [
      0.5489494204521179,
      0.5612243413925171
    ],
    [
      0.5485215783119202,
      0.5610994100570679
    ]
  ]
}