{
  "input": [
    [
      0.6043668985366821,
      0.5594176054000854
    ],
    [
      0.6043578386306763,
      0.5592426657676697
    ],
    [
      0.6045478582382202,
      0.5590555667877197
    ],
    [
      0.6047385334968567,
      0.5588681697845459
    ],
    [
      0.6048880815505981,
      0.5586583614349365
    ],
    [
      0.6050381064414978,
      0.5584492683410645
    ],
    [
      0.6052023768424988,
      0.5582622289657593
    ],
    [
      0.6053680181503296,
      0.5580823421478271
    ],
    [
      0.6055618524551392,
      0.5580456852912903
    ],
    [
      0.6057501435279846,
      0.5580005645751953
    ],
    [
      0.6058599948883057,
      0.5578351616859436
    ],
    [
      0.6059585213661194,
      0.5576817989349365
    ],
    [
      0.6059325933456421,
      0.5576608777046204
    ],
    [
      0.6059061884880066,
      0.5576457977294922
    ],
    [
      0.6058750748634338,
      0.5576828718185425
    ]
  ],
  "target": [
    [
      0.6058427095413208,
      0.557715117931366
    ],
    [
      0.6058009266853333,
      0.5577111840248108
    ],
    [
      0.6057586073875427,
      0.5576922297477722
    ],
    [
      0.6057127118110657,
      0.5575780272483826
    ],
    [
      0.6056588888168335,
      0.557428777217865
    ],
    [
      0.6055613160133362,
      0.5570878982543945
    ],
    [
      0.6054173111915588,
      0.5567931532859802
    ],
    [
      0.6050503253936768,
      0.5567197203636169
    ],
    [
      0.6046876311302185,
      0.5567203164100647
    ],
    [
      0.6043428778648376,
      0.5570360422134399
    ],
    [
      0.603948712348938,
      0.5573340058326721
    ],
    [
      0.6033661961555481,
      0.5575644373893738
    ],
    [
      0.602846622467041,
      0.5577685236930847
    ],
    [
      0.6025431752204895,
      0.5578823089599609
    ],
    [
      0.6021684408187866,
      0.5579484105110168
    ]
  ]
}