{
  "input": [
    [
      0.5333330035209656,
      0.5654516816139221
    ],
    [
      0.5347307324409485,
      0.56534743309021
    ],
    [
      0.536298394203186,
      0.5652639865875244
    ],
    [
      0.5380678176879883,
      0.5652052164077759
    ],
    [
      0.5395544767379761,
      0.5651905536651611
    ],
    [
      0.5407286286354065,
      0.5652246475219727
    ],
    [
      0.5423930287361145,
      0.5653082132339478
    ],
    [
      0.5445617437362671,
      0.565442681312561
    ],
    [
      0.5463506579399109,
      0.5655933022499084
    ],
    [
      0.5477756261825562,
      0.5657593011856079
    ],
    [
      0.5497674345970154,
      0.5658794045448303
    ],
    [
      0.5522651672363281,
      0.5659584403038025
    ],
    [
      0.5547255277633667,
      0.5660704374313354
    ],
    [
      0.5571549534797668,
      0.5662097930908203
    ],
    [
      0.559179961681366,
      0.5660403370857239
    ]
  ],
  "target": [
    [
      0.5608924627304077,
      0.5656322240829468
    ],
    [
      0.5624111294746399,
      0.5655070543289185
    ],
    [
      0.5637904405593872,
      0.5655853152275085
    ],
    [
      0.5656968951225281,
      0.5655232071876526
    ],
    [
      0.5679551362991333,
      0.5653674602508545
    ],
    [
      0.5699203610420227,
      0.5653310418128967
    ],
    [
      0.571704089641571,
      0.5653685927391052
    ],
    [
      0.5737693309783936,
      0.5652129054069519
    ],
    [
      0.5759961605072021,
      0.5649462938308716
    ],
    [
      0.577721118927002,
      0.5649547576904297
    ],
    [
      0.5791794657707214,
      0.5651093125343323
    ],
    [
      0.5815474987030029,
      0.5654273629188538
    ],
    [
      0.584361732006073,
      0.5658256411552429
    ],
    [
      0.5865142345428467,
      0.5657655000686646
    ],
    [
      0.5883677005767822,
      0.5654981732368469
    ]
  ]
}