{
  "input": [
    [
      0.5214173793792725,
      0.5913410782814026
    ],
    [
      0.5224323868751526,
      0.5917510390281677
    ],
    [
      0.523320198059082,
      0.5919670462608337
    ],
    [
      0.5250576138496399,
      0.592293918132782
    ],
    [
      0.5281142592430115,
      0.5927929282188416
    ],
    [
      0.5308115482330322,
      0.5931282639503479
    ],
    [
      0.5329908132553101,
      0.593227744102478
    ],
    [
      0.535828173160553,
      0.5933878421783447
    ],
    [
      0.5395474433898926,
      0.5936291217803955
    ],
    [
      0.542977511882782,
      0.5938416719436646
    ],
    [
      0.5460469722747803,
      0.5940183997154236
    ],
    [
      0.5500934720039368,
      0.5943167209625244
    ],
    [
      0.5552732944488525,
      0.594756007194519
    ],
    [
      0.559670090675354,
      0.5951113104820251
    ],
    [
      0.5632210969924927,
      0.5953758358955383
    ]
  ],
  "target": [
    [
      0.5682074427604675,
      0.5956258177757263
    ],
    [
      0.5746371746063232,
      0.5958611369132996
    ],
    [
      0.5801094770431519,
      0.5957958698272705
    ],
    [
      0.5846849083900452,
      0.5954490900039673
    ],
    [
      0.5887526869773865,
      0.5953729748725891
    ],
    [
      0.5923779010772705,
      0.5955328941345215
    ],
    [
      0.5959993004798889,
      0.595368504524231
    ],
    [
      0.5996176600456238,
      0.5949409604072571
    ],
    [
      0.5886104106903076,
      0.5925986170768738
    ],
    [
      0.5665605068206787,
      0.5888105630874634
    ],
    [
      0.5514844655990601,
      0.5862452387809753
    ],
    [
      0.5413030982017517,
      0.5845380425453186
    ],
    [
      0.5374749302864075,
      0.5840346813201904
    ],
    [
      0.537787675857544,
      0.5843158960342407
    ],
    [
      0.5404396057128906,
      0.5845699310302734
    ]
  ]
}