{
  "input": [
    [
      0.5446301102638245,
      0.5787327289581299
    ],
    [
      0.5438668131828308,
      0.5788249373435974
    ],
    [
      0.5432589650154114,
      0.5789197683334351
    ],
    [
      0.542620062828064,
      0.5789175033569336
    ],
    [
      0.5419674515724182,
      0.5788725018501282
    ],
    [
      0.5415509939193726,
      0.5787672400474548
    ],
    [
      0.5412299633026123,
      0.5786375999450684
    ],
    [
      0.5407697558403015,
      0.5786389708518982
    ],
    [
      0.5402580499649048,
      0.5786888599395752
    ],
    [
      0.539818286895752,
      0.5787821412086487
    ],
    [
      0.5394026637077332,
      0.5788900256156921
    ],
    [
      0.5388199090957642,
      0.5789655447006226
    ],
    [
      0.5381860136985779,
      0.579031229019165
    ],
    [
      0.537775456905365,
      0.5791476964950562
    ],
    [
      0.5374266505241394,
      0.5792782306671143
    ]
  ],
  "target": [
    [
      0.5369080305099487,
      0.5792397260665894
    ],
    [
      0.5363473892211914,
      0.5791592597961426
    ],
    [
      0.5358597040176392,
      0.5790268778800964
    ],
    [
      0.535388171672821,
      0.5788829922676086
    ],
    [
      0.5347265601158142,
      0.5789012312889099
    ],
    [
      0.5340278744697571,
      0.5789510011672974
    ],
    [
      0.5334690809249878,
      0.579028844833374
    ],
    [
      0.5329340100288391,
      0.5791114568710327
    ],
    [
      0.5317403674125671,
      0.5793355107307434
    ],
    [
      0.5304504632949829,
      0.5795802474021912
    ],
    [
      0.5292055606842041,
      0.5798313021659851
    ],
    [
      0.5279662609100342,
      0.5800830721855164
    ],
    [
      0.5265474319458008,
      0.5803998708724976
    ],
    [
      0.5251104235649109,
      0.580723226070404
    ],
    [
      0.5234904289245605,
      0.5811128616333008
    ]
  ],
  "meta": {
    "video_name": "test2.mp4",
    "video_stem": "test2",
    "video_path": "E:\\desktop\\open\\lstm-akf\\data\\video\\test2.mp4",
    "fps": 40.0,
    "segment_index": 115,
    "sample_index": 85,
    "start_frame_index": 75,
    "history_end_frame_index": 89,
    "target_end_frame_index": 104,
    "history_frame_indices": [
      75,
      76,
      77,
      78,
      79,
      80,
      81,
      82,
      83,
      84,
      85,
      86,
      87,
      88,
      89
    ],
    "target_frame_indices": [
      90,
      91,
      92,
      93,
      94,
      95,
      96,
      97,
      98,
      99,
      100,
      101,
      102,
      103,
      104
    ],
    "history_timestamps": [
      271.30471722163225,
      271.3297172216322,
      271.3547172216322,
      271.3797172216322,
      271.40471722163215,
      271.42971722163213,
      271.4547172216321,
      271.4797172216321,
      271.50471722163206,
      271.52971722163204,
      271.554717221632,
      271.579717221632,
      271.604717221632,
      271.62971722163195,
      271.6547172216319
    ],
    "target_timestamps": [
      271.6797172216319,
      271.7047172216319,
      271.72971722163186,
      271.75471722163184,
      271.7797172216318,
      271.8047172216318,
      271.82971722163177,
      271.85471722163174,
      271.8797172216317,
      271.9047172216317,
      271.9297172216317,
      271.95471722163165,
      271.97971722163163,
      272.0047172216316,
      272.0297172216316
    ]
  }
}