{
  "input": [
    [
      0.5192639827728271,
      0.7372024655342102
    ],
    [
      0.5348065495491028,
      0.7363451719284058
    ],
    [
      0.5464274883270264,
      0.7350442409515381
    ],
    [
      0.5563642382621765,
      0.7335619330406189
    ],
    [
      0.564864993095398,
      0.7315547466278076
    ],
    [
      0.5721779465675354,
      0.7286790013313293
    ],
    [
      0.5791485905647278,
      0.7259341478347778
    ],
    [
      0.5859827995300293,
      0.7231912612915039
    ],
    [
      0.5928145051002502,
      0.7196329236030579
    ],
    [
      0.5997776389122009,
      0.7144415974617004
    ],
    [
      0.5299673080444336,
      0.6867157816886902
    ],
    [
      0.47648370265960693,
      0.6680637001991272
    ],
    [
      0.4418410658836365,
      0.6575718522071838
    ],
    [
      0.4285537898540497,
      0.6543269753456116
    ],
    [
      0.4346572458744049,
      0.6565081477165222
    ]
  ],
  "target": [
    [
      0.4267367124557495,
      0.6555489897727966
    ],
    [
      0.43055257201194763,
      0.6574985384941101
    ],
    [
      0.47186535596847534,
      0.6684061288833618
    ],
    [
      0.4857085943222046,
      0.6719372272491455
    ],
    [
      0.4960092008113861,
      0.6738861799240112
    ],
    [
      0.5033231377601624,
      0.674680769443512
    ],
    [
      0.5082062482833862,
      0.6747486591339111
    ],
    [
      0.51183021068573,
      0.6739679574966431
    ],
    [
      0.5160164833068848,
      0.6731930375099182
    ],
    [
      0.5206377506256104,
      0.6726198196411133
    ],
    [
      0.5255666971206665,
      0.672444224357605
    ],
    [
      0.5307772755622864,
      0.6715725660324097
    ],
    [
      0.5358850359916687,
      0.6705799698829651
    ],
    [
      0.5406988263130188,
      0.6688575744628906
    ],
    [
      0.5450276732444763,
      0.6657967567443848
    ]
  ],
  "meta": {
    "video_name": "test1.mp4",
    "video_stem": "test1",
    "video_path": "E:\\desktop\\open\\lstm-akf\\data\\video\\test1.mp4",
    "fps": 40.0,
    "segment_index": 0,
    "sample_index": 249,
    "start_frame_index": 239,
    "history_end_frame_index": 253,
    "target_end_frame_index": 268,
    "history_frame_indices": [
      239,
      240,
      241,
      242,
      243,
      244,
      245,
      246,
      247,
      248,
      249,
      250,
      251,
      252,
      253
    ],
    "target_frame_indices": [
      254,
      255,
      256,
      257,
      258,
      259,
      260,
      261,
      262,
      263,
      264,
      265,
      266,
      267,
      268
    ],
    "history_timestamps": [
      6.675000000000005,
      6.7000000000000055,
      6.725000000000006,
      6.750000000000005,
      6.775000000000006,
      6.800000000000005,
      6.8250000000000055,
      6.850000000000006,
      6.875000000000005,
      6.900000000000006,
      6.925000000000006,
      6.9500000000000055,
      6.975000000000006,
      7.000000000000006,
      7.025000000000006
    ],
    "target_timestamps": [
      7.050000000000006,
      7.0750000000000055,
      7.100000000000006,
      7.125000000000006,
      7.150000000000006,
      7.175000000000006,
      7.2000000000000055,
      7.225000000000006,
      7.250000000000006,
      7.275000000000006,
      7.300000000000006,
      7.325000000000006,
      7.350000000000006,
      7.375000000000006,
      7.400000000000007
    ]
  }
}