{
  "input": [
    [
      0.5540277361869812,
      0.5569270849227905
    ],
    [
      0.5541490912437439,
      0.5569366812705994
    ],
    [
      0.5542725324630737,
      0.5569494366645813
    ],
    [
      0.5543273687362671,
      0.5570498704910278
    ],
    [
      0.5543814897537231,
      0.5571500658988953
    ],
    [
      0.5544118285179138,
      0.5571985840797424
    ],
    [
      0.5544435977935791,
      0.557247519493103
    ],
    [
      0.5545209050178528,
      0.5573107600212097
    ],
    [
      0.5546008944511414,
      0.5573727488517761
    ],
    [
      0.5547340512275696,
      0.5574100613594055
    ],
    [
      0.5548645257949829,
      0.557449460029602
    ],
    [
      0.5549570322036743,
      0.5575194358825684
    ],
    [
      0.5550786852836609,
      0.5575649738311768
    ],
    [
      0.5555185675621033,
      0.5573435425758362
    ],
    [
      0.5559459924697876,
      0.557132363319397
    ]
  ],
  "target": [
    [
      0.5562634468078613,
      0.5570122599601746
    ],
    [
      0.5566597580909729,
      0.5569164156913757
    ],
    [
      0.5576375722885132,
      0.5569992065429688
    ],
    [
      0.5585460066795349,
      0.5571023225784302
    ],
    [
      0.5590188503265381,
      0.5573333501815796
    ],
    [
      0.5595333576202393,
      0.5575641989707947
    ],
    [
      0.5602747797966003,
      0.5577939748764038
    ],
    [
      0.5610299110412598,
      0.5580377578735352
    ],
    [
      0.5618512034416199,
      0.5583482980728149
    ],
    [
      0.5626876950263977,
      0.5586742758750916
    ],
    [
      0.5635887980461121,
      0.559065580368042
    ],
    [
      0.5645065903663635,
      0.5594736933708191
    ],
    [
      0.5654876232147217,
      0.5599457025527954
    ],
    [
      0.5664867162704468,
      0.5604360699653625
    ],
    [
      0.567547619342804,
      0.5609888434410095
    ]
  ]
}