{
  "input": [
    [
      0.5912851691246033,
      0.5625423789024353
    ],
    [
      0.5916677117347717,
      0.5624977946281433
    ],
    [
      0.5919880867004395,
      0.5624713897705078
    ],
    [
      0.5922574400901794,
      0.5624599456787109
    ],
    [
      0.5925969481468201,
      0.5624539852142334
    ],
    [
      0.592989981174469,
      0.5624523162841797
    ],
    [
      0.5932787656784058,
      0.5624642968177795
    ],
    [
      0.5934934616088867,
      0.5624859929084778
    ],
    [
      0.594200611114502,
      0.5624209642410278
    ],
    [
      0.5952326059341431,
      0.5622987151145935
    ],
    [
      0.5959644913673401,
      0.562057614326477
    ],
    [
      0.5965126752853394,
      0.5617437958717346
    ],
    [
      0.597123920917511,
      0.5615937113761902
    ],
    [
      0.5977709293365479,
      0.5615364909172058
    ],
    [
      0.5984644889831543,
      0.5616149306297302
    ]
  ],
  "target": [
    [
      0.5991825461387634,
      0.5617645978927612
    ],
    [
      0.6000503301620483,
      0.5619767308235168
    ],
    [
      0.6009907126426697,
      0.5622190833091736
    ],
    [
      0.6015216708183289,
      0.5623992681503296
    ],
    [
      0.6018701195716858,
      0.5625516772270203
    ],
    [
      0.601858913898468,
      0.5626561641693115
    ],
    [
      0.601700484752655,
      0.5627409815788269
    ],
    [
      0.6015006303787231,
      0.5628272294998169
    ],
    [
      0.6012853384017944,
      0.5629139542579651
    ],
    [
      0.6007130742073059,
      0.5629612803459167
    ],
    [
      0.6000187397003174,
      0.5629951357841492
    ],
    [
      0.5994517803192139,
      0.5630548000335693
    ],
    [
      0.5989245176315308,
      0.5631223917007446
    ],
    [
      0.5982968807220459,
      0.5627392530441284
    ],
    [
      0.5976409912109375,
      0.5622294545173645
    ]
  ]
}