{
  "input": [
    [
      0.5745248794555664,
      0.5753613114356995
    ],
    [
      0.5810651779174805,
      0.5751760601997375
    ],
    [
      0.5856450200080872,
      0.5750035643577576
    ],
    [
      0.5899832248687744,
      0.5748326182365417
    ],
    [
      0.5746208429336548,
      0.5789307951927185
    ],
    [
      0.5572648644447327,
      0.5834609866142273
    ],
    [
      0.5517903566360474,
      0.5855926275253296
    ],
    [
      0.5472665429115295,
      0.5875323414802551
    ],
    [
      0.5541326403617859,
      0.5884196162223816
    ],
    [
      0.5616780519485474,
      0.5892440676689148
    ],
    [
      0.5706794857978821,
      0.5888057351112366
    ],
    [
      0.5797392129898071,
      0.5883169174194336
    ],
    [
      0.5893176198005676,
      0.587276041507721
    ],
    [
      0.598906934261322,
      0.5862236022949219
    ],
    [
      0.6033801436424255,
      0.5859583020210266
    ]
  ],
  "target": [
    [
      0.6078078746795654,
      0.5856918096542358
    ],
    [
      0.6102092266082764,
      0.5851942896842957
    ],
    [
      0.6125181913375854,
      0.5847082138061523
    ],
    [
      0.612098217010498,
      0.5845604538917542
    ],
    [
      0.6116130948066711,
      0.5844197273254395
    ],
    [
      0.6099035143852234,
      0.5844117403030396
    ],
    [
      0.6082239151000977,
      0.5844053626060486
    ],
    [
      0.6069517135620117,
      0.5844208598136902
    ],
    [
      0.6056833267211914,
      0.5844399929046631
    ],
    [
      0.6044549942016602,
      0.58449786901474
    ],
    [
      0.6033205986022949,
      0.5845587253570557
    ],
    [
      0.602995753288269,
      0.5846453309059143
    ],
    [
      0.6027371883392334,
      0.5847157835960388
    ],
    [
      0.6029564738273621,
      0.5846692323684692
    ],
    [
      0.603191614151001,
      0.5846258997917175
    ]
  ],
  "meta": {
    "video_name": "test2.mp4",
    "video_stem": "test2",
    "video_path": "E:\\desktop\\open\\lstm-akf\\data\\video\\test2.mp4",
    "fps": 40.0,
    "segment_index": 101,
    "sample_index": 108,
    "start_frame_index": 98,
    "history_end_frame_index": 112,
    "target_end_frame_index": 127,
    "history_frame_indices": [
      98,
      99,
      100,
      101,
      102,
      103,
      104,
      105,
      106,
      107,
      108,
      109,
      110,
      111,
      112
    ],
    "target_frame_indices": [
      113,
      114,
      115,
      116,
      117,
      118,
      119,
      120,
      121,
      122,
      123,
      124,
      125,
      126,
      127
    ],
    "history_timestamps": [
      222.37442248107678,
      222.39942248107678,
      222.4244224810768,
      222.4494224810768,
      222.4744224810768,
      222.4994224810768,
      222.5244224810768,
      222.54942248107682,
      222.57442248107682,
      222.59942248107683,
      222.62442248107683,
      222.64942248107684,
      222.67442248107685,
      222.69942248107685,
      222.72442248107686
    ],
    "target_timestamps": [
      222.74942248107686,
      222.77442248107687,
      222.79942248107687,
      222.82442248107688,
      222.84942248107689,
      222.8744224810769,
      222.8994224810769,
      222.9244224810769,
      222.9494224810769,
      222.9744224810769,
      222.99942248107692,
      223.02442248107693,
      223.04942248107693,
      223.07442248107694,
      223.09942248107694
    ]
  }
}