{
  "input": [
    [
      0.887377142906189,
      0.6518439054489136
    ],
    [
      0.8478936553001404,
      0.6606292724609375
    ],
    [
      0.8145145177841187,
      0.6689924597740173
    ],
    [
      0.7869851589202881,
      0.6769511699676514
    ],
    [
      0.7774815559387207,
      0.6828514337539673
    ],
    [
      0.7840625643730164,
      0.6869149804115295
    ],
    [
      0.7970437407493591,
      0.6888632774353027
    ],
    [
      0.8153411746025085,
      0.6890547275543213
    ],
    [
      0.8381673693656921,
      0.688839852809906
    ],
    [
      0.8644936680793762,
      0.6883110404014587
    ],
    [
      0.8850827217102051,
      0.6874758005142212
    ],
    [
      0.9015489816665649,
      0.6864205002784729
    ],
    [
      0.9136284589767456,
      0.6855016350746155
    ],
    [
      0.9227795004844666,
      0.6846739053726196
    ],
    [
      0.9271726012229919,
      0.6837264895439148
    ]
  ],
  "target": [
    [
      0.9286182522773743,
      0.6827049851417542
    ],
    [
      0.9283530712127686,
      0.6816863417625427
    ],
    [
      0.927105724811554,
      0.680669367313385
    ],
    [
      0.9254838824272156,
      0.6800714731216431
    ],
    [
      0.9236631989479065,
      0.6796962022781372
    ],
    [
      0.9220213890075684,
      0.6792013645172119
    ],
    [
      0.9204673171043396,
      0.6786479353904724
    ],
    [
      0.9195516109466553,
      0.6783124804496765
    ],
    [
      0.9189244508743286,
      0.6780755519866943
    ],
    [
      0.9187759757041931,
      0.6783604025840759
    ],
    [
      0.9188264012336731,
      0.6788620352745056
    ],
    [
      0.9190823435783386,
      0.6790815591812134
    ],
    [
      0.9194164872169495,
      0.6791936755180359
    ],
    [
      0.9198718667030334,
      0.6792375445365906
    ],
    [
      0.9203693866729736,
      0.6792576909065247
    ]
  ]
}