{
  "input": [
    [
      0.5314213633537292,
      0.5766494274139404
    ],
    [
      0.5324016213417053,
      0.57675701379776
    ],
    [
      0.5330036282539368,
      0.5767701864242554
    ],
    [
      0.5330697298049927,
      0.5765731334686279
    ],
    [
      0.5329039096832275,
      0.5762851238250732
    ],
    [
      0.5342579483985901,
      0.5763242840766907
    ],
    [
      0.536215603351593,
      0.576493501663208
    ],
    [
      0.5385638475418091,
      0.576693058013916
    ],
    [
      0.5410539507865906,
      0.5769037008285522
    ],
    [
      0.5439441204071045,
      0.5771454572677612
    ],
    [
      0.5469666719436646,
      0.5773975253105164
    ],
    [
      0.5503987669944763,
      0.5776814222335815
    ],
    [
      0.5539537668228149,
      0.5779749155044556
    ],
    [
      0.5435925126075745,
      0.5768848657608032
    ],
    [
      0.5294638276100159,
      0.5754203200340271
    ]
  ],
  "target": [
    [
      0.5023260712623596,
      0.5805637836456299
    ],
    [
      0.4720323383808136,
      0.5873103141784668
    ],
    [
      0.4592076539993286,
      0.5903493165969849
    ],
    [
      0.4501512050628662,
      0.5925885438919067
    ],
    [
      0.44877293705940247,
      0.5932788252830505
    ],
    [
      0.44885310530662537,
      0.5936748385429382
    ],
    [
      0.4512145519256592,
      0.5932826995849609
    ],
    [
      0.45395296812057495,
      0.5927603840827942
    ],
    [
      0.45625677704811096,
      0.5921989679336548
    ],
    [
      0.45849907398223877,
      0.5916320085525513
    ],
    [
      0.45972004532814026,
      0.5912894606590271
    ],
    [
      0.46081966161727905,
      0.5909736156463623
    ],
    [
      0.46145448088645935,
      0.5907514691352844
    ],
    [
      0.46204423904418945,
      0.5905384421348572
    ],
    [
      0.4623609185218811,
      0.590340793132782
    ]
  ]
}