{
  "input": [
    [
      0.4811793863773346,
      0.5613037943840027
    ],
    [
      0.4858350455760956,
      0.5600539445877075
    ],
    [
      0.49833056330680847,
      0.557320773601532
    ],
    [
      0.5058553218841553,
      0.5555341839790344
    ],
    [
      0.5071842670440674,
      0.5549272298812866
    ],
    [
      0.5073155164718628,
      0.5546272993087769
    ],
    [
      0.5060574412345886,
      0.5546833276748657
    ],
    [
      0.5045822858810425,
      0.5548834800720215
    ],
    [
      0.5028727054595947,
      0.5552393198013306
    ],
    [
      0.5008447766304016,
      0.5556215643882751
    ],
    [
      0.4984966218471527,
      0.5560303330421448
    ],
    [
      0.49658092856407166,
      0.5563033819198608
    ],
    [
      0.49507030844688416,
      0.5564492344856262
    ],
    [
      0.493246853351593,
      0.5566437244415283
    ],
    [
      0.4911506474018097,
      0.5568807125091553
    ]
  ],
  "target": [
    [
      0.48860204219818115,
      0.5572265982627869
    ],
    [
      0.4856862425804138,
      0.5576609969139099
    ],
    [
      0.48249879479408264,
      0.5581445693969727
    ],
    [
      0.47910621762275696,
      0.5586653351783752
    ],
    [
      0.4854263365268707,
      0.5599111318588257
    ],
    [
      0.4985632002353668,
      0.5616657137870789
    ],
    [
      0.502513587474823,
      0.562477707862854
    ],
    [
      0.5004762411117554,
      0.5626753568649292
    ],
    [
      0.4981062114238739,
      0.5628092288970947
    ],
    [
      0.4955349862575531,
      0.5629045367240906
    ],
    [
      0.4926099181175232,
      0.5627365708351135
    ],
    [
      0.4894866645336151,
      0.5624211430549622
    ],
    [
      0.4872623682022095,
      0.5622262954711914
    ],
    [
      0.485503613948822,
      0.5620938539505005
    ],
    [
      0.48430633544921875,
      0.5618279576301575
    ]
  ]
}