{
  "input": [
    [
      0.8060874938964844,
      0.6029512882232666
    ],
    [
      0.8106517791748047,
      0.6027191281318665
    ],
    [
      0.8151516914367676,
      0.6025075912475586
    ],
    [
      0.8181828856468201,
      0.6027671694755554
    ],
    [
      0.8213289380073547,
      0.6030298471450806
    ],
    [
      0.8262829184532166,
      0.6033403873443604
    ],
    [
      0.8311139941215515,
      0.6036182641983032
    ],
    [
      0.8344836831092834,
      0.6035088300704956
    ],
    [
      0.8380612134933472,
      0.603432834148407
    ],
    [
      0.8436095714569092,
      0.603674054145813
    ],
    [
      0.8488854765892029,
      0.6038538813591003
    ],
    [
      0.8520269393920898,
      0.6035523414611816
    ],
    [
      0.8509923219680786,
      0.6038728356361389
    ],
    [
      0.8222540616989136,
      0.6083194017410278
    ],
    [
      0.7952860593795776,
      0.612562894821167
    ]
  ],
  "target": [
    [
      0.7784443497657776,
      0.6156451106071472
    ],
    [
      0.7648712992668152,
      0.6183757781982422
    ],
    [
      0.7676481008529663,
      0.6193481087684631
    ],
    [
      0.7722226977348328,
      0.6200606822967529
    ],
    [
      0.784747838973999,
      0.6196243762969971
    ],
    [
      0.797873318195343,
      0.6190346479415894
    ],
    [
      0.8133670687675476,
      0.6178393959999084
    ],
    [
      0.8273956179618835,
      0.6166214346885681
    ],
    [
      0.8362302184104919,
      0.6153228878974915
    ],
    [
      0.8440919518470764,
      0.6140735745429993
    ],
    [
      0.8488360047340393,
      0.6129822731018066
    ],
    [
      0.8528937697410583,
      0.612074613571167
    ],
    [
      0.8549531698226929,
      0.6117016077041626
    ],
    [
      0.8569498658180237,
      0.6110647320747375
    ],
    [
      0.8587798476219177,
      0.60972660779953
    ]
  ]
}