{
  "input": [
    [
      0.5927332043647766,
      0.5571724772453308
    ],
    [
      0.5936153531074524,
      0.5571498870849609
    ],
    [
      0.5951809287071228,
      0.5571570992469788
    ],
    [
      0.5965943932533264,
      0.5571599006652832
    ],
    [
      0.5979322195053101,
      0.5571605563163757
    ],
    [
      0.5987722277641296,
      0.5571454763412476
    ],
    [
      0.5993843078613281,
      0.5571231842041016
    ],
    [
      0.5995980501174927,
      0.5571340918540955
    ],
    [
      0.5996440649032593,
      0.5571590065956116
    ],
    [
      0.5995435118675232,
      0.5572074055671692
    ],
    [
      0.5993862748146057,
      0.5572648644447327
    ],
    [
      0.5991867184638977,
      0.557282567024231
    ],
    [
      0.5989721417427063,
      0.557286262512207
    ],
    [
      0.5984125137329102,
      0.5572739839553833
    ],
    [
      0.5977421402931213,
      0.5572565793991089
    ]
  ],
  "target": [
    [
      0.5972597599029541,
      0.5572494864463806
    ],
    [
      0.5968320369720459,
      0.5572454333305359
    ],
    [
      0.5963934659957886,
      0.5572261214256287
    ],
    [
      0.5959520936012268,
      0.5572028160095215
    ],
    [
      0.5957841277122498,
      0.5572014451026917
    ],
    [
      0.5956800580024719,
      0.5572051405906677
    ],
    [
      0.5956845879554749,
      0.5571978688240051
    ],
    [
      0.5957115888595581,
      0.5571882724761963
    ],
    [
      0.5957648158073425,
      0.5571888089179993
    ],
    [
      0.5958227515220642,
      0.5571911931037903
    ],
    [
      0.5959900617599487,
      0.5571926832199097
    ],
    [
      0.5961745977401733,
      0.5571940541267395
    ],
    [
      0.5963397026062012,
      0.5573198199272156
    ],
    [
      0.5965021252632141,
      0.5574622750282288
    ],
    [
      0.5969212651252747,
      0.5576754808425903
    ]
  ]
}