{
  "input": [
    [
      0.5016711950302124,
      0.650122880935669
    ],
    [
      0.4315618574619293,
      0.6663163304328918
    ],
    [
      0.39149898290634155,
      0.6799567937850952
    ],
    [
      0.3730223774909973,
      0.6894148588180542
    ],
    [
      0.3714783191680908,
      0.6953645944595337
    ],
    [
      0.3822130560874939,
      0.6984800696372986
    ],
    [
      0.4006200134754181,
      0.6998194456100464
    ],
    [
      0.41894933581352234,
      0.7012071013450623
    ],
    [
      0.43605655431747437,
      0.7027862071990967
    ],
    [
      0.4507972002029419,
      0.7047000527381897
    ],
    [
      0.4627004563808441,
      0.7070967555046082
    ],
    [
      0.4740067720413208,
      0.7091984152793884
    ],
    [
      0.48480305075645447,
      0.7106809020042419
    ],
    [
      0.49517616629600525,
      0.7112200856208801
    ],
    [
      0.5054107904434204,
      0.7110554575920105
    ]
  ],
  "target": [
    [
      0.5157478451728821,
      0.7103152275085449
    ],
    [
      0.5261404514312744,
      0.708854079246521
    ],
    [
      0.5365415215492249,
      0.7065266966819763
    ],
    [
      0.5456595420837402,
      0.7028464674949646
    ],
    [
      0.5052763223648071,
      0.687080979347229
    ],
    [
      0.4477354884147644,
      0.6686016917228699
    ],
    [
      0.4053807556629181,
      0.6567798852920532
    ],
    [
      0.39643141627311707,
      0.6555092334747314
    ],
    [
      0.4003257751464844,
      0.6575016975402832
    ],
    [
      0.4137347936630249,
      0.6618098020553589
    ],
    [
      0.433329313993454,
      0.6674858927726746
    ],
    [
      0.45257025957107544,
      0.6712859869003296
    ],
    [
      0.46884995698928833,
      0.6738072633743286
    ],
    [
      0.48221316933631897,
      0.6750619411468506
    ],
    [
      0.4927046298980713,
      0.6750624775886536
    ]
  ],
  "meta": {
    "video_name": "test1.mp4",
    "video_stem": "test1",
    "video_path": "E:\\desktop\\open\\lstm-akf\\data\\video\\test1.mp4",
    "fps": 40.0,
    "segment_index": 0,
    "sample_index": 733,
    "start_frame_index": 723,
    "history_end_frame_index": 737,
    "target_end_frame_index": 752,
    "history_frame_indices": [
      723,
      724,
      725,
      726,
      727,
      728,
      729,
      730,
      731,
      732,
      733,
      734,
      735,
      736,
      737
    ],
    "target_frame_indices": [
      738,
      739,
      740,
      741,
      742,
      743,
      744,
      745,
      746,
      747,
      748,
      749,
      750,
      751,
      752
    ],
    "history_timestamps": [
      18.775000000000016,
      18.800000000000015,
      18.825000000000017,
      18.850000000000016,
      18.875000000000014,
      18.900000000000016,
      18.925000000000015,
      18.950000000000017,
      18.975000000000016,
      19.000000000000014,
      19.025000000000016,
      19.050000000000015,
      19.075000000000017,
      19.100000000000016,
      19.125000000000014
    ],
    "target_timestamps": [
      19.150000000000016,
      19.175000000000015,
      19.200000000000017,
      19.225000000000016,
      19.250000000000014,
      19.275000000000016,
      19.300000000000015,
      19.325000000000017,
      19.350000000000016,
      19.375000000000014,
      19.400000000000016,
      19.425000000000015,
      19.450000000000017,
      19.475000000000016,
      19.500000000000018
    ]
  }
}