{
  "input": [
    [
      0.5511919856071472,
      0.5779674649238586
    ],
    [
      0.5520225763320923,
      0.5777143836021423
    ],
    [
      0.5520793199539185,
      0.5776852369308472
    ],
    [
      0.5519812703132629,
      0.5777111053466797
    ],
    [
      0.5515727400779724,
      0.5778472423553467
    ],
    [
      0.5511816143989563,
      0.57790207862854
    ],
    [
      0.5508230328559875,
      0.5778061747550964
    ],
    [
      0.5505139827728271,
      0.5777600407600403
    ],
    [
      0.5502901673316956,
      0.5777992606163025
    ],
    [
      0.550123393535614,
      0.5778765082359314
    ],
    [
      0.5500475168228149,
      0.5780143737792969
    ],
    [
      0.5499894618988037,
      0.5781404376029968
    ],
    [
      0.549957811832428,
      0.5782490372657776
    ],
    [
      0.5499727129936218,
      0.5783240795135498
    ],
    [
      0.5500515699386597,
      0.5783529877662659
    ]
  ],
  "target": [
    [
      0.5502155423164368,
      0.5783889889717102
    ],
    [
      0.5504882335662842,
      0.5784338712692261
    ],
    [
      0.5507394075393677,
      0.5785775780677795
    ],
    [
      0.5509649515151978,
      0.578838586807251
    ],
    [
      0.5511702299118042,
      0.5789541006088257
    ],
    [
      0.5513529777526855,
      0.5789089202880859
    ],
    [
      0.5521783828735352,
      0.5787771344184875
    ],
    [
      0.553665041923523,
      0.5785563588142395
    ],
    [
      0.5549546480178833,
      0.5784109830856323
    ],
    [
      0.5560554265975952,
      0.5783378481864929
    ],
    [
      0.5577279925346375,
      0.5781089663505554
    ],
    [
      0.559910774230957,
      0.5777411460876465
    ],
    [
      0.5616015791893005,
      0.5775250196456909
    ],
    [
      0.5628837943077087,
      0.5774350166320801
    ],
    [
      0.5646213889122009,
      0.5773124694824219
    ]
  ]
}