{
  "input": [
    [
      0.5056226253509521,
      0.5605882406234741
    ],
    [
      0.5063837766647339,
      0.5607055425643921
    ],
    [
      0.5074058175086975,
      0.5608922243118286
    ],
    [
      0.5085980296134949,
      0.5611242651939392
    ],
    [
      0.5095916986465454,
      0.5612900853157043
    ],
    [
      0.5104653835296631,
      0.5614159107208252
    ],
    [
      0.5111428499221802,
      0.5614270567893982
    ],
    [
      0.511710524559021,
      0.5613740086555481
    ],
    [
      0.5126151442527771,
      0.5616104006767273
    ],
    [
      0.5136943459510803,
      0.5619968175888062
    ],
    [
      0.5145635008811951,
      0.5620561242103577
    ],
    [
      0.5153322219848633,
      0.5619591474533081
    ],
    [
      0.5164520144462585,
      0.5620213747024536
    ],
    [
      0.5177262425422668,
      0.5621536374092102
    ],
    [
      0.5187946557998657,
      0.5621922016143799
    ]
  ],
  "target": [
    [
      0.5197799205780029,
      0.5621928572654724
    ],
    [
      0.5211592316627502,
      0.5620635151863098
    ],
    [
      0.5226842164993286,
      0.5618861317634583
    ],
    [
      0.5240094065666199,
      0.5618228912353516
    ],
    [
      0.5252672433853149,
      0.561798095703125
    ],
    [
      0.5266476273536682,
      0.5616487860679626
    ],
    [
      0.5280654430389404,
      0.561461329460144
    ],
    [
      0.5290808081626892,
      0.5613531470298767
    ],
    [
      0.5299849510192871,
      0.5612669587135315
    ],
    [
      0.5314319729804993,
      0.5615525245666504
    ],
    [
      0.533013641834259,
      0.5619304180145264
    ],
    [
      0.5340138077735901,
      0.5622385144233704
    ],
    [
      0.5348855257034302,
      0.5625312328338623
    ],
    [
      0.5362188816070557,
      0.5627813339233398
    ],
    [
      0.5376421809196472,
      0.5630232095718384
    ]
  ]
}