{
  "input": [
    [
      0.7110569477081299,
      0.6701610684394836
    ],
    [
      0.6961919665336609,
      0.6696118712425232
    ],
    [
      0.6804661750793457,
      0.6682573556900024
    ],
    [
      0.6657075881958008,
      0.6669513583183289
    ],
    [
      0.6528651714324951,
      0.6657413840293884
    ],
    [
      0.6392996907234192,
      0.6645950078964233
    ],
    [
      0.6244102716445923,
      0.6635651588439941
    ],
    [
      0.6119232773780823,
      0.6624283790588379
    ],
    [
      0.6035082340240479,
      0.6611104011535645
    ],
    [
      0.5944239497184753,
      0.6598702669143677
    ],
    [
      0.5842878818511963,
      0.65875244140625
    ],
    [
      0.5758908987045288,
      0.6578986644744873
    ],
    [
      0.5700311660766602,
      0.657430112361908
    ],
    [
      0.5872594714164734,
      0.6528308391571045
    ],
    [
      0.6357908844947815,
      0.6426310539245605
    ]
  ],
  "target": [
    [
      0.6746299862861633,
      0.6348797082901001
    ],
    [
      0.7012472152709961,
      0.6302158236503601
    ],
    [
      0.7163607478141785,
      0.6274064183235168
    ],
    [
      0.7179750800132751,
      0.6267732977867126
    ],
    [
      0.7145980000495911,
      0.6270573139190674
    ],
    [
      0.705767810344696,
      0.6283431649208069
    ],
    [
      0.6930219531059265,
      0.6296747922897339
    ],
    [
      0.6762924790382385,
      0.6310529708862305
    ],
    [
      0.6615960597991943,
      0.631759762763977
    ],
    [
      0.6488255858421326,
      0.6318305134773254
    ],
    [
      0.6360332369804382,
      0.6319568157196045
    ],
    [
      0.6232215166091919,
      0.6321321129798889
    ],
    [
      0.6135518550872803,
      0.6320046186447144
    ],
    [
      0.6064620614051819,
      0.6316286325454712
    ],
    [
      0.5992701649665833,
      0.6309783458709717
    ]
  ]
}