{
  "input": [
    [
      0.47559094429016113,
      0.5771374106407166
    ],
    [
      0.47554147243499756,
      0.5771356225013733
    ],
    [
      0.47547605633735657,
      0.5771259665489197
    ],
    [
      0.4754241108894348,
      0.5771320462226868
    ],
    [
      0.47537660598754883,
      0.5771433115005493
    ],
    [
      0.47530823945999146,
      0.5771992802619934
    ],
    [
      0.47523361444473267,
      0.5772686004638672
    ],
    [
      0.47517308592796326,
      0.5773535370826721
    ],
    [
      0.4751163721084595,
      0.5774427056312561
    ],
    [
      0.47510257363319397,
      0.5774856805801392
    ],
    [
      0.4750991761684418,
      0.577517569065094
    ],
    [
      0.4750993847846985,
      0.5775021910667419
    ],
    [
      0.4751003682613373,
      0.5774766802787781
    ],
    [
      0.47509029507637024,
      0.5774007439613342
    ],
    [
      0.47507810592651367,
      0.5773152709007263
    ]
  ],
  "target": [
    [
      0.4750778377056122,
      0.5772849917411804
    ],
    [
      0.4750795364379883,
      0.5772638916969299
    ],
    [
      0.47506240010261536,
      0.5772510170936584
    ],
    [
      0.4750426411628723,
      0.5772392749786377
    ],
    [
      0.47503745555877686,
      0.577225923538208
    ],
    [
      0.47503402829170227,
      0.577212393283844
    ],
    [
      0.47502005100250244,
      0.5772472620010376
    ],
    [
      0.47500506043434143,
      0.5772868394851685
    ],
    [
      0.47498807311058044,
      0.5773274302482605
    ],
    [
      0.4749709367752075,
      0.5773680210113525
    ],
    [
      0.474965363740921,
      0.5773885846138
    ],
    [
      0.4749603867530823,
      0.577407956123352
    ],
    [
      0.47496387362480164,
      0.5774059295654297
    ],
    [
      0.47496768832206726,
      0.5774031281471252
    ],
    [
      0.47496986389160156,
      0.5773984789848328
    ]
  ]
}