{
  "input": [
    [
      0.4472859799861908,
      0.5752082467079163
    ],
    [
      0.44856739044189453,
      0.5750447511672974
    ],
    [
      0.4495318531990051,
      0.5751070380210876
    ],
    [
      0.45054295659065247,
      0.5751577019691467
    ],
    [
      0.45180249214172363,
      0.5751464366912842
    ],
    [
      0.45302897691726685,
      0.5751234889030457
    ],
    [
      0.4541006088256836,
      0.5750457048416138
    ],
    [
      0.45544180274009705,
      0.5749250054359436
    ],
    [
      0.4579055905342102,
      0.5746258497238159
    ],
    [
      0.46017202734947205,
      0.5743780732154846
    ],
    [
      0.4617023468017578,
      0.5743219256401062
    ],
    [
      0.46357470750808716,
      0.5742711424827576
    ],
    [
      0.4665970504283905,
      0.5742380619049072
    ],
    [
      0.4694101810455322,
      0.5742095708847046
    ],
    [
      0.47158563137054443,
      0.5741952061653137
    ]
  ],
  "target": [
    [
      0.4740172326564789,
      0.574103832244873
    ],
    [
      0.4771597981452942,
      0.5737990140914917
    ],
    [
      0.4801245927810669,
      0.5735574960708618
    ],
    [
      0.4826381504535675,
      0.5734767913818359
    ],
    [
      0.48591646552085876,
      0.5731879472732544
    ],
    [
      0.4909753203392029,
      0.5724145770072937
    ],
    [
      0.4953067898750305,
      0.571739137172699
    ],
    [
      0.4980803430080414,
      0.5712733864784241
    ],
    [
      0.5010330080986023,
      0.5708475112915039
    ],
    [
      0.5043395161628723,
      0.5705003142356873
    ],
    [
      0.5070791840553284,
      0.570232093334198
    ],
    [
      0.5087838768959045,
      0.5701080560684204
    ],
    [
      0.5107378363609314,
      0.569956362247467
    ],
    [
      0.5131133198738098,
      0.5697580575942993
    ],
    [
      0.5153087377548218,
      0.5695132613182068
    ]
  ]
}