{
  "input": [
    [
      0.49429160356521606,
      0.5887068510055542
    ],
    [
      0.49770209193229675,
      0.58877032995224
    ],
    [
      0.5016162395477295,
      0.5886886715888977
    ],
    [
      0.506656289100647,
      0.5882823467254639
    ],
    [
      0.511139452457428,
      0.5878884792327881
    ],
    [
      0.5144756436347961,
      0.5875202417373657
    ],
    [
      0.5101684927940369,
      0.5854437351226807
    ],
    [
      0.49132877588272095,
      0.580119252204895
    ],
    [
      0.4762759804725647,
      0.5762186646461487
    ],
    [
      0.4678837060928345,
      0.5748224854469299
    ],
    [
      0.46459126472473145,
      0.5742045640945435
    ],
    [
      0.46960970759391785,
      0.5748549103736877
    ],
    [
      0.47549208998680115,
      0.5755992531776428
    ],
    [
      0.4826807677745819,
      0.5764856934547424
    ],
    [
      0.49059873819351196,
      0.5771945118904114
    ]
  ],
  "target": [
    [
      0.4995409846305847,
      0.5776538848876953
    ],
    [
      0.5070531964302063,
      0.5780126452445984
    ],
    [
      0.512698233127594,
      0.5782400369644165
    ],
    [
      0.5173236131668091,
      0.5783007740974426
    ],
    [
      0.520710289478302,
      0.5781590342521667
    ],
    [
      0.5238927602767944,
      0.5777412056922913
    ],
    [
      0.5268442630767822,
      0.577011227607727
    ],
    [
      0.5304700136184692,
      0.5764305591583252
    ],
    [
      0.5348056554794312,
      0.5760071277618408
    ],
    [
      0.5361353158950806,
      0.5761445760726929
    ],
    [
      0.5345176458358765,
      0.5768319964408875
    ],
    [
      0.5342497825622559,
      0.5767204165458679
    ],
    [
      0.535214364528656,
      0.5758793950080872
    ],
    [
      0.5357174873352051,
      0.5753801465034485
    ],
    [
      0.5358282327651978,
      0.5751714110374451
    ]
  ]
}