{
  "input": [
    [
      0.5795132517814636,
      0.5777748823165894
    ],
    [
      0.5793523192405701,
      0.5778233408927917
    ],
    [
      0.5790398716926575,
      0.5777344107627869
    ],
    [
      0.5787239074707031,
      0.5776588320732117
    ],
    [
      0.5783904790878296,
      0.5776485800743103
    ],
    [
      0.5780807137489319,
      0.5776476263999939
    ],
    [
      0.5778735280036926,
      0.5776870250701904
    ],
    [
      0.5776835083961487,
      0.5777163505554199
    ],
    [
      0.5775600671768188,
      0.5777063369750977
    ],
    [
      0.5774624943733215,
      0.5776861310005188
    ],
    [
      0.5774554014205933,
      0.577630341053009
    ],
    [
      0.577491044998169,
      0.5775784850120544
    ],
    [
      0.5776615142822266,
      0.5775390267372131
    ],
    [
      0.577803373336792,
      0.5774939060211182
    ],
    [
      0.5778629779815674,
      0.5774323344230652
    ]
  ],
  "target": [
    [
      0.5778664350509644,
      0.577408492565155
    ],
    [
      0.5777226090431213,
      0.5774832367897034
    ],
    [
      0.577506959438324,
      0.5775026082992554
    ],
    [
      0.5771188735961914,
      0.5773891806602478
    ],
    [
      0.5765642523765564,
      0.5773311257362366
    ],
    [
      0.5756420493125916,
      0.5773953199386597
    ],
    [
      0.5748803615570068,
      0.5774585604667664
    ],
    [
      0.5744448900222778,
      0.5775197744369507
    ],
    [
      0.574019193649292,
      0.5775818824768066
    ],
    [
      0.5736119151115417,
      0.5776457786560059
    ],
    [
      0.5732291340827942,
      0.5777047276496887
    ],
    [
      0.5728887319564819,
      0.5777552127838135
    ],
    [
      0.5727165341377258,
      0.5778293013572693
    ],
    [
      0.5728150010108948,
      0.5779412984848022
    ],
    [
      0.5730913877487183,
      0.5780340433120728
    ]
  ]
}