{
  "input": [
    [
      0.49755051732063293,
      0.5968881249427795
    ],
    [
      0.4973217844963074,
      0.5961689949035645
    ],
    [
      0.49725091457366943,
      0.5955615639686584
    ],
    [
      0.4977491796016693,
      0.5953568816184998
    ],
    [
      0.49825164675712585,
      0.5951347947120667
    ],
    [
      0.4987678825855255,
      0.5948560833930969
    ],
    [
      0.4993131160736084,
      0.5945674180984497
    ],
    [
      0.4999440610408783,
      0.5942490696907043
    ],
    [
      0.5007403492927551,
      0.5939481258392334
    ],
    [
      0.5019822716712952,
      0.5936939120292664
    ],
    [
      0.5031609535217285,
      0.5934323668479919
    ],
    [
      0.5041833519935608,
      0.5931527614593506
    ],
    [
      0.5055046677589417,
      0.5927659869194031
    ],
    [
      0.5075032711029053,
      0.5921363234519958
    ],
    [
      0.5092548131942749,
      0.5916708707809448
    ]
  ],
  "target": [
    [
      0.5104910731315613,
      0.5915480256080627
    ],
    [
      0.5119739174842834,
      0.5912889838218689
    ],
    [
      0.5139315128326416,
      0.5907675623893738
    ],
    [
      0.5156181454658508,
      0.5903081893920898
    ],
    [
      0.5168222188949585,
      0.5899592041969299
    ],
    [
      0.5181169509887695,
      0.5895128846168518
    ],
    [
      0.5195614099502563,
      0.5889058709144592
    ],
    [
      0.5207196474075317,
      0.588625967502594
    ],
    [
      0.5214400887489319,
      0.5888465046882629
    ],
    [
      0.5221817493438721,
      0.5888610482215881
    ],
    [
      0.5229537487030029,
      0.5885829925537109
    ],
    [
      0.5235723257064819,
      0.5882985591888428
    ],
    [
      0.5239881277084351,
      0.5880058407783508
    ],
    [
      0.5244483351707458,
      0.5877496600151062
    ],
    [
      0.5249631404876709,
      0.5875384211540222
    ]
  ]
}