{
  "input": [
    [
      0.705767810344696,
      0.6283431649208069
    ],
    [
      0.6930219531059265,
      0.6296747922897339
    ],
    [
      0.6762924790382385,
      0.6310529708862305
    ],
    [
      0.6615960597991943,
      0.631759762763977
    ],
    [
      0.6488255858421326,
      0.6318305134773254
    ],
    [
      0.6360332369804382,
      0.6319568157196045
    ],
    [
      0.6232215166091919,
      0.6321321129798889
    ],
    [
      0.6135518550872803,
      0.6320046186447144
    ],
    [
      0.6064620614051819,
      0.6316286325454712
    ],
    [
      0.5992701649665833,
      0.6309783458709717
    ],
    [
      0.5920001864433289,
      0.6301185488700867
    ],
    [
      0.619347095489502,
      0.6384446620941162
    ],
    [
      0.6712780594825745,
      0.6532944440841675
    ],
    [
      0.7054284811019897,
      0.6649577617645264
    ],
    [
      0.7278503179550171,
      0.6745192408561707
    ]
  ],
  "target": [
    [
      0.7368478178977966,
      0.6800574064254761
    ],
    [
      0.7376296520233154,
      0.6831333637237549
    ],
    [
      0.7267522215843201,
      0.684130847454071
    ],
    [
      0.7092637419700623,
      0.6839497685432434
    ],
    [
      0.6910737752914429,
      0.6826363205909729
    ],
    [
      0.672515869140625,
      0.6807289123535156
    ],
    [
      0.6559607982635498,
      0.6791782379150391
    ],
    [
      0.6403754949569702,
      0.6778002381324768
    ],
    [
      0.6277536153793335,
      0.6768710613250732
    ],
    [
      0.6164534091949463,
      0.6761420965194702
    ],
    [
      0.5989992618560791,
      0.6742846965789795
    ],
    [
      0.5790239572525024,
      0.6719650030136108
    ],
    [
      0.565566897392273,
      0.6703392863273621
    ],
    [
      0.5545552372932434,
      0.6689739227294922
    ],
    [
      0.5440232753753662,
      0.6665217280387878
    ]
  ]
}