{
  "input": [
    [
      0.4392028748989105,
      0.6478285193443298
    ],
    [
      0.4392028748989105,
      0.6478285193443298
    ],
    [
      0.4392028748989105,
      0.6478285193443298
    ],
    [
      0.43987274169921875,
      0.6484866738319397
    ],
    [
      0.44188231229782104,
      0.6504610180854797
    ],
    [
      0.4430908262729645,
      0.6510483622550964
    ],
    [
      0.4444017708301544,
      0.65162593126297
    ],
    [
      0.445801317691803,
      0.6519593596458435
    ]
  ],
  "target": [
    [
      0.44727563858032227,
      0.6518142819404602
    ],
    [
      0.4489028751850128,
      0.6514159440994263
    ],
    [
      0.4506235420703888,
      0.6507695913314819
    ],
    [
      0.4524376392364502,
      0.6498751640319824
    ],
    [
      0.454345166683197,
      0.6487326622009277
    ],
    [
      0.4569510519504547,
      0.654986560344696
    ],
    [
      0.45923787355422974,
      0.6575663089752197
    ],
    [
      0.4613235592842102,
      0.6582406163215637
    ],
    [
      0.4633261561393738,
      0.6587781310081482
    ],
    [
      0.46592599153518677,
      0.6596119403839111
    ],
    [
      0.46826231479644775,
      0.6598629951477051
    ],
    [
      0.4704309403896332,
      0.6602066159248352
    ],
    [
      0.47252771258354187,
      0.6613178849220276
    ],
    [
      0.4749918282032013,
      0.6617160439491272
    ],
    [
      0.4774056077003479,
      0.6621827483177185
    ]
  ],
  "meta": {
    "video_name": "test1.mp4",
    "video_stem": "test1",
    "video_path": "E:\\desktop\\open\\lstm-akf\\data\\video\\test1.mp4",
    "fps": 40.0,
    "segment_index": 0,
    "sample_index": 3,
    "start_frame_index": 0,
    "history_end_frame_index": 7,
    "target_end_frame_index": 22,
    "history_frame_indices": [
      0,
      1,
      2,
      3,
      4,
      5,
      6,
      7
    ],
    "target_frame_indices": [
      8,
      9,
      10,
      11,
      12,
      13,
      14,
      15,
      16,
      17,
      18,
      19,
      20,
      21,
      22
    ],
    "history_timestamps": [
      0.7,
      0.725,
      0.75,
      0.775,
      0.8,
      0.8250000000000001,
      0.8500000000000001,
      0.8750000000000001
    ],
    "target_timestamps": [
      0.9000000000000001,
      0.9250000000000002,
      0.9500000000000002,
      0.9750000000000002,
      1.0000000000000002,
      1.0250000000000004,
      1.0500000000000003,
      1.0750000000000002,
      1.1000000000000003,
      1.1250000000000004,
      1.1500000000000004,
      1.1750000000000003,
      1.2000000000000004,
      1.2250000000000005,
      1.2500000000000004
    ]
  }
}