{
  "input": [
    [
      0.5965415239334106,
      0.5567559003829956
    ],
    [
      0.5966912508010864,
      0.5567456483840942
    ],
    [
      0.5980472564697266,
      0.5569985508918762
    ],
    [
      0.5994203686714172,
      0.5572526454925537
    ],
    [
      0.6015118956565857,
      0.5573857426643372
    ],
    [
      0.6035850048065186,
      0.5575163960456848
    ],
    [
      0.6049953103065491,
      0.5575599074363708
    ],
    [
      0.6064080595970154,
      0.5575923323631287
    ],
    [
      0.6078707575798035,
      0.5573875904083252
    ],
    [
      0.6092962622642517,
      0.5571804046630859
    ],
    [
      0.6101639866828918,
      0.5569363236427307
    ],
    [
      0.6109838485717773,
      0.5567182302474976
    ],
    [
      0.61125648021698,
      0.5567975044250488
    ],
    [
      0.6114778518676758,
      0.5568650960922241
    ],
    [
      0.611228883266449,
      0.5568256974220276
    ]
  ],
  "target": [
    [
      0.609876275062561,
      0.557040274143219
    ],
    [
      0.6001172065734863,
      0.5591895580291748
    ],
    [
      0.5912617444992065,
      0.5612120032310486
    ],
    [
      0.5882525444030762,
      0.5624133944511414
    ],
    [
      0.5859734416007996,
      0.5634978413581848
    ],
    [
      0.5877781510353088,
      0.5639283061027527
    ],
    [
      0.5897295475006104,
      0.5642551779747009
    ],
    [
      0.5923998951911926,
      0.5640743374824524
    ],
    [
      0.5952706933021545,
      0.5638030767440796
    ],
    [
      0.5990111231803894,
      0.5631392598152161
    ],
    [
      0.6023979187011719,
      0.5626068711280823
    ],
    [
      0.6044138669967651,
      0.5625838041305542
    ],
    [
      0.6062687039375305,
      0.5624972581863403
    ],
    [
      0.6075620651245117,
      0.562188982963562
    ],
    [
      0.6085965037345886,
      0.5618395209312439
    ]
  ]
}