{
  "input": [
    [
      0.6150965690612793,
      0.5641283988952637
    ],
    [
      0.6156696081161499,
      0.5641531348228455
    ],
    [
      0.6160471439361572,
      0.5640831589698792
    ],
    [
      0.6163559556007385,
      0.5639705061912537
    ],
    [
      0.6165750622749329,
      0.5638021230697632
    ],
    [
      0.6166926622390747,
      0.5637267231941223
    ],
    [
      0.6166868805885315,
      0.5637641549110413
    ],
    [
      0.6165658831596375,
      0.5638870596885681
    ],
    [
      0.616314709186554,
      0.5641065239906311
    ],
    [
      0.6162043213844299,
      0.5642192363739014
    ],
    [
      0.6162421703338623,
      0.56421959400177
    ],
    [
      0.6164047718048096,
      0.5642025470733643
    ],
    [
      0.6166896224021912,
      0.5641685128211975
    ],
    [
      0.6169500350952148,
      0.5640883445739746
    ],
    [
      0.6171881556510925,
      0.5639660954475403
    ]
  ],
  "target": [
    [
      0.6173173189163208,
      0.5638686418533325
    ],
    [
      0.6173539161682129,
      0.5637922883033752
    ],
    [
      0.6172119975090027,
      0.5638216733932495
    ],
    [
      0.6169288158416748,
      0.5639348030090332
    ],
    [
      0.6166729927062988,
      0.563988983631134
    ],
    [
      0.6164373159408569,
      0.5639997720718384
    ],
    [
      0.6161421537399292,
      0.5639628767967224
    ],
    [
      0.6158063411712646,
      0.5638933777809143
    ],
    [
      0.6155181527137756,
      0.5637590885162354
    ],
    [
      0.615260124206543,
      0.5635836720466614
    ],
    [
      0.6149265766143799,
      0.5634402632713318
    ],
    [
      0.6145485043525696,
      0.5633156895637512
    ],
    [
      0.6143191456794739,
      0.5633107423782349
    ],
    [
      0.6141707897186279,
      0.5633708834648132
    ],
    [
      0.6139670014381409,
      0.5633916854858398
    ]
  ]
}