{
  "input": [
    [
      0.4430908262729645,
      0.6510483622550964
    ],
    [
      0.4444017708301544,
      0.65162593126297
    ],
    [
      0.445801317691803,
      0.6519593596458435
    ],
    [
      0.44727563858032227,
      0.6518142819404602
    ],
    [
      0.4489028751850128,
      0.6514159440994263
    ],
    [
      0.4506235420703888,
      0.6507695913314819
    ],
    [
      0.4524376392364502,
      0.6498751640319824
    ],
    [
      0.454345166683197,
      0.6487326622009277
    ],
    [
      0.4569510519504547,
      0.654986560344696
    ],
    [
      0.45923787355422974,
      0.6575663089752197
    ],
    [
      0.4613235592842102,
      0.6582406163215637
    ],
    [
      0.4633261561393738,
      0.6587781310081482
    ],
    [
      0.46592599153518677,
      0.6596119403839111
    ],
    [
      0.46826231479644775,
      0.6598629951477051
    ],
    [
      0.4704309403896332,
      0.6602066159248352
    ]
  ],
  "target": [
    [
      0.47252771258354187,
      0.6613178849220276
    ],
    [
      0.4749918282032013,
      0.6617160439491272
    ],
    [
      0.4774056077003479,
      0.6621827483177185
    ],
    [
      0.47980108857154846,
      0.662613034248352
    ],
    [
      0.4822103977203369,
      0.6629019975662231
    ],
    [
      0.4847710430622101,
      0.6633259057998657
    ],
    [
      0.4873291254043579,
      0.6636638641357422
    ],
    [
      0.48998627066612244,
      0.6637284755706787
    ],
    [
      0.4928441047668457,
      0.6633323431015015
    ],
    [
      0.4953874945640564,
      0.663523256778717
    ],
    [
      0.497956782579422,
      0.663240909576416
    ],
    [
      0.5005674958229065,
      0.6629749536514282
    ],
    [
      0.5032350420951843,
      0.6632146835327148
    ],
    [
      0.5056357979774475,
      0.6618613600730896
    ],
    [
      0.5083901286125183,
      0.6613699793815613
    ]
  ],
  "meta": {
    "video_name": "test1.mp4",
    "video_stem": "test1",
    "video_path": "E:\\desktop\\open\\lstm-akf\\data\\video\\test1.mp4",
    "fps": 40.0,
    "segment_index": 0,
    "sample_index": 15,
    "start_frame_index": 5,
    "history_end_frame_index": 19,
    "target_end_frame_index": 34,
    "history_frame_indices": [
      5,
      6,
      7,
      8,
      9,
      10,
      11,
      12,
      13,
      14,
      15,
      16,
      17,
      18,
      19
    ],
    "target_frame_indices": [
      20,
      21,
      22,
      23,
      24,
      25,
      26,
      27,
      28,
      29,
      30,
      31,
      32,
      33,
      34
    ],
    "history_timestamps": [
      0.8250000000000001,
      0.8500000000000001,
      0.8750000000000001,
      0.9000000000000001,
      0.9250000000000002,
      0.9500000000000002,
      0.9750000000000002,
      1.0000000000000002,
      1.0250000000000004,
      1.0500000000000003,
      1.0750000000000002,
      1.1000000000000003,
      1.1250000000000004,
      1.1500000000000004,
      1.1750000000000003
    ],
    "target_timestamps": [
      1.2000000000000004,
      1.2250000000000005,
      1.2500000000000004,
      1.2750000000000004,
      1.3000000000000005,
      1.3250000000000006,
      1.3500000000000005,
      1.3750000000000004,
      1.4000000000000006,
      1.4250000000000007,
      1.4500000000000006,
      1.4750000000000005,
      1.5000000000000007,
      1.5250000000000008,
      1.5500000000000007
    ]
  }
}