{
  "input": [
    [
      0.36003848910331726,
      0.5822235345840454
    ],
    [
      0.3696451187133789,
      0.5806236267089844
    ],
    [
      0.3864649832248688,
      0.5778488516807556
    ],
    [
      0.40021446347236633,
      0.5755974054336548
    ],
    [
      0.4129287898540497,
      0.5735223889350891
    ],
    [
      0.40425872802734375,
      0.5750014781951904
    ],
    [
      0.3890437185764313,
      0.5775682926177979
    ],
    [
      0.3837684988975525,
      0.578480064868927
    ],
    [
      0.38124045729637146,
      0.5789343118667603
    ],
    [
      0.37806907296180725,
      0.579506516456604
    ],
    [
      0.3747381269931793,
      0.5801078677177429
    ],
    [
      0.3915288746356964,
      0.5772880911827087
    ],
    [
      0.41276422142982483,
      0.5737126469612122
    ],
    [
      0.41786637902259827,
      0.5727723240852356
    ],
    [
      0.4198240041732788,
      0.5723455548286438
    ]
  ],
  "target": [
    [
      0.4193647801876068,
      0.572370707988739
    ],
    [
      0.4184946119785309,
      0.5724726915359497
    ],
    [
      0.41721296310424805,
      0.5726086497306824
    ],
    [
      0.41587120294570923,
      0.5727495551109314
    ],
    [
      0.4146521985530853,
      0.5728051662445068
    ],
    [
      0.41344836354255676,
      0.572850227355957
    ],
    [
      0.4123660922050476,
      0.5728514194488525
    ],
    [
      0.41129612922668457,
      0.5728482007980347
    ],
    [
      0.4093611538410187,
      0.5724735856056213
    ],
    [
      0.40735697746276855,
      0.5720692873001099
    ],
    [
      0.4062897562980652,
      0.5719300508499146
    ],
    [
      0.40527841448783875,
      0.5718066692352295
    ],
    [
      0.40442079305648804,
      0.5714597702026367
    ],
    [
      0.4035693109035492,
      0.5711038708686829
    ],
    [
      0.4032275676727295,
      0.5711914896965027
    ]
  ]
}