{
  "input": [
    [
      0.4662490785121918,
      0.5731589198112488
    ],
    [
      0.46641236543655396,
      0.5727942585945129
    ],
    [
      0.4664720296859741,
      0.5725544095039368
    ],
    [
      0.4665076732635498,
      0.5724048018455505
    ],
    [
      0.4664231240749359,
      0.5727062821388245
    ],
    [
      0.4663296639919281,
      0.5729852914810181
    ],
    [
      0.4661969244480133,
      0.5731647610664368
    ],
    [
      0.4660129249095917,
      0.5733574628829956
    ],
    [
      0.46562686562538147,
      0.573602557182312
    ],
    [
      0.4652635157108307,
      0.573793351650238
    ],
    [
      0.4649808704853058,
      0.5737915635108948
    ],
    [
      0.4646461308002472,
      0.5736047625541687
    ],
    [
      0.46414461731910706,
      0.5728250741958618
    ],
    [
      0.4636717736721039,
      0.5720916986465454
    ],
    [
      0.4632825255393982,
      0.5714929103851318
    ]
  ],
  "target": [
    [
      0.4629266560077667,
      0.5706283450126648
    ],
    [
      0.4626595079898834,
      0.5690575242042542
    ],
    [
      0.4624713361263275,
      0.5678368806838989
    ],
    [
      0.46247535943984985,
      0.5674685835838318
    ],
    [
      0.46269461512565613,
      0.5680354237556458
    ],
    [
      0.4633951783180237,
      0.5706928968429565
    ],
    [
      0.4641040563583374,
      0.572968065738678
    ],
    [
      0.46483004093170166,
      0.5744558572769165
    ],
    [
      0.46565234661102295,
      0.5762618780136108
    ],
    [
      0.4666578471660614,
      0.5786730051040649
    ],
    [
      0.46776682138442993,
      0.5813273191452026
    ],
    [
      0.4690577983856201,
      0.5844093561172485
    ],
    [
      0.4704572856426239,
      0.5877465009689331
    ],
    [
      0.47203367948532104,
      0.5914995074272156
    ],
    [
      0.47372373938560486,
      0.5955195426940918
    ]
  ]
}