{
  "input": [
    [
      0.6029911637306213,
      0.5539101362228394
    ],
    [
      0.6028799414634705,
      0.5540507435798645
    ],
    [
      0.6027792096138,
      0.554201066493988
    ],
    [
      0.6029616594314575,
      0.5546141862869263
    ],
    [
      0.6031548380851746,
      0.5550017356872559
    ],
    [
      0.6035391688346863,
      0.5549361705780029
    ],
    [
      0.6039169430732727,
      0.5548749566078186
    ],
    [
      0.6042091250419617,
      0.5548701286315918
    ],
    [
      0.6045033931732178,
      0.5548679232597351
    ],
    [
      0.6048186421394348,
      0.5548927187919617
    ],
    [
      0.6051195859909058,
      0.5549280643463135
    ],
    [
      0.6053009629249573,
      0.5550510883331299
    ],
    [
      0.6054514050483704,
      0.5551711916923523
    ],
    [
      0.6053847074508667,
      0.5552712678909302
    ],
    [
      0.6052464246749878,
      0.5553722977638245
    ]
  ],
  "target": [
    [
      0.6046768426895142,
      0.5554793477058411
    ],
    [
      0.6041476726531982,
      0.5555869340896606
    ],
    [
      0.6038302183151245,
      0.555697500705719
    ],
    [
      0.6033980250358582,
      0.5557289719581604
    ],
    [
      0.6024364233016968,
      0.5553957223892212
    ],
    [
      0.6014549732208252,
      0.5550761818885803
    ],
    [
      0.6003919839859009,
      0.5548130869865417
    ],
    [
      0.599275529384613,
      0.5545284748077393
    ],
    [
      0.5979621410369873,
      0.554164707660675
    ],
    [
      0.5965907573699951,
      0.5537776350975037
    ],
    [
      0.5950269103050232,
      0.5533132553100586
    ],
    [
      0.5934007167816162,
      0.5528237223625183
    ],
    [
      0.5915864706039429,
      0.5522586703300476
    ],
    [
      0.5897053480148315,
      0.5516667366027832
    ],
    [
      0.5876407027244568,
      0.5510010719299316
    ]
  ],
  "meta": {
    "video_name": "test2.mp4",
    "video_stem": "test2",
    "video_path": "E:\\desktop\\open\\lstm-akf\\data\\video\\test2.mp4",
    "fps": 40.0,
    "segment_index": 72,
    "sample_index": 12,
    "start_frame_index": 2,
    "history_end_frame_index": 16,
    "target_end_frame_index": 31,
    "history_frame_indices": [
      2,
      3,
      4,
      5,
      6,
      7,
      8,
      9,
      10,
      11,
      12,
      13,
      14,
      15,
      16
    ],
    "target_frame_indices": [
      17,
      18,
      19,
      20,
      21,
      22,
      23,
      24,
      25,
      26,
      27,
      28,
      29,
      30,
      31
    ],
    "history_timestamps": [
      164.42343609052048,
      164.4484360905205,
      164.4734360905205,
      164.4984360905205,
      164.5234360905205,
      164.5484360905205,
      164.57343609052052,
      164.59843609052052,
      164.62343609052053,
      164.64843609052053,
      164.67343609052054,
      164.69843609052054,
      164.72343609052055,
      164.74843609052056,
      164.77343609052056
    ],
    "target_timestamps": [
      164.79843609052057,
      164.82343609052057,
      164.84843609052058,
      164.87343609052058,
      164.8984360905206,
      164.9234360905206,
      164.9484360905206,
      164.9734360905206,
      164.9984360905206,
      165.02343609052062,
      165.04843609052062,
      165.07343609052063,
      165.09843609052064,
      165.12343609052064,
      165.14843609052065
    ]
  }
}