{
  "input": [
    [
      0.5070791840553284,
      0.570232093334198
    ],
    [
      0.5087838768959045,
      0.5701080560684204
    ],
    [
      0.5107378363609314,
      0.569956362247467
    ],
    [
      0.5131133198738098,
      0.5697580575942993
    ],
    [
      0.5153087377548218,
      0.5695132613182068
    ],
    [
      0.5172219276428223,
      0.5691957473754883
    ],
    [
      0.5191474556922913,
      0.5689902901649475
    ],
    [
      0.5210908651351929,
      0.5689479112625122
    ],
    [
      0.5226185917854309,
      0.568911612033844
    ],
    [
      0.5235841870307922,
      0.5688834190368652
    ],
    [
      0.5247622132301331,
      0.568920373916626
    ],
    [
      0.5262073874473572,
      0.5690392851829529
    ],
    [
      0.5273689031600952,
      0.569078803062439
    ],
    [
      0.5281983613967896,
      0.5690253973007202
    ],
    [
      0.5292348861694336,
      0.5687717795372009
    ]
  ],
  "target": [
    [
      0.5304969549179077,
      0.5682998895645142
    ],
    [
      0.5314725041389465,
      0.5680035948753357
    ],
    [
      0.5321572422981262,
      0.5678855180740356
    ],
    [
      0.5326532125473022,
      0.5678093433380127
    ],
    [
      0.5329707860946655,
      0.5677728056907654
    ],
    [
      0.5334054827690125,
      0.5677422285079956
    ],
    [
      0.5339432954788208,
      0.5677167773246765
    ],
    [
      0.5347245931625366,
      0.5676742792129517
    ],
    [
      0.5357052683830261,
      0.567617654800415
    ],
    [
      0.5363098978996277,
      0.5675573945045471
    ],
    [
      0.536628007888794,
      0.5674942135810852
    ],
    [
      0.5366827249526978,
      0.567504346370697
    ],
    [
      0.5365509390830994,
      0.567566454410553
    ],
    [
      0.5363885164260864,
      0.5675857067108154
    ],
    [
      0.5362060070037842,
      0.5675767064094543
    ]
  ]
}