{
  "input": [
    [
      0.5701586008071899,
      0.5672920346260071
    ],
    [
      0.5726141929626465,
      0.5671261548995972
    ],
    [
      0.5737099051475525,
      0.5670349597930908
    ],
    [
      0.574865996837616,
      0.5669276714324951
    ],
    [
      0.5765948295593262,
      0.5666683912277222
    ],
    [
      0.5782260298728943,
      0.5664031505584717
    ],
    [
      0.5790915489196777,
      0.5660908818244934
    ],
    [
      0.5799956917762756,
      0.5657888054847717
    ],
    [
      0.5811564922332764,
      0.5655540823936462
    ],
    [
      0.5822287201881409,
      0.5653335452079773
    ],
    [
      0.5827940106391907,
      0.5651947259902954
    ],
    [
      0.5834885835647583,
      0.5650901794433594
    ],
    [
      0.5848295092582703,
      0.5651570558547974
    ],
    [
      0.5860744118690491,
      0.5652289986610413
    ],
    [
      0.5868946313858032,
      0.565323531627655
    ]
  ],
  "target": [
    [
      0.5877877473831177,
      0.5654047727584839
    ],
    [
      0.588968813419342,
      0.5654334425926208
    ],
    [
      0.590096652507782,
      0.5654439926147461
    ],
    [
      0.5910360217094421,
      0.5653902292251587
    ],
    [
      0.5921685695648193,
      0.5653039813041687
    ],
    [
      0.5939200520515442,
      0.5651136040687561
    ],
    [
      0.5954500436782837,
      0.5649163722991943
    ],
    [
      0.596335232257843,
      0.5646990537643433
    ],
    [
      0.5974583029747009,
      0.5646195411682129
    ],
    [
      0.5992134213447571,
      0.5649062395095825
    ],
    [
      0.600756049156189,
      0.5651500821113586
    ],
    [
      0.60178142786026,
      0.5652896761894226
    ],
    [
      0.6026780009269714,
      0.5652848482131958
    ],
    [
      0.6032866835594177,
      0.564957320690155
    ],
    [
      0.6039320230484009,
      0.5647354125976562
    ]
  ]
}