{
  "input": [
    [
      0.4781922698020935,
      0.5659307837486267
    ],
    [
      0.4667581021785736,
      0.5641362071037292
    ],
    [
      0.45727676153182983,
      0.5626501441001892
    ],
    [
      0.4532332122325897,
      0.5620232820510864
    ],
    [
      0.4510229229927063,
      0.5615403056144714
    ],
    [
      0.4534794092178345,
      0.5614234805107117
    ],
    [
      0.4562458097934723,
      0.5614176392555237
    ],
    [
      0.4597359299659729,
      0.5616708993911743
    ],
    [
      0.46312612295150757,
      0.5620269179344177
    ],
    [
      0.4663016200065613,
      0.5626036524772644
    ],
    [
      0.46943503618240356,
      0.562908947467804
    ],
    [
      0.4724850356578827,
      0.5626765489578247
    ],
    [
      0.47601595520973206,
      0.5621474981307983
    ],
    [
      0.4804273247718811,
      0.5610752105712891
    ],
    [
      0.4841306209564209,
      0.5605125427246094
    ]
  ],
  "target": [
    [
      0.4866337776184082,
      0.5608136653900146
    ],
    [
      0.4898879826068878,
      0.5610644817352295
    ],
    [
      0.4943225085735321,
      0.5612362027168274
    ],
    [
      0.49796944856643677,
      0.5614730715751648
    ],
    [
      0.5004674196243286,
      0.561805009841919
    ],
    [
      0.5032446980476379,
      0.5621744394302368
    ],
    [
      0.5064005851745605,
      0.5625947117805481
    ],
    [
      0.5019479393959045,
      0.5637262463569641
    ],
    [
      0.4879010319709778,
      0.5657547116279602
    ],
    [
      0.4808204472064972,
      0.5668994188308716
    ],
    [
      0.4819146394729614,
      0.5670071244239807
    ],
    [
      0.4839871823787689,
      0.5672174692153931
    ],
    [
      0.4871285855770111,
      0.5675400495529175
    ],
    [
      0.49127328395843506,
      0.5676189661026001
    ],
    [
      0.4964386820793152,
      0.5674499869346619
    ]
  ]
}