{
  "input": [
    [
      0.45584774017333984,
      0.6662880778312683
    ],
    [
      0.4648764133453369,
      0.6700538992881775
    ],
    [
      0.4819684624671936,
      0.6739723086357117
    ],
    [
      0.49213680624961853,
      0.6760376691818237
    ],
    [
      0.49947628378868103,
      0.6773050427436829
    ],
    [
      0.5046602487564087,
      0.6777994632720947
    ],
    [
      0.5083622336387634,
      0.677545964717865
    ],
    [
      0.512721836566925,
      0.6769031882286072
    ],
    [
      0.5172197818756104,
      0.6762798428535461
    ],
    [
      0.5220972895622253,
      0.6756284832954407
    ],
    [
      0.5275955200195312,
      0.6749017238616943
    ],
    [
      0.5330168604850769,
      0.6744702458381653
    ],
    [
      0.5383722186088562,
      0.6737642288208008
    ],
    [
      0.5435619950294495,
      0.6728820204734802
    ],
    [
      0.5484867691993713,
      0.6719221472740173
    ]
  ],
  "target": [
    [
      0.5532326102256775,
      0.6706586480140686
    ],
    [
      0.48537200689315796,
      0.6899062395095825
    ],
    [
      0.40962347388267517,
      0.7130680084228516
    ],
    [
      0.39070555567741394,
      0.723547101020813
    ],
    [
      0.39684897661209106,
      0.7287550568580627
    ],
    [
      0.4115811586380005,
      0.7324947714805603
    ],
    [
      0.430636465549469,
      0.7351717948913574
    ],
    [
      0.44974932074546814,
      0.7371916174888611
    ],
    [
      0.4650457501411438,
      0.7386969327926636
    ],
    [
      0.4785224497318268,
      0.7405976057052612
    ],
    [
      0.4909250736236572,
      0.742595911026001
    ],
    [
      0.5029993057250977,
      0.7443938851356506
    ],
    [
      0.513843834400177,
      0.7450565695762634
    ],
    [
      0.5250222086906433,
      0.7456703782081604
    ],
    [
      0.5363708734512329,
      0.7457653284072876
    ]
  ],
  "meta": {
    "video_name": "test1.mp4",
    "video_stem": "test1",
    "video_path": "E:\\desktop\\open\\lstm-akf\\data\\video\\test1.mp4",
    "fps": 40.0,
    "segment_index": 0,
    "sample_index": 188,
    "start_frame_index": 178,
    "history_end_frame_index": 192,
    "target_end_frame_index": 207,
    "history_frame_indices": [
      178,
      179,
      180,
      181,
      182,
      183,
      184,
      185,
      186,
      187,
      188,
      189,
      190,
      191,
      192
    ],
    "target_frame_indices": [
      193,
      194,
      195,
      196,
      197,
      198,
      199,
      200,
      201,
      202,
      203,
      204,
      205,
      206,
      207
    ],
    "history_timestamps": [
      5.150000000000004,
      5.175000000000004,
      5.200000000000004,
      5.225000000000004,
      5.250000000000004,
      5.275000000000004,
      5.300000000000004,
      5.325000000000005,
      5.350000000000004,
      5.375000000000004,
      5.400000000000005,
      5.425000000000004,
      5.450000000000005,
      5.475000000000004,
      5.500000000000004
    ],
    "target_timestamps": [
      5.525000000000005,
      5.550000000000004,
      5.575000000000005,
      5.600000000000004,
      5.625000000000004,
      5.650000000000005,
      5.675000000000004,
      5.700000000000005,
      5.725000000000005,
      5.750000000000004,
      5.775000000000005,
      5.800000000000005,
      5.825000000000005,
      5.850000000000005,
      5.875000000000004
    ]
  }
}