{
  "input": [
    [
      0.5155179500579834,
      0.559966504573822
    ],
    [
      0.5108816623687744,
      0.5598536133766174
    ],
    [
      0.506256639957428,
      0.5597146153450012
    ],
    [
      0.5017780065536499,
      0.5592358708381653
    ],
    [
      0.4972456395626068,
      0.5587371587753296
    ],
    [
      0.4921633005142212,
      0.5580342411994934
    ],
    [
      0.4870164394378662,
      0.5573074221611023
    ],
    [
      0.48133033514022827,
      0.5563803315162659
    ],
    [
      0.4788031578063965,
      0.5554320812225342
    ],
    [
      0.498460978269577,
      0.5543352365493774
    ],
    [
      0.5152966976165771,
      0.553348958492279
    ],
    [
      0.5151432156562805,
      0.5530282855033875
    ],
    [
      0.5147987008094788,
      0.5527644753456116
    ],
    [
      0.5134530663490295,
      0.5527986884117126
    ],
    [
      0.5123046636581421,
      0.552742600440979
    ]
  ],
  "target": [
    [
      0.512066662311554,
      0.5522697567939758
    ],
    [
      0.5118042826652527,
      0.5518205165863037
    ],
    [
      0.5114419460296631,
      0.551468014717102
    ],
    [
      0.5111305117607117,
      0.5512083768844604
    ],
    [
      0.5110063552856445,
      0.5512904524803162
    ],
    [
      0.510924220085144,
      0.5514347553253174
    ],
    [
      0.5109818577766418,
      0.5517857074737549
    ],
    [
      0.5110112428665161,
      0.5521585941314697
    ],
    [
      0.5109556317329407,
      0.5525975227355957
    ],
    [
      0.510918915271759,
      0.553087055683136
    ],
    [
      0.5109339356422424,
      0.5537154674530029
    ],
    [
      0.5109690427780151,
      0.5543978810310364
    ],
    [
      0.5110546350479126,
      0.5552157759666443
    ],
    [
      0.5111616253852844,
      0.5560910701751709
    ],
    [
      0.5113178491592407,
      0.5570984482765198
    ]
  ]
}