{
  "input": [
    [
      0.5850410461425781,
      0.5749484300613403
    ],
    [
      0.5854459404945374,
      0.5752772092819214
    ],
    [
      0.5856565237045288,
      0.5755854249000549
    ],
    [
      0.5767831206321716,
      0.577532172203064
    ],
    [
      0.5529246926307678,
      0.5821819305419922
    ],
    [
      0.5344758629798889,
      0.586004376411438
    ],
    [
      0.5243049263954163,
      0.588560938835144
    ],
    [
      0.5183331966400146,
      0.5904310345649719
    ],
    [
      0.5183291435241699,
      0.5913256406784058
    ],
    [
      0.5200024843215942,
      0.5917215347290039
    ],
    [
      0.5238917469978333,
      0.5914586186408997
    ],
    [
      0.5284267067909241,
      0.5913759469985962
    ],
    [
      0.5337553024291992,
      0.5915148258209229
    ],
    [
      0.5380322933197021,
      0.5916807055473328
    ],
    [
      0.5411065220832825,
      0.5918773412704468
    ]
  ],
  "target": [
    [
      0.5430485010147095,
      0.59223473072052
    ],
    [
      0.5437846779823303,
      0.5927633047103882
    ],
    [
      0.5436219573020935,
      0.5932727456092834
    ],
    [
      0.5425678491592407,
      0.5937631726264954
    ],
    [
      0.5411409139633179,
      0.5938820838928223
    ],
    [
      0.5393697023391724,
      0.593657910823822
    ],
    [
      0.5375246405601501,
      0.593525230884552
    ],
    [
      0.5356159806251526,
      0.5934712290763855
    ],
    [
      0.5331422090530396,
      0.5934513211250305
    ],
    [
      0.5302160382270813,
      0.5934587121009827
    ],
    [
      0.527726411819458,
      0.5935273766517639
    ],
    [
      0.5255616903305054,
      0.5936416983604431
    ],
    [
      0.5221229195594788,
      0.5936759114265442
    ],
    [
      0.517802894115448,
      0.5936546921730042
    ],
    [
      0.5142161846160889,
      0.5936111211776733
    ]
  ]
}