{
  "input": [
    [
      0.6735517382621765,
      0.6047314405441284
    ],
    [
      0.6938087344169617,
      0.6093072295188904
    ],
    [
      0.7112957835197449,
      0.6133878827095032
    ],
    [
      0.7388172745704651,
      0.6193792223930359
    ],
    [
      0.7678052186965942,
      0.6256497502326965
    ],
    [
      0.7444989085197449,
      0.6229419112205505
    ],
    [
      0.7147490978240967,
      0.6191278100013733
    ],
    [
      0.7039663791656494,
      0.6198249459266663
    ],
    [
      0.6951029300689697,
      0.6209786534309387
    ],
    [
      0.6857656836509705,
      0.6220257878303528
    ],
    [
      0.6763904690742493,
      0.623064398765564
    ],
    [
      0.6740291714668274,
      0.6214411854743958
    ],
    [
      0.6720861792564392,
      0.6196592450141907
    ],
    [
      0.6678368449211121,
      0.6186985373497009
    ],
    [
      0.6634952425956726,
      0.6177707314491272
    ]
  ],
  "target": [
    [
      0.6584840416908264,
      0.6173673272132874
    ],
    [
      0.6534587144851685,
      0.616974949836731
    ],
    [
      0.6921917796134949,
      0.6108246445655823
    ],
    [
      0.730128288269043,
      0.6047917008399963
    ],
    [
      0.7072668075561523,
      0.6075870394706726
    ],
    [
      0.686040997505188,
      0.6101939678192139
    ],
    [
      0.7131243944168091,
      0.6072385907173157
    ],
    [
      0.7392193675041199,
      0.6044306755065918
    ],
    [
      0.7467498779296875,
      0.6043925285339355
    ],
    [
      0.7536632418632507,
      0.6044196486473083
    ],
    [
      0.7521660327911377,
      0.6053351759910583
    ],
    [
      0.7503488659858704,
      0.6062581539154053
    ],
    [
      0.74513840675354,
      0.6072601675987244
    ],
    [
      0.7398954629898071,
      0.6082023978233337
    ],
    [
      0.7343721389770508,
      0.6086293458938599
    ]
  ],
  "meta": {
    "video_name": "test2.mp4",
    "video_stem": "test2",
    "video_path": "E:\\desktop\\open\\lstm-akf\\data\\video\\test2.mp4",
    "fps": 40.0,
    "segment_index": 166,
    "sample_index": 105,
    "start_frame_index": 95,
    "history_end_frame_index": 109,
    "target_end_frame_index": 124,
    "history_frame_indices": [
      95,
      96,
      97,
      98,
      99,
      100,
      101,
      102,
      103,
      104,
      105,
      106,
      107,
      108,
      109
    ],
    "target_frame_indices": [
      110,
      111,
      112,
      113,
      114,
      115,
      116,
      117,
      118,
      119,
      120,
      121,
      122,
      123,
      124
    ],
    "history_timestamps": [
      391.33101443306845,
      391.3560144330684,
      391.3810144330684,
      391.4060144330684,
      391.43101443306836,
      391.45601443306833,
      391.4810144330683,
      391.5060144330683,
      391.53101443306826,
      391.55601443306824,
      391.5810144330682,
      391.6060144330682,
      391.6310144330682,
      391.65601443306815,
      391.6810144330681
    ],
    "target_timestamps": [
      391.7060144330681,
      391.7310144330681,
      391.75601443306806,
      391.78101443306804,
      391.806014433068,
      391.831014433068,
      391.85601443306797,
      391.88101443306795,
      391.9060144330679,
      391.9310144330679,
      391.9560144330679,
      391.98101443306786,
      392.00601443306783,
      392.0310144330678,
      392.0560144330678
    ]
  }
}