{
  "input": [
    [
      0.5257139801979065,
      0.5560271143913269
    ],
    [
      0.5233703851699829,
      0.55567866563797
    ],
    [
      0.5210309028625488,
      0.5553354024887085
    ],
    [
      0.5186915993690491,
      0.5549923777580261
    ],
    [
      0.5163564085960388,
      0.5546545386314392
    ],
    [
      0.5151643753051758,
      0.5545809864997864
    ],
    [
      0.5310803055763245,
      0.5584635734558105
    ],
    [
      0.5456681251525879,
      0.5620586276054382
    ],
    [
      0.5450734496116638,
      0.5623671412467957
    ],
    [
      0.5445827841758728,
      0.5626983046531677
    ],
    [
      0.5450468063354492,
      0.5632370114326477
    ],
    [
      0.5454540252685547,
      0.5636979341506958
    ],
    [
      0.5454280376434326,
      0.5635659098625183
    ],
    [
      0.54522705078125,
      0.5635062456130981
    ],
    [
      0.5438932180404663,
      0.563914954662323
    ]
  ],
  "target": [
    [
      0.5426042675971985,
      0.5643001198768616
    ],
    [
      0.5415659546852112,
      0.5645534992218018
    ],
    [
      0.540335476398468,
      0.56468665599823
    ],
    [
      0.5381628274917603,
      0.5642305612564087
    ],
    [
      0.5361440777778625,
      0.5638213157653809
    ],
    [
      0.5347934365272522,
      0.5636152029037476
    ],
    [
      0.5332341194152832,
      0.5633174180984497
    ],
    [
      0.5308659076690674,
      0.5626644492149353
    ],
    [
      0.5287896990776062,
      0.56208735704422
    ],
    [
      0.5277316570281982,
      0.5617747902870178
    ],
    [
      0.5267693400382996,
      0.5614951252937317
    ],
    [
      0.5261090993881226,
      0.5613192319869995
    ],
    [
      0.5256291627883911,
      0.5611906051635742
    ],
    [
      0.5256667137145996,
      0.561197817325592
    ],
    [
      0.5257654190063477,
      0.5612021088600159
    ]
  ]
}