{
  "input": [
    [
      0.7427259683609009,
      0.6146628856658936
    ],
    [
      0.7598450779914856,
      0.6172799468040466
    ],
    [
      0.7771306037902832,
      0.6194751858711243
    ],
    [
      0.7947832942008972,
      0.6207396984100342
    ],
    [
      0.8100935816764832,
      0.6216509938240051
    ],
    [
      0.8206421136856079,
      0.6218442916870117
    ],
    [
      0.8309895396232605,
      0.621759295463562
    ],
    [
      0.8409594893455505,
      0.6211519241333008
    ],
    [
      0.8302977085113525,
      0.6232686042785645
    ],
    [
      0.783794641494751,
      0.6301174759864807
    ],
    [
      0.7472571134567261,
      0.6358970403671265
    ],
    [
      0.7267640233039856,
      0.6399551630020142
    ],
    [
      0.7137396931648254,
      0.643177330493927
    ],
    [
      0.7118743062019348,
      0.6451506614685059
    ],
    [
      0.7160428762435913,
      0.6466966271400452
    ]
  ],
  "target": [
    [
      0.7285866737365723,
      0.6476495265960693
    ],
    [
      0.7417578101158142,
      0.6483964323997498
    ],
    [
      0.7557385563850403,
      0.6488773226737976
    ],
    [
      0.7686048746109009,
      0.6491159796714783
    ],
    [
      0.7801328301429749,
      0.6490637063980103
    ],
    [
      0.7904067635536194,
      0.6487604975700378
    ],
    [
      0.7992787957191467,
      0.648176908493042
    ],
    [
      0.8092361688613892,
      0.6476572751998901
    ],
    [
      0.82032310962677,
      0.6472042202949524
    ],
    [
      0.8292059302330017,
      0.6471240520477295
    ],
    [
      0.83595210313797,
      0.6474053263664246
    ],
    [
      0.8436586260795593,
      0.6472876071929932
    ],
    [
      0.8522318601608276,
      0.6468096971511841
    ],
    [
      0.8586260080337524,
      0.6463841199874878
    ],
    [
      0.8631889820098877,
      0.6460025906562805
    ]
  ]
}