{
  "input": [
    [
      0.4336273968219757,
      0.5782814621925354
    ],
    [
      0.45251795649528503,
      0.5831739902496338
    ],
    [
      0.4699764549732208,
      0.5877260565757751
    ],
    [
      0.4862590730190277,
      0.5919986367225647
    ],
    [
      0.5058339834213257,
      0.5970008373260498
    ],
    [
      0.5279238224029541,
      0.6025604009628296
    ],
    [
      0.5118177533149719,
      0.6012899875640869
    ],
    [
      0.46858587861061096,
      0.5951691269874573
    ],
    [
      0.44513246417045593,
      0.5923957228660583
    ],
    [
      0.43472564220428467,
      0.5918303728103638
    ],
    [
      0.426384299993515,
      0.5912119746208191
    ],
    [
      0.41930705308914185,
      0.590561032295227
    ],
    [
      0.40982234477996826,
      0.5895996689796448
    ],
    [
      0.39897260069847107,
      0.5884622931480408
    ],
    [
      0.38646960258483887,
      0.5869089961051941
    ]
  ],
  "target": [
    [
      0.37309950590133667,
      0.585137665271759
    ],
    [
      0.3760274350643158,
      0.5855632424354553
    ],
    [
      0.3868468105792999,
      0.587052583694458
    ],
    [
      0.3892432451248169,
      0.5873106718063354
    ],
    [
      0.38788318634033203,
      0.5870195627212524
    ],
    [
      0.38720324635505676,
      0.5870516896247864
    ],
    [
      0.38680195808410645,
      0.5872161984443665
    ],
    [
      0.38686031103134155,
      0.5873394012451172
    ],
    [
      0.38709113001823425,
      0.5874471664428711
    ],
    [
      0.3875412046909332,
      0.587522029876709
    ],
    [
      0.3880663514137268,
      0.5875855684280396
    ],
    [
      0.38850635290145874,
      0.5877646207809448
    ],
    [
      0.3889198303222656,
      0.5879796147346497
    ],
    [
      0.3895409107208252,
      0.5882799029350281
    ],
    [
      0.3902203440666199,
      0.5886042714118958
    ]
  ],
  "meta": {
    "video_name": "test2.mp4",
    "video_stem": "test2",
    "video_path": "E:\\desktop\\open\\lstm-akf\\data\\video\\test2.mp4",
    "fps": 40.0,
    "segment_index": 52,
    "sample_index": 181,
    "start_frame_index": 171,
    "history_end_frame_index": 185,
    "target_end_frame_index": 200,
    "history_frame_indices": [
      171,
      172,
      173,
      174,
      175,
      176,
      177,
      178,
      179,
      180,
      181,
      182,
      183,
      184,
      185
    ],
    "target_frame_indices": [
      186,
      187,
      188,
      189,
      190,
      191,
      192,
      193,
      194,
      195,
      196,
      197,
      198,
      199,
      200
    ],
    "history_timestamps": [
      124.2968457073391,
      124.32184570733911,
      124.34684570733911,
      124.37184570733912,
      124.39684570733912,
      124.42184570733913,
      124.44684570733914,
      124.47184570733914,
      124.49684570733915,
      124.52184570733915,
      124.54684570733916,
      124.57184570733916,
      124.59684570733917,
      124.62184570733918,
      124.64684570733918
    ],
    "target_timestamps": [
      124.67184570733919,
      124.6968457073392,
      124.7218457073392,
      124.7468457073392,
      124.77184570733921,
      124.79684570733922,
      124.82184570733922,
      124.84684570733923,
      124.87184570733923,
      124.89684570733924,
      124.92184570733924,
      124.94684570733925,
      124.97184570733926,
      124.99684570733926,
      125.02184570733927
    ]
  }
}