{
  "input": [
    [
      0.5900158286094666,
      0.5613411068916321
    ],
    [
      0.5900139808654785,
      0.561318039894104
    ],
    [
      0.590011715888977,
      0.5613465905189514
    ],
    [
      0.5900095105171204,
      0.5613714456558228
    ],
    [
      0.5900077819824219,
      0.5613764524459839
    ],
    [
      0.5900059342384338,
      0.5613827109336853
    ],
    [
      0.5900037288665771,
      0.5613951086997986
    ],
    [
      0.5900012254714966,
      0.5613968372344971
    ],
    [
      0.589997410774231,
      0.5613540410995483
    ],
    [
      0.5899950861930847,
      0.5613272190093994
    ],
    [
      0.5899983048439026,
      0.5613604187965393
    ],
    [
      0.5900013446807861,
      0.5613846778869629
    ],
    [
      0.5900038480758667,
      0.5613791346549988
    ],
    [
      0.5900060534477234,
      0.5613762736320496
    ],
    [
      0.5900073647499084,
      0.5613816976547241
    ]
  ],
  "target": [
    [
      0.5900076627731323,
      0.5613763928413391
    ],
    [
      0.5900051593780518,
      0.5613411664962769
    ],
    [
      0.5900011658668518,
      0.5613179206848145
    ],
    [
      0.5899935364723206,
      0.5613252520561218
    ],
    [
      0.5899876952171326,
      0.5613265633583069
    ],
    [
      0.5899862051010132,
      0.561313807964325
    ],
    [
      0.5899854898452759,
      0.5613088607788086
    ],
    [
      0.5899863839149475,
      0.5613209009170532
    ],
    [
      0.5899849534034729,
      0.5613223910331726
    ],
    [
      0.5899787545204163,
      0.5613030195236206
    ],
    [
      0.5899794697761536,
      0.5613049268722534
    ],
    [
      0.5899927020072937,
      0.5613458156585693
    ],
    [
      0.5900022983551025,
      0.5613669157028198
    ],
    [
      0.5900058746337891,
      0.5613545179367065
    ],
    [
      0.5900363922119141,
      0.5613729357719421
    ]
  ]
}