{
  "input": [
    [
      0.531498908996582,
      0.5548313856124878
    ],
    [
      0.532173216342926,
      0.5548218488693237
    ],
    [
      0.5328390598297119,
      0.5548160672187805
    ],
    [
      0.5233971476554871,
      0.5574266314506531
    ],
    [
      0.512196958065033,
      0.5604922771453857
    ],
    [
      0.5099042654037476,
      0.561194896697998
    ],
    [
      0.5089468359947205,
      0.5615432262420654
    ],
    [
      0.5111850500106812,
      0.5617443919181824
    ],
    [
      0.5138285756111145,
      0.5619269609451294
    ],
    [
      0.5160844922065735,
      0.5619794130325317
    ],
    [
      0.5182998180389404,
      0.5620181560516357
    ],
    [
      0.5210878252983093,
      0.5620778203010559
    ],
    [
      0.5239235758781433,
      0.5621391534805298
    ],
    [
      0.5282106399536133,
      0.5619544982910156
    ],
    [
      0.5325889587402344,
      0.5617544054985046
    ]
  ],
  "target": [
    [
      0.5334823131561279,
      0.5622027516365051
    ],
    [
      0.534225344657898,
      0.5626790523529053
    ],
    [
      0.5377705693244934,
      0.5626885294914246
    ],
    [
      0.5413833260536194,
      0.5626868009567261
    ],
    [
      0.5259906053543091,
      0.5585055351257324
    ],
    [
      0.5106608867645264,
      0.5543445944786072
    ],
    [
      0.5094318985939026,
      0.5538126826286316
    ],
    [
      0.5083134770393372,
      0.5533212423324585
    ],
    [
      0.510783851146698,
      0.5541437268257141
    ],
    [
      0.5132554769515991,
      0.5549423098564148
    ],
    [
      0.5157502293586731,
      0.5552632212638855
    ],
    [
      0.5182061195373535,
      0.5555685758590698
    ],
    [
      0.5201064944267273,
      0.5556529760360718
    ],
    [
      0.522068440914154,
      0.5557206869125366
    ],
    [
      0.5247076749801636,
      0.5556042194366455
    ]
  ]
}