{
  "input": [
    [
      0.532307505607605,
      0.5696118474006653
    ],
    [
      0.5326881408691406,
      0.5698034167289734
    ],
    [
      0.5330818891525269,
      0.5698946118354797
    ],
    [
      0.5335248112678528,
      0.5700169801712036
    ],
    [
      0.5343129634857178,
      0.5703578591346741
    ],
    [
      0.535102367401123,
      0.5706878304481506
    ],
    [
      0.5358996987342834,
      0.5709517002105713
    ],
    [
      0.5366888046264648,
      0.5712273716926575
    ],
    [
      0.5374352931976318,
      0.5715644955635071
    ],
    [
      0.5381220579147339,
      0.5718851685523987
    ],
    [
      0.5385334491729736,
      0.5721296072006226
    ],
    [
      0.5390838980674744,
      0.5723615288734436
    ],
    [
      0.540205180644989,
      0.5725418925285339
    ],
    [
      0.5412636399269104,
      0.5727192163467407
    ],
    [
      0.5420910120010376,
      0.5728851556777954
    ]
  ],
  "target": [
    [
      0.5429518222808838,
      0.5730758905410767
    ],
    [
      0.543923556804657,
      0.5733488202095032
    ],
    [
      0.5448237657546997,
      0.5735622048377991
    ],
    [
      0.5455085635185242,
      0.5735963582992554
    ],
    [
      0.5462898015975952,
      0.5737450122833252
    ],
    [
      0.5473357439041138,
      0.5742077231407166
    ],
    [
      0.5483649969100952,
      0.5746430158615112
    ],
    [
      0.5493524074554443,
      0.5750095248222351
    ],
    [
      0.550386369228363,
      0.5754327774047852
    ],
    [
      0.5515276193618774,
      0.5759869813919067
    ],
    [
      0.5525764226913452,
      0.5765047073364258
    ],
    [
      0.5534291863441467,
      0.5769451856613159
    ],
    [
      0.5544427037239075,
      0.577559769153595
    ],
    [
      0.5557704567909241,
      0.5785148739814758
    ],
    [
      0.5573586821556091,
      0.5790808796882629
    ]
  ],
  "meta": {
    "video_name": "test2.mp4",
    "video_stem": "test2",
    "video_path": "E:\\desktop\\open\\lstm-akf\\data\\video\\test2.mp4",
    "fps": 40.0,
    "segment_index": 166,
    "sample_index": 21,
    "start_frame_index": 11,
    "history_end_frame_index": 25,
    "target_end_frame_index": 40,
    "history_frame_indices": [
      11,
      12,
      13,
      14,
      15,
      16,
      17,
      18,
      19,
      20,
      21,
      22,
      23,
      24,
      25
    ],
    "target_frame_indices": [
      26,
      27,
      28,
      29,
      30,
      31,
      32,
      33,
      34,
      35,
      36,
      37,
      38,
      39,
      40
    ],
    "history_timestamps": [
      389.23101443307036,
      389.25601443307033,
      389.2810144330703,
      389.3060144330703,
      389.33101443307027,
      389.35601443307024,
      389.3810144330702,
      389.4060144330702,
      389.4310144330702,
      389.45601443307015,
      389.48101443307013,
      389.5060144330701,
      389.5310144330701,
      389.55601443307006,
      389.58101443307004
    ],
    "target_timestamps": [
      389.60601443307,
      389.63101443307,
      389.65601443306997,
      389.68101443306995,
      389.7060144330699,
      389.7310144330699,
      389.7560144330699,
      389.78101443306986,
      389.80601443306983,
      389.8310144330698,
      389.8560144330698,
      389.88101443306977,
      389.90601443306974,
      389.9310144330697,
      389.9560144330697
    ]
  }
}