{
  "input": [
    [
      0.5546970367431641,
      0.5611963868141174
    ],
    [
      0.5558574795722961,
      0.5614752769470215
    ],
    [
      0.5577297806739807,
      0.5619169473648071
    ],
    [
      0.5550771951675415,
      0.5629081130027771
    ],
    [
      0.5357728004455566,
      0.5659217834472656
    ],
    [
      0.5212884545326233,
      0.5683563947677612
    ],
    [
      0.5228069424629211,
      0.5688685178756714
    ],
    [
      0.5242775082588196,
      0.5694487690925598
    ],
    [
      0.5256037712097168,
      0.5702342987060547
    ],
    [
      0.5273356437683105,
      0.5710088610649109
    ],
    [
      0.5301804542541504,
      0.5717532634735107
    ],
    [
      0.5334579348564148,
      0.5724859237670898
    ],
    [
      0.537821352481842,
      0.5731891989707947
    ],
    [
      0.5426443815231323,
      0.5738799571990967
    ],
    [
      0.5485263466835022,
      0.5745420455932617
    ]
  ],
  "target": [
    [
      0.5524880290031433,
      0.5742205381393433
    ],
    [
      0.5523785948753357,
      0.5718138813972473
    ],
    [
      0.5537088513374329,
      0.5701516270637512
    ],
    [
      0.557854950428009,
      0.5699453949928284
    ],
    [
      0.5613155961036682,
      0.5697140693664551
    ],
    [
      0.5635369420051575,
      0.5694373250007629
    ],
    [
      0.5658876895904541,
      0.5691216588020325
    ],
    [
      0.5684551000595093,
      0.5687408447265625
    ],
    [
      0.5708674788475037,
      0.5683287978172302
    ],
    [
      0.5730389356613159,
      0.5678682327270508
    ],
    [
      0.5750483274459839,
      0.567375123500824
    ],
    [
      0.576823890209198,
      0.5668349266052246
    ],
    [
      0.5784302949905396,
      0.5662606954574585
    ],
    [
      0.5798099637031555,
      0.5656408071517944
    ],
    [
      0.5810133814811707,
      0.564985454082489
    ]
  ],
  "meta": {
    "video_name": "test2.mp4",
    "video_stem": "test2",
    "video_path": "E:\\desktop\\open\\lstm-akf\\data\\video\\test2.mp4",
    "fps": 40.0,
    "segment_index": 30,
    "sample_index": 31,
    "start_frame_index": 21,
    "history_end_frame_index": 35,
    "target_end_frame_index": 50,
    "history_frame_indices": [
      21,
      22,
      23,
      24,
      25,
      26,
      27,
      28,
      29,
      30,
      31,
      32,
      33,
      34,
      35
    ],
    "target_frame_indices": [
      36,
      37,
      38,
      39,
      40,
      41,
      42,
      43,
      44,
      45,
      46,
      47,
      48,
      49,
      50
    ],
    "history_timestamps": [
      69.75312487743669,
      69.7781248774367,
      69.8031248774367,
      69.82812487743671,
      69.85312487743671,
      69.87812487743672,
      69.90312487743672,
      69.92812487743673,
      69.95312487743674,
      69.97812487743674,
      70.00312487743675,
      70.02812487743675,
      70.05312487743676,
      70.07812487743676,
      70.10312487743677
    ],
    "target_timestamps": [
      70.12812487743678,
      70.15312487743678,
      70.17812487743679,
      70.20312487743679,
      70.2281248774368,
      70.2531248774368,
      70.27812487743681,
      70.30312487743682,
      70.32812487743682,
      70.35312487743683,
      70.37812487743683,
      70.40312487743684,
      70.42812487743684,
      70.45312487743685,
      70.47812487743685
    ]
  }
}