{
  "input": [
    [
      0.43901824951171875,
      0.6544221639633179
    ],
    [
      0.43894311785697937,
      0.6544225215911865
    ],
    [
      0.4389318823814392,
      0.6543814539909363
    ],
    [
      0.43895062804222107,
      0.6543019413948059
    ],
    [
      0.43896543979644775,
      0.6541871428489685
    ],
    [
      0.438904345035553,
      0.6541967988014221
    ]
  ],
  "target": [
    [
      0.4389127790927887,
      0.654089093208313
    ],
    [
      0.4389511048793793,
      0.6539760828018188
    ],
    [
      0.4389796853065491,
      0.6539698839187622
    ],
    [
      0.4390001893043518,
      0.6540215611457825
    ],
    [
      0.4389936029911041,
      0.6541225910186768
    ],
    [
      0.4389534592628479,
      0.6542820334434509
    ],
    [
      0.43887341022491455,
      0.6545091867446899
    ],
    [
      0.4388512074947357,
      0.6545920968055725
    ],
    [
      0.4388412833213806,
      0.6546503305435181
    ],
    [
      0.43884095549583435,
      0.6546496748924255
    ],
    [
      0.4388475716114044,
      0.6545557379722595
    ],
    [
      0.4387969672679901,
      0.6544325947761536
    ],
    [
      0.4387660324573517,
      0.6544064879417419
    ],
    [
      0.43874868750572205,
      0.6544115543365479
    ],
    [
      0.4387389123439789,
      0.6543817520141602
    ]
  ]
}