{
  "input": [
    [
      0.7570672035217285,
      0.5936503410339355
    ],
    [
      0.7382232546806335,
      0.5965076088905334
    ],
    [
      0.7014294266700745,
      0.6027224659919739
    ],
    [
      0.6740859746932983,
      0.6074140071868896
    ],
    [
      0.6552726030349731,
      0.6107305884361267
    ],
    [
      0.6443592309951782,
      0.6127617359161377
    ],
    [
      0.6400840282440186,
      0.6137128472328186
    ],
    [
      0.640710175037384,
      0.6145513653755188
    ],
    [
      0.645168662071228,
      0.6153019070625305
    ],
    [
      0.6508161425590515,
      0.6157681345939636
    ],
    [
      0.6573280692100525,
      0.6160276532173157
    ],
    [
      0.6651660799980164,
      0.6164616942405701
    ],
    [
      0.6738998889923096,
      0.6170135736465454
    ],
    [
      0.6809353828430176,
      0.6176839470863342
    ],
    [
      0.6869059205055237,
      0.618428647518158
    ]
  ],
  "target": [
    [
      0.6942940354347229,
      0.6190120577812195
    ],
    [
      0.7025059461593628,
      0.6195017695426941
    ],
    [
      0.7087916731834412,
      0.6201050877571106
    ],
    [
      0.7140413522720337,
      0.6207695007324219
    ],
    [
      0.7222737073898315,
      0.6208646297454834
    ],
    [
      0.731988251209259,
      0.6206768751144409
    ],
    [
      0.7394882440567017,
      0.6207690238952637
    ],
    [
      0.7459738254547119,
      0.6209894418716431
    ],
    [
      0.7252445220947266,
      0.6162493824958801
    ],
    [
      0.6930533647537231,
      0.6094201803207397
    ],
    [
      0.6726692914962769,
      0.6052299737930298
    ],
    [
      0.6568437814712524,
      0.6020586490631104
    ],
    [
      0.6549932956695557,
      0.6009652018547058
    ],
    [
      0.6580718159675598,
      0.6006045341491699
    ],
    [
      0.6662179827690125,
      0.6011703014373779
    ]
  ]
}