{
  "input": [
    [
      0.4186578094959259,
      0.6346213221549988
    ],
    [
      0.41362878680229187,
      0.6329130530357361
    ],
    [
      0.4211367964744568,
      0.6343673467636108
    ],
    [
      0.4357125759124756,
      0.637788712978363
    ],
    [
      0.4490036368370056,
      0.6410596370697021
    ],
    [
      0.46051403880119324,
      0.6437485814094543
    ],
    [
      0.46974796056747437,
      0.6454237699508667
    ],
    [
      0.4758904278278351,
      0.646163284778595
    ],
    [
      0.481200248003006,
      0.6462491750717163
    ],
    [
      0.48601117730140686,
      0.6458992958068848
    ],
    [
      0.49065694212913513,
      0.6453313827514648
    ],
    [
      0.4953116774559021,
      0.6441745162010193
    ],
    [
      0.5001223087310791,
      0.643625020980835
    ],
    [
      0.5050167441368103,
      0.6430190801620483
    ],
    [
      0.5099228620529175,
      0.6416929960250854
    ]
  ],
  "target": [
    [
      0.5141529440879822,
      0.6404550671577454
    ],
    [
      0.5178505778312683,
      0.64006507396698
    ],
    [
      0.4963686466217041,
      0.6459550261497498
    ],
    [
      0.4250600039958954,
      0.6635569930076599
    ],
    [
      0.37956494092941284,
      0.6769034266471863
    ],
    [
      0.35582828521728516,
      0.6849769353866577
    ],
    [
      0.348702609539032,
      0.6885611414909363
    ],
    [
      0.35304054617881775,
      0.6884394884109497
    ],
    [
      0.362975150346756,
      0.6858649849891663
    ],
    [
      0.37103691697120667,
      0.6834935545921326
    ],
    [
      0.37679266929626465,
      0.6814575791358948
    ],
    [
      0.3798092305660248,
      0.6798897385597229
    ],
    [
      0.37998247146606445,
      0.6793214082717896
    ],
    [
      0.3792058527469635,
      0.6791613101959229
    ],
    [
      0.3778859078884125,
      0.6792941689491272
    ]
  ]
}