{
  "input": [
    [
      0.5930774211883545,
      0.5598525404930115
    ],
    [
      0.5945932865142822,
      0.5600080490112305
    ],
    [
      0.5963172316551208,
      0.5602177381515503
    ],
    [
      0.5980610847473145,
      0.5604326725006104
    ],
    [
      0.6000090837478638,
      0.5607008337974548
    ],
    [
      0.6018922328948975,
      0.5608553290367126
    ],
    [
      0.6032330393791199,
      0.560059666633606
    ],
    [
      0.604576826095581,
      0.5593525767326355
    ],
    [
      0.6059412956237793,
      0.5592672228813171
    ],
    [
      0.6071388721466064,
      0.5591760873794556
    ],
    [
      0.6073316335678101,
      0.5590501427650452
    ],
    [
      0.6074644923210144,
      0.5589404702186584
    ],
    [
      0.6072835922241211,
      0.5589157342910767
    ],
    [
      0.6070964336395264,
      0.5588918328285217
    ],
    [
      0.6068806052207947,
      0.5588716864585876
    ]
  ],
  "target": [
    [
      0.6066431403160095,
      0.5588575005531311
    ],
    [
      0.6063169240951538,
      0.5588679313659668
    ],
    [
      0.6060106754302979,
      0.5588771104812622
    ],
    [
      0.6057780385017395,
      0.5588815212249756
    ],
    [
      0.6055498123168945,
      0.5589163303375244
    ],
    [
      0.6053363680839539,
      0.5590522885322571
    ],
    [
      0.6051212549209595,
      0.559174120426178
    ],
    [
      0.6049008369445801,
      0.5592536330223083
    ],
    [
      0.6046873331069946,
      0.5593904256820679
    ],
    [
      0.6044929027557373,
      0.5596843957901001
    ],
    [
      0.6042873859405518,
      0.5599806308746338
    ],
    [
      0.6040540337562561,
      0.5602823495864868
    ],
    [
      0.6038240194320679,
      0.560604989528656
    ],
    [
      0.6036016345024109,
      0.5609759092330933
    ],
    [
      0.6033827066421509,
      0.5613690614700317
    ]
  ],
  "meta": {
    "video_name": "test2.mp4",
    "video_stem": "test2",
    "video_path": "E:\\desktop\\open\\lstm-akf\\data\\video\\test2.mp4",
    "fps": 40.0,
    "segment_index": 50,
    "sample_index": 17,
    "start_frame_index": 7,
    "history_end_frame_index": 21,
    "target_end_frame_index": 36,
    "history_frame_indices": [
      7,
      8,
      9,
      10,
      11,
      12,
      13,
      14,
      15,
      16,
      17,
      18,
      19,
      20,
      21
    ],
    "target_frame_indices": [
      22,
      23,
      24,
      25,
      26,
      27,
      28,
      29,
      30,
      31,
      32,
      33,
      34,
      35,
      36
    ],
    "history_timestamps": [
      118.3633162725027,
      118.3883162725027,
      118.41331627250271,
      118.43831627250272,
      118.46331627250272,
      118.48831627250273,
      118.51331627250273,
      118.53831627250274,
      118.56331627250275,
      118.58831627250275,
      118.61331627250276,
      118.63831627250276,
      118.66331627250277,
      118.68831627250277,
      118.71331627250278
    ],
    "target_timestamps": [
      118.73831627250279,
      118.76331627250279,
      118.7883162725028,
      118.8133162725028,
      118.83831627250281,
      118.86331627250281,
      118.88831627250282,
      118.91331627250283,
      118.93831627250283,
      118.96331627250284,
      118.98831627250284,
      119.01331627250285,
      119.03831627250285,
      119.06331627250286,
      119.08831627250287
    ]
  }
}