{
  "input": [
    [
      0.5899534821510315,
      0.5619917511940002
    ],
    [
      0.5899580717086792,
      0.5619433522224426
    ],
    [
      0.5899621844291687,
      0.5619059205055237
    ],
    [
      0.5899655222892761,
      0.5618820786476135
    ],
    [
      0.5899698734283447,
      0.5618554353713989
    ],
    [
      0.5899753570556641,
      0.5618255138397217
    ],
    [
      0.5899763107299805,
      0.561790943145752
    ],
    [
      0.5899723172187805,
      0.5617514848709106
    ],
    [
      0.589972972869873,
      0.5617246031761169
    ],
    [
      0.5899781584739685,
      0.5617104768753052
    ],
    [
      0.5899802446365356,
      0.5616921186447144
    ],
    [
      0.5899792313575745,
      0.5616698861122131
    ],
    [
      0.58998042345047,
      0.5616631507873535
    ],
    [
      0.5899834632873535,
      0.5616700053215027
    ],
    [
      0.5899845957756042,
      0.5616673231124878
    ]
  ],
  "target": [
    [
      0.5899840593338013,
      0.5616569519042969
    ],
    [
      0.5899876356124878,
      0.5616490244865417
    ],
    [
      0.5899943113327026,
      0.5616430044174194
    ],
    [
      0.5899965763092041,
      0.5616335272789001
    ],
    [
      0.589995801448822,
      0.5616217255592346
    ],
    [
      0.5899969339370728,
      0.5616130828857422
    ],
    [
      0.5899993777275085,
      0.5616064667701721
    ],
    [
      0.5899983048439026,
      0.56160569190979
    ],
    [
      0.5899951457977295,
      0.5616084933280945
    ],
    [
      0.5899951457977295,
      0.5615939497947693
    ],
    [
      0.5899969339370728,
      0.5615697503089905
    ],
    [
      0.5899880528450012,
      0.5615314245223999
    ],
    [
      0.5899736285209656,
      0.5614857077598572
    ],
    [
      0.5899701118469238,
      0.5614681243896484
    ],
    [
      0.5899718403816223,
      0.5614639520645142
    ]
  ]
}