{
  "input": [
    [
      0.53592449426651,
      0.6719597578048706
    ],
    [
      0.540929913520813,
      0.6706825494766235
    ],
    [
      0.5454126596450806,
      0.6690982580184937
    ],
    [
      0.5492936372756958,
      0.6665262579917908
    ],
    [
      0.4776398241519928,
      0.6883422136306763
    ],
    [
      0.42317095398902893,
      0.7085535526275635
    ],
    [
      0.38952910900115967,
      0.724706768989563
    ],
    [
      0.38035643100738525,
      0.7343482971191406
    ],
    [
      0.39310890436172485,
      0.7373371124267578
    ],
    [
      0.41109901666641235,
      0.73846834897995
    ],
    [
      0.43116289377212524,
      0.7387681007385254
    ],
    [
      0.45013663172721863,
      0.7392625212669373
    ],
    [
      0.46553558111190796,
      0.7403624057769775
    ],
    [
      0.4796324670314789,
      0.7415266036987305
    ],
    [
      0.49256253242492676,
      0.7427794337272644
    ]
  ],
  "target": [
    [
      0.5044609904289246,
      0.7441452145576477
    ],
    [
      0.5156939029693604,
      0.7439501881599426
    ],
    [
      0.5270531177520752,
      0.743881106376648
    ],
    [
      0.5386436581611633,
      0.7439459562301636
    ],
    [
      0.5505706667900085,
      0.7441527247428894
    ],
    [
      0.5614776611328125,
      0.7452897429466248
    ],
    [
      0.5180680155754089,
      0.7277743220329285
    ],
    [
      0.45600977540016174,
      0.7053074836730957
    ],
    [
      0.41097116470336914,
      0.6915904879570007
    ],
    [
      0.4004501402378082,
      0.6884515881538391
    ],
    [
      0.4033726751804352,
      0.6894717216491699
    ],
    [
      0.4161525070667267,
      0.6929677724838257
    ],
    [
      0.43520328402519226,
      0.6972566246986389
    ],
    [
      0.4538508355617523,
      0.701838493347168
    ],
    [
      0.4702144265174866,
      0.7045987844467163
    ]
  ]
}