{
  "input": [
    [
      0.5400660037994385,
      0.7272124290466309
    ],
    [
      0.5489655137062073,
      0.7257466316223145
    ],
    [
      0.5576131939888,
      0.7236320376396179
    ],
    [
      0.5662103891372681,
      0.7212830781936646
    ],
    [
      0.5746410489082336,
      0.7175316214561462
    ],
    [
      0.5330927968025208,
      0.6949664354324341
    ],
    [
      0.4745405316352844,
      0.6682038903236389
    ],
    [
      0.4319593608379364,
      0.6518602967262268
    ],
    [
      0.4206375181674957,
      0.6484880447387695
    ],
    [
      0.4211341142654419,
      0.6492951512336731
    ],
    [
      0.42985716462135315,
      0.6528869271278381
    ],
    [
      0.4432147443294525,
      0.6578688621520996
    ],
    [
      0.45521554350852966,
      0.6619263887405396
    ],
    [
      0.4651819169521332,
      0.6651162505149841
    ],
    [
      0.4733734428882599,
      0.6672070622444153
    ]
  ],
  "target": [
    [
      0.48004966974258423,
      0.6679675579071045
    ],
    [
      0.48536503314971924,
      0.6670143604278564
    ],
    [
      0.490327924489975,
      0.666143000125885
    ],
    [
      0.49533554911613464,
      0.6654898524284363
    ],
    [
      0.5007850527763367,
      0.6651912927627563
    ],
    [
      0.5066745281219482,
      0.6651282906532288
    ],
    [
      0.5126376152038574,
      0.6647374629974365
    ],
    [
      0.5186804533004761,
      0.6637312173843384
    ],
    [
      0.5248092412948608,
      0.6618217825889587
    ],
    [
      0.5296727418899536,
      0.6602108478546143
    ],
    [
      0.5344663858413696,
      0.6589492559432983
    ],
    [
      0.5141354203224182,
      0.6643403768539429
    ],
    [
      0.4436251223087311,
      0.6826876997947693
    ],
    [
      0.398208349943161,
      0.6998050212860107
    ],
    [
      0.3762293756008148,
      0.7121553421020508
    ]
  ]
}