{
  "input": [
    [
      0.47969600558280945,
      0.5701295733451843
    ],
    [
      0.4767707288265228,
      0.5697650909423828
    ],
    [
      0.47351813316345215,
      0.569346010684967
    ],
    [
      0.469600111246109,
      0.5688161253929138
    ],
    [
      0.46873995661735535,
      0.5687856078147888
    ],
    [
      0.47362077236175537,
      0.5696925520896912
    ],
    [
      0.47641846537590027,
      0.5702575445175171
    ],
    [
      0.4755973219871521,
      0.5702284574508667
    ],
    [
      0.4752707779407501,
      0.5703054070472717
    ],
    [
      0.475740522146225,
      0.5705530047416687
    ],
    [
      0.4760834872722626,
      0.5707705020904541
    ],
    [
      0.476237028837204,
      0.5709430575370789
    ],
    [
      0.4762163758277893,
      0.5710418224334717
    ],
    [
      0.4759538769721985,
      0.5710381865501404
    ],
    [
      0.4758465588092804,
      0.5710803270339966
    ]
  ],
  "target": [
    [
      0.47593954205513,
      0.5711815357208252
    ],
    [
      0.47614216804504395,
      0.5712307095527649
    ],
    [
      0.4764764606952667,
      0.5712173581123352
    ],
    [
      0.4770444631576538,
      0.5710769891738892
    ],
    [
      0.47787371277809143,
      0.5707947015762329
    ],
    [
      0.47858259081840515,
      0.5705265402793884
    ],
    [
      0.479166179895401,
      0.5702731013298035
    ],
    [
      0.4799456298351288,
      0.5701274275779724
    ],
    [
      0.4809148907661438,
      0.5700863003730774
    ],
    [
      0.48203080892562866,
      0.5700148940086365
    ],
    [
      0.4832790791988373,
      0.5699161887168884
    ],
    [
      0.48488035798072815,
      0.5698226094245911
    ],
    [
      0.486778199672699,
      0.5697334408760071
    ],
    [
      0.48841598629951477,
      0.5696713328361511
    ],
    [
      0.48985040187835693,
      0.5696303248405457
    ]
  ],
  "meta": {
    "video_name": "test2.mp4",
    "video_stem": "test2",
    "video_path": "E:\\desktop\\open\\lstm-akf\\data\\video\\test2.mp4",
    "fps": 40.0,
    "segment_index": 34,
    "sample_index": 379,
    "start_frame_index": 369,
    "history_end_frame_index": 383,
    "target_end_frame_index": 398,
    "history_frame_indices": [
      369,
      370,
      371,
      372,
      373,
      374,
      375,
      376,
      377,
      378,
      379,
      380,
      381,
      382,
      383
    ],
    "target_frame_indices": [
      384,
      385,
      386,
      387,
      388,
      389,
      390,
      391,
      392,
      393,
      394,
      395,
      396,
      397,
      398
    ],
    "history_timestamps": [
      86.48101051104261,
      86.50601051104262,
      86.53101051104262,
      86.55601051104263,
      86.58101051104263,
      86.60601051104264,
      86.63101051104265,
      86.65601051104265,
      86.68101051104266,
      86.70601051104266,
      86.73101051104267,
      86.75601051104267,
      86.78101051104268,
      86.80601051104269,
      86.83101051104269
    ],
    "target_timestamps": [
      86.8560105110427,
      86.8810105110427,
      86.90601051104271,
      86.93101051104271,
      86.95601051104272,
      86.98101051104273,
      87.00601051104273,
      87.03101051104274,
      87.05601051104274,
      87.08101051104275,
      87.10601051104275,
      87.13101051104276,
      87.15601051104277,
      87.18101051104277,
      87.20601051104278
    ]
  }
}