{
  "input": [
    [
      0.4825138747692108,
      0.6329150199890137
    ],
    [
      0.4834502339363098,
      0.6336164474487305
    ],
    [
      0.484699010848999,
      0.6344531178474426
    ],
    [
      0.48661008477211,
      0.6355764269828796
    ],
    [
      0.488770455121994,
      0.6365458369255066
    ],
    [
      0.4914185106754303,
      0.6372143626213074
    ],
    [
      0.4937278628349304,
      0.637657880783081
    ],
    [
      0.49542489647865295,
      0.6376945972442627
    ],
    [
      0.4973931312561035,
      0.6380864977836609
    ],
    [
      0.4998154044151306,
      0.6390731334686279
    ],
    [
      0.50165194272995,
      0.6398043632507324
    ],
    [
      0.5025789141654968,
      0.6401389837265015
    ],
    [
      0.5030540227890015,
      0.6404601335525513
    ],
    [
      0.5028775334358215,
      0.6407619714736938
    ],
    [
      0.5024150013923645,
      0.6410940289497375
    ]
  ],
  "target": [
    [
      0.5015691518783569,
      0.6414666175842285
    ],
    [
      0.49886244535446167,
      0.6418728828430176
    ],
    [
      0.4938364028930664,
      0.6423212289810181
    ],
    [
      0.48952820897102356,
      0.6425697803497314
    ],
    [
      0.4860527813434601,
      0.6425866484642029
    ],
    [
      0.5027702450752258,
      0.6387568116188049
    ],
    [
      0.5412965416908264,
      0.6307725310325623
    ],
    [
      0.5741584897041321,
      0.6240942478179932
    ],
    [
      0.6013235449790955,
      0.6187294721603394
    ],
    [
      0.617304801940918,
      0.6157664060592651
    ],
    [
      0.6228116154670715,
      0.6150527596473694
    ],
    [
      0.622554361820221,
      0.6153521537780762
    ],
    [
      0.6172707080841064,
      0.6165350079536438
    ],
    [
      0.6077804565429688,
      0.6186011433601379
    ],
    [
      0.5948759913444519,
      0.6213841438293457
    ]
  ],
  "meta": {
    "video_name": "test2.mp4",
    "video_stem": "test2",
    "video_path": "E:\\desktop\\open\\lstm-akf\\data\\video\\test2.mp4",
    "fps": 40.0,
    "segment_index": 116,
    "sample_index": 44,
    "start_frame_index": 34,
    "history_end_frame_index": 48,
    "target_end_frame_index": 63,
    "history_frame_indices": [
      34,
      35,
      36,
      37,
      38,
      39,
      40,
      41,
      42,
      43,
      44,
      45,
      46,
      47,
      48
    ],
    "target_frame_indices": [
      49,
      50,
      51,
      52,
      53,
      54,
      55,
      56,
      57,
      58,
      59,
      60,
      61,
      62,
      63
    ],
    "history_timestamps": [
      273.7485566929435,
      273.7735566929435,
      273.79855669294346,
      273.82355669294344,
      273.8485566929434,
      273.8735566929434,
      273.8985566929434,
      273.92355669294335,
      273.9485566929433,
      273.9735566929433,
      273.9985566929433,
      274.02355669294326,
      274.04855669294324,
      274.0735566929432,
      274.0985566929432
    ],
    "target_timestamps": [
      274.12355669294317,
      274.14855669294315,
      274.1735566929431,
      274.1985566929431,
      274.2235566929431,
      274.24855669294305,
      274.27355669294303,
      274.298556692943,
      274.323556692943,
      274.34855669294296,
      274.37355669294294,
      274.3985566929429,
      274.4235566929429,
      274.4485566929429,
      274.47355669294285
    ]
  }
}