{
  "input": [
    [
      0.4944465756416321,
      0.5884320139884949
    ],
    [
      0.4972522556781769,
      0.5884220600128174
    ],
    [
      0.49956098198890686,
      0.5880256295204163
    ],
    [
      0.5020075440406799,
      0.5876456499099731
    ],
    [
      0.505853533744812,
      0.587431788444519
    ],
    [
      0.5098432302474976,
      0.5871984362602234
    ],
    [
      0.515026330947876,
      0.5868024230003357
    ],
    [
      0.5202673673629761,
      0.5865067839622498
    ],
    [
      0.5259127020835876,
      0.586912214756012
    ],
    [
      0.531263530254364,
      0.5872717499732971
    ],
    [
      0.5348501205444336,
      0.5873563289642334
    ],
    [
      0.5386872887611389,
      0.5873075127601624
    ],
    [
      0.5438311100006104,
      0.5865628719329834
    ],
    [
      0.5485949516296387,
      0.5858849883079529
    ],
    [
      0.5516124963760376,
      0.5855140686035156
    ]
  ],
  "target": [
    [
      0.5547352433204651,
      0.5850897431373596
    ],
    [
      0.5582884550094604,
      0.58444744348526
    ],
    [
      0.5614634156227112,
      0.5838263630867004
    ],
    [
      0.5632516145706177,
      0.583283007144928
    ],
    [
      0.5648112297058105,
      0.5827839374542236
    ],
    [
      0.5656145215034485,
      0.5824313163757324
    ],
    [
      0.5662993788719177,
      0.5821784734725952
    ],
    [
      0.5666283965110779,
      0.5822251439094543
    ],
    [
      0.5668985247612,
      0.582278311252594
    ],
    [
      0.5670073628425598,
      0.5823492407798767
    ],
    [
      0.5670297741889954,
      0.5822929739952087
    ],
    [
      0.5668357014656067,
      0.581918478012085
    ],
    [
      0.5666705965995789,
      0.581539511680603
    ],
    [
      0.5665717720985413,
      0.581150472164154
    ],
    [
      0.5665693283081055,
      0.5808221697807312
    ]
  ]
}