{
  "input": [
    [
      0.45008915662765503,
      0.5677171945571899
    ],
    [
      0.4362984299659729,
      0.5696476101875305
    ],
    [
      0.4291638135910034,
      0.570595383644104
    ],
    [
      0.4249000549316406,
      0.5711366534233093
    ],
    [
      0.4240356683731079,
      0.5711966156959534
    ],
    [
      0.4244077205657959,
      0.5711765289306641
    ],
    [
      0.42614275217056274,
      0.5710681676864624
    ],
    [
      0.42785102128982544,
      0.5709870457649231
    ],
    [
      0.4295317828655243,
      0.5709338784217834
    ],
    [
      0.4309508800506592,
      0.5709959268569946
    ],
    [
      0.43211987614631653,
      0.5711681246757507
    ],
    [
      0.43309396505355835,
      0.5713204741477966
    ],
    [
      0.4338945746421814,
      0.5714550614356995
    ],
    [
      0.4349518418312073,
      0.571694552898407
    ],
    [
      0.43622180819511414,
      0.5720208883285522
    ]
  ],
  "target": [
    [
      0.4371224343776703,
      0.5721634030342102
    ],
    [
      0.4377383887767792,
      0.5721643567085266
    ],
    [
      0.43918076157569885,
      0.572219729423523
    ],
    [
      0.441215455532074,
      0.5723140835762024
    ],
    [
      0.44293344020843506,
      0.5722172260284424
    ],
    [
      0.4444405138492584,
      0.5719931125640869
    ],
    [
      0.44662347435951233,
      0.57180255651474
    ],
    [
      0.449224054813385,
      0.5716326832771301
    ],
    [
      0.4515780210494995,
      0.5715779066085815
    ],
    [
      0.4537908136844635,
      0.5715889930725098
    ],
    [
      0.45699578523635864,
      0.5717688202857971
    ],
    [
      0.4607263207435608,
      0.5720380544662476
    ],
    [
      0.46351295709609985,
      0.5721787810325623
    ],
    [
      0.46583783626556396,
      0.5722566246986389
    ],
    [
      0.46921172738075256,
      0.5722395181655884
    ]
  ]
}