{
  "input": [
    [
      0.5183730125427246,
      0.5664928555488586
    ],
    [
      0.5195822715759277,
      0.5665540099143982
    ],
    [
      0.5211352705955505,
      0.5666149854660034
    ],
    [
      0.5225701928138733,
      0.5666596293449402
    ],
    [
      0.5239092111587524,
      0.5666911005973816
    ],
    [
      0.5253018736839294,
      0.5667042136192322
    ],
    [
      0.5267350077629089,
      0.5667033791542053
    ],
    [
      0.5271439552307129,
      0.5666983127593994
    ],
    [
      0.5268341898918152,
      0.56669020652771
    ],
    [
      0.5270944237709045,
      0.5668115019798279
    ],
    [
      0.5277261734008789,
      0.567017138004303
    ],
    [
      0.5282849669456482,
      0.5672091245651245
    ],
    [
      0.5287997126579285,
      0.5673929452896118
    ],
    [
      0.5289667844772339,
      0.5674071907997131
    ],
    [
      0.5289391875267029,
      0.567326545715332
    ]
  ],
  "target": [
    [
      0.5289893746376038,
      0.5673835873603821
    ],
    [
      0.5290799140930176,
      0.5675119161605835
    ],
    [
      0.5292235612869263,
      0.5675665736198425
    ],
    [
      0.5293926000595093,
      0.5675859451293945
    ],
    [
      0.5295255780220032,
      0.5675728917121887
    ],
    [
      0.5296427011489868,
      0.5675455331802368
    ],
    [
      0.5298958420753479,
      0.5676816701889038
    ],
    [
      0.5302038192749023,
      0.5678838491439819
    ],
    [
      0.5304647088050842,
      0.5680482387542725
    ],
    [
      0.5307080745697021,
      0.5681986212730408
    ],
    [
      0.5310905575752258,
      0.5685065984725952
    ],
    [
      0.531519889831543,
      0.5688676834106445
    ],
    [
      0.5319489240646362,
      0.5691421627998352
    ],
    [
      0.5323778986930847,
      0.569390058517456
    ],
    [
      0.5329978466033936,
      0.5697184205055237
    ]
  ]
}