{
  "input": [
    [
      0.5931530594825745,
      0.5562185645103455
    ],
    [
      0.5932700037956238,
      0.5562584400177002
    ],
    [
      0.5932909846305847,
      0.5564358830451965
    ],
    [
      0.5932685136795044,
      0.5566754937171936
    ],
    [
      0.5931826233863831,
      0.5569664239883423
    ],
    [
      0.593070387840271,
      0.5572787523269653
    ],
    [
      0.5929421186447144,
      0.5575219392776489
    ],
    [
      0.5928078293800354,
      0.5577388405799866
    ],
    [
      0.5928236246109009,
      0.5578293800354004
    ],
    [
      0.5928915739059448,
      0.5578759908676147
    ],
    [
      0.5930094122886658,
      0.5579338669776917
    ],
    [
      0.5931429862976074,
      0.5579952597618103
    ],
    [
      0.5934548377990723,
      0.5580902695655823
    ],
    [
      0.5938176512718201,
      0.5581948757171631
    ],
    [
      0.5941622257232666,
      0.5581514239311218
    ]
  ],
  "target": [
    [
      0.5945022106170654,
      0.5580699443817139
    ],
    [
      0.5948122143745422,
      0.5580023527145386
    ],
    [
      0.5951153635978699,
      0.5579379200935364
    ],
    [
      0.5955007672309875,
      0.557874858379364
    ],
    [
      0.5959028005599976,
      0.557811975479126
    ],
    [
      0.5967341065406799,
      0.5579319596290588
    ],
    [
      0.5976418256759644,
      0.5580844283103943
    ],
    [
      0.5981884598731995,
      0.5580872297286987
    ],
    [
      0.5986795425415039,
      0.5580669641494751
    ],
    [
      0.599275529384613,
      0.5582141876220703
    ],
    [
      0.5998851656913757,
      0.5583832263946533
    ],
    [
      0.6002134084701538,
      0.5584753751754761
    ],
    [
      0.6005112528800964,
      0.5585591793060303
    ],
    [
      0.6010674238204956,
      0.5586275458335876
    ],
    [
      0.6016460061073303,
      0.5586944818496704
    ]
  ]
}