{
  "input": [
    [
      0.5969370007514954,
      0.5679715871810913
    ],
    [
      0.5877081155776978,
      0.5666030645370483
    ],
    [
      0.56806480884552,
      0.5636295676231384
    ],
    [
      0.5623521208763123,
      0.562566876411438
    ],
    [
      0.5720341801643372,
      0.5636157989501953
    ],
    [
      0.5787950754165649,
      0.5642510056495667
    ],
    [
      0.582550048828125,
      0.5644603967666626
    ],
    [
      0.5876478552818298,
      0.5648166537284851
    ],
    [
      0.5940325260162354,
      0.5653135180473328
    ],
    [
      0.5950531363487244,
      0.56622713804245
    ],
    [
      0.5912872552871704,
      0.5675126910209656
    ],
    [
      0.5896220803260803,
      0.5682337880134583
    ],
    [
      0.5897016525268555,
      0.5684859752655029
    ],
    [
      0.5908308625221252,
      0.5689987540245056
    ],
    [
      0.5927712917327881,
      0.5697129368782043
    ]
  ],
  "target": [
    [
      0.5906500220298767,
      0.5692707300186157
    ],
    [
      0.5856101512908936,
      0.5679975152015686
    ],
    [
      0.5827814936637878,
      0.5673553943634033
    ],
    [
      0.5814289450645447,
      0.5671346187591553
    ],
    [
      0.5807855129241943,
      0.5670191645622253
    ],
    [
      0.5805813670158386,
      0.5669690370559692
    ],
    [
      0.5807323455810547,
      0.5669400095939636
    ],
    [
      0.5810872316360474,
      0.5669230818748474
    ],
    [
      0.5814881324768066,
      0.566840410232544
    ],
    [
      0.5819133520126343,
      0.5667226910591125
    ],
    [
      0.5824465155601501,
      0.566568911075592
    ],
    [
      0.5830325484275818,
      0.5663974285125732
    ],
    [
      0.5835222601890564,
      0.5663609504699707
    ],
    [
      0.583968460559845,
      0.5663855671882629
    ],
    [
      0.5847556591033936,
      0.5668129920959473
    ]
  ]
}