{
  "input": [
    [
      0.5069420337677002,
      0.5758761763572693
    ],
    [
      0.5122818350791931,
      0.5765743255615234
    ],
    [
      0.5176247954368591,
      0.5772842168807983
    ],
    [
      0.5230593681335449,
      0.5783412456512451
    ],
    [
      0.528348982334137,
      0.5793678164482117
    ],
    [
      0.5309180617332458,
      0.57982337474823
    ],
    [
      0.5335209369659424,
      0.580266535282135
    ],
    [
      0.5365844964981079,
      0.5805405378341675
    ],
    [
      0.5394431948661804,
      0.5807932019233704
    ],
    [
      0.5401288270950317,
      0.5808191299438477
    ],
    [
      0.5407080054283142,
      0.5808470249176025
    ],
    [
      0.5403689742088318,
      0.5808916091918945
    ],
    [
      0.5399755239486694,
      0.5809429883956909
    ],
    [
      0.539189338684082,
      0.5810437202453613
    ],
    [
      0.5382848381996155,
      0.5811529159545898
    ]
  ],
  "target": [
    [
      0.5366510152816772,
      0.581313967704773
    ],
    [
      0.5350443720817566,
      0.5814127326011658
    ],
    [
      0.5335836410522461,
      0.5811781883239746
    ],
    [
      0.5321342349052429,
      0.5809910893440247
    ],
    [
      0.5307380557060242,
      0.5810275673866272
    ],
    [
      0.5293417572975159,
      0.5810397267341614
    ],
    [
      0.5279447436332703,
      0.5809500813484192
    ],
    [
      0.5261114239692688,
      0.5807632207870483
    ],
    [
      0.5226448774337769,
      0.580212414264679
    ],
    [
      0.5195096135139465,
      0.5797454714775085
    ],
    [
      0.5174921154975891,
      0.5795616507530212
    ],
    [
      0.5152834057807922,
      0.5794418454170227
    ],
    [
      0.5124900341033936,
      0.5795178413391113
    ],
    [
      0.5098564028739929,
      0.5795329809188843
    ],
    [
      0.5076677203178406,
      0.5793785452842712
    ]
  ],
  "meta": {
    "video_name": "test2.mp4",
    "video_stem": "test2",
    "video_path": "E:\\desktop\\open\\lstm-akf\\data\\video\\test2.mp4",
    "fps": 40.0,
    "segment_index": 52,
    "sample_index": 123,
    "start_frame_index": 113,
    "history_end_frame_index": 127,
    "target_end_frame_index": 142,
    "history_frame_indices": [
      113,
      114,
      115,
      116,
      117,
      118,
      119,
      120,
      121,
      122,
      123,
      124,
      125,
      126,
      127
    ],
    "target_frame_indices": [
      128,
      129,
      130,
      131,
      132,
      133,
      134,
      135,
      136,
      137,
      138,
      139,
      140,
      141,
      142
    ],
    "history_timestamps": [
      122.84684570733877,
      122.87184570733878,
      122.89684570733878,
      122.92184570733879,
      122.9468457073388,
      122.9718457073388,
      122.9968457073388,
      123.02184570733881,
      123.04684570733882,
      123.07184570733882,
      123.09684570733883,
      123.12184570733884,
      123.14684570733884,
      123.17184570733885,
      123.19684570733885
    ],
    "target_timestamps": [
      123.22184570733886,
      123.24684570733886,
      123.27184570733887,
      123.29684570733887,
      123.32184570733888,
      123.34684570733889,
      123.37184570733889,
      123.3968457073389,
      123.4218457073389,
      123.44684570733891,
      123.47184570733891,
      123.49684570733892,
      123.52184570733893,
      123.54684570733893,
      123.57184570733894
    ]
  }
}