{
  "input": [
    [
      0.5650342106819153,
      0.5829344987869263
    ],
    [
      0.5661399364471436,
      0.5828829407691956
    ],
    [
      0.5673007369041443,
      0.5827849507331848
    ],
    [
      0.5684739947319031,
      0.5826765298843384
    ],
    [
      0.5753451585769653,
      0.5825305581092834
    ],
    [
      0.5833503603935242,
      0.5823771953582764
    ],
    [
      0.5886901021003723,
      0.5821704864501953
    ],
    [
      0.5935661792755127,
      0.5819545388221741
    ],
    [
      0.5991477370262146,
      0.5816901922225952
    ],
    [
      0.6048350930213928,
      0.5814186334609985
    ],
    [
      0.6107221841812134,
      0.5819812417030334
    ],
    [
      0.6166346669197083,
      0.5826496481895447
    ],
    [
      0.6235201954841614,
      0.5828622579574585
    ],
    [
      0.6305075883865356,
      0.583027184009552
    ],
    [
      0.638181209564209,
      0.5832471251487732
    ]
  ],
  "target": [
    [
      0.6459120512008667,
      0.5834715962409973
    ],
    [
      0.6543423533439636,
      0.5837521553039551
    ],
    [
      0.66281658411026,
      0.5840362310409546
    ],
    [
      0.6720035672187805,
      0.5843774080276489
    ],
    [
      0.6812213063240051,
      0.5847210884094238
    ],
    [
      0.6911649107933044,
      0.5851228833198547
    ],
    [
      0.7011260986328125,
      0.5855261087417603
    ],
    [
      0.6537880301475525,
      0.5880551338195801
    ],
    [
      0.6067346930503845,
      0.5905683040618896
    ],
    [
      0.6099476218223572,
      0.5907860994338989
    ],
    [
      0.6132604479789734,
      0.5909959077835083
    ],
    [
      0.6198143362998962,
      0.5909470319747925
    ],
    [
      0.626210629940033,
      0.5908891558647156
    ],
    [
      0.6294593811035156,
      0.5906499028205872
    ],
    [
      0.6327039003372192,
      0.590421736240387
    ]
  ],
  "meta": {
    "video_name": "test2.mp4",
    "video_stem": "test2",
    "video_path": "E:\\desktop\\open\\lstm-akf\\data\\video\\test2.mp4",
    "fps": 40.0,
    "segment_index": 167,
    "sample_index": 211,
    "start_frame_index": 201,
    "history_end_frame_index": 215,
    "target_end_frame_index": 230,
    "history_frame_indices": [
      201,
      202,
      203,
      204,
      205,
      206,
      207,
      208,
      209,
      210,
      211,
      212,
      213,
      214,
      215
    ],
    "target_frame_indices": [
      216,
      217,
      218,
      219,
      220,
      221,
      222,
      223,
      224,
      225,
      226,
      227,
      228,
      229,
      230
    ],
    "history_timestamps": [
      406.51839137937344,
      406.5433913793734,
      406.5683913793734,
      406.5933913793734,
      406.61839137937335,
      406.6433913793733,
      406.6683913793733,
      406.6933913793733,
      406.71839137937326,
      406.74339137937324,
      406.7683913793732,
      406.7933913793732,
      406.81839137937317,
      406.84339137937314,
      406.8683913793731
    ],
    "target_timestamps": [
      406.8933913793731,
      406.9183913793731,
      406.94339137937305,
      406.96839137937303,
      406.993391379373,
      407.018391379373,
      407.04339137937296,
      407.06839137937294,
      407.0933913793729,
      407.1183913793729,
      407.1433913793729,
      407.16839137937285,
      407.1933913793728,
      407.2183913793728,
      407.2433913793728
    ]
  }
}