{
  "input": [
    [
      0.5571672916412354,
      0.5696152448654175
    ],
    [
      0.5555174350738525,
      0.5695497989654541
    ],
    [
      0.554272472858429,
      0.5695275068283081
    ],
    [
      0.5530582666397095,
      0.5695084929466248
    ],
    [
      0.5512855052947998,
      0.5694456100463867
    ],
    [
      0.5494815707206726,
      0.5693803429603577
    ],
    [
      0.5483168959617615,
      0.5692281723022461
    ],
    [
      0.5471754670143127,
      0.5690728425979614
    ],
    [
      0.5450382232666016,
      0.5688215494155884
    ],
    [
      0.5428839921951294,
      0.5685685276985168
    ],
    [
      0.5414465069770813,
      0.5682398676872253
    ],
    [
      0.5399972200393677,
      0.5679187178611755
    ],
    [
      0.5379220247268677,
      0.568000078201294
    ],
    [
      0.5358827710151672,
      0.5680716633796692
    ],
    [
      0.53480064868927,
      0.567884624004364
    ]
  ],
  "target": [
    [
      0.533644437789917,
      0.56770259141922
    ],
    [
      0.5311896204948425,
      0.5676093101501465
    ],
    [
      0.528818666934967,
      0.5674936175346375
    ],
    [
      0.5275301933288574,
      0.5670876502990723
    ],
    [
      0.5262797474861145,
      0.5667321085929871
    ],
    [
      0.5254154801368713,
      0.5668880939483643
    ],
    [
      0.524575412273407,
      0.5670635104179382
    ],
    [
      0.5239364504814148,
      0.567400336265564
    ],
    [
      0.5232875347137451,
      0.567690908908844
    ],
    [
      0.5225697159767151,
      0.5676590800285339
    ],
    [
      0.5219168663024902,
      0.5676207542419434
    ],
    [
      0.5216531157493591,
      0.5675439238548279
    ],
    [
      0.521430492401123,
      0.5674552321434021
    ],
    [
      0.5214221477508545,
      0.5673050880432129
    ],
    [
      0.5214695930480957,
      0.5671975612640381
    ]
  ]
}