{
  "input": [
    [
      0.6465339064598083,
      0.5762366056442261
    ],
    [
      0.6417754292488098,
      0.5769570469856262
    ],
    [
      0.6352008581161499,
      0.5775484442710876
    ],
    [
      0.6275836825370789,
      0.5780657529830933
    ],
    [
      0.6215120553970337,
      0.5782024264335632
    ],
    [
      0.6162614822387695,
      0.5781369209289551
    ],
    [
      0.612358033657074,
      0.5779580473899841
    ],
    [
      0.6091154217720032,
      0.5777235627174377
    ],
    [
      0.6065662503242493,
      0.5774115324020386
    ],
    [
      0.6043305397033691,
      0.5770645141601562
    ],
    [
      0.6183954477310181,
      0.5806041955947876
    ],
    [
      0.6392316818237305,
      0.5857585072517395
    ],
    [
      0.6500055193901062,
      0.5887801647186279
    ],
    [
      0.6569496393203735,
      0.5909900665283203
    ],
    [
      0.6555360555648804,
      0.5920133590698242
    ]
  ],
  "target": [
    [
      0.6512184143066406,
      0.5926243662834167
    ],
    [
      0.6451250314712524,
      0.5923555493354797
    ],
    [
      0.6384706497192383,
      0.5918088555335999
    ],
    [
      0.6303315758705139,
      0.5914878845214844
    ],
    [
      0.6217681765556335,
      0.5912314057350159
    ],
    [
      0.6145831942558289,
      0.5907521843910217
    ],
    [
      0.6077525019645691,
      0.5902156829833984
    ],
    [
      0.6023860573768616,
      0.5894951820373535
    ],
    [
      0.5973556637763977,
      0.5887324213981628
    ],
    [
      0.6145756840705872,
      0.5845448970794678
    ],
    [
      0.6363157033920288,
      0.5796617269515991
    ],
    [
      0.6477863788604736,
      0.5776149034500122
    ],
    [
      0.6574300527572632,
      0.576072633266449
    ],
    [
      0.6596267819404602,
      0.5758349299430847
    ],
    [
      0.6606788635253906,
      0.5757977366447449
    ]
  ]
}