{
  "input": [
    [
      0.6128034591674805,
      0.5815792083740234
    ],
    [
      0.6133452653884888,
      0.5810320973396301
    ],
    [
      0.6072989702224731,
      0.5797141790390015
    ],
    [
      0.5757165551185608,
      0.5754085183143616
    ],
    [
      0.5504179000854492,
      0.5720357894897461
    ],
    [
      0.5470277667045593,
      0.5719155669212341
    ],
    [
      0.5447435975074768,
      0.5719998478889465
    ],
    [
      0.5459481477737427,
      0.5727294087409973
    ],
    [
      0.5471860766410828,
      0.5732773542404175
    ],
    [
      0.5485196113586426,
      0.5733043551445007
    ],
    [
      0.549618124961853,
      0.573349118232727
    ],
    [
      0.5501012206077576,
      0.5734405517578125
    ],
    [
      0.5503929257392883,
      0.5733745694160461
    ],
    [
      0.5502253174781799,
      0.5729308724403381
    ],
    [
      0.5507599711418152,
      0.5726006627082825
    ]
  ],
  "target": [
    [
      0.5528438687324524,
      0.5725207924842834
    ],
    [
      0.5552136301994324,
      0.5724353194236755
    ],
    [
      0.5581647157669067,
      0.5723385214805603
    ],
    [
      0.5473909378051758,
      0.5744842290878296
    ],
    [
      0.5108495950698853,
      0.5808401107788086
    ],
    [
      0.4864688217639923,
      0.5853224396705627
    ],
    [
      0.4832134544849396,
      0.5865499973297119
    ],
    [
      0.4819166958332062,
      0.5872431993484497
    ],
    [
      0.4837733209133148,
      0.5870760083198547
    ],
    [
      0.48569455742836,
      0.5870050191879272
    ],
    [
      0.4877123534679413,
      0.5870777368545532
    ],
    [
      0.48892825841903687,
      0.5872674584388733
    ],
    [
      0.4890311062335968,
      0.5876197218894958
    ],
    [
      0.48850640654563904,
      0.5881407856941223
    ],
    [
      0.4871716797351837,
      0.5888797044754028
    ]
  ]
}