{
  "input": [
    [
      0.46102267503738403,
      0.5592917799949646
    ],
    [
      0.46272334456443787,
      0.5595550537109375
    ],
    [
      0.46391740441322327,
      0.559575080871582
    ],
    [
      0.4648309051990509,
      0.5595446228981018
    ],
    [
      0.46544137597084045,
      0.5594597458839417
    ],
    [
      0.4658321440219879,
      0.5594401359558105
    ],
    [
      0.4660019874572754,
      0.5594862699508667
    ],
    [
      0.4663626253604889,
      0.5594579577445984
    ],
    [
      0.466901957988739,
      0.5593598484992981
    ],
    [
      0.46734094619750977,
      0.5593246221542358
    ],
    [
      0.46769237518310547,
      0.5593441724777222
    ],
    [
      0.46811914443969727,
      0.5595788359642029
    ],
    [
      0.46860700845718384,
      0.5599881410598755
    ],
    [
      0.4690355062484741,
      0.5603237748146057
    ],
    [
      0.4694192111492157,
      0.5606037974357605
    ]
  ],
  "target": [
    [
      0.4700040817260742,
      0.5608989596366882
    ],
    [
      0.47073012590408325,
      0.561204731464386
    ],
    [
      0.4712151288986206,
      0.5614174008369446
    ],
    [
      0.47154301404953003,
      0.561569333076477
    ],
    [
      0.47342097759246826,
      0.5613529086112976
    ],
    [
      0.47623616456985474,
      0.5609138011932373
    ],
    [
      0.4775253236293793,
      0.5604006052017212
    ],
    [
      0.47795984148979187,
      0.5598459243774414
    ],
    [
      0.478941410779953,
      0.5591900944709778
    ],
    [
      0.48020628094673157,
      0.5584818720817566
    ],
    [
      0.4815109670162201,
      0.5576225519180298
    ],
    [
      0.48283469676971436,
      0.5566909909248352
    ],
    [
      0.48222729563713074,
      0.5575118064880371
    ],
    [
      0.4807701110839844,
      0.5591036677360535
    ],
    [
      0.4804973900318146,
      0.5597561001777649
    ]
  ]
}