{
  "input": [
    [
      0.4975540339946747,
      0.5697155594825745
    ],
    [
      0.4955098330974579,
      0.5699090361595154
    ],
    [
      0.4936443865299225,
      0.5700482130050659
    ],
    [
      0.4923173785209656,
      0.570023775100708
    ],
    [
      0.49098601937294006,
      0.5700125694274902
    ],
    [
      0.48964282870292664,
      0.570037841796875
    ],
    [
      0.4875701367855072,
      0.5701243281364441
    ],
    [
      0.4836663603782654,
      0.5703645944595337
    ],
    [
      0.48010995984077454,
      0.5705706477165222
    ],
    [
      0.4773538410663605,
      0.5706980228424072
    ],
    [
      0.47507110238075256,
      0.5707710385322571
    ],
    [
      0.47379204630851746,
      0.5707287788391113
    ],
    [
      0.4722576439380646,
      0.5707080960273743
    ],
    [
      0.47022393345832825,
      0.570729672908783
    ],
    [
      0.4683166444301605,
      0.5707030296325684
    ]
  ],
  "target": [
    [
      0.4666379392147064,
      0.5705891251564026
    ],
    [
      0.46494996547698975,
      0.5704800486564636
    ],
    [
      0.46324655413627625,
      0.5703787803649902
    ],
    [
      0.4614621102809906,
      0.5703042149543762
    ],
    [
      0.4595518112182617,
      0.5702711939811707
    ],
    [
      0.4577275812625885,
      0.5702076554298401
    ],
    [
      0.45602741837501526,
      0.5701003074645996
    ],
    [
      0.45435214042663574,
      0.5699833631515503
    ],
    [
      0.45271027088165283,
      0.5698536038398743
    ],
    [
      0.4510943591594696,
      0.5697138905525208
    ],
    [
      0.449510782957077,
      0.5695616602897644
    ],
    [
      0.4472880959510803,
      0.5702062249183655
    ],
    [
      0.44432395696640015,
      0.5717751383781433
    ],
    [
      0.44176867604255676,
      0.572871744632721
    ],
    [
      0.43965497612953186,
      0.5734583735466003
    ]
  ],
  "meta": {
    "video_name": "test2.mp4",
    "video_stem": "test2",
    "video_path": "E:\\desktop\\open\\lstm-akf\\data\\video\\test2.mp4",
    "fps": 40.0,
    "segment_index": 139,
    "sample_index": 36,
    "start_frame_index": 26,
    "history_end_frame_index": 40,
    "target_end_frame_index": 55,
    "history_frame_indices": [
      26,
      27,
      28,
      29,
      30,
      31,
      32,
      33,
      34,
      35,
      36,
      37,
      38,
      39,
      40
    ],
    "target_frame_indices": [
      41,
      42,
      43,
      44,
      45,
      46,
      47,
      48,
      49,
      50,
      51,
      52,
      53,
      54,
      55
    ],
    "history_timestamps": [
      328.55443973800783,
      328.5794397380078,
      328.6044397380078,
      328.62943973800776,
      328.65443973800774,
      328.6794397380077,
      328.7044397380077,
      328.72943973800767,
      328.75443973800765,
      328.7794397380076,
      328.8044397380076,
      328.8294397380076,
      328.85443973800756,
      328.87943973800753,
      328.9044397380075
    ],
    "target_timestamps": [
      328.9294397380075,
      328.95443973800747,
      328.97943973800744,
      329.0044397380074,
      329.0294397380074,
      329.0544397380074,
      329.07943973800735,
      329.10443973800733,
      329.1294397380073,
      329.1544397380073,
      329.17943973800726,
      329.20443973800724,
      329.2294397380072,
      329.2544397380072,
      329.27943973800717
    ]
  }
}