{
  "input": [
    [
      0.5239983201026917,
      0.5546545386314392
    ],
    [
      0.5242305397987366,
      0.554679811000824
    ],
    [
      0.5242466926574707,
      0.5545796751976013
    ],
    [
      0.524313747882843,
      0.5544771552085876
    ],
    [
      0.5248199701309204,
      0.5543546080589294
    ],
    [
      0.5253041386604309,
      0.554237961769104
    ],
    [
      0.5256298184394836,
      0.5541639924049377
    ],
    [
      0.5259990692138672,
      0.5541096925735474
    ],
    [
      0.5266373157501221,
      0.5541766285896301
    ],
    [
      0.527225911617279,
      0.5542307496070862
    ],
    [
      0.527549147605896,
      0.5542159676551819
    ],
    [
      0.5279229879379272,
      0.5542009472846985
    ],
    [
      0.5285353064537048,
      0.5541849136352539
    ],
    [
      0.5291215181350708,
      0.5541941523551941
    ],
    [
      0.5295983552932739,
      0.5543090105056763
    ]
  ],
  "target": [
    [
      0.5301199555397034,
      0.5544191598892212
    ],
    [
      0.5308087468147278,
      0.5545116662979126
    ],
    [
      0.5314537286758423,
      0.5545756816864014
    ],
    [
      0.5319507718086243,
      0.5545434951782227
    ],
    [
      0.5325148105621338,
      0.5545912384986877
    ],
    [
      0.5332838892936707,
      0.5548831820487976
    ],
    [
      0.534027636051178,
      0.5551092028617859
    ],
    [
      0.5347009897232056,
      0.555151641368866
    ],
    [
      0.5354622006416321,
      0.5551939010620117
    ],
    [
      0.5364471077919006,
      0.5552359223365784
    ],
    [
      0.5373463034629822,
      0.5552711486816406
    ],
    [
      0.538045346736908,
      0.555290699005127
    ],
    [
      0.5389329195022583,
      0.5553117394447327
    ],
    [
      0.540225625038147,
      0.5553359389305115
    ],
    [
      0.5413873195648193,
      0.5553064942359924
    ]
  ]
}