{
  "input": [
    [
      0.5344486832618713,
      0.6028772592544556
    ],
    [
      0.5295941829681396,
      0.6021700501441956
    ],
    [
      0.5236602425575256,
      0.6012331247329712
    ],
    [
      0.5192310810089111,
      0.6006156802177429
    ],
    [
      0.5155912637710571,
      0.6001657843589783
    ],
    [
      0.5126138925552368,
      0.5996844172477722
    ],
    [
      0.5099572539329529,
      0.5991878509521484
    ],
    [
      0.5076988935470581,
      0.598857581615448
    ],
    [
      0.5056180357933044,
      0.5986015796661377
    ],
    [
      0.5278214812278748,
      0.6033318042755127
    ],
    [
      0.5599738359451294,
      0.6101048588752747
    ],
    [
      0.581987202167511,
      0.6153944134712219
    ],
    [
      0.6001966595649719,
      0.6201273798942566
    ],
    [
      0.6067957878112793,
      0.6226718425750732
    ],
    [
      0.609420657157898,
      0.6244671940803528
    ]
  ],
  "target": [
    [
      0.6028221845626831,
      0.625173032283783
    ],
    [
      0.5933555960655212,
      0.6255400776863098
    ],
    [
      0.5826228857040405,
      0.6255456209182739
    ],
    [
      0.5715343356132507,
      0.625449538230896
    ],
    [
      0.5621529221534729,
      0.6252956986427307
    ],
    [
      0.5532024502754211,
      0.6251272559165955
    ],
    [
      0.546430230140686,
      0.6250377893447876
    ],
    [
      0.5401484370231628,
      0.6249660849571228
    ],
    [
      0.5282760858535767,
      0.6241589188575745
    ],
    [
      0.515291154384613,
      0.6232053637504578
    ],
    [
      0.5154205560684204,
      0.6221283674240112
    ],
    [
      0.5178311467170715,
      0.6210299134254456
    ],
    [
      0.5171833038330078,
      0.6201043128967285
    ],
    [
      0.5160769820213318,
      0.619204580783844
    ],
    [
      0.5164814591407776,
      0.6189417243003845
    ]
  ],
  "meta": {
    "video_name": "test2.mp4",
    "video_stem": "test2",
    "video_path": "E:\\desktop\\open\\lstm-akf\\data\\video\\test2.mp4",
    "fps": 40.0,
    "segment_index": 111,
    "sample_index": 192,
    "start_frame_index": 182,
    "history_end_frame_index": 196,
    "target_end_frame_index": 211,
    "history_frame_indices": [
      182,
      183,
      184,
      185,
      186,
      187,
      188,
      189,
      190,
      191,
      192,
      193,
      194,
      195,
      196
    ],
    "target_frame_indices": [
      197,
      198,
      199,
      200,
      201,
      202,
      203,
      204,
      205,
      206,
      207,
      208,
      209,
      210,
      211
    ],
    "history_timestamps": [
      258.3699396007384,
      258.39493960073844,
      258.4199396007384,
      258.4449396007384,
      258.4699396007384,
      258.49493960073846,
      258.51993960073844,
      258.5449396007384,
      258.56993960073845,
      258.5949396007385,
      258.61993960073846,
      258.64493960073844,
      258.6699396007385,
      258.6949396007385,
      258.7199396007385
    ],
    "target_timestamps": [
      258.74493960073846,
      258.7699396007385,
      258.79493960073853,
      258.8199396007385,
      258.8449396007385,
      258.8699396007385,
      258.89493960073855,
      258.91993960073853,
      258.9449396007385,
      258.96993960073854,
      258.9949396007386,
      259.01993960073855,
      259.04493960073853,
      259.06993960073856,
      259.0949396007386
    ]
  }
}