{
  "input": [
    [
      0.438612699508667,
      0.7326554656028748
    ],
    [
      0.44811341166496277,
      0.7355522513389587
    ],
    [
      0.4571986794471741,
      0.7382038235664368
    ],
    [
      0.46798133850097656,
      0.7402382493019104
    ],
    [
      0.4795396327972412,
      0.741995096206665
    ],
    [
      0.4914068579673767,
      0.7435997128486633
    ],
    [
      0.5031161904335022,
      0.7451773285865784
    ],
    [
      0.5155396461486816,
      0.745138943195343
    ],
    [
      0.5278100967407227,
      0.7440803647041321
    ],
    [
      0.5397147536277771,
      0.7419760823249817
    ],
    [
      0.5510408878326416,
      0.7388007044792175
    ],
    [
      0.5619488954544067,
      0.736457347869873
    ],
    [
      0.5261234641075134,
      0.7241223454475403
    ],
    [
      0.47026559710502625,
      0.7091042399406433
    ],
    [
      0.4210762083530426,
      0.6987118721008301
    ]
  ],
  "target": [
    [
      0.409724622964859,
      0.6974069476127625
    ],
    [
      0.4137296974658966,
      0.6998316645622253
    ],
    [
      0.42910149693489075,
      0.704365611076355
    ],
    [
      0.451850026845932,
      0.7093883752822876
    ],
    [
      0.4738156497478485,
      0.7122912406921387
    ],
    [
      0.49234965443611145,
      0.7146108150482178
    ],
    [
      0.5078901052474976,
      0.7160437703132629
    ],
    [
      0.5208750367164612,
      0.7162865400314331
    ],
    [
      0.5318970084190369,
      0.7150434255599976
    ],
    [
      0.5484189391136169,
      0.7148745656013489
    ],
    [
      0.5615788698196411,
      0.7131249308586121
    ],
    [
      0.5625149607658386,
      0.7071394920349121
    ],
    [
      0.5717365145683289,
      0.703659176826477
    ],
    [
      0.5807567238807678,
      0.6998647451400757
    ],
    [
      0.5616495609283447,
      0.7031393647193909
    ]
  ],
  "meta": {
    "video_name": "test1.mp4",
    "video_stem": "test1",
    "video_path": "E:\\desktop\\open\\lstm-akf\\data\\video\\test1.mp4",
    "fps": 40.0,
    "segment_index": 0,
    "sample_index": 60,
    "start_frame_index": 50,
    "history_end_frame_index": 64,
    "target_end_frame_index": 79,
    "history_frame_indices": [
      50,
      51,
      52,
      53,
      54,
      55,
      56,
      57,
      58,
      59,
      60,
      61,
      62,
      63,
      64
    ],
    "target_frame_indices": [
      65,
      66,
      67,
      68,
      69,
      70,
      71,
      72,
      73,
      74,
      75,
      76,
      77,
      78,
      79
    ],
    "history_timestamps": [
      1.950000000000001,
      1.9750000000000012,
      2.000000000000001,
      2.0250000000000012,
      2.050000000000001,
      2.075000000000001,
      2.1000000000000014,
      2.125000000000001,
      2.1500000000000012,
      2.1750000000000016,
      2.200000000000001,
      2.2250000000000014,
      2.2500000000000013,
      2.2750000000000012,
      2.3000000000000016
    ],
    "target_timestamps": [
      2.325000000000001,
      2.3500000000000014,
      2.3750000000000018,
      2.4000000000000012,
      2.4250000000000016,
      2.4500000000000015,
      2.4750000000000014,
      2.5000000000000018,
      2.5250000000000012,
      2.5500000000000016,
      2.575000000000002,
      2.6000000000000014,
      2.6250000000000018,
      2.6500000000000017,
      2.6750000000000016
    ]
  }
}