{
  "input": [
    [
      0.5004914402961731,
      0.5675194263458252
    ],
    [
      0.49679362773895264,
      0.5698645710945129
    ],
    [
      0.4958652853965759,
      0.5713933110237122
    ],
    [
      0.5003536343574524,
      0.5713252425193787
    ],
    [
      0.5049706101417542,
      0.5712659955024719
    ],
    [
      0.5098201036453247,
      0.5712227821350098
    ],
    [
      0.5148046016693115,
      0.5711888074874878
    ],
    [
      0.5200152397155762,
      0.5711703300476074
    ],
    [
      0.5217714309692383,
      0.5707971453666687
    ],
    [
      0.5181637406349182,
      0.569873034954071
    ],
    [
      0.5165908932685852,
      0.5693328976631165
    ],
    [
      0.5179517269134521,
      0.5693464279174805
    ],
    [
      0.5191399455070496,
      0.5693539977073669
    ],
    [
      0.5200969576835632,
      0.569353461265564
    ],
    [
      0.5215508341789246,
      0.5692898631095886
    ]
  ],
  "target": [
    [
      0.523624062538147,
      0.569147527217865
    ],
    [
      0.5254876613616943,
      0.5690633058547974
    ],
    [
      0.5271080732345581,
      0.5690464973449707
    ],
    [
      0.5284201502799988,
      0.569050669670105
    ],
    [
      0.5293991565704346,
      0.5690775513648987
    ],
    [
      0.5305197834968567,
      0.5689836144447327
    ],
    [
      0.5317829251289368,
      0.568768322467804
    ],
    [
      0.532927930355072,
      0.5685867667198181
    ],
    [
      0.5339623689651489,
      0.5684369206428528
    ],
    [
      0.5344040393829346,
      0.5683081746101379
    ],
    [
      0.534328818321228,
      0.5681978464126587
    ],
    [
      0.5346550345420837,
      0.5680951476097107
    ],
    [
      0.5353071093559265,
      0.5679985880851746
    ],
    [
      0.5359805822372437,
      0.5679811239242554
    ],
    [
      0.5366702675819397,
      0.5680233240127563
    ]
  ],
  "meta": {
    "video_name": "test2.mp4",
    "video_stem": "test2",
    "video_path": "E:\\desktop\\open\\lstm-akf\\data\\video\\test2.mp4",
    "fps": 40.0,
    "segment_index": 140,
    "sample_index": 46,
    "start_frame_index": 36,
    "history_end_frame_index": 50,
    "target_end_frame_index": 65,
    "history_frame_indices": [
      36,
      37,
      38,
      39,
      40,
      41,
      42,
      43,
      44,
      45,
      46,
      47,
      48,
      49,
      50
    ],
    "target_frame_indices": [
      51,
      52,
      53,
      54,
      55,
      56,
      57,
      58,
      59,
      60,
      61,
      62,
      63,
      64,
      65
    ],
    "history_timestamps": [
      330.93529827038395,
      330.96029827038393,
      330.9852982703839,
      331.0102982703839,
      331.03529827038386,
      331.06029827038384,
      331.0852982703838,
      331.1102982703838,
      331.13529827038377,
      331.16029827038375,
      331.1852982703837,
      331.2102982703837,
      331.2352982703837,
      331.26029827038366,
      331.28529827038363
    ],
    "target_timestamps": [
      331.3102982703836,
      331.3352982703836,
      331.36029827038357,
      331.38529827038354,
      331.4102982703835,
      331.4352982703835,
      331.4602982703835,
      331.48529827038345,
      331.51029827038343,
      331.5352982703834,
      331.5602982703834,
      331.58529827038336,
      331.61029827038334,
      331.6352982703833,
      331.6602982703833
    ]
  }
}