{
  "input": [
    [
      0.6036112308502197,
      0.6424569487571716
    ],
    [
      0.6001471281051636,
      0.6427370309829712
    ],
    [
      0.5970929265022278,
      0.6429389119148254
    ],
    [
      0.5941186547279358,
      0.643125593662262
    ],
    [
      0.6279860138893127,
      0.6369503140449524
    ],
    [
      0.6681170463562012,
      0.6296933889389038
    ],
    [
      0.6991631984710693,
      0.6248971819877625
    ],
    [
      0.7288817763328552,
      0.620460569858551
    ],
    [
      0.7411043643951416,
      0.6190406084060669
    ],
    [
      0.7511711716651917,
      0.6179923415184021
    ],
    [
      0.7524073123931885,
      0.618787407875061
    ],
    [
      0.7527498602867126,
      0.6197690367698669
    ],
    [
      0.748919665813446,
      0.6208761930465698
    ],
    [
      0.7447555661201477,
      0.6219934225082397
    ],
    [
      0.741476833820343,
      0.6226057410240173
    ]
  ],
  "target": [
    [
      0.7382509112358093,
      0.6231879591941833
    ],
    [
      0.737230658531189,
      0.6232872605323792
    ],
    [
      0.736298680305481,
      0.623367190361023
    ],
    [
      0.7371014356613159,
      0.6232605576515198
    ],
    [
      0.737940788269043,
      0.6231500506401062
    ],
    [
      0.687961995601654,
      0.6333566904067993
    ],
    [
      0.6382520794868469,
      0.6435176134109497
    ],
    [
      0.6158865094184875,
      0.6487090587615967
    ],
    [
      0.5941675305366516,
      0.6537999510765076
    ],
    [
      0.5915457606315613,
      0.6559199094772339
    ],
    [
      0.5894517302513123,
      0.6579301953315735
    ],
    [
      0.5972691178321838,
      0.6578823924064636
    ],
    [
      0.6053063869476318,
      0.6577933430671692
    ],
    [
      0.616340160369873,
      0.6571423411369324
    ],
    [
      0.6276793479919434,
      0.6565576195716858
    ]
  ],
  "meta": {
    "video_name": "test2.mp4",
    "video_stem": "test2",
    "video_path": "E:\\desktop\\open\\lstm-akf\\data\\video\\test2.mp4",
    "fps": 40.0,
    "segment_index": 111,
    "sample_index": 102,
    "start_frame_index": 92,
    "history_end_frame_index": 106,
    "target_end_frame_index": 121,
    "history_frame_indices": [
      92,
      93,
      94,
      95,
      96,
      97,
      98,
      99,
      100,
      101,
      102,
      103,
      104,
      105,
      106
    ],
    "target_frame_indices": [
      107,
      108,
      109,
      110,
      111,
      112,
      113,
      114,
      115,
      116,
      117,
      118,
      119,
      120,
      121
    ],
    "history_timestamps": [
      256.1199396007379,
      256.14493960073787,
      256.1699396007379,
      256.19493960073794,
      256.2199396007379,
      256.2449396007379,
      256.2699396007379,
      256.29493960073796,
      256.31993960073794,
      256.3449396007379,
      256.36993960073795,
      256.394939600738,
      256.41993960073796,
      256.44493960073794,
      256.469939600738
    ],
    "target_timestamps": [
      256.494939600738,
      256.519939600738,
      256.54493960073796,
      256.569939600738,
      256.59493960073803,
      256.619939600738,
      256.644939600738,
      256.669939600738,
      256.69493960073805,
      256.71993960073803,
      256.744939600738,
      256.76993960073804,
      256.7949396007381,
      256.81993960073805,
      256.84493960073803
    ]
  }
}