{
  "input": [
    [
      0.5870362520217896,
      0.5647851824760437
    ],
    [
      0.5857495665550232,
      0.5645785927772522
    ],
    [
      0.5844695568084717,
      0.5643603205680847
    ],
    [
      0.581869900226593,
      0.5643921494483948
    ],
    [
      0.5792432427406311,
      0.5644290447235107
    ],
    [
      0.5773608684539795,
      0.5643987655639648
    ],
    [
      0.5754645466804504,
      0.5643690228462219
    ],
    [
      0.5725789070129395,
      0.5643807053565979
    ],
    [
      0.5697231888771057,
      0.5643932819366455
    ],
    [
      0.5677353739738464,
      0.5644319653511047
    ],
    [
      0.5657002329826355,
      0.5644618272781372
    ],
    [
      0.5627874135971069,
      0.5643289685249329
    ],
    [
      0.5599568486213684,
      0.5642038583755493
    ],
    [
      0.5582355856895447,
      0.5641835927963257
    ],
    [
      0.5564261078834534,
      0.5641456246376038
    ]
  ],
  "target": [
    [
      0.5536888837814331,
      0.5639217495918274
    ],
    [
      0.5510293841362,
      0.5636653304100037
    ],
    [
      0.5490351915359497,
      0.5631309151649475
    ],
    [
      0.546919584274292,
      0.5626422166824341
    ],
    [
      0.5439338684082031,
      0.5624820590019226
    ],
    [
      0.5410839319229126,
      0.5623053908348083
    ],
    [
      0.5390666723251343,
      0.5620279312133789
    ],
    [
      0.5368466377258301,
      0.5617504119873047
    ],
    [
      0.5335460305213928,
      0.5614721775054932
    ],
    [
      0.5304499864578247,
      0.5611719489097595
    ],
    [
      0.5283128619194031,
      0.5607686042785645
    ],
    [
      0.5259475111961365,
      0.5604972839355469
    ],
    [
      0.522631824016571,
      0.560775637626648
    ],
    [
      0.5195912718772888,
      0.5609939098358154
    ],
    [
      0.5175768733024597,
      0.5609877705574036
    ]
  ]
}