{
  "input": [
    [
      0.5066745281219482,
      0.6651282906532288
    ],
    [
      0.5126376152038574,
      0.6647374629974365
    ],
    [
      0.5186804533004761,
      0.6637312173843384
    ],
    [
      0.5248092412948608,
      0.6618217825889587
    ],
    [
      0.5296727418899536,
      0.6602108478546143
    ],
    [
      0.5344663858413696,
      0.6589492559432983
    ],
    [
      0.5141354203224182,
      0.6643403768539429
    ],
    [
      0.4436251223087311,
      0.6826876997947693
    ],
    [
      0.398208349943161,
      0.6998050212860107
    ],
    [
      0.3762293756008148,
      0.7121553421020508
    ],
    [
      0.37283915281295776,
      0.7203558087348938
    ],
    [
      0.38318854570388794,
      0.725023627281189
    ],
    [
      0.40409231185913086,
      0.7261001467704773
    ],
    [
      0.4242895543575287,
      0.7268136143684387
    ],
    [
      0.44256457686424255,
      0.7275663018226624
    ]
  ],
  "target": [
    [
      0.4577016234397888,
      0.7287606000900269
    ],
    [
      0.46974796056747437,
      0.7295093536376953
    ],
    [
      0.4810091555118561,
      0.7302747964859009
    ],
    [
      0.4917149245738983,
      0.7308816313743591
    ],
    [
      0.5020949244499207,
      0.7311543822288513
    ],
    [
      0.511911153793335,
      0.7310913801193237
    ],
    [
      0.5222024321556091,
      0.7306436896324158
    ],
    [
      0.5329906344413757,
      0.7304871678352356
    ],
    [
      0.5442977547645569,
      0.7312978506088257
    ],
    [
      0.5546595454216003,
      0.731974720954895
    ],
    [
      0.5129907727241516,
      0.714968204498291
    ],
    [
      0.4533146619796753,
      0.6931780576705933
    ],
    [
      0.409654438495636,
      0.679503858089447
    ],
    [
      0.4004928469657898,
      0.6762561202049255
    ],
    [
      0.40407252311706543,
      0.6764249205589294
    ]
  ]
}