{
  "input": [
    [
      0.5561000108718872,
      0.5603474974632263
    ],
    [
      0.5560420751571655,
      0.5603765845298767
    ],
    [
      0.5559842586517334,
      0.5604061484336853
    ],
    [
      0.5559276938438416,
      0.5604391694068909
    ],
    [
      0.5558749437332153,
      0.5604777336120605
    ],
    [
      0.5558480620384216,
      0.5605525374412537
    ],
    [
      0.555842399597168,
      0.5606197118759155
    ],
    [
      0.5559583902359009,
      0.5606432557106018
    ],
    [
      0.5560817122459412,
      0.5606709718704224
    ],
    [
      0.5562418103218079,
      0.560719907283783
    ],
    [
      0.5564153790473938,
      0.5607694387435913
    ],
    [
      0.5566486716270447,
      0.5608219504356384
    ],
    [
      0.5568968057632446,
      0.5608751773834229
    ],
    [
      0.5572034120559692,
      0.5609313249588013
    ],
    [
      0.5575260519981384,
      0.5609882473945618
    ]
  ],
  "target": [
    [
      0.557905912399292,
      0.5610479712486267
    ],
    [
      0.5552842617034912,
      0.5601658821105957
    ],
    [
      0.5430439710617065,
      0.556265652179718
    ],
    [
      0.533908486366272,
      0.5533920526504517
    ],
    [
      0.5338132977485657,
      0.5535079836845398
    ],
    [
      0.5339025259017944,
      0.5536620616912842
    ],
    [
      0.5344814658164978,
      0.5539173483848572
    ],
    [
      0.5350372195243835,
      0.5540980100631714
    ],
    [
      0.5355363488197327,
      0.5540971755981445
    ],
    [
      0.5360231399536133,
      0.554094672203064
    ],
    [
      0.5364821553230286,
      0.5540884733200073
    ],
    [
      0.5368427038192749,
      0.5540581345558167
    ],
    [
      0.5370004773139954,
      0.5539780259132385
    ],
    [
      0.5371221899986267,
      0.5539654493331909
    ],
    [
      0.5371754169464111,
      0.5540812611579895
    ]
  ]
}