{
  "input": [
    [
      0.502280592918396,
      0.5610343217849731
    ],
    [
      0.5039203763008118,
      0.5607727766036987
    ],
    [
      0.5060796141624451,
      0.5607388615608215
    ],
    [
      0.5088998079299927,
      0.5609946846961975
    ],
    [
      0.5111672878265381,
      0.5612385869026184
    ],
    [
      0.5127801895141602,
      0.5614685416221619
    ],
    [
      0.5146046876907349,
      0.5617285966873169
    ],
    [
      0.5166622996330261,
      0.5620219111442566
    ],
    [
      0.510471761226654,
      0.5631901621818542
    ],
    [
      0.49581462144851685,
      0.5652565360069275
    ],
    [
      0.48928943276405334,
      0.5664833784103394
    ],
    [
      0.49053752422332764,
      0.5669077038764954
    ],
    [
      0.4929622411727905,
      0.5670796036720276
    ],
    [
      0.4964342415332794,
      0.5670268535614014
    ],
    [
      0.5011585354804993,
      0.5667811632156372
    ]
  ],
  "target": [
    [
      0.5069204568862915,
      0.5663755536079407
    ],
    [
      0.5115302205085754,
      0.566277265548706
    ],
    [
      0.515251874923706,
      0.5664158463478088
    ],
    [
      0.5183109641075134,
      0.566442608833313
    ],
    [
      0.52089524269104,
      0.566389262676239
    ],
    [
      0.5230360627174377,
      0.5663130283355713
    ],
    [
      0.5248816013336182,
      0.5662215352058411
    ],
    [
      0.5282254219055176,
      0.5661735534667969
    ],
    [
      0.5324950218200684,
      0.5661523938179016
    ],
    [
      0.5263823866844177,
      0.5644418001174927
    ],
    [
      0.5143256187438965,
      0.5617638826370239
    ],
    [
      0.5065221786499023,
      0.559943437576294
    ],
    [
      0.5009717345237732,
      0.5585771203041077
    ],
    [
      0.4984733462333679,
      0.5578799843788147
    ],
    [
      0.4974678158760071,
      0.5575101375579834
    ]
  ]
}