{
  "input": [
    [
      0.6596731543540955,
      0.5694859027862549
    ],
    [
      0.6609823703765869,
      0.569517195224762
    ],
    [
      0.6599526405334473,
      0.5692142844200134
    ],
    [
      0.644232988357544,
      0.5668120980262756
    ],
    [
      0.6296898126602173,
      0.5646055340766907
    ],
    [
      0.6215529441833496,
      0.563464343547821
    ],
    [
      0.614433228969574,
      0.5624668598175049
    ],
    [
      0.6121775507926941,
      0.5621567964553833
    ],
    [
      0.6104633212089539,
      0.5619174242019653
    ],
    [
      0.6110460162162781,
      0.561978280544281
    ],
    [
      0.6148832440376282,
      0.5625498294830322
    ],
    [
      0.6310697197914124,
      0.5650593042373657
    ],
    [
      0.6452161073684692,
      0.5672580003738403
    ],
    [
      0.6523907780647278,
      0.5683943629264832
    ],
    [
      0.6581446528434753,
      0.5693265199661255
    ]
  ],
  "target": [
    [
      0.6595009565353394,
      0.5696264505386353
    ],
    [
      0.6600808501243591,
      0.5698651075363159
    ],
    [
      0.658473789691925,
      0.569930911064148
    ],
    [
      0.6567455530166626,
      0.569928765296936
    ],
    [
      0.6547053456306458,
      0.5697516202926636
    ],
    [
      0.6526584625244141,
      0.5696174502372742
    ],
    [
      0.6505957841873169,
      0.5695845484733582
    ],
    [
      0.6489037871360779,
      0.5695568919181824
    ],
    [
      0.6480165719985962,
      0.5695406198501587
    ],
    [
      0.6469495892524719,
      0.5693700313568115
    ],
    [
      0.6455230116844177,
      0.5688905715942383
    ],
    [
      0.6442282795906067,
      0.5683730244636536
    ],
    [
      0.6431774497032166,
      0.5677851438522339
    ],
    [
      0.6419224739074707,
      0.5674822330474854
    ],
    [
      0.6403180360794067,
      0.5676670670509338
    ]
  ]
}