{
  "input": [
    [
      0.5239364504814148,
      0.567400336265564
    ],
    [
      0.5232875347137451,
      0.567690908908844
    ],
    [
      0.5225697159767151,
      0.5676590800285339
    ],
    [
      0.5219168663024902,
      0.5676207542419434
    ],
    [
      0.5216531157493591,
      0.5675439238548279
    ],
    [
      0.521430492401123,
      0.5674552321434021
    ],
    [
      0.5214221477508545,
      0.5673050880432129
    ],
    [
      0.5214695930480957,
      0.5671975612640381
    ],
    [
      0.5217733383178711,
      0.56728595495224
    ],
    [
      0.522188127040863,
      0.5673753619194031
    ],
    [
      0.5230572819709778,
      0.5674692392349243
    ],
    [
      0.5238490700721741,
      0.5675178170204163
    ],
    [
      0.5243574380874634,
      0.5674003958702087
    ],
    [
      0.5252594947814941,
      0.5673245191574097
    ],
    [
      0.5274640321731567,
      0.5673862099647522
    ]
  ],
  "target": [
    [
      0.5296388268470764,
      0.5674729347229004
    ],
    [
      0.5317241549491882,
      0.567634642124176
    ],
    [
      0.5338961482048035,
      0.5677763819694519
    ],
    [
      0.5363050699234009,
      0.567863404750824
    ],
    [
      0.5385028123855591,
      0.5678496360778809
    ],
    [
      0.5401721000671387,
      0.567583441734314
    ],
    [
      0.5373120903968811,
      0.5666686296463013
    ],
    [
      0.5240492820739746,
      0.5642641186714172
    ],
    [
      0.5136533379554749,
      0.5621609687805176
    ],
    [
      0.5093176364898682,
      0.5606949329376221
    ],
    [
      0.5072469115257263,
      0.5597617030143738
    ],
    [
      0.5095937848091125,
      0.5598676204681396
    ],
    [
      0.5124499797821045,
      0.5600100755691528
    ],
    [
      0.5162245631217957,
      0.5602184534072876
    ],
    [
      0.5204763412475586,
      0.560361921787262
    ]
  ]
}