{
  "input": [
    [
      0.6204131245613098,
      0.5609787106513977
    ],
    [
      0.618350625038147,
      0.5608781576156616
    ],
    [
      0.6165834665298462,
      0.5607492923736572
    ],
    [
      0.613960862159729,
      0.5608692765235901
    ],
    [
      0.6109679937362671,
      0.5610969066619873
    ],
    [
      0.60842365026474,
      0.5613344311714172
    ],
    [
      0.6060574054718018,
      0.5615758299827576
    ],
    [
      0.6040387749671936,
      0.561516284942627
    ],
    [
      0.6021464467048645,
      0.5613474249839783
    ],
    [
      0.6004700660705566,
      0.5611757040023804
    ],
    [
      0.5988651514053345,
      0.5610029697418213
    ],
    [
      0.5970231890678406,
      0.5609753727912903
    ],
    [
      0.5951100587844849,
      0.5609914064407349
    ],
    [
      0.5917033553123474,
      0.5608288645744324
    ],
    [
      0.5878923535346985,
      0.5606180429458618
    ]
  ],
  "target": [
    [
      0.5849946737289429,
      0.5604592561721802
    ],
    [
      0.5823186039924622,
      0.5603131055831909
    ],
    [
      0.5790865421295166,
      0.5600530505180359
    ],
    [
      0.575734555721283,
      0.5597683191299438
    ],
    [
      0.5741035342216492,
      0.5600600242614746
    ],
    [
      0.5727994441986084,
      0.5604612231254578
    ],
    [
      0.5714641213417053,
      0.5606975555419922
    ],
    [
      0.5701236128807068,
      0.5609066486358643
    ],
    [
      0.5693617463111877,
      0.5610138773918152
    ],
    [
      0.5686818361282349,
      0.5611067414283752
    ],
    [
      0.5678679347038269,
      0.5606299042701721
    ],
    [
      0.5670380592346191,
      0.5600853562355042
    ],
    [
      0.5666959285736084,
      0.5599914193153381
    ],
    [
      0.5664010047912598,
      0.5599411725997925
    ],
    [
      0.5661277770996094,
      0.5602583885192871
    ]
  ]
}