{
  "input": [
    [
      0.5701571106910706,
      0.5616649985313416
    ],
    [
      0.5684893131256104,
      0.5604014992713928
    ],
    [
      0.567603588104248,
      0.5598628520965576
    ],
    [
      0.5674220323562622,
      0.5599766969680786
    ],
    [
      0.5674002766609192,
      0.5600445866584778
    ],
    [
      0.567512571811676,
      0.560073971748352
    ],
    [
      0.5677322745323181,
      0.5599637627601624
    ],
    [
      0.5680357813835144,
      0.5597447156906128
    ],
    [
      0.5684493184089661,
      0.5596001148223877
    ],
    [
      0.5689425468444824,
      0.5595095753669739
    ],
    [
      0.562075138092041,
      0.5604046583175659
    ],
    [
      0.5502480864524841,
      0.5619639754295349
    ],
    [
      0.5427751541137695,
      0.5629580020904541
    ],
    [
      0.5380251407623291,
      0.5635986328125
    ],
    [
      0.5361758470535278,
      0.56385338306427
    ]
  ],
  "target": [
    [
      0.5360079407691956,
      0.5638846158981323
    ],
    [
      0.5370875000953674,
      0.5637584924697876
    ],
    [
      0.5388363599777222,
      0.5635479688644409
    ],
    [
      0.5405144095420837,
      0.5633944869041443
    ],
    [
      0.5421574711799622,
      0.5632691979408264
    ],
    [
      0.5441133379936218,
      0.56324702501297
    ],
    [
      0.5462121367454529,
      0.5632719993591309
    ],
    [
      0.5476698279380798,
      0.5633447766304016
    ],
    [
      0.5488584637641907,
      0.5634375810623169
    ],
    [
      0.5512590408325195,
      0.5634298920631409
    ],
    [
      0.5541260838508606,
      0.5633835792541504
    ],
    [
      0.5575053691864014,
      0.563316822052002
    ],
    [
      0.5610647797584534,
      0.5632428526878357
    ],
    [
      0.5651487708091736,
      0.5631479620933533
    ],
    [
      0.5694004893302917,
      0.5630463361740112
    ]
  ]
}