{
  "input": [
    [
      0.7033343315124512,
      0.6776593327522278
    ],
    [
      0.6936611533164978,
      0.6771262288093567
    ],
    [
      0.6837016344070435,
      0.6764674186706543
    ],
    [
      0.6717410683631897,
      0.6750548481941223
    ],
    [
      0.6597382426261902,
      0.6736263632774353
    ],
    [
      0.6419317722320557,
      0.6730735301971436
    ],
    [
      0.6242163777351379,
      0.6725194454193115
    ],
    [
      0.6136009097099304,
      0.6717203855514526
    ],
    [
      0.6029200553894043,
      0.6709112524986267
    ],
    [
      0.5903079509735107,
      0.6698052287101746
    ],
    [
      0.5779935717582703,
      0.6687268614768982
    ],
    [
      0.5712711215019226,
      0.668166995048523
    ],
    [
      0.5642901659011841,
      0.6674908399581909
    ],
    [
      0.5537854433059692,
      0.6652299761772156
    ],
    [
      0.5483052134513855,
      0.6620876789093018
    ]
  ],
  "target": [
    [
      0.5961120128631592,
      0.6495975852012634
    ],
    [
      0.6415210962295532,
      0.6377612352371216
    ],
    [
      0.6662671566009521,
      0.6315584182739258
    ],
    [
      0.6885238885879517,
      0.6259719729423523
    ],
    [
      0.6928287148475647,
      0.6248307228088379
    ],
    [
      0.6949862241744995,
      0.6239761114120483
    ],
    [
      0.6839078664779663,
      0.6248885989189148
    ],
    [
      0.6723641157150269,
      0.6258542537689209
    ],
    [
      0.6583292484283447,
      0.6271043419837952
    ],
    [
      0.6442587375640869,
      0.6281781792640686
    ],
    [
      0.6300203800201416,
      0.6284221410751343
    ],
    [
      0.6170193552970886,
      0.6284651160240173
    ],
    [
      0.6091920137405396,
      0.6276675462722778
    ],
    [
      0.6013759970664978,
      0.6267346739768982
    ],
    [
      0.5936025977134705,
      0.6252954006195068
    ]
  ]
}