{
  "input": [
    [
      0.5388245582580566,
      0.5529301166534424
    ],
    [
      0.5397162437438965,
      0.5528445839881897
    ],
    [
      0.5476425886154175,
      0.5591806173324585
    ],
    [
      0.555160641670227,
      0.5652063488960266
    ],
    [
      0.5545254945755005,
      0.565036416053772
    ],
    [
      0.5537121295928955,
      0.5648819804191589
    ],
    [
      0.5503560900688171,
      0.564947783946991
    ],
    [
      0.5471155643463135,
      0.5649814605712891
    ],
    [
      0.5451458692550659,
      0.5646606683731079
    ],
    [
      0.5430101752281189,
      0.5643113255500793
    ],
    [
      0.5393992066383362,
      0.5637078285217285
    ],
    [
      0.5382820963859558,
      0.5630030035972595
    ],
    [
      0.5556424260139465,
      0.5615472197532654
    ],
    [
      0.5706913471221924,
      0.5601780414581299
    ],
    [
      0.5711451768875122,
      0.5593549609184265
    ]
  ],
  "target": [
    [
      0.5711967349052429,
      0.5586802959442139
    ],
    [
      0.5690473318099976,
      0.5588176250457764
    ],
    [
      0.5665422081947327,
      0.5589258074760437
    ],
    [
      0.5623290538787842,
      0.5588938593864441
    ],
    [
      0.558188796043396,
      0.5588172674179077
    ],
    [
      0.5543588399887085,
      0.5585505366325378
    ],
    [
      0.5507067441940308,
      0.5582374334335327
    ],
    [
      0.547731876373291,
      0.5577479004859924
    ],
    [
      0.5451505184173584,
      0.5572630763053894
    ],
    [
      0.543918788433075,
      0.5567943453788757
    ],
    [
      0.5423372387886047,
      0.5563305616378784
    ],
    [
      0.5396695137023926,
      0.5558820366859436
    ],
    [
      0.5369998812675476,
      0.555422842502594
    ],
    [
      0.5343250036239624,
      0.554933488368988
    ],
    [
      0.5316482186317444,
      0.55443274974823
    ]
  ]
}