{
  "input": [
    [
      0.47069698572158813,
      0.5787911415100098
    ],
    [
      0.44609326124191284,
      0.5825694799423218
    ],
    [
      0.4357816278934479,
      0.5842909812927246
    ],
    [
      0.5003618001937866,
      0.575234055519104
    ],
    [
      0.5540844202041626,
      0.5677502751350403
    ],
    [
      0.5576874613761902,
      0.5675281882286072
    ],
    [
      0.5612955689430237,
      0.5673079490661621
    ],
    [
      0.5649244785308838,
      0.5670953392982483
    ],
    [
      0.5689356923103333,
      0.5668264627456665
    ],
    [
      0.5743536353111267,
      0.5663505792617798
    ],
    [
      0.5785962343215942,
      0.5660037398338318
    ],
    [
      0.5789368152618408,
      0.5660853981971741
    ],
    [
      0.580065906047821,
      0.5660719275474548
    ],
    [
      0.5835696458816528,
      0.5657720565795898
    ],
    [
      0.5871034264564514,
      0.5654630661010742
    ]
  ],
  "target": [
    [
      0.5907193422317505,
      0.565129280090332
    ],
    [
      0.594367265701294,
      0.5647858381271362
    ],
    [
      0.5980953574180603,
      0.5644181966781616
    ],
    [
      0.6018574237823486,
      0.5640403032302856
    ],
    [
      0.6056976318359375,
      0.5636387467384338
    ],
    [
      0.5986753106117249,
      0.5628887414932251
    ],
    [
      0.5686239004135132,
      0.5613999962806702
    ],
    [
      0.5492112040519714,
      0.5604432225227356
    ],
    [
      0.5506060719490051,
      0.5605268478393555
    ],
    [
      0.5522133708000183,
      0.560606062412262
    ],
    [
      0.5542050004005432,
      0.560677170753479
    ],
    [
      0.5567272901535034,
      0.5608295202255249
    ],
    [
      0.5601383447647095,
      0.5611178874969482
    ],
    [
      0.5642127990722656,
      0.561484158039093
    ],
    [
      0.5693174004554749,
      0.5619713068008423
    ]
  ],
  "meta": {
    "video_name": "test2.mp4",
    "video_stem": "test2",
    "video_path": "E:\\desktop\\open\\lstm-akf\\data\\video\\test2.mp4",
    "fps": 40.0,
    "segment_index": 29,
    "sample_index": 26,
    "start_frame_index": 16,
    "history_end_frame_index": 30,
    "target_end_frame_index": 45,
    "history_frame_indices": [
      16,
      17,
      18,
      19,
      20,
      21,
      22,
      23,
      24,
      25,
      26,
      27,
      28,
      29,
      30
    ],
    "target_frame_indices": [
      31,
      32,
      33,
      34,
      35,
      36,
      37,
      38,
      39,
      40,
      41,
      42,
      43,
      44,
      45
    ],
    "history_timestamps": [
      67.15038239792926,
      67.17538239792927,
      67.20038239792927,
      67.22538239792928,
      67.25038239792929,
      67.27538239792929,
      67.3003823979293,
      67.3253823979293,
      67.35038239792931,
      67.37538239792931,
      67.40038239792932,
      67.42538239792933,
      67.45038239792933,
      67.47538239792934,
      67.50038239792934
    ],
    "target_timestamps": [
      67.52538239792935,
      67.55038239792935,
      67.57538239792936,
      67.60038239792937,
      67.62538239792937,
      67.65038239792938,
      67.67538239792938,
      67.70038239792939,
      67.7253823979294,
      67.7503823979294,
      67.7753823979294,
      67.80038239792941,
      67.82538239792942,
      67.85038239792942,
      67.87538239792943
    ]
  }
}