{
  "input": [
    [
      0.45212796330451965,
      0.5421081185340881
    ],
    [
      0.4388573467731476,
      0.5382744073867798
    ],
    [
      0.4253220558166504,
      0.5343683958053589
    ],
    [
      0.41019341349601746,
      0.5300270915031433
    ],
    [
      0.4096774756908417,
      0.5292661786079407
    ],
    [
      0.48573359847068787,
      0.54726642370224
    ],
    [
      0.5488420724868774,
      0.5621639490127563
    ],
    [
      0.5521833300590515,
      0.5627392530441284
    ],
    [
      0.5556731820106506,
      0.5631077885627747
    ],
    [
      0.5597728490829468,
      0.5626270771026611
    ],
    [
      0.5635613799095154,
      0.5621879696846008
    ],
    [
      0.566204845905304,
      0.5619021654129028
    ],
    [
      0.5686167478561401,
      0.5616211891174316
    ],
    [
      0.5702598094940186,
      0.5613560676574707
    ],
    [
      0.5718001127243042,
      0.5610200762748718
    ]
  ],
  "target": [
    [
      0.5730308890342712,
      0.560470700263977
    ],
    [
      0.5740650296211243,
      0.5598763227462769
    ],
    [
      0.5745593905448914,
      0.5591581463813782
    ],
    [
      0.5748439431190491,
      0.5583918690681458
    ],
    [
      0.5746018290519714,
      0.5575049519538879
    ],
    [
      0.5741367936134338,
      0.5565668344497681
    ],
    [
      0.5731582641601562,
      0.5555110573768616
    ],
    [
      0.571684718132019,
      0.5564560890197754
    ],
    [
      0.5691617727279663,
      0.5616429448127747
    ],
    [
      0.5665603876113892,
      0.5654177069664001
    ],
    [
      0.5638056993484497,
      0.5664306282997131
    ],
    [
      0.5644622445106506,
      0.5667054057121277
    ],
    [
      0.5712865591049194,
      0.5656457543373108
    ],
    [
      0.5765199065208435,
      0.5648488998413086
    ],
    [
      0.579089343547821,
      0.5644919276237488
    ]
  ],
  "meta": {
    "video_name": "test2.mp4",
    "video_stem": "test2",
    "video_path": "E:\\desktop\\open\\lstm-akf\\data\\video\\test2.mp4",
    "fps": 40.0,
    "segment_index": 134,
    "sample_index": 24,
    "start_frame_index": 14,
    "history_end_frame_index": 28,
    "target_end_frame_index": 43,
    "history_frame_indices": [
      14,
      15,
      16,
      17,
      18,
      19,
      20,
      21,
      22,
      23,
      24,
      25,
      26,
      27,
      28
    ],
    "target_frame_indices": [
      29,
      30,
      31,
      32,
      33,
      34,
      35,
      36,
      37,
      38,
      39,
      40,
      41,
      42,
      43
    ],
    "history_timestamps": [
      321.3167607953874,
      321.34176079538736,
      321.36676079538734,
      321.3917607953873,
      321.4167607953873,
      321.44176079538727,
      321.46676079538724,
      321.4917607953872,
      321.5167607953872,
      321.5417607953872,
      321.56676079538715,
      321.59176079538713,
      321.6167607953871,
      321.6417607953871,
      321.66676079538706
    ],
    "target_timestamps": [
      321.69176079538704,
      321.716760795387,
      321.741760795387,
      321.766760795387,
      321.79176079538695,
      321.8167607953869,
      321.8417607953869,
      321.8667607953869,
      321.89176079538686,
      321.91676079538684,
      321.9417607953868,
      321.9667607953868,
      321.99176079538677,
      322.01676079538674,
      322.0417607953867
    ]
  }
}