{
  "input": [
    [
      0.5931275486946106,
      0.5704460144042969
    ],
    [
      0.5932456254959106,
      0.570438027381897
    ],
    [
      0.5932698845863342,
      0.570375919342041
    ],
    [
      0.5932847261428833,
      0.5703096985816956
    ],
    [
      0.593215823173523,
      0.570207417011261
    ],
    [
      0.5931524634361267,
      0.5701176524162292
    ],
    [
      0.5931304097175598,
      0.5701208114624023
    ],
    [
      0.5930996537208557,
      0.570086658000946
    ],
    [
      0.5930140018463135,
      0.5698165893554688
    ],
    [
      0.5929301977157593,
      0.569591760635376
    ],
    [
      0.5928566455841064,
      0.5696139931678772
    ],
    [
      0.5927949547767639,
      0.5696524977684021
    ],
    [
      0.5927901268005371,
      0.5697690844535828
    ],
    [
      0.5928507447242737,
      0.5698281526565552
    ],
    [
      0.5931901931762695,
      0.5696420669555664
    ]
  ],
  "target": [
    [
      0.5894630551338196,
      0.5702841877937317
    ],
    [
      0.5702468156814575,
      0.5740806460380554
    ],
    [
      0.5535569787025452,
      0.5773663520812988
    ],
    [
      0.5455318093299866,
      0.5788999795913696
    ],
    [
      0.539401113986969,
      0.5800897479057312
    ],
    [
      0.5391543507575989,
      0.5802115201950073
    ],
    [
      0.5396419167518616,
      0.5802271366119385
    ],
    [
      0.5422046184539795,
      0.5799429416656494
    ],
    [
      0.5448408126831055,
      0.5795537233352661
    ],
    [
      0.5476669073104858,
      0.5788933634757996
    ],
    [
      0.5500059127807617,
      0.5783234238624573
    ],
    [
      0.5511919856071472,
      0.5779674649238586
    ],
    [
      0.5520225763320923,
      0.5777143836021423
    ],
    [
      0.5520793199539185,
      0.5776852369308472
    ],
    [
      0.5519812703132629,
      0.5777111053466797
    ]
  ]
}