{
  "input": [
    [
      0.7001352906227112,
      0.6131643056869507
    ],
    [
      0.694320559501648,
      0.6133831143379211
    ],
    [
      0.6885197758674622,
      0.6135625839233398
    ],
    [
      0.6827376484870911,
      0.6136893630027771
    ],
    [
      0.6780130863189697,
      0.6137413382530212
    ],
    [
      0.6746067404747009,
      0.6137000322341919
    ],
    [
      0.6704689264297485,
      0.6137439012527466
    ],
    [
      0.6654826402664185,
      0.6138865351676941
    ],
    [
      0.661483645439148,
      0.6139678359031677
    ],
    [
      0.6585508584976196,
      0.6139828562736511
    ],
    [
      0.6546556353569031,
      0.6141266822814941
    ],
    [
      0.6497925519943237,
      0.6144000291824341
    ],
    [
      0.6453132629394531,
      0.6146445870399475
    ],
    [
      0.6411933302879333,
      0.6148620843887329
    ],
    [
      0.636614978313446,
      0.6149831414222717
    ]
  ],
  "target": [
    [
      0.6316367387771606,
      0.6150200366973877
    ],
    [
      0.6274281144142151,
      0.6150705814361572
    ],
    [
      0.6238440871238708,
      0.615132212638855
    ],
    [
      0.6185598969459534,
      0.6151183247566223
    ],
    [
      0.6119920015335083,
      0.6150473356246948
    ],
    [
      0.6066966652870178,
      0.6149392127990723
    ],
    [
      0.6022945046424866,
      0.6148049831390381
    ],
    [
      0.5964714288711548,
      0.614562451839447
    ],
    [
      0.589722216129303,
      0.6142494082450867
    ],
    [
      0.5843861699104309,
      0.6141237020492554
    ],
    [
      0.5799043774604797,
      0.6141112446784973
    ],
    [
      0.5739535093307495,
      0.6138797402381897
    ],
    [
      0.5671799778938293,
      0.6135255098342896
    ],
    [
      0.5620729327201843,
      0.6132107377052307
    ],
    [
      0.557828962802887,
      0.6129163503646851
    ]
  ],
  "meta": {
    "video_name": "test2.mp4",
    "video_stem": "test2",
    "video_path": "E:\\desktop\\open\\lstm-akf\\data\\video\\test2.mp4",
    "fps": 40.0,
    "segment_index": 108,
    "sample_index": 56,
    "start_frame_index": 46,
    "history_end_frame_index": 60,
    "target_end_frame_index": 75,
    "history_frame_indices": [
      46,
      47,
      48,
      49,
      50,
      51,
      52,
      53,
      54,
      55,
      56,
      57,
      58,
      59,
      60
    ],
    "target_frame_indices": [
      61,
      62,
      63,
      64,
      65,
      66,
      67,
      68,
      69,
      70,
      71,
      72,
      73,
      74,
      75
    ],
    "history_timestamps": [
      246.09962152410117,
      246.12462152410117,
      246.14962152410118,
      246.17462152410118,
      246.1996215241012,
      246.2246215241012,
      246.2496215241012,
      246.2746215241012,
      246.2996215241012,
      246.32462152410122,
      246.34962152410122,
      246.37462152410123,
      246.39962152410124,
      246.42462152410124,
      246.44962152410125
    ],
    "target_timestamps": [
      246.47462152410125,
      246.49962152410126,
      246.52462152410126,
      246.54962152410127,
      246.57462152410127,
      246.59962152410128,
      246.6246215241013,
      246.6496215241013,
      246.6746215241013,
      246.6996215241013,
      246.7246215241013,
      246.74962152410131,
      246.77462152410132,
      246.79962152410133,
      246.82462152410133
    ]
  }
}