{
  "input": [
    [
      0.45976415276527405,
      0.7435875535011292
    ],
    [
      0.48197078704833984,
      0.7425947785377502
    ],
    [
      0.5025715231895447,
      0.7408654093742371
    ],
    [
      0.5208232998847961,
      0.739140510559082
    ],
    [
      0.5359830260276794,
      0.7381610870361328
    ],
    [
      0.5478209853172302,
      0.7374358773231506
    ],
    [
      0.5579935312271118,
      0.7363640069961548
    ],
    [
      0.5669344067573547,
      0.7348584532737732
    ],
    [
      0.5750771760940552,
      0.732832133769989
    ],
    [
      0.5824320316314697,
      0.731160044670105
    ],
    [
      0.5895562767982483,
      0.7283058166503906
    ],
    [
      0.5961330533027649,
      0.7247698307037354
    ],
    [
      0.6018455624580383,
      0.7210522890090942
    ],
    [
      0.4998164474964142,
      0.6812562346458435
    ],
    [
      0.4509100615978241,
      0.6623919606208801
    ]
  ],
  "target": [
    [
      0.4359153211116791,
      0.6569926738739014
    ],
    [
      0.43562108278274536,
      0.6575914621353149
    ],
    [
      0.4482925832271576,
      0.662269115447998
    ],
    [
      0.45584774017333984,
      0.6662880778312683
    ],
    [
      0.4648764133453369,
      0.6700538992881775
    ],
    [
      0.4819684624671936,
      0.6739723086357117
    ],
    [
      0.49213680624961853,
      0.6760376691818237
    ],
    [
      0.49947628378868103,
      0.6773050427436829
    ],
    [
      0.5046602487564087,
      0.6777994632720947
    ],
    [
      0.5083622336387634,
      0.677545964717865
    ],
    [
      0.512721836566925,
      0.6769031882286072
    ],
    [
      0.5172197818756104,
      0.6762798428535461
    ],
    [
      0.5220972895622253,
      0.6756284832954407
    ],
    [
      0.5275955200195312,
      0.6749017238616943
    ],
    [
      0.5330168604850769,
      0.6744702458381653
    ]
  ],
  "meta": {
    "video_name": "test1.mp4",
    "video_stem": "test1",
    "video_path": "E:\\desktop\\open\\lstm-akf\\data\\video\\test1.mp4",
    "fps": 40.0,
    "segment_index": 0,
    "sample_index": 170,
    "start_frame_index": 160,
    "history_end_frame_index": 174,
    "target_end_frame_index": 189,
    "history_frame_indices": [
      160,
      161,
      162,
      163,
      164,
      165,
      166,
      167,
      168,
      169,
      170,
      171,
      172,
      173,
      174
    ],
    "target_frame_indices": [
      175,
      176,
      177,
      178,
      179,
      180,
      181,
      182,
      183,
      184,
      185,
      186,
      187,
      188,
      189
    ],
    "history_timestamps": [
      4.700000000000004,
      4.725000000000004,
      4.7500000000000036,
      4.775000000000004,
      4.800000000000003,
      4.825000000000004,
      4.850000000000004,
      4.8750000000000036,
      4.900000000000004,
      4.925000000000004,
      4.950000000000004,
      4.975000000000004,
      5.000000000000004,
      5.025000000000004,
      5.050000000000004
    ],
    "target_timestamps": [
      5.075000000000004,
      5.100000000000004,
      5.125000000000004,
      5.150000000000004,
      5.175000000000004,
      5.200000000000004,
      5.225000000000004,
      5.250000000000004,
      5.275000000000004,
      5.300000000000004,
      5.325000000000005,
      5.350000000000004,
      5.375000000000004,
      5.400000000000005,
      5.425000000000004
    ]
  }
}