{
  "input": [
    [
      0.4946771264076233,
      0.5623562335968018
    ],
    [
      0.49339884519577026,
      0.5625663995742798
    ],
    [
      0.49158328771591187,
      0.5626938939094543
    ],
    [
      0.48963257670402527,
      0.5628006458282471
    ],
    [
      0.4873424470424652,
      0.5625108480453491
    ],
    [
      0.4849761724472046,
      0.5621320605278015
    ],
    [
      0.4826619625091553,
      0.5620529651641846
    ],
    [
      0.4803580343723297,
      0.5620331764221191
    ],
    [
      0.4789724051952362,
      0.5619587898254395
    ],
    [
      0.4777457118034363,
      0.5618749856948853
    ],
    [
      0.4767814874649048,
      0.5619475245475769
    ],
    [
      0.4758564233779907,
      0.5620433688163757
    ],
    [
      0.47499117255210876,
      0.5620765686035156
    ],
    [
      0.4741334617137909,
      0.5621019005775452
    ],
    [
      0.47220298647880554,
      0.5623094439506531
    ]
  ],
  "target": [
    [
      0.4701610207557678,
      0.5625359416007996
    ],
    [
      0.46889638900756836,
      0.5625537037849426
    ],
    [
      0.4676959812641144,
      0.5625541806221008
    ],
    [
      0.46632081270217896,
      0.5624830722808838
    ],
    [
      0.464934766292572,
      0.5624074935913086
    ],
    [
      0.4641958773136139,
      0.5623053312301636
    ],
    [
      0.4634844660758972,
      0.5622020363807678
    ],
    [
      0.4625782370567322,
      0.562470555305481
    ],
    [
      0.4616674482822418,
      0.5627477765083313
    ],
    [
      0.46089133620262146,
      0.5628933906555176
    ],
    [
      0.4601123034954071,
      0.5630329847335815
    ],
    [
      0.45905470848083496,
      0.562753438949585
    ],
    [
      0.45845815539360046,
      0.5625202655792236
    ],
    [
      0.47250932455062866,
      0.5637614130973816
    ],
    [
      0.4860917031764984,
      0.5649846196174622
    ]
  ]
}