{
  "input": [
    [
      0.4575599431991577,
      0.5632997751235962
    ],
    [
      0.4579025208950043,
      0.5634042620658875
    ],
    [
      0.4582168757915497,
      0.56342613697052
    ],
    [
      0.45865052938461304,
      0.56352698802948
    ],
    [
      0.459181010723114,
      0.5636919736862183
    ],
    [
      0.45169880986213684,
      0.5627741813659668
    ],
    [
      0.43816688656806946,
      0.5610387921333313
    ],
    [
      0.4314855635166168,
      0.560351550579071
    ],
    [
      0.42961227893829346,
      0.5603999495506287
    ],
    [
      0.42970240116119385,
      0.5607839226722717
    ],
    [
      0.4310722351074219,
      0.5613866448402405
    ],
    [
      0.43253806233406067,
      0.5617528557777405
    ],
    [
      0.4340619444847107,
      0.5619760751724243
    ],
    [
      0.43594789505004883,
      0.5619750618934631
    ],
    [
      0.43803662061691284,
      0.5618484616279602
    ]
  ],
  "target": [
    [
      0.43955522775650024,
      0.561613142490387
    ],
    [
      0.44077861309051514,
      0.561321496963501
    ],
    [
      0.4420659840106964,
      0.5611892938613892
    ],
    [
      0.44338396191596985,
      0.5611332654953003
    ],
    [
      0.4444120526313782,
      0.5612224340438843
    ],
    [
      0.44531261920928955,
      0.5613755583763123
    ],
    [
      0.4472108483314514,
      0.5613494515419006
    ],
    [
      0.4495121240615845,
      0.5612509250640869
    ],
    [
      0.45095235109329224,
      0.5609702467918396
    ],
    [
      0.4520741403102875,
      0.5606221556663513
    ],
    [
      0.45423001050949097,
      0.5603038668632507
    ],
    [
      0.4567345380783081,
      0.559995710849762
    ],
    [
      0.45871078968048096,
      0.5597928762435913
    ],
    [
      0.46052536368370056,
      0.5596222877502441
    ],
    [
      0.463267058134079,
      0.5600890517234802
    ]
  ]
}