{
  "input": [
    [
      0.676503598690033,
      0.5913035273551941
    ],
    [
      0.6804918646812439,
      0.5915126800537109
    ],
    [
      0.6860470771789551,
      0.591501772403717
    ],
    [
      0.6909797191619873,
      0.5914141535758972
    ],
    [
      0.6946790814399719,
      0.5911744832992554
    ],
    [
      0.6988123059272766,
      0.5909680128097534
    ],
    [
      0.7037398219108582,
      0.5908223986625671
    ],
    [
      0.70782470703125,
      0.5905926823616028
    ],
    [
      0.7104814052581787,
      0.5902202725410461
    ],
    [
      0.7133544683456421,
      0.5897683501243591
    ],
    [
      0.7165674567222595,
      0.5891913175582886
    ],
    [
      0.7192528247833252,
      0.5889033675193787
    ],
    [
      0.7211682796478271,
      0.5890370011329651
    ],
    [
      0.7228579521179199,
      0.588966429233551
    ],
    [
      0.7242414355278015,
      0.5886189937591553
    ]
  ],
  "target": [
    [
      0.7251721620559692,
      0.5882053971290588
    ],
    [
      0.7255319356918335,
      0.5877084732055664
    ],
    [
      0.714506208896637,
      0.5852013230323792
    ],
    [
      0.6901198625564575,
      0.5803351402282715
    ],
    [
      0.6714974641799927,
      0.5765838623046875
    ],
    [
      0.6591721177101135,
      0.5740505456924438
    ],
    [
      0.6516623497009277,
      0.5725717544555664
    ],
    [
      0.6490515470504761,
      0.5721659064292908
    ],
    [
      0.648798406124115,
      0.5721598267555237
    ],
    [
      0.6507789492607117,
      0.5725324749946594
    ],
    [
      0.6530853509902954,
      0.573041558265686
    ],
    [
      0.6556791663169861,
      0.5736710429191589
    ],
    [
      0.657555878162384,
      0.5740923285484314
    ],
    [
      0.6588438749313354,
      0.5743427276611328
    ],
    [
      0.6591542959213257,
      0.57436603307724
    ]
  ]
}