{
  "input": [
    [
      0.6369113922119141,
      0.5885066986083984
    ],
    [
      0.6378095149993896,
      0.5879472494125366
    ],
    [
      0.6357478499412537,
      0.5865777134895325
    ],
    [
      0.6135470271110535,
      0.5796966552734375
    ],
    [
      0.5928276777267456,
      0.5733833312988281
    ],
    [
      0.5807784795761108,
      0.5703927278518677
    ],
    [
      0.5702067613601685,
      0.5678712129592896
    ],
    [
      0.5671805143356323,
      0.5677452683448792
    ],
    [
      0.5650140643119812,
      0.5678746104240417
    ],
    [
      0.5667237043380737,
      0.5691550970077515
    ],
    [
      0.5686368346214294,
      0.5703614354133606
    ],
    [
      0.5713670253753662,
      0.5712698698043823
    ],
    [
      0.5738769769668579,
      0.5721775889396667
    ],
    [
      0.5755929350852966,
      0.5730828046798706
    ],
    [
      0.5771164298057556,
      0.5739118456840515
    ]
  ],
  "target": [
    [
      0.5780134797096252,
      0.5744931101799011
    ],
    [
      0.5787370204925537,
      0.5749397277832031
    ],
    [
      0.5789476037025452,
      0.5749881863594055
    ],
    [
      0.579189658164978,
      0.5750433206558228
    ],
    [
      0.5795163512229919,
      0.5751163363456726
    ],
    [
      0.5797843337059021,
      0.5752416253089905
    ],
    [
      0.5799074769020081,
      0.5754956603050232
    ],
    [
      0.5804415345191956,
      0.5755711197853088
    ],
    [
      0.5819068551063538,
      0.5752418637275696
    ],
    [
      0.5831350684165955,
      0.5749331116676331
    ],
    [
      0.5838686227798462,
      0.5746669173240662
    ],
    [
      0.5845271348953247,
      0.5746080875396729
    ],
    [
      0.5850410461425781,
      0.5749484300613403
    ],
    [
      0.5854459404945374,
      0.5752772092819214
    ],
    [
      0.5856565237045288,
      0.5755854249000549
    ]
  ]
}