{
  "input": [
    [
      0.5405895113945007,
      0.5585741996765137
    ],
    [
      0.5422877669334412,
      0.5588878393173218
    ],
    [
      0.5437361598014832,
      0.5591534376144409
    ],
    [
      0.5448912382125854,
      0.5593626499176025
    ],
    [
      0.5458177924156189,
      0.5594569444656372
    ],
    [
      0.5464947819709778,
      0.5594258308410645
    ],
    [
      0.5469643473625183,
      0.5595021843910217
    ],
    [
      0.5472228527069092,
      0.5596879124641418
    ],
    [
      0.5472530126571655,
      0.5595892071723938
    ],
    [
      0.5470667481422424,
      0.5592210292816162
    ],
    [
      0.5472846031188965,
      0.5589455962181091
    ],
    [
      0.5478588938713074,
      0.5587520003318787
    ],
    [
      0.5483388900756836,
      0.5585924983024597
    ],
    [
      0.5487414002418518,
      0.55846107006073
    ],
    [
      0.5411545634269714,
      0.5599665641784668
    ]
  ],
  "target": [
    [
      0.5274646282196045,
      0.5627225637435913
    ],
    [
      0.5187047719955444,
      0.5647321343421936
    ],
    [
      0.5134460926055908,
      0.5662115216255188
    ],
    [
      0.5113600492477417,
      0.567011833190918
    ],
    [
      0.5113669037818909,
      0.5673641562461853
    ],
    [
      0.5125131607055664,
      0.5674842596054077
    ],
    [
      0.514356791973114,
      0.5674622654914856
    ],
    [
      0.516857385635376,
      0.567315399646759
    ],
    [
      0.5197306275367737,
      0.5670977830886841
    ],
    [
      0.5219156742095947,
      0.5668291449546814
    ],
    [
      0.523739755153656,
      0.5665338039398193
    ],
    [
      0.5271232724189758,
      0.5660010576248169
    ],
    [
      0.5312619209289551,
      0.5653533935546875
    ],
    [
      0.5327085852622986,
      0.5657285451889038
    ],
    [
      0.5329546928405762,
      0.5665598511695862
    ]
  ]
}