{
  "input": [
    [
      0.5514844655990601,
      0.5862452387809753
    ],
    [
      0.5413030982017517,
      0.5845380425453186
    ],
    [
      0.5374749302864075,
      0.5840346813201904
    ],
    [
      0.537787675857544,
      0.5843158960342407
    ],
    [
      0.5404396057128906,
      0.5845699310302734
    ],
    [
      0.5445057153701782,
      0.5848075747489929
    ],
    [
      0.5487619638442993,
      0.5852081775665283
    ],
    [
      0.553124725818634,
      0.5857000350952148
    ],
    [
      0.5559902787208557,
      0.5859958529472351
    ],
    [
      0.5580804944038391,
      0.5861901640892029
    ],
    [
      0.5593200325965881,
      0.5863913297653198
    ],
    [
      0.5601531267166138,
      0.5865957736968994
    ],
    [
      0.5603507161140442,
      0.5867109298706055
    ],
    [
      0.5602687001228333,
      0.586786687374115
    ],
    [
      0.5603388547897339,
      0.5868162512779236
    ]
  ],
  "target": [
    [
      0.5604705214500427,
      0.5868270993232727
    ],
    [
      0.5608002543449402,
      0.5869148969650269
    ],
    [
      0.5612032413482666,
      0.5870311260223389
    ],
    [
      0.562873363494873,
      0.5868880748748779
    ],
    [
      0.5649707317352295,
      0.5866576433181763
    ],
    [
      0.5668833255767822,
      0.5866053700447083
    ],
    [
      0.5687394142150879,
      0.5866076946258545
    ],
    [
      0.5707434415817261,
      0.5865114331245422
    ],
    [
      0.5727882981300354,
      0.5863879919052124
    ],
    [
      0.5784100294113159,
      0.5861605405807495
    ],
    [
      0.5849188566207886,
      0.5859073996543884
    ],
    [
      0.5905746221542358,
      0.5853896737098694
    ],
    [
      0.5960420370101929,
      0.5848134756088257
    ],
    [
      0.599686861038208,
      0.5844045877456665
    ],
    [
      0.6029765605926514,
      0.5840283036231995
    ]
  ]
}