{
  "input": [
    [
      0.5619013905525208,
      0.6227865219116211
    ],
    [
      0.5651178956031799,
      0.6234498620033264
    ],
    [
      0.5678073763847351,
      0.6238783001899719
    ],
    [
      0.5701947808265686,
      0.6245610117912292
    ],
    [
      0.5722991824150085,
      0.6254819631576538
    ],
    [
      0.5744596719741821,
      0.626255989074707
    ],
    [
      0.5766690373420715,
      0.6269019246101379
    ],
    [
      0.5789480209350586,
      0.6272940635681152
    ],
    [
      0.5812836289405823,
      0.6274802088737488
    ],
    [
      0.5847939848899841,
      0.6284321546554565
    ],
    [
      0.5891912579536438,
      0.6299622058868408
    ],
    [
      0.5928600430488586,
      0.6310089826583862
    ],
    [
      0.5960174202919006,
      0.6317164897918701
    ],
    [
      0.5990936160087585,
      0.6324018836021423
    ],
    [
      0.6021168828010559,
      0.6330728530883789
    ]
  ],
  "target": [
    [
      0.6047563552856445,
      0.633731484413147
    ],
    [
      0.6071638464927673,
      0.6343825459480286
    ],
    [
      0.6099948883056641,
      0.6348438858985901
    ],
    [
      0.6130630970001221,
      0.6351989507675171
    ],
    [
      0.617490291595459,
      0.6363531351089478
    ],
    [
      0.6226212978363037,
      0.637921154499054
    ],
    [
      0.6258000135421753,
      0.6388126611709595
    ],
    [
      0.6280456781387329,
      0.6393808126449585
    ],
    [
      0.6294073462486267,
      0.6397417187690735
    ],
    [
      0.6303800940513611,
      0.6400114297866821
    ],
    [
      0.6303502917289734,
      0.6401755213737488
    ],
    [
      0.6299154758453369,
      0.6402969360351562
    ],
    [
      0.629522442817688,
      0.6403093338012695
    ],
    [
      0.6291449069976807,
      0.6402813792228699
    ],
    [
      0.6281946897506714,
      0.640572190284729
    ]
  ],
  "meta": {
    "video_name": "test2.mp4",
    "video_stem": "test2",
    "video_path": "E:\\desktop\\open\\lstm-akf\\data\\video\\test2.mp4",
    "fps": 40.0,
    "segment_index": 111,
    "sample_index": 65,
    "start_frame_index": 55,
    "history_end_frame_index": 69,
    "target_end_frame_index": 84,
    "history_frame_indices": [
      55,
      56,
      57,
      58,
      59,
      60,
      61,
      62,
      63,
      64,
      65,
      66,
      67,
      68,
      69
    ],
    "target_frame_indices": [
      70,
      71,
      72,
      73,
      74,
      75,
      76,
      77,
      78,
      79,
      80,
      81,
      82,
      83,
      84
    ],
    "history_timestamps": [
      255.19493960073768,
      255.2199396007377,
      255.2449396007377,
      255.2699396007377,
      255.2949396007377,
      255.3199396007377,
      255.34493960073772,
      255.36993960073772,
      255.39493960073773,
      255.41993960073773,
      255.44493960073774,
      255.46993960073775,
      255.49493960073775,
      255.51993960073776,
      255.54493960073776
    ],
    "target_timestamps": [
      255.56993960073777,
      255.59493960073777,
      255.61993960073778,
      255.64493960073779,
      255.6699396007378,
      255.6949396007378,
      255.7199396007378,
      255.7449396007378,
      255.7699396007378,
      255.79493960073782,
      255.81993960073783,
      255.84493960073783,
      255.86993960073784,
      255.89493960073784,
      255.91993960073785
    ]
  }
}