{
  "input": [
    [
      0.38091957569122314,
      0.7047153115272522
    ],
    [
      0.4009012281894684,
      0.7055962681770325
    ],
    [
      0.419678658246994,
      0.7062263488769531
    ],
    [
      0.4366295635700226,
      0.7070220708847046
    ],
    [
      0.45113176107406616,
      0.708399772644043
    ],
    [
      0.46393364667892456,
      0.709916889667511
    ],
    [
      0.47548678517341614,
      0.7101052403450012
    ],
    [
      0.486422061920166,
      0.7096436023712158
    ],
    [
      0.49737027287483215,
      0.7092103958129883
    ],
    [
      0.5081976056098938,
      0.7088417410850525
    ],
    [
      0.5189825296401978,
      0.7084683179855347
    ],
    [
      0.5294741988182068,
      0.7083114385604858
    ],
    [
      0.5394216179847717,
      0.7085926532745361
    ],
    [
      0.47327059507369995,
      0.684659481048584
    ],
    [
      0.42334336042404175,
      0.6684643030166626
    ]
  ],
  "target": [
    [
      0.3923405408859253,
      0.6595595479011536
    ],
    [
      0.3829626739025116,
      0.6574979424476624
    ],
    [
      0.3934292197227478,
      0.6600093245506287
    ],
    [
      0.40891584753990173,
      0.6637039184570312
    ],
    [
      0.4270504117012024,
      0.6680802702903748
    ],
    [
      0.4454607665538788,
      0.672636866569519
    ],
    [
      0.4597661793231964,
      0.6749001741409302
    ],
    [
      0.4723791778087616,
      0.6755831241607666
    ],
    [
      0.48322758078575134,
      0.6754164695739746
    ],
    [
      0.49223923683166504,
      0.6751310229301453
    ],
    [
      0.5004456639289856,
      0.673223078250885
    ],
    [
      0.5085241794586182,
      0.6717050671577454
    ],
    [
      0.5166880488395691,
      0.6701892614364624
    ],
    [
      0.5251504778862,
      0.668287992477417
    ],
    [
      0.5341355204582214,
      0.6662720441818237
    ]
  ]
}