{
  "input": [
    [
      0.5963934659957886,
      0.5572261214256287
    ],
    [
      0.5959520936012268,
      0.5572028160095215
    ],
    [
      0.5957841277122498,
      0.5572014451026917
    ],
    [
      0.5956800580024719,
      0.5572051405906677
    ],
    [
      0.5956845879554749,
      0.5571978688240051
    ],
    [
      0.5957115888595581,
      0.5571882724761963
    ],
    [
      0.5957648158073425,
      0.5571888089179993
    ],
    [
      0.5958227515220642,
      0.5571911931037903
    ],
    [
      0.5959900617599487,
      0.5571926832199097
    ],
    [
      0.5961745977401733,
      0.5571940541267395
    ],
    [
      0.5963397026062012,
      0.5573198199272156
    ],
    [
      0.5965021252632141,
      0.5574622750282288
    ],
    [
      0.5969212651252747,
      0.5576754808425903
    ],
    [
      0.5973690748214722,
      0.5578965544700623
    ],
    [
      0.5976856350898743,
      0.557936429977417
    ]
  ],
  "target": [
    [
      0.5979903936386108,
      0.5579599142074585
    ],
    [
      0.598389744758606,
      0.5578117370605469
    ],
    [
      0.5987955927848816,
      0.5576516389846802
    ],
    [
      0.5991652011871338,
      0.5575549602508545
    ],
    [
      0.599532961845398,
      0.5574614405632019
    ],
    [
      0.6001396775245667,
      0.5572999119758606
    ],
    [
      0.6007536053657532,
      0.5571362972259521
    ],
    [
      0.6012664437294006,
      0.5571736097335815
    ],
    [
      0.6017797589302063,
      0.5572142004966736
    ],
    [
      0.602556586265564,
      0.5574116110801697
    ],
    [
      0.6033251285552979,
      0.5576074123382568
    ],
    [
      0.6037560105323792,
      0.5577406287193298
    ],
    [
      0.6041767597198486,
      0.5578722953796387
    ],
    [
      0.6043642163276672,
      0.5579678416252136
    ],
    [
      0.6045453548431396,
      0.5580567121505737
    ]
  ]
}