{
  "input": [
    [
      0.5624111294746399,
      0.5655070543289185
    ],
    [
      0.5637904405593872,
      0.5655853152275085
    ],
    [
      0.5656968951225281,
      0.5655232071876526
    ],
    [
      0.5679551362991333,
      0.5653674602508545
    ],
    [
      0.5699203610420227,
      0.5653310418128967
    ],
    [
      0.571704089641571,
      0.5653685927391052
    ],
    [
      0.5737693309783936,
      0.5652129054069519
    ],
    [
      0.5759961605072021,
      0.5649462938308716
    ],
    [
      0.577721118927002,
      0.5649547576904297
    ],
    [
      0.5791794657707214,
      0.5651093125343323
    ],
    [
      0.5815474987030029,
      0.5654273629188538
    ],
    [
      0.584361732006073,
      0.5658256411552429
    ],
    [
      0.5865142345428467,
      0.5657655000686646
    ],
    [
      0.5883677005767822,
      0.5654981732368469
    ],
    [
      0.5906516909599304,
      0.5654354691505432
    ]
  ],
  "target": [
    [
      0.5931145548820496,
      0.5654577612876892
    ],
    [
      0.5956869721412659,
      0.5655613541603088
    ],
    [
      0.5983010530471802,
      0.5656960010528564
    ],
    [
      0.6002391576766968,
      0.5654870271682739
    ],
    [
      0.6019424200057983,
      0.5651587247848511
    ],
    [
      0.6034449934959412,
      0.5649814605712891
    ],
    [
      0.6048842668533325,
      0.5648518800735474
    ],
    [
      0.6080552935600281,
      0.5647390484809875
    ],
    [
      0.6117212772369385,
      0.5646309852600098
    ],
    [
      0.6137469410896301,
      0.564726710319519
    ],
    [
      0.6153510212898254,
      0.5648747682571411
    ],
    [
      0.6166611909866333,
      0.5650842189788818
    ],
    [
      0.6179038882255554,
      0.5653077363967896
    ],
    [
      0.6185861229896545,
      0.5653518438339233
    ],
    [
      0.6191544532775879,
      0.5653595328330994
    ]
  ]
}