{
  "input": [
    [
      0.5430171489715576,
      0.5630709528923035
    ],
    [
      0.5434280633926392,
      0.5628564953804016
    ],
    [
      0.5436310172080994,
      0.5627248287200928
    ],
    [
      0.536532998085022,
      0.5636282563209534
    ],
    [
      0.5215694308280945,
      0.565646767616272
    ],
    [
      0.510893702507019,
      0.567143976688385
    ],
    [
      0.5045196413993835,
      0.5681182146072388
    ],
    [
      0.5077714920043945,
      0.567787230014801
    ],
    [
      0.5200161933898926,
      0.5662369728088379
    ],
    [
      0.5301445126533508,
      0.5648438930511475
    ],
    [
      0.5384318828582764,
      0.5635876059532166
    ],
    [
      0.5433731079101562,
      0.5628498196601868
    ],
    [
      0.5456052422523499,
      0.5625319480895996
    ],
    [
      0.5461750626564026,
      0.5625202655792236
    ],
    [
      0.5454930663108826,
      0.5627393126487732
    ]
  ],
  "target": [
    [
      0.5437527298927307,
      0.5629122853279114
    ],
    [
      0.5412716269493103,
      0.5630530118942261
    ],
    [
      0.5391010642051697,
      0.5629428625106812
    ],
    [
      0.5371324419975281,
      0.5626696348190308
    ],
    [
      0.5353802442550659,
      0.5618631839752197
    ],
    [
      0.5337585806846619,
      0.5607351064682007
    ],
    [
      0.5329992771148682,
      0.5601211190223694
    ],
    [
      0.5327215194702148,
      0.5597942471504211
    ],
    [
      0.5329881906509399,
      0.5597901344299316
    ],
    [
      0.5335359573364258,
      0.5599526166915894
    ],
    [
      0.5342088937759399,
      0.5602728128433228
    ],
    [
      0.5349416136741638,
      0.5606682300567627
    ],
    [
      0.5358494520187378,
      0.5615341663360596
    ],
    [
      0.536834180355072,
      0.5626065135002136
    ],
    [
      0.5377776026725769,
      0.563019335269928
    ]
  ]
}