{
  "input": [
    [
      0.5090484023094177,
      0.5950446724891663
    ],
    [
      0.5012351870536804,
      0.5948652029037476
    ],
    [
      0.49326643347740173,
      0.5946155190467834
    ],
    [
      0.48272523283958435,
      0.5937182903289795
    ],
    [
      0.471705824136734,
      0.592700719833374
    ],
    [
      0.4641357362270355,
      0.5924263596534729
    ],
    [
      0.4571222960948944,
      0.5922719240188599
    ],
    [
      0.4712156355381012,
      0.5871790051460266
    ],
    [
      0.48821860551834106,
      0.5814052224159241
    ],
    [
      0.49684983491897583,
      0.5786764621734619
    ],
    [
      0.5045161843299866,
      0.5762985944747925
    ],
    [
      0.5020885467529297,
      0.5758286714553833
    ],
    [
      0.4987167716026306,
      0.5755372047424316
    ],
    [
      0.49272939562797546,
      0.5757099390029907
    ],
    [
      0.486551970243454,
      0.5759164690971375
    ]
  ],
  "target": [
    [
      0.4782876968383789,
      0.5758504271507263
    ],
    [
      0.4699137210845947,
      0.5757700800895691
    ],
    [
      0.4631635248661041,
      0.5753628611564636
    ],
    [
      0.4564672112464905,
      0.5749448537826538
    ],
    [
      0.4741114675998688,
      0.5805759429931641
    ],
    [
      0.4920709431171417,
      0.5862835049629211
    ],
    [
      0.4991063177585602,
      0.5887475609779358
    ],
    [
      0.5059090852737427,
      0.5911639332771301
    ],
    [
      0.5020204782485962,
      0.5913905501365662
    ],
    [
      0.4980729818344116,
      0.5915886759757996
    ],
    [
      0.4926777184009552,
      0.5910879969596863
    ],
    [
      0.4871666729450226,
      0.5905908346176147
    ],
    [
      0.4797377586364746,
      0.5901511311531067
    ],
    [
      0.47252801060676575,
      0.5897001028060913
    ],
    [
      0.4680327773094177,
      0.5891094207763672
    ]
  ]
}