{
  "input": [
    [
      0.46927693486213684,
      0.7165822982788086
    ],
    [
      0.47910693287849426,
      0.7166281342506409
    ],
    [
      0.48900264501571655,
      0.7166126370429993
    ],
    [
      0.4994961619377136,
      0.7153218984603882
    ],
    [
      0.5104014873504639,
      0.7142958045005798
    ],
    [
      0.521484911441803,
      0.7139251232147217
    ],
    [
      0.5325126051902771,
      0.714600682258606
    ],
    [
      0.542722225189209,
      0.7127577662467957
    ],
    [
      0.500630259513855,
      0.6970206499099731
    ],
    [
      0.4410747289657593,
      0.6780531406402588
    ],
    [
      0.3988935649394989,
      0.666519045829773
    ],
    [
      0.3902828097343445,
      0.6636967062950134
    ],
    [
      0.39449501037597656,
      0.6647093296051025
    ],
    [
      0.40773144364356995,
      0.6684345006942749
    ],
    [
      0.42619338631629944,
      0.6737497448921204
    ]
  ],
  "target": [
    [
      0.4441344439983368,
      0.6773057579994202
    ],
    [
      0.45943182706832886,
      0.6792819499969482
    ],
    [
      0.47256654500961304,
      0.6799395680427551
    ],
    [
      0.48401954770088196,
      0.6795398592948914
    ],
    [
      0.49408620595932007,
      0.6791069507598877
    ],
    [
      0.5040026307106018,
      0.6784729957580566
    ],
    [
      0.5137646198272705,
      0.6775728464126587
    ],
    [
      0.5233679413795471,
      0.6763414740562439
    ],
    [
      0.5325866341590881,
      0.6732826232910156
    ],
    [
      0.5413564443588257,
      0.6709948778152466
    ],
    [
      0.5497778654098511,
      0.6686373949050903
    ],
    [
      0.5579511523246765,
      0.66536945104599
    ],
    [
      0.48827093839645386,
      0.679421603679657
    ],
    [
      0.43695569038391113,
      0.6924868226051331
    ],
    [
      0.40637704730033875,
      0.703189492225647
    ]
  ]
}