{
  "input": [
    [
      0.5171833038330078,
      0.6201043128967285
    ],
    [
      0.5160769820213318,
      0.619204580783844
    ],
    [
      0.5164814591407776,
      0.6189417243003845
    ],
    [
      0.517077624797821,
      0.6187596917152405
    ],
    [
      0.5179557800292969,
      0.6184061169624329
    ],
    [
      0.5188634395599365,
      0.6180345416069031
    ],
    [
      0.5196917057037354,
      0.6172826886177063
    ],
    [
      0.5205133557319641,
      0.6164990663528442
    ],
    [
      0.5227532386779785,
      0.6154394745826721
    ],
    [
      0.5250822901725769,
      0.6143625378608704
    ],
    [
      0.5272194743156433,
      0.6138303279876709
    ],
    [
      0.5293483734130859,
      0.6133216023445129
    ],
    [
      0.5328686833381653,
      0.6126505732536316
    ],
    [
      0.5364224910736084,
      0.6119756698608398
    ],
    [
      0.5393797755241394,
      0.612078845500946
    ]
  ],
  "target": [
    [
      0.5423057675361633,
      0.6121854782104492
    ],
    [
      0.5429587364196777,
      0.6122058033943176
    ],
    [
      0.5436410307884216,
      0.6122298836708069
    ],
    [
      0.5452751517295837,
      0.6123766899108887
    ],
    [
      0.5468935966491699,
      0.6125320792198181
    ],
    [
      0.5481980443000793,
      0.6128597855567932
    ],
    [
      0.5500302910804749,
      0.6131086945533752
    ],
    [
      0.5593923330307007,
      0.6122334599494934
    ],
    [
      0.5683166980743408,
      0.6113930344581604
    ],
    [
      0.5724239945411682,
      0.610936164855957
    ],
    [
      0.5765037536621094,
      0.6105161905288696
    ],
    [
      0.580338180065155,
      0.6104248762130737
    ],
    [
      0.584184467792511,
      0.6102322340011597
    ],
    [
      0.5881187319755554,
      0.6092890501022339
    ],
    [
      0.592006504535675,
      0.6084010004997253
    ]
  ],
  "meta": {
    "video_name": "test2.mp4",
    "video_stem": "test2",
    "video_path": "E:\\desktop\\open\\lstm-akf\\data\\video\\test2.mp4",
    "fps": 40.0,
    "segment_index": 111,
    "sample_index": 219,
    "start_frame_index": 209,
    "history_end_frame_index": 223,
    "target_end_frame_index": 238,
    "history_frame_indices": [
      209,
      210,
      211,
      212,
      213,
      214,
      215,
      216,
      217,
      218,
      219,
      220,
      221,
      222,
      223
    ],
    "target_frame_indices": [
      224,
      225,
      226,
      227,
      228,
      229,
      230,
      231,
      232,
      233,
      234,
      235,
      236,
      237,
      238
    ],
    "history_timestamps": [
      259.04493960073853,
      259.06993960073856,
      259.0949396007386,
      259.1199396007386,
      259.14493960073855,
      259.1699396007386,
      259.1949396007386,
      259.2199396007386,
      259.2449396007386,
      259.2699396007386,
      259.29493960073864,
      259.3199396007386,
      259.3449396007386,
      259.36993960073863,
      259.39493960073867
    ],
    "target_timestamps": [
      259.41993960073864,
      259.4449396007386,
      259.46993960073866,
      259.4949396007387,
      259.51993960073867,
      259.54493960073864,
      259.5699396007387,
      259.5949396007387,
      259.6199396007387,
      259.64493960073867,
      259.6699396007387,
      259.69493960073873,
      259.7199396007387,
      259.7449396007387,
      259.7699396007387
    ]
  }
}