{
  "input": [
    [
      0.5425108671188354,
      0.5644027590751648
    ],
    [
      0.5408644676208496,
      0.5646473169326782
    ],
    [
      0.5393064618110657,
      0.5647090673446655
    ],
    [
      0.5378372669219971,
      0.5645871162414551
    ],
    [
      0.5359272360801697,
      0.5642365217208862
    ],
    [
      0.5336042642593384,
      0.5636717677116394
    ],
    [
      0.5318881869316101,
      0.5631620287895203
    ],
    [
      0.5307013392448425,
      0.5627002120018005
    ],
    [
      0.5289499163627625,
      0.5620471239089966
    ],
    [
      0.5267402529716492,
      0.5612387657165527
    ],
    [
      0.5243950486183167,
      0.5603005290031433
    ],
    [
      0.5219475030899048,
      0.5592642426490784
    ],
    [
      0.5193601846694946,
      0.5580940842628479
    ],
    [
      0.5166747570037842,
      0.5568299293518066
    ],
    [
      0.5248551368713379,
      0.556659996509552
    ]
  ],
  "target": [
    [
      0.5401177406311035,
      0.5572033524513245
    ],
    [
      0.547186553478241,
      0.5578641295433044
    ],
    [
      0.5493015050888062,
      0.5585958957672119
    ],
    [
      0.5495592355728149,
      0.5589293241500854
    ],
    [
      0.5487769842147827,
      0.5590397119522095
    ],
    [
      0.5473209023475647,
      0.559060275554657
    ],
    [
      0.5455159544944763,
      0.5590343475341797
    ],
    [
      0.5440500974655151,
      0.5589045882225037
    ],
    [
      0.5427462458610535,
      0.558725118637085
    ],
    [
      0.541580855846405,
      0.5587457418441772
    ],
    [
      0.5404764413833618,
      0.5588544011116028
    ],
    [
      0.539759635925293,
      0.5587663650512695
    ],
    [
      0.5391994714736938,
      0.5585988759994507
    ],
    [
      0.538658857345581,
      0.5583083629608154
    ],
    [
      0.5381254553794861,
      0.5579723715782166
    ]
  ]
}