{
  "input": [
    [
      0.6165658831596375,
      0.5638870596885681
    ],
    [
      0.616314709186554,
      0.5641065239906311
    ],
    [
      0.6162043213844299,
      0.5642192363739014
    ],
    [
      0.6162421703338623,
      0.56421959400177
    ],
    [
      0.6164047718048096,
      0.5642025470733643
    ],
    [
      0.6166896224021912,
      0.5641685128211975
    ],
    [
      0.6169500350952148,
      0.5640883445739746
    ],
    [
      0.6171881556510925,
      0.5639660954475403
    ],
    [
      0.6173173189163208,
      0.5638686418533325
    ],
    [
      0.6173539161682129,
      0.5637922883033752
    ],
    [
      0.6172119975090027,
      0.5638216733932495
    ],
    [
      0.6169288158416748,
      0.5639348030090332
    ],
    [
      0.6166729927062988,
      0.563988983631134
    ],
    [
      0.6164373159408569,
      0.5639997720718384
    ],
    [
      0.6161421537399292,
      0.5639628767967224
    ]
  ],
  "target": [
    [
      0.6158063411712646,
      0.5638933777809143
    ],
    [
      0.6155181527137756,
      0.5637590885162354
    ],
    [
      0.615260124206543,
      0.5635836720466614
    ],
    [
      0.6149265766143799,
      0.5634402632713318
    ],
    [
      0.6145485043525696,
      0.5633156895637512
    ],
    [
      0.6143191456794739,
      0.5633107423782349
    ],
    [
      0.6141707897186279,
      0.5633708834648132
    ],
    [
      0.6139670014381409,
      0.5633916854858398
    ],
    [
      0.6137353777885437,
      0.5633926391601562
    ],
    [
      0.6140115261077881,
      0.5635026097297668
    ],
    [
      0.6145233511924744,
      0.5636632442474365
    ],
    [
      0.614884614944458,
      0.563812792301178
    ],
    [
      0.6151816844940186,
      0.5639576315879822
    ],
    [
      0.6151748299598694,
      0.5638922452926636
    ],
    [
      0.6150490045547485,
      0.5637446045875549
    ]
  ]
}