{
  "input": [
    [
      0.9238821864128113,
      0.6794099807739258
    ],
    [
      0.926177978515625,
      0.6792563796043396
    ],
    [
      0.9277312755584717,
      0.6796099543571472
    ],
    [
      0.9290937185287476,
      0.6800938844680786
    ],
    [
      0.9317188858985901,
      0.6801337599754333
    ],
    [
      0.934633731842041,
      0.6800717711448669
    ],
    [
      0.9373508095741272,
      0.6801986694335938
    ],
    [
      0.9400277137756348,
      0.6803639531135559
    ],
    [
      0.9448361396789551,
      0.6797347664833069
    ],
    [
      0.9500238299369812,
      0.6789641976356506
    ],
    [
      0.9534992575645447,
      0.6774622201919556
    ],
    [
      0.95671147108078,
      0.6758477687835693
    ],
    [
      0.9609407782554626,
      0.674103856086731
    ],
    [
      0.9653027057647705,
      0.6723430156707764
    ],
    [
      0.9699761271476746,
      0.670147180557251
    ]
  ],
  "target": [
    [
      0.9746832251548767,
      0.667904257774353
    ],
    [
      0.9208614230155945,
      0.6483352184295654
    ],
    [
      0.8619630932807922,
      0.6272633075714111
    ],
    [
      0.8533236384391785,
      0.6230968236923218
    ],
    [
      0.848006546497345,
      0.620047926902771
    ],
    [
      0.8547999858856201,
      0.6210916042327881
    ],
    [
      0.8621534109115601,
      0.6223245859146118
    ],
    [
      0.8695452809333801,
      0.6233594417572021
    ],
    [
      0.8769382238388062,
      0.6243889927864075
    ],
    [
      0.8847520351409912,
      0.6249256134033203
    ],
    [
      0.8925411105155945,
      0.6254439353942871
    ],
    [
      0.8972787261009216,
      0.6244531869888306
    ],
    [
      0.9020187258720398,
      0.62346351146698
    ],
    [
      0.9068447351455688,
      0.6225127577781677
    ],
    [
      0.91152024269104,
      0.621560275554657
    ]
  ]
}