{
  "input": [
    [
      0.5758464932441711,
      0.5770982503890991
    ],
    [
      0.5763441920280457,
      0.5770575404167175
    ],
    [
      0.5769078135490417,
      0.576995313167572
    ],
    [
      0.5772861242294312,
      0.5770485997200012
    ],
    [
      0.577622652053833,
      0.5771278738975525
    ],
    [
      0.5781757235527039,
      0.5771121382713318
    ],
    [
      0.5787719488143921,
      0.5770775675773621
    ],
    [
      0.5790005922317505,
      0.5770156383514404
    ],
    [
      0.5791653394699097,
      0.5769490003585815
    ],
    [
      0.5794285535812378,
      0.5767884254455566
    ],
    [
      0.5797065496444702,
      0.5766137838363647
    ],
    [
      0.5797409415245056,
      0.5767152905464172
    ],
    [
      0.5797443985939026,
      0.5768519043922424
    ],
    [
      0.5797367095947266,
      0.5769674777984619
    ],
    [
      0.579727828502655,
      0.5770809054374695
    ]
  ],
  "target": [
    [
      0.5795534253120422,
      0.5770474672317505
    ],
    [
      0.5793651938438416,
      0.5770018100738525
    ],
    [
      0.5791654586791992,
      0.5769269466400146
    ],
    [
      0.5789649486541748,
      0.5768502354621887
    ],
    [
      0.5788891315460205,
      0.5767937302589417
    ],
    [
      0.5788187384605408,
      0.5767380595207214
    ],
    [
      0.5787421464920044,
      0.5766485929489136
    ],
    [
      0.5786654353141785,
      0.5765582919120789
    ],
    [
      0.5785669684410095,
      0.5765605568885803
    ],
    [
      0.5784704089164734,
      0.5765635967254639
    ],
    [
      0.5785373449325562,
      0.576583981513977
    ],
    [
      0.5786031484603882,
      0.5766039490699768
    ],
    [
      0.5786324739456177,
      0.5766109824180603
    ],
    [
      0.5786634683609009,
      0.5766265392303467
    ],
    [
      0.5787268877029419,
      0.5768123865127563
    ]
  ],
  "meta": {
    "video_name": "test2.mp4",
    "video_stem": "test2",
    "video_path": "E:\\desktop\\open\\lstm-akf\\data\\video\\test2.mp4",
    "fps": 40.0,
    "segment_index": 34,
    "sample_index": 210,
    "start_frame_index": 200,
    "history_end_frame_index": 214,
    "target_end_frame_index": 229,
    "history_frame_indices": [
      200,
      201,
      202,
      203,
      204,
      205,
      206,
      207,
      208,
      209,
      210,
      211,
      212,
      213,
      214
    ],
    "target_frame_indices": [
      215,
      216,
      217,
      218,
      219,
      220,
      221,
      222,
      223,
      224,
      225,
      226,
      227,
      228,
      229
    ],
    "history_timestamps": [
      82.25601051104165,
      82.28101051104166,
      82.30601051104166,
      82.33101051104167,
      82.35601051104167,
      82.38101051104168,
      82.40601051104169,
      82.43101051104169,
      82.4560105110417,
      82.4810105110417,
      82.50601051104171,
      82.53101051104171,
      82.55601051104172,
      82.58101051104173,
      82.60601051104173
    ],
    "target_timestamps": [
      82.63101051104174,
      82.65601051104174,
      82.68101051104175,
      82.70601051104175,
      82.73101051104176,
      82.75601051104177,
      82.78101051104177,
      82.80601051104178,
      82.83101051104178,
      82.85601051104179,
      82.8810105110418,
      82.9060105110418,
      82.9310105110418,
      82.95601051104181,
      82.98101051104182
    ]
  }
}