{
  "input": [
    [
      0.46226269006729126,
      0.5658190846443176
    ],
    [
      0.4680593013763428,
      0.5669499039649963
    ],
    [
      0.48424771428108215,
      0.5701464414596558
    ],
    [
      0.49583542346954346,
      0.5726114511489868
    ],
    [
      0.5014157891273499,
      0.574121356010437
    ],
    [
      0.5036423802375793,
      0.5749024748802185
    ],
    [
      0.5017947554588318,
      0.5747982263565063
    ],
    [
      0.49874499440193176,
      0.5746775269508362
    ],
    [
      0.4943358600139618,
      0.5745383501052856
    ],
    [
      0.49033603072166443,
      0.57430100440979
    ],
    [
      0.48676708340644836,
      0.5739603638648987
    ],
    [
      0.4841725528240204,
      0.5735874772071838
    ],
    [
      0.4825334846973419,
      0.5731829404830933
    ],
    [
      0.4811883270740509,
      0.5727744698524475
    ],
    [
      0.4801115393638611,
      0.5723624229431152
    ]
  ],
  "target": [
    [
      0.4793790578842163,
      0.5721322894096375
    ],
    [
      0.4789392650127411,
      0.5720568299293518
    ],
    [
      0.47811758518218994,
      0.5719776749610901
    ],
    [
      0.47699376940727234,
      0.5718955993652344
    ],
    [
      0.47629961371421814,
      0.5718650817871094
    ],
    [
      0.47592154145240784,
      0.5718725323677063
    ],
    [
      0.4757096469402313,
      0.5718304514884949
    ],
    [
      0.4756113588809967,
      0.571754515171051
    ],
    [
      0.47554919123649597,
      0.5715614557266235
    ],
    [
      0.475509911775589,
      0.5712940096855164
    ],
    [
      0.47546401619911194,
      0.5710472464561462
    ],
    [
      0.4754141867160797,
      0.5708125233650208
    ],
    [
      0.47537457942962646,
      0.5705972909927368
    ],
    [
      0.4753405749797821,
      0.5703925490379333
    ],
    [
      0.47544437646865845,
      0.5702628493309021
    ]
  ]
}