{
  "input": [
    [
      0.5834120512008667,
      0.5774262547492981
    ],
    [
      0.5638521909713745,
      0.5746194124221802
    ],
    [
      0.5522984266281128,
      0.5729256868362427
    ],
    [
      0.5435384511947632,
      0.5716167092323303
    ],
    [
      0.5407800674438477,
      0.5711343288421631
    ],
    [
      0.5394579768180847,
      0.5709359049797058
    ],
    [
      0.540981113910675,
      0.5713000297546387
    ],
    [
      0.5428715348243713,
      0.5718072056770325
    ],
    [
      0.5454345345497131,
      0.5725761651992798
    ],
    [
      0.5484023690223694,
      0.5734168887138367
    ],
    [
      0.5520562529563904,
      0.5743792653083801
    ],
    [
      0.5568252205848694,
      0.5755529999732971
    ],
    [
      0.5633465647697449,
      0.5770589113235474
    ],
    [
      0.5628075003623962,
      0.5765976905822754
    ],
    [
      0.551967442035675,
      0.5732665061950684
    ]
  ],
  "target": [
    [
      0.545484721660614,
      0.5711969137191772
    ],
    [
      0.5449098944664001,
      0.5708377957344055
    ],
    [
      0.5439777374267578,
      0.5705604553222656
    ],
    [
      0.5425949692726135,
      0.5703861117362976
    ],
    [
      0.5413291454315186,
      0.570175051689148
    ],
    [
      0.5402006506919861,
      0.56992107629776
    ],
    [
      0.5389030575752258,
      0.5696573853492737
    ],
    [
      0.5374208092689514,
      0.5693830847740173
    ],
    [
      0.5357632040977478,
      0.5690988302230835
    ],
    [
      0.5339272618293762,
      0.5688043236732483
    ],
    [
      0.5319096446037292,
      0.5684994459152222
    ],
    [
      0.5297199487686157,
      0.5681847333908081
    ],
    [
      0.5168596506118774,
      0.5729630589485168
    ],
    [
      0.4945865571498871,
      0.5822339653968811
    ],
    [
      0.4789203405380249,
      0.5881825089454651
    ]
  ],
  "meta": {
    "video_name": "test2.mp4",
    "video_stem": "test2",
    "video_path": "E:\\desktop\\open\\lstm-akf\\data\\video\\test2.mp4",
    "fps": 40.0,
    "segment_index": 101,
    "sample_index": 154,
    "start_frame_index": 144,
    "history_end_frame_index": 158,
    "target_end_frame_index": 173,
    "history_frame_indices": [
      144,
      145,
      146,
      147,
      148,
      149,
      150,
      151,
      152,
      153,
      154,
      155,
      156,
      157,
      158
    ],
    "target_frame_indices": [
      159,
      160,
      161,
      162,
      163,
      164,
      165,
      166,
      167,
      168,
      169,
      170,
      171,
      172,
      173
    ],
    "history_timestamps": [
      223.52442248107704,
      223.54942248107704,
      223.57442248107705,
      223.59942248107706,
      223.62442248107706,
      223.64942248107707,
      223.67442248107707,
      223.69942248107708,
      223.72442248107708,
      223.7494224810771,
      223.7744224810771,
      223.7994224810771,
      223.8244224810771,
      223.8494224810771,
      223.87442248107712
    ],
    "target_timestamps": [
      223.89942248107712,
      223.92442248107713,
      223.94942248107714,
      223.97442248107714,
      223.99942248107715,
      224.02442248107715,
      224.04942248107716,
      224.07442248107716,
      224.09942248107717,
      224.12442248107718,
      224.14942248107718,
      224.1744224810772,
      224.1994224810772,
      224.2244224810772,
      224.2494224810772
    ]
  }
}