{
  "input": [
    [
      0.4867546558380127,
      0.5617846846580505
    ],
    [
      0.48805490136146545,
      0.5615518689155579
    ],
    [
      0.48924773931503296,
      0.5614030361175537
    ],
    [
      0.4902419447898865,
      0.5614092946052551
    ],
    [
      0.49153584241867065,
      0.5613999962806702
    ],
    [
      0.49334263801574707,
      0.5613638162612915
    ],
    [
      0.49495720863342285,
      0.5613591074943542
    ],
    [
      0.4962668716907501,
      0.5614041686058044
    ],
    [
      0.4979734718799591,
      0.5613726377487183
    ],
    [
      0.5002645254135132,
      0.5612282156944275
    ],
    [
      0.502280592918396,
      0.5610343217849731
    ],
    [
      0.5039203763008118,
      0.5607727766036987
    ],
    [
      0.5060796141624451,
      0.5607388615608215
    ],
    [
      0.5088998079299927,
      0.5609946846961975
    ],
    [
      0.5111672878265381,
      0.5612385869026184
    ]
  ],
  "target": [
    [
      0.5127801895141602,
      0.5614685416221619
    ],
    [
      0.5146046876907349,
      0.5617285966873169
    ],
    [
      0.5166622996330261,
      0.5620219111442566
    ],
    [
      0.510471761226654,
      0.5631901621818542
    ],
    [
      0.49581462144851685,
      0.5652565360069275
    ],
    [
      0.48928943276405334,
      0.5664833784103394
    ],
    [
      0.49053752422332764,
      0.5669077038764954
    ],
    [
      0.4929622411727905,
      0.5670796036720276
    ],
    [
      0.4964342415332794,
      0.5670268535614014
    ],
    [
      0.5011585354804993,
      0.5667811632156372
    ],
    [
      0.5069204568862915,
      0.5663755536079407
    ],
    [
      0.5115302205085754,
      0.566277265548706
    ],
    [
      0.515251874923706,
      0.5664158463478088
    ],
    [
      0.5183109641075134,
      0.566442608833313
    ],
    [
      0.52089524269104,
      0.566389262676239
    ]
  ]
}