{
  "input": [
    [
      0.3874368369579315,
      0.590641975402832
    ],
    [
      0.38619133830070496,
      0.5906190872192383
    ],
    [
      0.3854938745498657,
      0.5906265377998352
    ],
    [
      0.383968323469162,
      0.5910708904266357
    ],
    [
      0.38237372040748596,
      0.5915516018867493
    ],
    [
      0.3808276057243347,
      0.5917026400566101
    ],
    [
      0.379284530878067,
      0.5918329954147339
    ],
    [
      0.377435564994812,
      0.5920684933662415
    ],
    [
      0.37557345628738403,
      0.5923084616661072
    ],
    [
      0.37345704436302185,
      0.5925577878952026
    ],
    [
      0.3713345229625702,
      0.5928073525428772
    ],
    [
      0.3689531087875366,
      0.593066394329071
    ],
    [
      0.3665568232536316,
      0.5933180451393127
    ],
    [
      0.36306387186050415,
      0.5929614305496216
    ],
    [
      0.35959306359291077,
      0.5926253199577332
    ]
  ],
  "target": [
    [
      0.3568412661552429,
      0.5929534435272217
    ],
    [
      0.35417458415031433,
      0.5932472944259644
    ],
    [
      0.3532078266143799,
      0.5928557515144348
    ],
    [
      0.3522683382034302,
      0.5924864411354065
    ],
    [
      0.35171806812286377,
      0.5924346446990967
    ],
    [
      0.3512168526649475,
      0.5923885703086853
    ],
    [
      0.3512556254863739,
      0.5924052000045776
    ],
    [
      0.3513686954975128,
      0.5924265384674072
    ],
    [
      0.3521423935890198,
      0.5924897193908691
    ],
    [
      0.35291391611099243,
      0.5925424098968506
    ],
    [
      0.3536694347858429,
      0.5925174951553345
    ],
    [
      0.3545612096786499,
      0.5924756526947021
    ],
    [
      0.356313556432724,
      0.5923274755477905
    ],
    [
      0.357993483543396,
      0.5921674966812134
    ],
    [
      0.3592771589756012,
      0.5919429659843445
    ]
  ],
  "meta": {
    "video_name": "test2.mp4",
    "video_stem": "test2",
    "video_path": "E:\\desktop\\open\\lstm-akf\\data\\video\\test2.mp4",
    "fps": 40.0,
    "segment_index": 52,
    "sample_index": 222,
    "start_frame_index": 212,
    "history_end_frame_index": 226,
    "target_end_frame_index": 241,
    "history_frame_indices": [
      212,
      213,
      214,
      215,
      216,
      217,
      218,
      219,
      220,
      221,
      222,
      223,
      224,
      225,
      226
    ],
    "target_frame_indices": [
      227,
      228,
      229,
      230,
      231,
      232,
      233,
      234,
      235,
      236,
      237,
      238,
      239,
      240,
      241
    ],
    "history_timestamps": [
      125.32184570733934,
      125.34684570733934,
      125.37184570733935,
      125.39684570733935,
      125.42184570733936,
      125.44684570733936,
      125.47184570733937,
      125.49684570733938,
      125.52184570733938,
      125.54684570733939,
      125.57184570733939,
      125.5968457073394,
      125.6218457073394,
      125.64684570733941,
      125.67184570733941
    ],
    "target_timestamps": [
      125.69684570733942,
      125.72184570733943,
      125.74684570733943,
      125.77184570733944,
      125.79684570733944,
      125.82184570733945,
      125.84684570733945,
      125.87184570733946,
      125.89684570733947,
      125.92184570733947,
      125.94684570733948,
      125.97184570733948,
      125.99684570733949,
      126.0218457073395,
      126.0468457073395
    ]
  }
}