{
  "input": [
    [
      0.5558496713638306,
      0.5614943504333496
    ],
    [
      0.5386379957199097,
      0.5585841536521912
    ],
    [
      0.5331226587295532,
      0.5577937364578247
    ],
    [
      0.5319324135780334,
      0.5577871203422546
    ],
    [
      0.532443106174469,
      0.5580317974090576
    ],
    [
      0.5335273742675781,
      0.5583611130714417
    ],
    [
      0.5347318053245544,
      0.558780312538147
    ],
    [
      0.5359729528427124,
      0.5592269897460938
    ],
    [
      0.5371649265289307,
      0.5595166087150574
    ],
    [
      0.5383433699607849,
      0.5597628355026245
    ],
    [
      0.5391798615455627,
      0.5595844388008118
    ],
    [
      0.5399314761161804,
      0.5593008399009705
    ],
    [
      0.5406736135482788,
      0.5591363906860352
    ],
    [
      0.5414136648178101,
      0.5589982867240906
    ],
    [
      0.5419904589653015,
      0.5587730407714844
    ]
  ],
  "target": [
    [
      0.5425354838371277,
      0.558530867099762
    ],
    [
      0.5433600544929504,
      0.5581637620925903
    ],
    [
      0.544232189655304,
      0.5577753782272339
    ],
    [
      0.5448031425476074,
      0.5579484105110168
    ],
    [
      0.5453300476074219,
      0.5582035183906555
    ],
    [
      0.5458800792694092,
      0.5582863092422485
    ],
    [
      0.5464329719543457,
      0.5583479404449463
    ],
    [
      0.5323122143745422,
      0.5617944598197937
    ],
    [
      0.5167065858840942,
      0.5655835270881653
    ],
    [
      0.5146254301071167,
      0.5665679574012756
    ],
    [
      0.5136265158653259,
      0.5673279762268066
    ],
    [
      0.5154343247413635,
      0.5674037933349609
    ],
    [
      0.5174095630645752,
      0.5674387812614441
    ],
    [
      0.5207919478416443,
      0.5670884251594543
    ],
    [
      0.5242307186126709,
      0.5667226910591125
    ]
  ]
}