{
  "input": [
    [
      0.48860204219818115,
      0.5572265982627869
    ],
    [
      0.4856862425804138,
      0.5576609969139099
    ],
    [
      0.48249879479408264,
      0.5581445693969727
    ],
    [
      0.47910621762275696,
      0.5586653351783752
    ],
    [
      0.4854263365268707,
      0.5599111318588257
    ],
    [
      0.4985632002353668,
      0.5616657137870789
    ],
    [
      0.502513587474823,
      0.562477707862854
    ],
    [
      0.5004762411117554,
      0.5626753568649292
    ],
    [
      0.4981062114238739,
      0.5628092288970947
    ],
    [
      0.4955349862575531,
      0.5629045367240906
    ],
    [
      0.4926099181175232,
      0.5627365708351135
    ],
    [
      0.4894866645336151,
      0.5624211430549622
    ],
    [
      0.4872623682022095,
      0.5622262954711914
    ],
    [
      0.485503613948822,
      0.5620938539505005
    ],
    [
      0.48430633544921875,
      0.5618279576301575
    ]
  ],
  "target": [
    [
      0.4833773970603943,
      0.5614982843399048
    ],
    [
      0.4819529354572296,
      0.561027467250824
    ],
    [
      0.48031044006347656,
      0.560494601726532
    ],
    [
      0.489469051361084,
      0.5582898259162903
    ],
    [
      0.5029914975166321,
      0.5554095506668091
    ],
    [
      0.5075911283493042,
      0.5539501309394836
    ],
    [
      0.508891224861145,
      0.5530160069465637
    ],
    [
      0.5079570412635803,
      0.5534207224845886
    ],
    [
      0.5062694549560547,
      0.5542768239974976
    ],
    [
      0.504470944404602,
      0.5549094080924988
    ],
    [
      0.5026384592056274,
      0.5554735660552979
    ],
    [
      0.5004203915596008,
      0.5557532906532288
    ],
    [
      0.49809572100639343,
      0.5559543371200562
    ],
    [
      0.4965367615222931,
      0.5561015009880066
    ],
    [
      0.49516770243644714,
      0.5562352538108826
    ]
  ]
}