{
  "input": [
    [
      0.46405282616615295,
      0.5648766160011292
    ],
    [
      0.46316275000572205,
      0.564712643623352
    ],
    [
      0.46155935525894165,
      0.5645641684532166
    ],
    [
      0.4600779414176941,
      0.5644463300704956
    ],
    [
      0.45887744426727295,
      0.5643988847732544
    ],
    [
      0.45741507411003113,
      0.5643418431282043
    ],
    [
      0.45539751648902893,
      0.5642643570899963
    ],
    [
      0.4536934196949005,
      0.5641891360282898
    ],
    [
      0.45260247588157654,
      0.5641183257102966
    ],
    [
      0.4507957398891449,
      0.5643094182014465
    ],
    [
      0.4476948082447052,
      0.5649740099906921
    ],
    [
      0.44517675042152405,
      0.5653912425041199
    ],
    [
      0.44363465905189514,
      0.565394401550293
    ],
    [
      0.4425301253795624,
      0.5654435753822327
    ],
    [
      0.4421049952507019,
      0.5655641555786133
    ]
  ],
  "target": [
    [
      0.4419228434562683,
      0.5656511783599854
    ],
    [
      0.4420909881591797,
      0.5656898617744446
    ],
    [
      0.4424329698085785,
      0.565655529499054
    ],
    [
      0.44300785660743713,
      0.5655233860015869
    ],
    [
      0.44354239106178284,
      0.5654457807540894
    ],
    [
      0.4440266489982605,
      0.5654361844062805
    ],
    [
      0.44477373361587524,
      0.5654579997062683
    ],
    [
      0.4458257257938385,
      0.5655162334442139
    ],
    [
      0.44710099697113037,
      0.5655438303947449
    ],
    [
      0.4486173689365387,
      0.5655382871627808
    ],
    [
      0.4498448073863983,
      0.5654159784317017
    ],
    [
      0.45078161358833313,
      0.5651761293411255
    ],
    [
      0.4518040716648102,
      0.5649998784065247
    ],
    [
      0.4529067575931549,
      0.5648831129074097
    ],
    [
      0.4544874429702759,
      0.5647892951965332
    ]
  ]
}