{
  "input": [
    [
      0.6274905204772949,
      0.5616118907928467
    ],
    [
      0.6294302940368652,
      0.5623893141746521
    ],
    [
      0.6314566731452942,
      0.5630894303321838
    ],
    [
      0.6345126628875732,
      0.5628705024719238
    ],
    [
      0.637601912021637,
      0.5626652836799622
    ],
    [
      0.6410068869590759,
      0.5625906586647034
    ],
    [
      0.6441861391067505,
      0.5625343918800354
    ],
    [
      0.6455965042114258,
      0.5626221299171448
    ],
    [
      0.6469466686248779,
      0.5627185702323914
    ],
    [
      0.6478971242904663,
      0.5628731846809387
    ],
    [
      0.6487167477607727,
      0.563024640083313
    ],
    [
      0.6487879157066345,
      0.5631580948829651
    ],
    [
      0.649016261100769,
      0.5632534027099609
    ],
    [
      0.6500307321548462,
      0.5631583333015442
    ],
    [
      0.6505975723266602,
      0.5630975365638733
    ]
  ],
  "target": [
    [
      0.6491847038269043,
      0.5631886124610901
    ],
    [
      0.6477904915809631,
      0.5632274746894836
    ],
    [
      0.6464700102806091,
      0.5630603432655334
    ],
    [
      0.6453283429145813,
      0.5629535913467407
    ],
    [
      0.6448206305503845,
      0.5630610585212708
    ],
    [
      0.6444278955459595,
      0.5631705522537231
    ],
    [
      0.6444035768508911,
      0.5632864832878113
    ],
    [
      0.6444472670555115,
      0.5633668303489685
    ],
    [
      0.6446890234947205,
      0.563343346118927
    ],
    [
      0.6449760794639587,
      0.5632873177528381
    ],
    [
      0.6453831791877747,
      0.5631447434425354
    ],
    [
      0.6457879543304443,
      0.5630231499671936
    ],
    [
      0.6461870670318604,
      0.56295245885849
    ],
    [
      0.6466806530952454,
      0.5628663301467896
    ],
    [
      0.6473854780197144,
      0.5627455115318298
    ]
  ]
}