{
  "input": [
    [
      0.5194178223609924,
      0.5690404772758484
    ],
    [
      0.5213449001312256,
      0.5687123537063599
    ],
    [
      0.5239178538322449,
      0.5693439841270447
    ],
    [
      0.5265578627586365,
      0.5700753927230835
    ],
    [
      0.5280053615570068,
      0.5701871514320374
    ],
    [
      0.5293543934822083,
      0.5702477097511292
    ],
    [
      0.5149490237236023,
      0.5682029128074646
    ],
    [
      0.49956443905830383,
      0.5660272836685181
    ],
    [
      0.4932723045349121,
      0.5649659037590027
    ],
    [
      0.48736605048179626,
      0.5639517307281494
    ],
    [
      0.48775598406791687,
      0.5635876059532166
    ],
    [
      0.48829349875450134,
      0.5632386803627014
    ],
    [
      0.49090543389320374,
      0.5633806586265564
    ],
    [
      0.49353620409965515,
      0.5635242462158203
    ],
    [
      0.4968055188655853,
      0.5636029243469238
    ]
  ],
  "target": [
    [
      0.5000352263450623,
      0.5636857748031616
    ],
    [
      0.5020073056221008,
      0.5639014840126038
    ],
    [
      0.5039793252944946,
      0.564094603061676
    ],
    [
      0.5059514045715332,
      0.563843309879303
    ],
    [
      0.5078484416007996,
      0.5635742545127869
    ],
    [
      0.5086860656738281,
      0.5630530118942261
    ],
    [
      0.5095133185386658,
      0.5625651478767395
    ],
    [
      0.5102276802062988,
      0.5624420046806335
    ],
    [
      0.5109663605690002,
      0.5623920559883118
    ],
    [
      0.5119190812110901,
      0.5629881620407104
    ],
    [
      0.5109639763832092,
      0.5639275908470154
    ],
    [
      0.4959571957588196,
      0.5673956871032715
    ],
    [
      0.48222386837005615,
      0.5705792903900146
    ],
    [
      0.47648870944976807,
      0.5719757676124573
    ],
    [
      0.47158026695251465,
      0.5732263922691345
    ]
  ]
}