{
  "input": [
    [
      0.618950366973877,
      0.5877578854560852
    ],
    [
      0.5971050262451172,
      0.584068238735199
    ],
    [
      0.5773448944091797,
      0.580456018447876
    ],
    [
      0.5619356632232666,
      0.5770052671432495
    ],
    [
      0.5551660060882568,
      0.5754784941673279
    ],
    [
      0.5650331974029541,
      0.5776567459106445
    ],
    [
      0.5726950168609619,
      0.5790430903434753
    ],
    [
      0.5764294266700745,
      0.5790192484855652
    ],
    [
      0.5816285610198975,
      0.5791147947311401
    ],
    [
      0.5892437100410461,
      0.5794071555137634
    ],
    [
      0.5860270261764526,
      0.5816749334335327
    ],
    [
      0.5662353038787842,
      0.5869655609130859
    ],
    [
      0.552772045135498,
      0.5908387303352356
    ],
    [
      0.5483022928237915,
      0.5926975607872009
    ],
    [
      0.5463924407958984,
      0.5938754081726074
    ]
  ],
  "target": [
    [
      0.5478644967079163,
      0.594153642654419
    ],
    [
      0.5510331392288208,
      0.5941730737686157
    ],
    [
      0.5562869310379028,
      0.5938745141029358
    ],
    [
      0.5614112615585327,
      0.5936481952667236
    ],
    [
      0.5663875341415405,
      0.5935044884681702
    ],
    [
      0.5712665319442749,
      0.5931666493415833
    ],
    [
      0.5760418772697449,
      0.5926219820976257
    ],
    [
      0.5798662304878235,
      0.592139720916748
    ],
    [
      0.5827474594116211,
      0.591719388961792
    ],
    [
      0.5855517983436584,
      0.5914198756217957
    ],
    [
      0.5882852077484131,
      0.5912320017814636
    ],
    [
      0.5901545286178589,
      0.591105043888092
    ],
    [
      0.5912807583808899,
      0.5910304188728333
    ],
    [
      0.5928410291671753,
      0.5906794667243958
    ],
    [
      0.5947485566139221,
      0.5901074409484863
    ]
  ]
}