{
  "input": [
    [
      0.45923787355422974,
      0.6575663089752197
    ],
    [
      0.4613235592842102,
      0.6582406163215637
    ],
    [
      0.4633261561393738,
      0.6587781310081482
    ],
    [
      0.46592599153518677,
      0.6596119403839111
    ],
    [
      0.46826231479644775,
      0.6598629951477051
    ],
    [
      0.4704309403896332,
      0.6602066159248352
    ],
    [
      0.47252771258354187,
      0.6613178849220276
    ],
    [
      0.4749918282032013,
      0.6617160439491272
    ],
    [
      0.4774056077003479,
      0.6621827483177185
    ],
    [
      0.47980108857154846,
      0.662613034248352
    ],
    [
      0.4822103977203369,
      0.6629019975662231
    ],
    [
      0.4847710430622101,
      0.6633259057998657
    ],
    [
      0.4873291254043579,
      0.6636638641357422
    ],
    [
      0.48998627066612244,
      0.6637284755706787
    ],
    [
      0.4928441047668457,
      0.6633323431015015
    ]
  ],
  "target": [
    [
      0.4953874945640564,
      0.663523256778717
    ],
    [
      0.497956782579422,
      0.663240909576416
    ],
    [
      0.5005674958229065,
      0.6629749536514282
    ],
    [
      0.5032350420951843,
      0.6632146835327148
    ],
    [
      0.5056357979774475,
      0.6618613600730896
    ],
    [
      0.5083901286125183,
      0.6613699793815613
    ],
    [
      0.5112790465354919,
      0.6613859534263611
    ],
    [
      0.5140836238861084,
      0.6615545749664307
    ],
    [
      0.5165887475013733,
      0.6602556109428406
    ],
    [
      0.5190366506576538,
      0.6598884463310242
    ],
    [
      0.5214543342590332,
      0.6598752737045288
    ],
    [
      0.5238686800003052,
      0.6596381068229675
    ],
    [
      0.4207025468349457,
      0.6884802579879761
    ],
    [
      0.37116605043411255,
      0.7039973139762878
    ],
    [
      0.3568097651004791,
      0.7113454937934875
    ]
  ],
  "meta": {
    "video_name": "test1.mp4",
    "video_stem": "test1",
    "video_path": "E:\\desktop\\open\\lstm-akf\\data\\video\\test1.mp4",
    "fps": 40.0,
    "segment_index": 0,
    "sample_index": 24,
    "start_frame_index": 14,
    "history_end_frame_index": 28,
    "target_end_frame_index": 43,
    "history_frame_indices": [
      14,
      15,
      16,
      17,
      18,
      19,
      20,
      21,
      22,
      23,
      24,
      25,
      26,
      27,
      28
    ],
    "target_frame_indices": [
      29,
      30,
      31,
      32,
      33,
      34,
      35,
      36,
      37,
      38,
      39,
      40,
      41,
      42,
      43
    ],
    "history_timestamps": [
      1.0500000000000003,
      1.0750000000000002,
      1.1000000000000003,
      1.1250000000000004,
      1.1500000000000004,
      1.1750000000000003,
      1.2000000000000004,
      1.2250000000000005,
      1.2500000000000004,
      1.2750000000000004,
      1.3000000000000005,
      1.3250000000000006,
      1.3500000000000005,
      1.3750000000000004,
      1.4000000000000006
    ],
    "target_timestamps": [
      1.4250000000000007,
      1.4500000000000006,
      1.4750000000000005,
      1.5000000000000007,
      1.5250000000000008,
      1.5500000000000007,
      1.5750000000000006,
      1.6000000000000008,
      1.6250000000000009,
      1.6500000000000008,
      1.6750000000000007,
      1.7000000000000008,
      1.7250000000000008,
      1.7500000000000009,
      1.775000000000001
    ]
  }
}