{
  "input": [
    [
      0.5647804737091064,
      0.5624432563781738
    ],
    [
      0.5631991624832153,
      0.562501072883606
    ],
    [
      0.5623894929885864,
      0.5625231862068176
    ],
    [
      0.5617959499359131,
      0.5625353455543518
    ],
    [
      0.5595653653144836,
      0.5627108812332153
    ],
    [
      0.5569230318069458,
      0.5629274249076843
    ],
    [
      0.5533384084701538,
      0.5632474422454834
    ],
    [
      0.5495424866676331,
      0.5635907053947449
    ],
    [
      0.5447837710380554,
      0.5640397071838379
    ],
    [
      0.539834201335907,
      0.5645096302032471
    ],
    [
      0.5517338514328003,
      0.5631276965141296
    ],
    [
      0.5665498375892639,
      0.5614251494407654
    ],
    [
      0.5693775415420532,
      0.5612775087356567
    ],
    [
      0.5704180598258972,
      0.5613616108894348
    ],
    [
      0.57127445936203,
      0.5610701441764832
    ]
  ],
  "target": [
    [
      0.57210773229599,
      0.5607313513755798
    ],
    [
      0.5731704235076904,
      0.5604451894760132
    ],
    [
      0.574256956577301,
      0.5601645112037659
    ],
    [
      0.5934228301048279,
      0.5629935264587402
    ],
    [
      0.6140826344490051,
      0.5660795569419861
    ],
    [
      0.6068153977394104,
      0.5654609203338623
    ],
    [
      0.5978124141693115,
      0.564612090587616
    ],
    [
      0.6072089672088623,
      0.56595379114151
    ],
    [
      0.6173862814903259,
      0.5673884749412537
    ],
    [
      0.6237726211547852,
      0.5673994421958923
    ],
    [
      0.6300700306892395,
      0.5673770904541016
    ],
    [
      0.6175837516784668,
      0.5658145546913147
    ],
    [
      0.6051160097122192,
      0.5642503499984741
    ],
    [
      0.6015644669532776,
      0.5631688237190247
    ],
    [
      0.5981300473213196,
      0.5621131658554077
    ]
  ]
}