{
  "input": [
    [
      0.47249239683151245,
      0.7142837643623352
    ],
    [
      0.4871053397655487,
      0.7138696908950806
    ],
    [
      0.499508261680603,
      0.7131012082099915
    ],
    [
      0.5104919075965881,
      0.7125312685966492
    ],
    [
      0.5208471417427063,
      0.7127129435539246
    ],
    [
      0.5300467610359192,
      0.7121424674987793
    ],
    [
      0.5394232273101807,
      0.71039217710495
    ],
    [
      0.5488001704216003,
      0.7076743245124817
    ],
    [
      0.558000922203064,
      0.7042012810707092
    ],
    [
      0.5661259889602661,
      0.6999279260635376
    ],
    [
      0.5737660527229309,
      0.6952818036079407
    ],
    [
      0.580669105052948,
      0.6911731958389282
    ],
    [
      0.586583137512207,
      0.6885125041007996
    ],
    [
      0.5198873281478882,
      0.6662954688072205
    ],
    [
      0.46694913506507874,
      0.6501114964485168
    ]
  ],
  "target": [
    [
      0.4315991699695587,
      0.6403423547744751
    ],
    [
      0.4176679253578186,
      0.6373697519302368
    ],
    [
      0.42454954981803894,
      0.639333188533783
    ],
    [
      0.4369601905345917,
      0.6431208252906799
    ],
    [
      0.4519636631011963,
      0.6477286219596863
    ],
    [
      0.4666239321231842,
      0.6521523594856262
    ],
    [
      0.47645750641822815,
      0.6541249752044678
    ],
    [
      0.4838823974132538,
      0.6553628444671631
    ],
    [
      0.48954519629478455,
      0.6558447480201721
    ],
    [
      0.49409252405166626,
      0.6555495262145996
    ],
    [
      0.4982856214046478,
      0.6552720665931702
    ],
    [
      0.5026906132698059,
      0.6540519595146179
    ],
    [
      0.5072411894798279,
      0.6525653600692749
    ],
    [
      0.5118712782859802,
      0.6514883637428284
    ],
    [
      0.5159568786621094,
      0.6495043039321899
    ]
  ],
  "meta": {
    "video_name": "test1.mp4",
    "video_stem": "test1",
    "video_path": "E:\\desktop\\open\\lstm-akf\\data\\video\\test1.mp4",
    "fps": 40.0,
    "segment_index": 0,
    "sample_index": 626,
    "start_frame_index": 616,
    "history_end_frame_index": 630,
    "target_end_frame_index": 645,
    "history_frame_indices": [
      616,
      617,
      618,
      619,
      620,
      621,
      622,
      623,
      624,
      625,
      626,
      627,
      628,
      629,
      630
    ],
    "target_frame_indices": [
      631,
      632,
      633,
      634,
      635,
      636,
      637,
      638,
      639,
      640,
      641,
      642,
      643,
      644,
      645
    ],
    "history_timestamps": [
      16.100000000000012,
      16.125000000000014,
      16.150000000000013,
      16.175000000000015,
      16.200000000000014,
      16.225000000000016,
      16.250000000000014,
      16.275000000000013,
      16.300000000000015,
      16.325000000000014,
      16.350000000000016,
      16.375000000000014,
      16.400000000000013,
      16.425000000000015,
      16.450000000000014
    ],
    "target_timestamps": [
      16.475000000000016,
      16.500000000000014,
      16.525000000000013,
      16.550000000000015,
      16.575000000000014,
      16.600000000000016,
      16.625000000000014,
      16.650000000000013,
      16.675000000000015,
      16.700000000000014,
      16.725000000000012,
      16.750000000000014,
      16.775000000000013,
      16.800000000000015,
      16.825000000000014
    ]
  }
}