{
  "input": [
    [
      0.5500475168228149,
      0.5780143737792969
    ],
    [
      0.5499894618988037,
      0.5781404376029968
    ],
    [
      0.549957811832428,
      0.5782490372657776
    ],
    [
      0.5499727129936218,
      0.5783240795135498
    ],
    [
      0.5500515699386597,
      0.5783529877662659
    ],
    [
      0.5502155423164368,
      0.5783889889717102
    ],
    [
      0.5504882335662842,
      0.5784338712692261
    ],
    [
      0.5507394075393677,
      0.5785775780677795
    ],
    [
      0.5509649515151978,
      0.578838586807251
    ],
    [
      0.5511702299118042,
      0.5789541006088257
    ],
    [
      0.5513529777526855,
      0.5789089202880859
    ],
    [
      0.5521783828735352,
      0.5787771344184875
    ],
    [
      0.553665041923523,
      0.5785563588142395
    ],
    [
      0.5549546480178833,
      0.5784109830856323
    ],
    [
      0.5560554265975952,
      0.5783378481864929
    ]
  ],
  "target": [
    [
      0.5577279925346375,
      0.5781089663505554
    ],
    [
      0.559910774230957,
      0.5777411460876465
    ],
    [
      0.5616015791893005,
      0.5775250196456909
    ],
    [
      0.5628837943077087,
      0.5774350166320801
    ],
    [
      0.5646213889122009,
      0.5773124694824219
    ],
    [
      0.5667109489440918,
      0.5771647691726685
    ],
    [
      0.5683289766311646,
      0.5771929025650024
    ],
    [
      0.5696081519126892,
      0.5773475170135498
    ],
    [
      0.5711300373077393,
      0.5774855017662048
    ],
    [
      0.5728139281272888,
      0.5776124000549316
    ],
    [
      0.5738381147384644,
      0.5775848627090454
    ],
    [
      0.574453592300415,
      0.5774617195129395
    ],
    [
      0.574687123298645,
      0.577358067035675
    ],
    [
      0.5747013092041016,
      0.5772655606269836
    ],
    [
      0.5746335387229919,
      0.5772039890289307
    ]
  ]
}