{
  "input": [
    [
      0.6050503253936768,
      0.5567197203636169
    ],
    [
      0.6046876311302185,
      0.5567203164100647
    ],
    [
      0.6043428778648376,
      0.5570360422134399
    ],
    [
      0.603948712348938,
      0.5573340058326721
    ],
    [
      0.6033661961555481,
      0.5575644373893738
    ],
    [
      0.602846622467041,
      0.5577685236930847
    ],
    [
      0.6025431752204895,
      0.5578823089599609
    ],
    [
      0.6021684408187866,
      0.5579484105110168
    ],
    [
      0.601572573184967,
      0.557866632938385
    ],
    [
      0.6010255217552185,
      0.5577628016471863
    ],
    [
      0.6006162166595459,
      0.5575965046882629
    ],
    [
      0.5997720956802368,
      0.5574501752853394
    ],
    [
      0.5978051424026489,
      0.557355523109436
    ],
    [
      0.5960700511932373,
      0.5573081970214844
    ],
    [
      0.5948837399482727,
      0.5573728680610657
    ]
  ],
  "target": [
    [
      0.5937628746032715,
      0.557386040687561
    ],
    [
      0.5927847027778625,
      0.5572872757911682
    ],
    [
      0.5920078754425049,
      0.557223916053772
    ],
    [
      0.5916351675987244,
      0.5572317242622375
    ],
    [
      0.5912400484085083,
      0.5571514964103699
    ],
    [
      0.5908032655715942,
      0.5569079518318176
    ],
    [
      0.5903556942939758,
      0.5568239092826843
    ],
    [
      0.589889407157898,
      0.5570134520530701
    ],
    [
      0.5894571542739868,
      0.5571728944778442
    ],
    [
      0.5890790224075317,
      0.5572843551635742
    ],
    [
      0.5887674689292908,
      0.5573346018791199
    ],
    [
      0.5885542035102844,
      0.557294487953186
    ],
    [
      0.5883716344833374,
      0.5572361350059509
    ],
    [
      0.5882312059402466,
      0.5571528077125549
    ],
    [
      0.5881401300430298,
      0.5570889711380005
    ]
  ]
}