{
  "input": [
    [
      0.5876665711402893,
      0.5652879476547241
    ],
    [
      0.5894676446914673,
      0.5650011301040649
    ],
    [
      0.5911090970039368,
      0.5646980404853821
    ],
    [
      0.5828188061714172,
      0.5634971261024475
    ],
    [
      0.56342613697052,
      0.5612927675247192
    ],
    [
      0.5527885556221008,
      0.5601239800453186
    ],
    [
      0.5512641668319702,
      0.5600332617759705
    ],
    [
      0.5508583784103394,
      0.5600758790969849
    ],
    [
      0.5515368580818176,
      0.5602477788925171
    ],
    [
      0.5523022413253784,
      0.5604861378669739
    ],
    [
      0.5531458854675293,
      0.5607844591140747
    ],
    [
      0.5538309216499329,
      0.5609633922576904
    ],
    [
      0.5543825626373291,
      0.5610420107841492
    ],
    [
      0.5557881593704224,
      0.5613074898719788
    ],
    [
      0.5578613877296448,
      0.5617191791534424
    ]
  ],
  "target": [
    [
      0.5605040788650513,
      0.5622194409370422
    ],
    [
      0.5635608434677124,
      0.5627841353416443
    ],
    [
      0.5672046542167664,
      0.563440203666687
    ],
    [
      0.571245014667511,
      0.5641579627990723
    ],
    [
      0.5758898854255676,
      0.5649697780609131
    ],
    [
      0.580913782119751,
      0.5658406019210815
    ],
    [
      0.5626128315925598,
      0.5662115812301636
    ],
    [
      0.5307552218437195,
      0.5662921071052551
    ],
    [
      0.5194730758666992,
      0.566322386264801
    ],
    [
      0.5192586779594421,
      0.5663256645202637
    ],
    [
      0.5205275416374207,
      0.5661768317222595
    ],
    [
      0.5225334167480469,
      0.565952479839325
    ],
    [
      0.5244747996330261,
      0.5660881996154785
    ],
    [
      0.5263866186141968,
      0.5663888454437256
    ],
    [
      0.5285936594009399,
      0.5665948390960693
    ]
  ]
}