{
  "input": [
    [
      0.5466180443763733,
      0.7034726142883301
    ],
    [
      0.5548507571220398,
      0.700993001461029
    ],
    [
      0.5626351237297058,
      0.6980121731758118
    ],
    [
      0.5700774788856506,
      0.6949172019958496
    ],
    [
      0.5773864388465881,
      0.6912349462509155
    ],
    [
      0.5844100117683411,
      0.6882493495941162
    ],
    [
      0.5654996037483215,
      0.6922175288200378
    ],
    [
      0.4950067698955536,
      0.70939701795578
    ],
    [
      0.4545948803424835,
      0.7246576547622681
    ],
    [
      0.4377352297306061,
      0.7346750497817993
    ],
    [
      0.4396169185638428,
      0.7401169538497925
    ],
    [
      0.4554290473461151,
      0.7416511178016663
    ],
    [
      0.4787568151950836,
      0.7400627732276917
    ],
    [
      0.5003079175949097,
      0.73851078748703
    ],
    [
      0.5192639827728271,
      0.7372024655342102
    ]
  ],
  "target": [
    [
      0.5348065495491028,
      0.7363451719284058
    ],
    [
      0.5464274883270264,
      0.7350442409515381
    ],
    [
      0.5563642382621765,
      0.7335619330406189
    ],
    [
      0.564864993095398,
      0.7315547466278076
    ],
    [
      0.5721779465675354,
      0.7286790013313293
    ],
    [
      0.5791485905647278,
      0.7259341478347778
    ],
    [
      0.5859827995300293,
      0.7231912612915039
    ],
    [
      0.5928145051002502,
      0.7196329236030579
    ],
    [
      0.5997776389122009,
      0.7144415974617004
    ],
    [
      0.5299673080444336,
      0.6867157816886902
    ],
    [
      0.47648370265960693,
      0.6680637001991272
    ],
    [
      0.4418410658836365,
      0.6575718522071838
    ],
    [
      0.4285537898540497,
      0.6543269753456116
    ],
    [
      0.4346572458744049,
      0.6565081477165222
    ],
    [
      0.4267367124557495,
      0.6555489897727966
    ]
  ],
  "meta": {
    "video_name": "test1.mp4",
    "video_stem": "test1",
    "video_path": "E:\\desktop\\open\\lstm-akf\\data\\video\\test1.mp4",
    "fps": 40.0,
    "segment_index": 0,
    "sample_index": 235,
    "start_frame_index": 225,
    "history_end_frame_index": 239,
    "target_end_frame_index": 254,
    "history_frame_indices": [
      225,
      226,
      227,
      228,
      229,
      230,
      231,
      232,
      233,
      234,
      235,
      236,
      237,
      238,
      239
    ],
    "target_frame_indices": [
      240,
      241,
      242,
      243,
      244,
      245,
      246,
      247,
      248,
      249,
      250,
      251,
      252,
      253,
      254
    ],
    "history_timestamps": [
      6.3250000000000055,
      6.350000000000005,
      6.375000000000005,
      6.400000000000005,
      6.425000000000005,
      6.4500000000000055,
      6.475000000000005,
      6.500000000000005,
      6.525000000000006,
      6.550000000000005,
      6.5750000000000055,
      6.600000000000006,
      6.625000000000005,
      6.650000000000006,
      6.675000000000005
    ],
    "target_timestamps": [
      6.7000000000000055,
      6.725000000000006,
      6.750000000000005,
      6.775000000000006,
      6.800000000000005,
      6.8250000000000055,
      6.850000000000006,
      6.875000000000005,
      6.900000000000006,
      6.925000000000006,
      6.9500000000000055,
      6.975000000000006,
      7.000000000000006,
      7.025000000000006,
      7.050000000000006
    ]
  }
}