{
  "input": [
    [
      0.4152892529964447,
      0.7128762006759644
    ],
    [
      0.40752458572387695,
      0.7193374037742615
    ],
    [
      0.41909652948379517,
      0.7220449447631836
    ],
    [
      0.43630048632621765,
      0.7235661149024963
    ],
    [
      0.45603257417678833,
      0.7241226434707642
    ],
    [
      0.47518888115882874,
      0.7239362597465515
    ],
    [
      0.49067017436027527,
      0.72325599193573
    ],
    [
      0.5036580562591553,
      0.7221615314483643
    ],
    [
      0.5150667428970337,
      0.7214716076850891
    ],
    [
      0.5258104205131531,
      0.7220046520233154
    ],
    [
      0.5357507467269897,
      0.7217628359794617
    ],
    [
      0.5479597449302673,
      0.7208938598632812
    ],
    [
      0.5585904121398926,
      0.7185665369033813
    ],
    [
      0.5637957453727722,
      0.7139495611190796
    ],
    [
      0.5714502930641174,
      0.7098857164382935
    ]
  ],
  "target": [
    [
      0.5787461400032043,
      0.7055736780166626
    ],
    [
      0.5610374212265015,
      0.6938462853431702
    ],
    [
      0.4936782419681549,
      0.6675364375114441
    ],
    [
      0.44883161783218384,
      0.6529300808906555
    ],
    [
      0.4252053201198578,
      0.6458842754364014
    ],
    [
      0.4182033836841583,
      0.6443246006965637
    ],
    [
      0.42322975397109985,
      0.6461768746376038
    ],
    [
      0.4381473958492279,
      0.6498940587043762
    ],
    [
      0.4526256322860718,
      0.653579831123352
    ],
    [
      0.4657650887966156,
      0.6573299765586853
    ],
    [
      0.47666651010513306,
      0.6612403392791748
    ],
    [
      0.4838350713253021,
      0.6624976992607117
    ],
    [
      0.48923584818840027,
      0.6627838015556335
    ],
    [
      0.4936412274837494,
      0.6626269221305847
    ],
    [
      0.4978238046169281,
      0.662555456161499
    ]
  ],
  "meta": {
    "video_name": "test1.mp4",
    "video_stem": "test1",
    "video_path": "E:\\desktop\\open\\lstm-akf\\data\\video\\test1.mp4",
    "fps": 40.0,
    "segment_index": 0,
    "sample_index": 469,
    "start_frame_index": 459,
    "history_end_frame_index": 473,
    "target_end_frame_index": 488,
    "history_frame_indices": [
      459,
      460,
      461,
      462,
      463,
      464,
      465,
      466,
      467,
      468,
      469,
      470,
      471,
      472,
      473
    ],
    "target_frame_indices": [
      474,
      475,
      476,
      477,
      478,
      479,
      480,
      481,
      482,
      483,
      484,
      485,
      486,
      487,
      488
    ],
    "history_timestamps": [
      12.17500000000001,
      12.20000000000001,
      12.22500000000001,
      12.250000000000009,
      12.27500000000001,
      12.30000000000001,
      12.32500000000001,
      12.35000000000001,
      12.375000000000009,
      12.40000000000001,
      12.42500000000001,
      12.45000000000001,
      12.47500000000001,
      12.50000000000001,
      12.52500000000001
    ],
    "target_timestamps": [
      12.55000000000001,
      12.57500000000001,
      12.60000000000001,
      12.62500000000001,
      12.65000000000001,
      12.67500000000001,
      12.70000000000001,
      12.72500000000001,
      12.75000000000001,
      12.77500000000001,
      12.80000000000001,
      12.82500000000001,
      12.85000000000001,
      12.87500000000001,
      12.90000000000001
    ]
  }
}