{
  "input": [
    [
      0.6723641157150269,
      0.6258542537689209
    ],
    [
      0.6583292484283447,
      0.6271043419837952
    ],
    [
      0.6442587375640869,
      0.6281781792640686
    ],
    [
      0.6300203800201416,
      0.6284221410751343
    ],
    [
      0.6170193552970886,
      0.6284651160240173
    ],
    [
      0.6091920137405396,
      0.6276675462722778
    ],
    [
      0.6013759970664978,
      0.6267346739768982
    ],
    [
      0.5936025977134705,
      0.6252954006195068
    ],
    [
      0.5865445137023926,
      0.6239776611328125
    ],
    [
      0.5819000601768494,
      0.6230701208114624
    ],
    [
      0.5907685160636902,
      0.6256644129753113
    ],
    [
      0.640960693359375,
      0.6389676332473755
    ],
    [
      0.684711217880249,
      0.6507771015167236
    ],
    [
      0.7105240225791931,
      0.6584270000457764
    ],
    [
      0.7291707396507263,
      0.6648396849632263
    ]
  ],
  "target": [
    [
      0.7295750975608826,
      0.6681029796600342
    ],
    [
      0.7255212664604187,
      0.6703354716300964
    ],
    [
      0.7110569477081299,
      0.6701610684394836
    ],
    [
      0.6961919665336609,
      0.6696118712425232
    ],
    [
      0.6804661750793457,
      0.6682573556900024
    ],
    [
      0.6657075881958008,
      0.6669513583183289
    ],
    [
      0.6528651714324951,
      0.6657413840293884
    ],
    [
      0.6392996907234192,
      0.6645950078964233
    ],
    [
      0.6244102716445923,
      0.6635651588439941
    ],
    [
      0.6119232773780823,
      0.6624283790588379
    ],
    [
      0.6035082340240479,
      0.6611104011535645
    ],
    [
      0.5944239497184753,
      0.6598702669143677
    ],
    [
      0.5842878818511963,
      0.65875244140625
    ],
    [
      0.5758908987045288,
      0.6578986644744873
    ],
    [
      0.5700311660766602,
      0.657430112361908
    ]
  ]
}