{
  "input": [
    [
      0.6430823802947998,
      0.569388210773468
    ],
    [
      0.6431300044059753,
      0.5693645477294922
    ],
    [
      0.6431636810302734,
      0.5693491697311401
    ],
    [
      0.6431518197059631,
      0.5693606734275818
    ],
    [
      0.6431382298469543,
      0.5693758726119995
    ],
    [
      0.6431195139884949,
      0.5694018006324768
    ],
    [
      0.6431090831756592,
      0.5694227814674377
    ],
    [
      0.643121063709259,
      0.5694303512573242
    ],
    [
      0.6431208848953247,
      0.5694341063499451
    ],
    [
      0.6430907845497131,
      0.569428563117981
    ],
    [
      0.6430597305297852,
      0.5694231390953064
    ],
    [
      0.6430264711380005,
      0.5694180727005005
    ],
    [
      0.6430097222328186,
      0.5694237947463989
    ],
    [
      0.6430274248123169,
      0.5694519877433777
    ],
    [
      0.6430343985557556,
      0.5694896578788757
    ]
  ],
  "target": [
    [
      0.643020749092102,
      0.5695457458496094
    ],
    [
      0.642899215221405,
      0.5696337819099426
    ],
    [
      0.6425855159759521,
      0.5697788596153259
    ],
    [
      0.6422181725502014,
      0.5698736310005188
    ],
    [
      0.641762375831604,
      0.5698853731155396
    ],
    [
      0.6412835121154785,
      0.5698713064193726
    ],
    [
      0.6407694220542908,
      0.5698177218437195
    ],
    [
      0.6400653719902039,
      0.569695234298706
    ],
    [
      0.6390913128852844,
      0.5694748759269714
    ],
    [
      0.6380855441093445,
      0.569350004196167
    ],
    [
      0.637037992477417,
      0.5693514347076416
    ],
    [
      0.6358470916748047,
      0.5694288015365601
    ],
    [
      0.6344799995422363,
      0.5695995688438416
    ],
    [
      0.6333407163619995,
      0.5697120428085327
    ],
    [
      0.6324619650840759,
      0.5697579383850098
    ]
  ]
}