{
  "input": [
    [
      0.5532498359680176,
      0.573183000087738
    ],
    [
      0.5539095997810364,
      0.5730297565460205
    ],
    [
      0.5544970035552979,
      0.5728639364242554
    ],
    [
      0.5554372668266296,
      0.5727694034576416
    ],
    [
      0.5564554929733276,
      0.5726905465126038
    ],
    [
      0.5571867227554321,
      0.5723755955696106
    ],
    [
      0.5578620433807373,
      0.5720146298408508
    ],
    [
      0.5588003396987915,
      0.5715837478637695
    ],
    [
      0.559783399105072,
      0.5711409449577332
    ],
    [
      0.5600993633270264,
      0.5710281133651733
    ],
    [
      0.560317873954773,
      0.570963442325592
    ],
    [
      0.5601357221603394,
      0.5708658695220947
    ],
    [
      0.5599042773246765,
      0.5707642436027527
    ],
    [
      0.5595560073852539,
      0.5707674026489258
    ],
    [
      0.5591959357261658,
      0.5707811713218689
    ]
  ],
  "target": [
    [
      0.5587314367294312,
      0.5705909729003906
    ],
    [
      0.558258593082428,
      0.5703844428062439
    ],
    [
      0.5578463077545166,
      0.5703021883964539
    ],
    [
      0.5574376583099365,
      0.5702272653579712
    ],
    [
      0.5568187832832336,
      0.5702975988388062
    ],
    [
      0.5561914443969727,
      0.5703736543655396
    ],
    [
      0.5557833313941956,
      0.5702876448631287
    ],
    [
      0.5553798675537109,
      0.5701982378959656
    ],
    [
      0.5546993613243103,
      0.5701403617858887
    ],
    [
      0.5540211200714111,
      0.5700848698616028
    ],
    [
      0.5535421967506409,
      0.5701834559440613
    ],
    [
      0.5530530214309692,
      0.5702760219573975
    ],
    [
      0.552259624004364,
      0.5701921582221985
    ],
    [
      0.5514843463897705,
      0.5701134204864502
    ],
    [
      0.5510488152503967,
      0.5701317191123962
    ]
  ],
  "meta": {
    "video_name": "test2.mp4",
    "video_stem": "test2",
    "video_path": "E:\\desktop\\open\\lstm-akf\\data\\video\\test2.mp4",
    "fps": 40.0,
    "segment_index": 109,
    "sample_index": 99,
    "start_frame_index": 89,
    "history_end_frame_index": 103,
    "target_end_frame_index": 118,
    "history_frame_indices": [
      89,
      90,
      91,
      92,
      93,
      94,
      95,
      96,
      97,
      98,
      99,
      100,
      101,
      102,
      103
    ],
    "target_frame_indices": [
      104,
      105,
      106,
      107,
      108,
      109,
      110,
      111,
      112,
      113,
      114,
      115,
      116,
      117,
      118
    ],
    "history_timestamps": [
      250.84168039377235,
      250.86668039377236,
      250.89168039377236,
      250.91668039377237,
      250.94168039377237,
      250.96668039377238,
      250.99168039377238,
      251.0166803937724,
      251.0416803937724,
      251.0666803937724,
      251.0916803937724,
      251.1166803937724,
      251.14168039377242,
      251.16668039377242,
      251.19168039377243
    ],
    "target_timestamps": [
      251.21668039377244,
      251.24168039377244,
      251.26668039377245,
      251.29168039377245,
      251.31668039377246,
      251.34168039377246,
      251.36668039377247,
      251.39168039377248,
      251.41668039377248,
      251.4416803937725,
      251.4666803937725,
      251.4916803937725,
      251.5166803937725,
      251.5416803937725,
      251.56668039377251
    ]
  }
}