{
  "input": [
    [
      0.638866126537323,
      0.567818820476532
    ],
    [
      0.6376561522483826,
      0.567918062210083
    ],
    [
      0.6362448334693909,
      0.567794680595398
    ],
    [
      0.6345371007919312,
      0.5673434734344482
    ],
    [
      0.6331803202629089,
      0.5670286417007446
    ],
    [
      0.6323038935661316,
      0.5669004321098328
    ],
    [
      0.631133496761322,
      0.566860556602478
    ],
    [
      0.6295890808105469,
      0.5669332146644592
    ],
    [
      0.6283904314041138,
      0.5669375061988831
    ],
    [
      0.6276010870933533,
      0.5668609142303467
    ],
    [
      0.6268490552902222,
      0.5667670369148254
    ],
    [
      0.6261381506919861,
      0.5666539669036865
    ],
    [
      0.6257306337356567,
      0.5665615797042847
    ],
    [
      0.625634491443634,
      0.5664904117584229
    ],
    [
      0.6258259415626526,
      0.5664207935333252
    ]
  ],
  "target": [
    [
      0.6262922286987305,
      0.5663526058197021
    ],
    [
      0.6268186569213867,
      0.5663301944732666
    ],
    [
      0.627398669719696,
      0.5663484334945679
    ],
    [
      0.6283797025680542,
      0.5662794709205627
    ],
    [
      0.6296930313110352,
      0.5661382079124451
    ],
    [
      0.6309515833854675,
      0.5660097002983093
    ],
    [
      0.6321679949760437,
      0.5658910274505615
    ],
    [
      0.6332626938819885,
      0.5657421350479126
    ],
    [
      0.6342702507972717,
      0.5655716061592102
    ],
    [
      0.6352720260620117,
      0.5655552744865417
    ],
    [
      0.6362699866294861,
      0.5656415224075317
    ],
    [
      0.6380660533905029,
      0.5655552744865417
    ],
    [
      0.6403551697731018,
      0.5653624534606934
    ],
    [
      0.6423063278198242,
      0.5651512742042542
    ],
    [
      0.6440639495849609,
      0.5649296045303345
    ]
  ]
}