{
  "input": [
    [
      0.4471922516822815,
      0.6558821797370911
    ],
    [
      0.44814661145210266,
      0.6561219096183777
    ],
    [
      0.44975173473358154,
      0.6568765640258789
    ],
    [
      0.4515377879142761,
      0.6573331952095032
    ],
    [
      0.4533367455005646,
      0.6576367616653442
    ],
    [
      0.4549807608127594,
      0.6579321622848511
    ],
    [
      0.4571194052696228,
      0.6587316989898682
    ],
    [
      0.4591445028781891,
      0.65910404920578
    ],
    [
      0.461198091506958,
      0.6592570543289185
    ],
    [
      0.4634220600128174,
      0.6593987345695496
    ],
    [
      0.4661540985107422,
      0.6596858501434326
    ],
    [
      0.46873289346694946,
      0.6598971486091614
    ],
    [
      0.47123196721076965,
      0.6602292656898499
    ],
    [
      0.47372496128082275,
      0.6608790159225464
    ],
    [
      0.47625768184661865,
      0.6606795191764832
    ]
  ],
  "target": [
    [
      0.4789680540561676,
      0.6606754064559937
    ],
    [
      0.481771320104599,
      0.6610169410705566
    ],
    [
      0.48458269238471985,
      0.6618543267250061
    ],
    [
      0.48684972524642944,
      0.661745548248291
    ],
    [
      0.4894227683544159,
      0.6620562076568604
    ],
    [
      0.49224933981895447,
      0.6620705127716064
    ],
    [
      0.49527689814567566,
      0.6610729694366455
    ],
    [
      0.4980742037296295,
      0.6613536477088928
    ],
    [
      0.5007129907608032,
      0.6605274677276611
    ],
    [
      0.5031784176826477,
      0.6596936583518982
    ],
    [
      0.5054556727409363,
      0.6599515080451965
    ],
    [
      0.5080239176750183,
      0.660731852054596
    ],
    [
      0.5106459856033325,
      0.6607515215873718
    ],
    [
      0.5132492780685425,
      0.66050124168396
    ],
    [
      0.5157612562179565,
      0.6604719161987305
    ]
  ]
}