{
  "input": [
    [
      0.5078306198120117,
      0.5599828362464905
    ],
    [
      0.507306694984436,
      0.5598171949386597
    ],
    [
      0.5067102909088135,
      0.5594663619995117
    ],
    [
      0.5149503946304321,
      0.5611136555671692
    ],
    [
      0.5289350152015686,
      0.564059853553772
    ],
    [
      0.5374876260757446,
      0.5662941932678223
    ],
    [
      0.5427649021148682,
      0.568099319934845
    ],
    [
      0.5447772145271301,
      0.5690370798110962
    ],
    [
      0.5449660420417786,
      0.5694904327392578
    ],
    [
      0.5432099103927612,
      0.5694983601570129
    ],
    [
      0.5404493808746338,
      0.5692763328552246
    ],
    [
      0.5379167795181274,
      0.5690193772315979
    ],
    [
      0.5354928970336914,
      0.5687457919120789
    ],
    [
      0.5328561663627625,
      0.5684886574745178
    ],
    [
      0.5301260352134705,
      0.5682386159896851
    ]
  ],
  "target": [
    [
      0.5282909870147705,
      0.5682543516159058
    ],
    [
      0.5268164873123169,
      0.5683770775794983
    ],
    [
      0.525716245174408,
      0.5683562755584717
    ],
    [
      0.5247539281845093,
      0.5682826042175293
    ],
    [
      0.5239399075508118,
      0.5681676864624023
    ],
    [
      0.5231757760047913,
      0.5680389404296875
    ],
    [
      0.5224903225898743,
      0.5679381489753723
    ],
    [
      0.5218289494514465,
      0.5678459405899048
    ],
    [
      0.5216584801673889,
      0.5677897334098816
    ],
    [
      0.5216231942176819,
      0.5677434206008911
    ],
    [
      0.5223309397697449,
      0.5678663849830627
    ],
    [
      0.5232222080230713,
      0.5680311918258667
    ],
    [
      0.5239670872688293,
      0.5682402849197388
    ],
    [
      0.5246797204017639,
      0.568459153175354
    ],
    [
      0.5259172320365906,
      0.568787157535553
    ]
  ]
}