{
  "input": [
    [
      0.5722483396530151,
      0.560532808303833
    ],
    [
      0.5727648138999939,
      0.5604619979858398
    ],
    [
      0.5731317400932312,
      0.5603972673416138
    ],
    [
      0.5734610557556152,
      0.5603340864181519
    ],
    [
      0.5738063454627991,
      0.5600480437278748
    ],
    [
      0.5741551518440247,
      0.5597121119499207
    ],
    [
      0.5748863816261292,
      0.5593540668487549
    ],
    [
      0.5756933093070984,
      0.5589916110038757
    ],
    [
      0.5764063000679016,
      0.5587366223335266
    ],
    [
      0.5771030187606812,
      0.5585001707077026
    ],
    [
      0.5777467489242554,
      0.5585442185401917
    ],
    [
      0.5783826112747192,
      0.558630108833313
    ],
    [
      0.5788989663124084,
      0.5587313771247864
    ],
    [
      0.5794002413749695,
      0.5588346719741821
    ],
    [
      0.5799468755722046,
      0.5587797164916992
    ]
  ],
  "target": [
    [
      0.5804981589317322,
      0.5587083697319031
    ],
    [
      0.5808027982711792,
      0.5587360858917236
    ],
    [
      0.581087052822113,
      0.5587719678878784
    ],
    [
      0.581288754940033,
      0.5588264465332031
    ],
    [
      0.5814853310585022,
      0.5588821172714233
    ],
    [
      0.5814982652664185,
      0.5588967800140381
    ],
    [
      0.5815033912658691,
      0.5589097738265991
    ],
    [
      0.5811766982078552,
      0.5588288307189941
    ],
    [
      0.5808421969413757,
      0.5587457418441772
    ],
    [
      0.5802607536315918,
      0.5585488080978394
    ],
    [
      0.5796735882759094,
      0.5583512783050537
    ],
    [
      0.5787473320960999,
      0.5581508278846741
    ],
    [
      0.5778272151947021,
      0.5579560995101929
    ],
    [
      0.5771016478538513,
      0.5579437017440796
    ],
    [
      0.5763421654701233,
      0.5579477548599243
    ]
  ]
}