{
  "input": [
    [
      0.7879215478897095,
      0.6048099994659424
    ],
    [
      0.7886132597923279,
      0.6043977737426758
    ],
    [
      0.7892862558364868,
      0.6039363145828247
    ],
    [
      0.789802074432373,
      0.6038130521774292
    ],
    [
      0.7903037071228027,
      0.6037203669548035
    ],
    [
      0.7901250123977661,
      0.6035243272781372
    ],
    [
      0.7898990511894226,
      0.6033211350440979
    ],
    [
      0.790511965751648,
      0.6030691862106323
    ],
    [
      0.7911663055419922,
      0.602814793586731
    ],
    [
      0.7922508716583252,
      0.60259610414505
    ],
    [
      0.7933483719825745,
      0.6023784875869751
    ],
    [
      0.7967161536216736,
      0.6026246547698975
    ],
    [
      0.8001075387001038,
      0.6028748750686646
    ],
    [
      0.803078293800354,
      0.602916419506073
    ],
    [
      0.8060874938964844,
      0.6029512882232666
    ]
  ],
  "target": [
    [
      0.8106517791748047,
      0.6027191281318665
    ],
    [
      0.8151516914367676,
      0.6025075912475586
    ],
    [
      0.8181828856468201,
      0.6027671694755554
    ],
    [
      0.8213289380073547,
      0.6030298471450806
    ],
    [
      0.8262829184532166,
      0.6033403873443604
    ],
    [
      0.8311139941215515,
      0.6036182641983032
    ],
    [
      0.8344836831092834,
      0.6035088300704956
    ],
    [
      0.8380612134933472,
      0.603432834148407
    ],
    [
      0.8436095714569092,
      0.603674054145813
    ],
    [
      0.8488854765892029,
      0.6038538813591003
    ],
    [
      0.8520269393920898,
      0.6035523414611816
    ],
    [
      0.8509923219680786,
      0.6038728356361389
    ],
    [
      0.8222540616989136,
      0.6083194017410278
    ],
    [
      0.7952860593795776,
      0.612562894821167
    ],
    [
      0.7784443497657776,
      0.6156451106071472
    ]
  ]
}