{
  "input": [
    [
      0.46614137291908264,
      0.5746424198150635
    ],
    [
      0.46664315462112427,
      0.5745049715042114
    ],
    [
      0.4672323763370514,
      0.5743390917778015
    ],
    [
      0.46805623173713684,
      0.5742095708847046
    ],
    [
      0.4701097905635834,
      0.5742706656455994
    ],
    [
      0.4720633924007416,
      0.5743033289909363
    ],
    [
      0.47355547547340393,
      0.5742045640945435
    ],
    [
      0.4749062657356262,
      0.5740887522697449
    ],
    [
      0.47567683458328247,
      0.5739028453826904
    ],
    [
      0.4764593243598938,
      0.5737274289131165
    ],
    [
      0.47728583216667175,
      0.5735903978347778
    ],
    [
      0.4781281650066376,
      0.5735326409339905
    ],
    [
      0.47902318835258484,
      0.5737379193305969
    ],
    [
      0.4735542833805084,
      0.5751816034317017
    ],
    [
      0.4489205777645111,
      0.5803548097610474
    ]
  ],
  "target": [
    [
      0.4251008927822113,
      0.5853867530822754
    ],
    [
      0.4035150408744812,
      0.5900312066078186
    ],
    [
      0.38012441992759705,
      0.5950506925582886
    ],
    [
      0.3522037863731384,
      0.6010115742683411
    ],
    [
      0.3558919131755829,
      0.6008097529411316
    ],
    [
      0.4323931336402893,
      0.5864117741584778
    ],
    [
      0.48669224977493286,
      0.5762284398078918
    ],
    [
      0.4939219355583191,
      0.5749804377555847
    ],
    [
      0.5034049153327942,
      0.5733525156974792
    ],
    [
      0.5172948837280273,
      0.5709813237190247
    ],
    [
      0.5227351188659668,
      0.5703302025794983
    ],
    [
      0.5128979086875916,
      0.5727890729904175
    ],
    [
      0.5078204870223999,
      0.5742790699005127
    ],
    [
      0.5107126235961914,
      0.5741467475891113
    ],
    [
      0.5132878422737122,
      0.5740789771080017
    ]
  ],
  "meta": {
    "video_name": "test2.mp4",
    "video_stem": "test2",
    "video_path": "E:\\desktop\\open\\lstm-akf\\data\\video\\test2.mp4",
    "fps": 40.0,
    "segment_index": 115,
    "sample_index": 25,
    "start_frame_index": 15,
    "history_end_frame_index": 29,
    "target_end_frame_index": 44,
    "history_frame_indices": [
      15,
      16,
      17,
      18,
      19,
      20,
      21,
      22,
      23,
      24,
      25,
      26,
      27,
      28,
      29
    ],
    "target_frame_indices": [
      30,
      31,
      32,
      33,
      34,
      35,
      36,
      37,
      38,
      39,
      40,
      41,
      42,
      43,
      44
    ],
    "history_timestamps": [
      269.8047172216336,
      269.8297172216336,
      269.85471722163356,
      269.87971722163354,
      269.9047172216335,
      269.9297172216335,
      269.9547172216335,
      269.97971722163345,
      270.0047172216334,
      270.0297172216334,
      270.0547172216334,
      270.07971722163336,
      270.10471722163334,
      270.1297172216333,
      270.1547172216333
    ],
    "target_timestamps": [
      270.17971722163327,
      270.20471722163325,
      270.2297172216332,
      270.2547172216332,
      270.2797172216332,
      270.30471722163315,
      270.32971722163313,
      270.3547172216331,
      270.3797172216331,
      270.40471722163306,
      270.42971722163304,
      270.454717221633,
      270.479717221633,
      270.504717221633,
      270.52971722163295
    ]
  }
}