{
  "input": [
    [
      0.5934548377990723,
      0.5580902695655823
    ],
    [
      0.5938176512718201,
      0.5581948757171631
    ],
    [
      0.5941622257232666,
      0.5581514239311218
    ],
    [
      0.5945022106170654,
      0.5580699443817139
    ],
    [
      0.5948122143745422,
      0.5580023527145386
    ],
    [
      0.5951153635978699,
      0.5579379200935364
    ],
    [
      0.5955007672309875,
      0.557874858379364
    ],
    [
      0.5959028005599976,
      0.557811975479126
    ],
    [
      0.5967341065406799,
      0.5579319596290588
    ],
    [
      0.5976418256759644,
      0.5580844283103943
    ],
    [
      0.5981884598731995,
      0.5580872297286987
    ],
    [
      0.5986795425415039,
      0.5580669641494751
    ],
    [
      0.599275529384613,
      0.5582141876220703
    ],
    [
      0.5998851656913757,
      0.5583832263946533
    ],
    [
      0.6002134084701538,
      0.5584753751754761
    ]
  ],
  "target": [
    [
      0.6005112528800964,
      0.5585591793060303
    ],
    [
      0.6010674238204956,
      0.5586275458335876
    ],
    [
      0.6016460061073303,
      0.5586944818496704
    ],
    [
      0.6021659970283508,
      0.5588317513465881
    ],
    [
      0.6026821732521057,
      0.5589736104011536
    ],
    [
      0.6034312844276428,
      0.5589646100997925
    ],
    [
      0.6041911840438843,
      0.5589486360549927
    ],
    [
      0.6047258973121643,
      0.5587509274482727
    ],
    [
      0.6052544713020325,
      0.5585482716560364
    ],
    [
      0.6063002347946167,
      0.5587488412857056
    ],
    [
      0.6073474287986755,
      0.5589520335197449
    ],
    [
      0.6080667972564697,
      0.5590595006942749
    ],
    [
      0.6087900400161743,
      0.5591661334037781
    ],
    [
      0.6096516847610474,
      0.5592424869537354
    ],
    [
      0.6105013489723206,
      0.5593171119689941
    ]
  ]
}