{
  "input": [
    [
      0.42240265011787415,
      0.5723550319671631
    ],
    [
      0.4203311800956726,
      0.5722298622131348
    ],
    [
      0.4183734357357025,
      0.5720981359481812
    ],
    [
      0.4172143340110779,
      0.5719201564788818
    ],
    [
      0.41609784960746765,
      0.5717566013336182
    ],
    [
      0.4152378737926483,
      0.5716796517372131
    ],
    [
      0.4144675135612488,
      0.5715740323066711
    ],
    [
      0.41416680812835693,
      0.5713186860084534
    ],
    [
      0.4138849675655365,
      0.5710970759391785
    ],
    [
      0.41369009017944336,
      0.5710310339927673
    ],
    [
      0.4134611189365387,
      0.5709377527236938
    ],
    [
      0.4130922853946686,
      0.5707325339317322
    ],
    [
      0.41255617141723633,
      0.5704545378684998
    ],
    [
      0.41140449047088623,
      0.5699087381362915
    ],
    [
      0.41032376885414124,
      0.5695365071296692
    ]
  ],
  "target": [
    [
      0.4094785153865814,
      0.5697405934333801
    ],
    [
      0.4085976183414459,
      0.5699759125709534
    ],
    [
      0.4076094329357147,
      0.5703054070472717
    ],
    [
      0.4067988693714142,
      0.5705236792564392
    ],
    [
      0.40647557377815247,
      0.5704366564750671
    ],
    [
      0.40624403953552246,
      0.5703694820404053
    ],
    [
      0.4062427282333374,
      0.5703518986701965
    ],
    [
      0.4063141644001007,
      0.5703097581863403
    ],
    [
      0.40655317902565,
      0.570210874080658
    ],
    [
      0.40672287344932556,
      0.5701413750648499
    ],
    [
      0.4067456126213074,
      0.5701339244842529
    ],
    [
      0.4067542254924774,
      0.5700834393501282
    ],
    [
      0.40673524141311646,
      0.5699486136436462
    ],
    [
      0.4066390097141266,
      0.5698570609092712
    ],
    [
      0.40640318393707275,
      0.5698437094688416
    ]
  ]
}