{
  "input": [
    [
      0.6224928498268127,
      0.5725799202919006
    ],
    [
      0.6210488677024841,
      0.5734735131263733
    ],
    [
      0.6193867325782776,
      0.5746058225631714
    ],
    [
      0.6181525588035583,
      0.5753311514854431
    ],
    [
      0.6199238896369934,
      0.5731987953186035
    ],
    [
      0.6184884905815125,
      0.5708422064781189
    ],
    [
      0.5977480411529541,
      0.5671361684799194
    ],
    [
      0.5822046995162964,
      0.5643916726112366
    ],
    [
      0.5938947200775146,
      0.5666859745979309
    ],
    [
      0.604619562625885,
      0.5688605308532715
    ],
    [
      0.6108895540237427,
      0.570482611656189
    ],
    [
      0.6176108121871948,
      0.5721691250801086
    ],
    [
      0.6261851191520691,
      0.5741201043128967
    ],
    [
      0.6354718804359436,
      0.5762131810188293
    ],
    [
      0.647380530834198,
      0.5788291692733765
    ]
  ],
  "target": [
    [
      0.6600610613822937,
      0.5815991759300232
    ],
    [
      0.6753041744232178,
      0.5848802328109741
    ],
    [
      0.6716272234916687,
      0.5843936204910278
    ],
    [
      0.6109728813171387,
      0.572560727596283
    ],
    [
      0.5657140612602234,
      0.5638383626937866
    ],
    [
      0.5627015829086304,
      0.5636515021324158
    ],
    [
      0.5659193396568298,
      0.5645629167556763
    ],
    [
      0.5847755670547485,
      0.5682311654090881
    ],
    [
      0.599931538105011,
      0.571239709854126
    ],
    [
      0.606563925743103,
      0.5727284550666809
    ],
    [
      0.6056578159332275,
      0.5728896260261536
    ],
    [
      0.5887698531150818,
      0.5702362060546875
    ],
    [
      0.5742462873458862,
      0.5679490566253662
    ],
    [
      0.564346969127655,
      0.5663781762123108
    ],
    [
      0.5565318465232849,
      0.565192699432373
    ]
  ],
  "meta": {
    "video_name": "test2.mp4",
    "video_stem": "test2",
    "video_path": "E:\\desktop\\open\\lstm-akf\\data\\video\\test2.mp4",
    "fps": 40.0,
    "segment_index": 52,
    "sample_index": 21,
    "start_frame_index": 11,
    "history_end_frame_index": 25,
    "target_end_frame_index": 40,
    "history_frame_indices": [
      11,
      12,
      13,
      14,
      15,
      16,
      17,
      18,
      19,
      20,
      21,
      22,
      23,
      24,
      25
    ],
    "target_frame_indices": [
      26,
      27,
      28,
      29,
      30,
      31,
      32,
      33,
      34,
      35,
      36,
      37,
      38,
      39,
      40
    ],
    "history_timestamps": [
      120.29684570733819,
      120.3218457073382,
      120.3468457073382,
      120.37184570733821,
      120.39684570733822,
      120.42184570733822,
      120.44684570733823,
      120.47184570733823,
      120.49684570733824,
      120.52184570733824,
      120.54684570733825,
      120.57184570733826,
      120.59684570733826,
      120.62184570733827,
      120.64684570733827
    ],
    "target_timestamps": [
      120.67184570733828,
      120.69684570733828,
      120.72184570733829,
      120.7468457073383,
      120.7718457073383,
      120.7968457073383,
      120.82184570733831,
      120.84684570733832,
      120.87184570733832,
      120.89684570733833,
      120.92184570733833,
      120.94684570733834,
      120.97184570733835,
      120.99684570733835,
      121.02184570733836
    ]
  }
}