{
  "input": [
    [
      0.5221251845359802,
      0.691584587097168
    ],
    [
      0.522454559803009,
      0.6938666701316833
    ],
    [
      0.5240347981452942,
      0.6976026296615601
    ],
    [
      0.5256158709526062,
      0.7012125253677368
    ],
    [
      0.5272044539451599,
      0.7037356495857239
    ],
    [
      0.5288520455360413,
      0.7062094807624817
    ],
    [
      0.5309258103370667,
      0.7083278894424438
    ],
    [
      0.5330576300621033,
      0.7105328440666199
    ],
    [
      0.535547137260437,
      0.7132716178894043
    ],
    [
      0.5380418300628662,
      0.7164420485496521
    ],
    [
      0.5405638217926025,
      0.7219237089157104
    ],
    [
      0.5425196290016174,
      0.7270176410675049
    ],
    [
      0.5418095588684082,
      0.7302862405776978
    ],
    [
      0.540367066860199,
      0.7340027093887329
    ],
    [
      0.5358618497848511,
      0.7395920753479004
    ]
  ],
  "target": [
    [
      0.5313916802406311,
      0.744744062423706
    ],
    [
      0.5270527601242065,
      0.7482584714889526
    ],
    [
      0.5222763419151306,
      0.7519553899765015
    ],
    [
      0.5160236954689026,
      0.7562679052352905
    ],
    [
      0.5093406438827515,
      0.7605855464935303
    ],
    [
      0.5013411641120911,
      0.7649187445640564
    ],
    [
      0.49224239587783813,
      0.7682538628578186
    ],
    [
      0.4800824224948883,
      0.7688096761703491
    ],
    [
      0.47057589888572693,
      0.7693487405776978
    ],
    [
      0.4678242802619934,
      0.7698450684547424
    ],
    [
      0.46616026759147644,
      0.7704644203186035
    ],
    [
      0.46703600883483887,
      0.7713711261749268
    ],
    [
      0.46800246834754944,
      0.7721906900405884
    ],
    [
      0.46916383504867554,
      0.7728232145309448
    ],
    [
      0.47017842531204224,
      0.7734021544456482
    ]
  ],
  "meta": {
    "video_name": "test2.mp4",
    "video_stem": "test2",
    "video_path": "E:\\desktop\\open\\lstm-akf\\data\\video\\test2.mp4",
    "fps": 40.0,
    "segment_index": 116,
    "sample_index": 130,
    "start_frame_index": 120,
    "history_end_frame_index": 134,
    "target_end_frame_index": 149,
    "history_frame_indices": [
      120,
      121,
      122,
      123,
      124,
      125,
      126,
      127,
      128,
      129,
      130,
      131,
      132,
      133,
      134
    ],
    "target_frame_indices": [
      135,
      136,
      137,
      138,
      139,
      140,
      141,
      142,
      143,
      144,
      145,
      146,
      147,
      148,
      149
    ],
    "history_timestamps": [
      275.89855669294155,
      275.92355669294153,
      275.9485566929415,
      275.9735566929415,
      275.99855669294146,
      276.02355669294144,
      276.0485566929414,
      276.0735566929414,
      276.0985566929414,
      276.12355669294135,
      276.1485566929413,
      276.1735566929413,
      276.1985566929413,
      276.22355669294126,
      276.24855669294124
    ],
    "target_timestamps": [
      276.2735566929412,
      276.2985566929412,
      276.32355669294117,
      276.34855669294114,
      276.3735566929411,
      276.3985566929411,
      276.4235566929411,
      276.44855669294105,
      276.47355669294103,
      276.498556692941,
      276.523556692941,
      276.54855669294096,
      276.57355669294094,
      276.5985566929409,
      276.6235566929409
    ]
  }
}