{
  "input": [
    [
      0.7498050332069397,
      0.6118394732475281
    ],
    [
      0.7549904584884644,
      0.6124776005744934
    ],
    [
      0.7577568292617798,
      0.612947940826416
    ],
    [
      0.7594007253646851,
      0.6131596565246582
    ],
    [
      0.7590702772140503,
      0.6129163503646851
    ],
    [
      0.7576181292533875,
      0.6126258373260498
    ],
    [
      0.7543379664421082,
      0.6122583150863647
    ],
    [
      0.7508966326713562,
      0.6117810010910034
    ],
    [
      0.747211754322052,
      0.6111375689506531
    ],
    [
      0.7427851557731628,
      0.6106011271476746
    ],
    [
      0.7373170852661133,
      0.6102148294448853
    ],
    [
      0.7324604988098145,
      0.6100580096244812
    ],
    [
      0.7284024953842163,
      0.610200822353363
    ],
    [
      0.7234753370285034,
      0.610088586807251
    ],
    [
      0.7174924612045288,
      0.6096665859222412
    ]
  ],
  "target": [
    [
      0.7123457789421082,
      0.609308660030365
    ],
    [
      0.7081446647644043,
      0.6090232133865356
    ],
    [
      0.7012479901313782,
      0.6089317798614502
    ],
    [
      0.6915130615234375,
      0.60904461145401
    ],
    [
      0.6839066743850708,
      0.6089389324188232
    ],
    [
      0.6783872842788696,
      0.608618974685669
    ],
    [
      0.6735735535621643,
      0.6085167527198792
    ],
    [
      0.669404149055481,
      0.6086132526397705
    ],
    [
      0.6653252243995667,
      0.6087012887001038
    ],
    [
      0.6613231301307678,
      0.6087819933891296
    ],
    [
      0.6549708843231201,
      0.6086499094963074
    ],
    [
      0.646759569644928,
      0.6083493828773499
    ],
    [
      0.6397841572761536,
      0.608090341091156
    ],
    [
      0.6337180137634277,
      0.6078617572784424
    ],
    [
      0.6265851259231567,
      0.6072335839271545
    ]
  ]
}