{
  "input": [
    [
      0.6214118599891663,
      0.5605010986328125
    ],
    [
      0.6220974326133728,
      0.5605509281158447
    ],
    [
      0.6228018403053284,
      0.5606604218482971
    ],
    [
      0.6235067248344421,
      0.5607959032058716
    ],
    [
      0.6242129802703857,
      0.5609955787658691
    ],
    [
      0.6251444816589355,
      0.5611650943756104
    ],
    [
      0.6265866160392761,
      0.5612661242485046
    ],
    [
      0.6278586983680725,
      0.5613248944282532
    ],
    [
      0.6287760138511658,
      0.561295211315155
    ],
    [
      0.6298599243164062,
      0.5612428784370422
    ],
    [
      0.6312646865844727,
      0.5611468553543091
    ],
    [
      0.632513701915741,
      0.5610895156860352
    ],
    [
      0.6334853172302246,
      0.5611012578010559
    ],
    [
      0.6344945430755615,
      0.561217188835144
    ],
    [
      0.6355656981468201,
      0.5615049004554749
    ]
  ],
  "target": [
    [
      0.6364567875862122,
      0.5617434978485107
    ],
    [
      0.6370722055435181,
      0.5619069337844849
    ],
    [
      0.6377140283584595,
      0.5620126724243164
    ],
    [
      0.6383932828903198,
      0.562036395072937
    ],
    [
      0.6389487981796265,
      0.562035322189331
    ],
    [
      0.6393408179283142,
      0.5620014667510986
    ],
    [
      0.6397106051445007,
      0.5619615912437439
    ],
    [
      0.6400530338287354,
      0.5619142651557922
    ],
    [
      0.6403114795684814,
      0.5618739724159241
    ],
    [
      0.6404737830162048,
      0.5618417263031006
    ],
    [
      0.6406036019325256,
      0.5617951154708862
    ],
    [
      0.6406987905502319,
      0.5617331862449646
    ],
    [
      0.6407105922698975,
      0.5616483092308044
    ],
    [
      0.6406395435333252,
      0.5615406036376953
    ],
    [
      0.6402954459190369,
      0.561479926109314
    ]
  ]
}