{
  "input": [
    [
      0.5562487840652466,
      0.5767377018928528
    ],
    [
      0.5455183982849121,
      0.5784749984741211
    ],
    [
      0.5381271839141846,
      0.5796841979026794
    ],
    [
      0.534946620464325,
      0.5802275538444519
    ],
    [
      0.5334174036979675,
      0.5805139541625977
    ],
    [
      0.5338260531425476,
      0.5804988741874695
    ],
    [
      0.5347535014152527,
      0.5803782939910889
    ],
    [
      0.5362478494644165,
      0.5801424980163574
    ],
    [
      0.5375587940216064,
      0.5799310207366943
    ],
    [
      0.5386830568313599,
      0.579744279384613
    ],
    [
      0.5395044684410095,
      0.5795938968658447
    ],
    [
      0.5400388836860657,
      0.5794779658317566
    ],
    [
      0.540317714214325,
      0.5793900489807129
    ],
    [
      0.5403711795806885,
      0.5793269872665405
    ],
    [
      0.540305495262146,
      0.5793082118034363
    ]
  ],
  "target": [
    [
      0.5401420593261719,
      0.5793259739875793
    ],
    [
      0.5399715304374695,
      0.5793424248695374
    ],
    [
      0.5397955775260925,
      0.579357922077179
    ],
    [
      0.5396592020988464,
      0.5793810486793518
    ],
    [
      0.53955078125,
      0.5794095396995544
    ],
    [
      0.5394818186759949,
      0.579435408115387
    ],
    [
      0.539438784122467,
      0.579459547996521
    ],
    [
      0.5394161939620972,
      0.5794777274131775
    ],
    [
      0.5394060611724854,
      0.5794923305511475
    ],
    [
      0.5394042730331421,
      0.5794894099235535
    ],
    [
      0.5394071936607361,
      0.5794765949249268
    ],
    [
      0.5394177436828613,
      0.5794634819030762
    ],
    [
      0.5394322872161865,
      0.579450249671936
    ],
    [
      0.5394404530525208,
      0.5794696807861328
    ],
    [
      0.5394455194473267,
      0.5795049071311951
    ]
  ]
}