{
  "input": [
    [
      0.7958227396011353,
      0.5948860049247742
    ],
    [
      0.798385500907898,
      0.5951646566390991
    ],
    [
      0.802676260471344,
      0.5957417488098145
    ],
    [
      0.8067415356636047,
      0.596267580986023
    ],
    [
      0.8094490170478821,
      0.5964846611022949
    ],
    [
      0.8124151229858398,
      0.5967318415641785
    ],
    [
      0.8167364001274109,
      0.597136378288269
    ],
    [
      0.8206092715263367,
      0.5975014567375183
    ],
    [
      0.8224120140075684,
      0.597684383392334
    ],
    [
      0.8240798711776733,
      0.5978361368179321
    ],
    [
      0.8251940608024597,
      0.5978599190711975
    ],
    [
      0.8264025449752808,
      0.5978608131408691
    ],
    [
      0.8279579281806946,
      0.5977773666381836
    ],
    [
      0.8293548226356506,
      0.5976696610450745
    ],
    [
      0.8302255868911743,
      0.5974814295768738
    ]
  ],
  "target": [
    [
      0.8309776782989502,
      0.5972630977630615
    ],
    [
      0.8313723802566528,
      0.5969542860984802
    ],
    [
      0.83509361743927,
      0.5969405770301819
    ],
    [
      0.847943127155304,
      0.597736656665802
    ],
    [
      0.8589408993721008,
      0.5983357429504395
    ],
    [
      0.8652907609939575,
      0.5984402894973755
    ],
    [
      0.8719373345375061,
      0.5985502004623413
    ],
    [
      0.8792673945426941,
      0.5986722111701965
    ],
    [
      0.8869115710258484,
      0.5987997651100159
    ],
    [
      0.8952217698097229,
      0.5989391803741455
    ],
    [
      0.902743935585022,
      0.5988747477531433
    ],
    [
      0.908724844455719,
      0.5984114408493042
    ],
    [
      0.8975404500961304,
      0.5996942520141602
    ],
    [
      0.855320394039154,
      0.6041340231895447
    ],
    [
      0.8243432641029358,
      0.607886016368866
    ]
  ],
  "meta": {
    "video_name": "test2.mp4",
    "video_stem": "test2",
    "video_path": "E:\\desktop\\open\\lstm-akf\\data\\video\\test2.mp4",
    "fps": 40.0,
    "segment_index": 107,
    "sample_index": 23,
    "start_frame_index": 13,
    "history_end_frame_index": 27,
    "target_end_frame_index": 42,
    "history_frame_indices": [
      13,
      14,
      15,
      16,
      17,
      18,
      19,
      20,
      21,
      22,
      23,
      24,
      25,
      26,
      27
    ],
    "target_frame_indices": [
      28,
      29,
      30,
      31,
      32,
      33,
      34,
      35,
      36,
      37,
      38,
      39,
      40,
      41,
      42
    ],
    "history_timestamps": [
      242.64821449582314,
      242.67321449582315,
      242.69821449582315,
      242.72321449582316,
      242.74821449582316,
      242.77321449582317,
      242.79821449582317,
      242.82321449582318,
      242.84821449582319,
      242.8732144958232,
      242.8982144958232,
      242.9232144958232,
      242.9482144958232,
      242.9732144958232,
      242.99821449582322
    ],
    "target_timestamps": [
      243.02321449582323,
      243.04821449582323,
      243.07321449582324,
      243.09821449582324,
      243.12321449582325,
      243.14821449582325,
      243.17321449582326,
      243.19821449582327,
      243.22321449582327,
      243.24821449582328,
      243.27321449582328,
      243.2982144958233,
      243.3232144958233,
      243.3482144958233,
      243.3732144958233
    ]
  }
}