{
  "input": [
    [
      0.47179272770881653,
      0.556208074092865
    ],
    [
      0.47066760063171387,
      0.5569514632225037
    ],
    [
      0.46954694390296936,
      0.5576918721199036
    ],
    [
      0.46867188811302185,
      0.5582700371742249
    ],
    [
      0.4677322208881378,
      0.5588023066520691
    ]
  ],
  "target": [
    [
      0.46504342555999756,
      0.5580912828445435
    ],
    [
      0.46235284209251404,
      0.5573997497558594
    ],
    [
      0.4596301019191742,
      0.5570548176765442
    ],
    [
      0.4568524658679962,
      0.5568029284477234
    ],
    [
      0.45335906744003296,
      0.5577634572982788
    ],
    [
      0.4498114585876465,
      0.55869060754776
    ],
    [
      0.4457089304924011,
      0.5592762231826782
    ],
    [
      0.4415355920791626,
      0.5598816871643066
    ],
    [
      0.4367700219154358,
      0.5606531500816345
    ],
    [
      0.4351137578487396,
      0.5615687966346741
    ],
    [
      0.4552939236164093,
      0.5634975433349609
    ],
    [
      0.4725748896598816,
      0.5651788711547852
    ],
    [
      0.47240233421325684,
      0.5653706192970276
    ],
    [
      0.4726285934448242,
      0.5656246542930603
    ],
    [
      0.4749445915222168,
      0.5662050247192383
    ]
  ],
  "meta": {
    "video_name": "test2.mp4",
    "video_stem": "test2",
    "video_path": "E:\\desktop\\open\\lstm-akf\\data\\video\\test2.mp4",
    "fps": 40.0,
    "segment_index": 163,
    "sample_index": 0,
    "start_frame_index": 0,
    "history_end_frame_index": 4,
    "target_end_frame_index": 19,
    "history_frame_indices": [
      0,
      1,
      2,
      3,
      4
    ],
    "target_frame_indices": [
      5,
      6,
      7,
      8,
      9,
      10,
      11,
      12,
      13,
      14,
      15,
      16,
      17,
      18,
      19
    ],
    "history_timestamps": [
      385.28895556339967,
      385.31395556339965,
      385.3389555633996,
      385.3639555633996,
      385.3889555633996
    ],
    "target_timestamps": [
      385.41395556339955,
      385.43895556339953,
      385.4639555633995,
      385.4889555633995,
      385.51395556339946,
      385.53895556339944,
      385.5639555633994,
      385.5889555633994,
      385.6139555633994,
      385.63895556339935,
      385.6639555633993,
      385.6889555633993,
      385.7139555633993,
      385.73895556339926,
      385.76395556339924
    ]
  }
}