{
  "input": [
    [
      0.5462976098060608,
      0.5611376166343689
    ],
    [
      0.5462456345558167,
      0.5608668327331543
    ],
    [
      0.5462073683738708,
      0.5605480670928955
    ],
    [
      0.5461718440055847,
      0.5602196455001831
    ],
    [
      0.546149730682373,
      0.5598441958427429
    ],
    [
      0.5461306571960449,
      0.5594581365585327
    ],
    [
      0.5461247563362122,
      0.5590261220932007
    ],
    [
      0.5500551462173462,
      0.5582765340805054
    ],
    [
      0.5692429542541504,
      0.5562964081764221
    ],
    [
      0.5845440030097961,
      0.5548564791679382
    ],
    [
      0.5862935781478882,
      0.5553001165390015
    ],
    [
      0.5868610143661499,
      0.555672824382782
    ],
    [
      0.5836992263793945,
      0.5558218359947205
    ],
    [
      0.5814942717552185,
      0.5558924674987793
    ],
    [
      0.5820339322090149,
      0.5557384490966797
    ]
  ],
  "target": [
    [
      0.5833839178085327,
      0.5557575821876526
    ],
    [
      0.5868563652038574,
      0.5562303066253662
    ],
    [
      0.5897144675254822,
      0.5565690398216248
    ],
    [
      0.5910981893539429,
      0.5565862655639648
    ],
    [
      0.5921241641044617,
      0.5566881895065308
    ],
    [
      0.5923609137535095,
      0.5569770932197571
    ],
    [
      0.5924469828605652,
      0.5572351813316345
    ],
    [
      0.5922268033027649,
      0.5574304461479187
    ],
    [
      0.5919749140739441,
      0.5574144721031189
    ],
    [
      0.5916635990142822,
      0.5570018291473389
    ],
    [
      0.591465413570404,
      0.5565760135650635
    ],
    [
      0.5914638042449951,
      0.55612713098526
    ],
    [
      0.5953260064125061,
      0.5562435984611511
    ],
    [
      0.6054089069366455,
      0.5572701096534729
    ],
    [
      0.6131027340888977,
      0.5580610036849976
    ]
  ]
}