{
  "input": [
    [
      0.5503098964691162,
      0.5611206889152527
    ],
    [
      0.552605390548706,
      0.5615952610969543
    ],
    [
      0.5549335479736328,
      0.5620598196983337
    ],
    [
      0.5590641498565674,
      0.5619731545448303
    ],
    [
      0.5631263852119446,
      0.5618735551834106
    ],
    [
      0.565336287021637,
      0.561421811580658
    ],
    [
      0.5674504041671753,
      0.5609509348869324
    ],
    [
      0.5678678154945374,
      0.5601404309272766
    ]
  ],
  "target": [
    [
      0.5681552290916443,
      0.5593042969703674
    ],
    [
      0.5667470693588257,
      0.5581332445144653
    ],
    [
      0.5651764273643494,
      0.5569301247596741
    ],
    [
      0.5619427561759949,
      0.5553985834121704
    ],
    [
      0.5585139989852905,
      0.5538285374641418
    ],
    [
      0.5534548163414001,
      0.5519364476203918
    ],
    [
      0.5481680035591125,
      0.5499994158744812
    ],
    [
      0.5412832498550415,
      0.5477468371391296
    ],
    [
      0.5377073884010315,
      0.5471359491348267
    ],
    [
      0.5540514588356018,
      0.5564082860946655
    ],
    [
      0.567348062992096,
      0.5643159747123718
    ],
    [
      0.5646758079528809,
      0.5650726556777954
    ],
    [
      0.5618682503700256,
      0.5658552050590515
    ],
    [
      0.5584359765052795,
      0.5667569041252136
    ],
    [
      0.5548548102378845,
      0.5676869750022888
    ]
  ],
  "meta": {
    "video_name": "test2.mp4",
    "video_stem": "test2",
    "video_path": "E:\\desktop\\open\\lstm-akf\\data\\video\\test2.mp4",
    "fps": 40.0,
    "segment_index": 126,
    "sample_index": 3,
    "start_frame_index": 0,
    "history_end_frame_index": 7,
    "target_end_frame_index": 22,
    "history_frame_indices": [
      0,
      1,
      2,
      3,
      4,
      5,
      6,
      7
    ],
    "target_frame_indices": [
      8,
      9,
      10,
      11,
      12,
      13,
      14,
      15,
      16,
      17,
      18,
      19,
      20,
      21,
      22
    ],
    "history_timestamps": [
      313.92997215358673,
      313.9549721535867,
      313.9799721535867,
      314.00497215358666,
      314.02997215358664,
      314.0549721535866,
      314.0799721535866,
      314.1049721535866
    ],
    "target_timestamps": [
      314.12997215358655,
      314.1549721535865,
      314.1799721535865,
      314.2049721535865,
      314.22997215358646,
      314.25497215358644,
      314.2799721535864,
      314.3049721535864,
      314.32997215358637,
      314.35497215358635,
      314.3799721535863,
      314.4049721535863,
      314.4299721535863,
      314.45497215358625,
      314.47997215358623
    ]
  }
}