{
  "best_score": 0.00019927256659663494,
  "loss": 0.00019927256659663494,
  "ade": 0.017807422660637732,
  "fde": 0.027450774737238
}